"pair_id","ref_prov","other_prov","hemi_type","mean_sync","group","sync_logit","Cycle","Group"
"ARGENTINA_AUSTRALIA","ARGENTINA","AUSTRALIA","Within",0.428425978234603,"Within",-0.288276019874986,"Annual","Within"
"ARGENTINA_BANGLADESH","ARGENTINA","BANGLADESH","Between",0.138221355689311,"Between",-1.83014201772916,"Annual","Between"
"ARGENTINA_BARBADOS","ARGENTINA","BARBADOS","Between",0.188423119054817,"Between",-1.46028905455227,"Annual","Between"
"ARGENTINA_BOLIVIA","ARGENTINA","BOLIVIA","Within",0.523558842660808,"Within",0.0943052002531514,"Annual","Within"
"ARGENTINA_BRAZIL","ARGENTINA","BRAZIL","Within",0.560525836565961,"Within",0.243296407891442,"Annual","Within"
"ARGENTINA_BRUNEI DARUSSALAM","ARGENTINA","BRUNEI DARUSSALAM","Between",0.155691525526894,"Between",-1.69064126975875,"Annual","Between"
"ARGENTINA_CAMBODIA","ARGENTINA","CAMBODIA","Between",0.142857399159268,"Between",-1.7917573760956,"Annual","Between"
"ARGENTINA_CHINA","ARGENTINA","CHINA","Between",0.048597283786962,"Between",-2.97436979877098,"Annual","Between"
"ARGENTINA_COLOMBIA","ARGENTINA","COLOMBIA","Between",0.216049234172537,"Between",-1.28883990199435,"Annual","Between"
"ARGENTINA_COSTA RICA","ARGENTINA","COSTA RICA","Between",0.0711419711209895,"Between",-2.56927843192283,"Annual","Between"
"ARGENTINA_DOMINICAN REPUBLIC","ARGENTINA","DOMINICAN REPUBLIC","Between",0.146027189720451,"Between",-1.76610651987008,"Annual","Between"
"ARGENTINA_ECUADOR","ARGENTINA","ECUADOR","Within",0.484830250892676,"Within",-0.060697624757053,"Annual","Within"
"ARGENTINA_EL SALVADOR","ARGENTINA","EL SALVADOR","Between",0.131049462387557,"Between",-1.89171137748759,"Annual","Between"
"ARGENTINA_FIJI","ARGENTINA","FIJI","Within",0.432156512027339,"Within",-0.273058012416335,"Annual","Within"
"ARGENTINA_FRENCH GUIANA","ARGENTINA","FRENCH GUIANA","Between",0.402573827757621,"Between",-0.394752212031767,"Annual","Between"
"ARGENTINA_FRENCH POLYNESIA","ARGENTINA","FRENCH POLYNESIA","Within",0.227767311805017,"Within",-1.22096136862154,"Annual","Within"
"ARGENTINA_GUADELOUPE","ARGENTINA","GUADELOUPE","Between",0.206856462346335,"Between",-1.34397907700094,"Annual","Between"
"ARGENTINA_GUATEMALA","ARGENTINA","GUATEMALA","Between",0.082181486094908,"Between",-2.41306962709957,"Annual","Between"
"ARGENTINA_GUYANA","ARGENTINA","GUYANA","Between",0.387524774542664,"Between",-0.457728712314569,"Annual","Between"
"ARGENTINA_HONDURAS","ARGENTINA","HONDURAS","Between",0.110749114533668,"Between",-2.08311199286122,"Annual","Between"
"ARGENTINA_INDIA","ARGENTINA","INDIA","Between",0.0599753706071306,"Between",-2.75197208833566,"Annual","Between"
"ARGENTINA_INDONESIA","ARGENTINA","INDONESIA","Between",0.568102001599039,"Between",0.274111537326512,"Annual","Between"
"ARGENTINA_JAMAICA","ARGENTINA","JAMAICA","Between",0.192065598511323,"Between",-1.43664389636012,"Annual","Between"
"ARGENTINA_LAO PEOPLE'S DEMOCRATIC REPUBLIC","ARGENTINA","LAO PEOPLE'S DEMOCRATIC REPUBLIC","Between",0.123473929742276,"Between",-1.95993640893014,"Annual","Between"
"ARGENTINA_MALAYSIA","ARGENTINA","MALAYSIA","Between",0.174635127797198,"Between",-1.55312674459681,"Annual","Between"
"ARGENTINA_MALDIVES","ARGENTINA","MALDIVES","Within",0.3302495729717,"Within",-0.707056495662069,"Annual","Within"
"ARGENTINA_MARTINIQUE","ARGENTINA","MARTINIQUE","Between",0.247744167145395,"Between",-1.11067983973318,"Annual","Between"
"ARGENTINA_MEXICO","ARGENTINA","MEXICO","Between",0.055255669022606,"Between",-2.83894339978028,"Annual","Between"
"ARGENTINA_MYANMAR","ARGENTINA","MYANMAR","Between",0.17651074062193,"Between",-1.54016877897916,"Annual","Between"
"ARGENTINA_NEW CALEDONIA","ARGENTINA","NEW CALEDONIA","Within",0.410721599356394,"Within",-0.360983127461213,"Annual","Within"
"ARGENTINA_NICARAGUA","ARGENTINA","NICARAGUA","Between",0.0755920994249696,"Between",-2.50380165230596,"Annual","Between"
"ARGENTINA_PALAU","ARGENTINA","PALAU","Between",0.1295304374192,"Between",-1.90511690164412,"Annual","Between"
"ARGENTINA_PANAMA","ARGENTINA","PANAMA","Between",0.108443546758888,"Between",-2.10673902797618,"Annual","Between"
"ARGENTINA_PARAGUAY","ARGENTINA","PARAGUAY","Within",0.491447613157828,"Within",-0.0342128842209986,"Annual","Within"
"ARGENTINA_PERU","ARGENTINA","PERU","Within",0.448191958831166,"Within",-0.207978614114085,"Annual","Within"
"ARGENTINA_PHILIPPINES","ARGENTINA","PHILIPPINES","Between",0.0895669157587504,"Between",-2.31893439501739,"Annual","Between"
"ARGENTINA_PUERTO RICO","ARGENTINA","PUERTO RICO","Between",0.194900023437379,"Between",-1.41847973742793,"Annual","Between"
"ARGENTINA_SINGAPORE","ARGENTINA","SINGAPORE","Between",0.114211780727597,"Between",-2.04842344122929,"Annual","Between"
"ARGENTINA_SRI LANKA","ARGENTINA","SRI LANKA","Between",0.16230724375471,"Between",-1.64116028851984,"Annual","Between"
"ARGENTINA_SURINAME","ARGENTINA","SURINAME","Between",0.298220657858789,"Between",-0.855785352068814,"Annual","Between"
"ARGENTINA_TAIWAN","ARGENTINA","TAIWAN","Between",0.0446702392502118,"Between",-3.0627490887951,"Annual","Between"
"ARGENTINA_THAILAND","ARGENTINA","THAILAND","Between",0.145516252784423,"Between",-1.77020969878827,"Annual","Between"
"ARGENTINA_TRINIDAD AND TOBAGO","ARGENTINA","TRINIDAD AND TOBAGO","Between",0.125822216293331,"Between",-1.93841384004142,"Annual","Between"
"ARGENTINA_VANUATU","ARGENTINA","VANUATU","Within",0.296289940134368,"Within",-0.865027922163054,"Annual","Within"
"ARGENTINA_VENEZUELA","ARGENTINA","VENEZUELA","Between",0.240505694793074,"Between",-1.14990905568723,"Annual","Between"
"ARGENTINA_VIET NAM","ARGENTINA","VIET NAM","Between",0.0343389148320167,"Between",-3.33653367486952,"Annual","Between"
"AUSTRALIA_BANGLADESH","AUSTRALIA","BANGLADESH","Between",0.0496909282980533,"Between",-2.9509648830892,"Annual","Between"
"AUSTRALIA_BARBADOS","AUSTRALIA","BARBADOS","Between",0.264967446143437,"Between",-1.02030781549489,"Annual","Between"
"AUSTRALIA_BOLIVIA","AUSTRALIA","BOLIVIA","Within",0.45415948447012,"Within",-0.183878413243908,"Annual","Within"
"AUSTRALIA_BRAZIL","AUSTRALIA","BRAZIL","Within",0.36482198630105,"Within",-0.554495770289887,"Annual","Within"
"AUSTRALIA_BRUNEI DARUSSALAM","AUSTRALIA","BRUNEI DARUSSALAM","Between",0.175308382253435,"Between",-1.54846291238074,"Annual","Between"
"AUSTRALIA_CAMBODIA","AUSTRALIA","CAMBODIA","Between",0.0802675533459243,"Between",-2.43871733751878,"Annual","Between"
"AUSTRALIA_CHINA","AUSTRALIA","CHINA","Between",0.0813490900949564,"Between",-2.42415654300848,"Annual","Between"
"AUSTRALIA_COLOMBIA","AUSTRALIA","COLOMBIA","Between",0.325697149017559,"Between",-0.727711384950256,"Annual","Between"
"AUSTRALIA_COSTA RICA","AUSTRALIA","COSTA RICA","Between",0.127343704722548,"Between",-1.92465200570013,"Annual","Between"
"AUSTRALIA_DOMINICAN REPUBLIC","AUSTRALIA","DOMINICAN REPUBLIC","Between",0.214263693132649,"Between",-1.29941378132129,"Annual","Between"
"AUSTRALIA_ECUADOR","AUSTRALIA","ECUADOR","Within",0.474193362683642,"Within",-0.103318358825922,"Annual","Within"
"AUSTRALIA_EL SALVADOR","AUSTRALIA","EL SALVADOR","Between",0.109077067286274,"Between",-2.10020325674088,"Annual","Between"
"AUSTRALIA_FIJI","AUSTRALIA","FIJI","Within",0.292364975746617,"Within",-0.883925519596795,"Annual","Within"
"AUSTRALIA_FRENCH GUIANA","AUSTRALIA","FRENCH GUIANA","Between",0.425542173641881,"Between",-0.300062626702006,"Annual","Between"
"AUSTRALIA_FRENCH POLYNESIA","AUSTRALIA","FRENCH POLYNESIA","Within",0.289716168656627,"Within",-0.896762937664569,"Annual","Within"
"AUSTRALIA_GUADELOUPE","AUSTRALIA","GUADELOUPE","Between",0.251615105952663,"Between",-1.09001684728464,"Annual","Between"
"AUSTRALIA_GUATEMALA","AUSTRALIA","GUATEMALA","Between",0.0876114205283274,"Between",-2.34315461254,"Annual","Between"
"AUSTRALIA_GUYANA","AUSTRALIA","GUYANA","Between",0.205360362353411,"Between",-1.3531224248697,"Annual","Between"
"AUSTRALIA_HONDURAS","AUSTRALIA","HONDURAS","Between",0.0978850518331489,"Between",-2.22094809917586,"Annual","Between"
"AUSTRALIA_INDIA","AUSTRALIA","INDIA","Between",0.156451243734158,"Between",-1.68487328283985,"Annual","Between"
"AUSTRALIA_INDONESIA","AUSTRALIA","INDONESIA","Between",0.509422867660406,"Between",0.0376959337821728,"Annual","Between"
"AUSTRALIA_JAMAICA","AUSTRALIA","JAMAICA","Between",0.258521498632647,"Between",-1.05366731037412,"Annual","Between"
"AUSTRALIA_LAO PEOPLE'S DEMOCRATIC REPUBLIC","AUSTRALIA","LAO PEOPLE'S DEMOCRATIC REPUBLIC","Between",0.0991776131000194,"Between",-2.20639579489148,"Annual","Between"
"AUSTRALIA_MALAYSIA","AUSTRALIA","MALAYSIA","Between",0.173781608213431,"Between",-1.55905974973532,"Annual","Between"
"AUSTRALIA_MALDIVES","AUSTRALIA","MALDIVES","Within",0.191855621073702,"Within",-1.43799761376912,"Annual","Within"
"AUSTRALIA_MARTINIQUE","AUSTRALIA","MARTINIQUE","Between",0.321890975620677,"Between",-0.745095174749747,"Annual","Between"
"AUSTRALIA_MEXICO","AUSTRALIA","MEXICO","Between",0.0715955485339852,"Between",-2.56243456843962,"Annual","Between"
"AUSTRALIA_MYANMAR","AUSTRALIA","MYANMAR","Between",0.092207573673943,"Between",-2.28697347594139,"Annual","Between"
"AUSTRALIA_NEW CALEDONIA","AUSTRALIA","NEW CALEDONIA","Within",0.322536293940057,"Within",-0.742140311674922,"Annual","Within"
"AUSTRALIA_NICARAGUA","AUSTRALIA","NICARAGUA","Between",0.125973068578029,"Between",-1.93704304650344,"Annual","Between"
"AUSTRALIA_PALAU","AUSTRALIA","PALAU","Between",0.171743423016388,"Between",-1.57332134553519,"Annual","Between"
"AUSTRALIA_PANAMA","AUSTRALIA","PANAMA","Between",0.217530801735381,"Between",-1.28011410072332,"Annual","Between"
"AUSTRALIA_PARAGUAY","AUSTRALIA","PARAGUAY","Within",0.343334461659306,"Within",-0.648469735863045,"Annual","Within"
"AUSTRALIA_PERU","AUSTRALIA","PERU","Within",0.369397680404819,"Within",-0.534801637111559,"Annual","Within"
"AUSTRALIA_PHILIPPINES","AUSTRALIA","PHILIPPINES","Between",0.12978941549325,"Between",-1.90282197730725,"Annual","Between"
"AUSTRALIA_PUERTO RICO","AUSTRALIA","PUERTO RICO","Between",0.263989835684172,"Between",-1.02533332763643,"Annual","Between"
"AUSTRALIA_SINGAPORE","AUSTRALIA","SINGAPORE","Between",0.105678300993089,"Between",-2.1356659695517,"Annual","Between"
"AUSTRALIA_SRI LANKA","AUSTRALIA","SRI LANKA","Between",0.230896572069776,"Between",-1.20325558682142,"Annual","Between"
"AUSTRALIA_SURINAME","AUSTRALIA","SURINAME","Between",0.245788012273598,"Between",-1.12120405362635,"Annual","Between"
"AUSTRALIA_TAIWAN","AUSTRALIA","TAIWAN","Between",0.101523500996913,"Between",-2.18041024147303,"Annual","Between"
"AUSTRALIA_THAILAND","AUSTRALIA","THAILAND","Between",0.0760854721698265,"Between",-2.4967622228418,"Annual","Between"
"AUSTRALIA_TRINIDAD AND TOBAGO","AUSTRALIA","TRINIDAD AND TOBAGO","Between",0.169750097343246,"Between",-1.58739940312187,"Annual","Between"
"AUSTRALIA_VANUATU","AUSTRALIA","VANUATU","Within",0.317265826674154,"Within",-0.766365586886153,"Annual","Within"
"AUSTRALIA_VENEZUELA","AUSTRALIA","VENEZUELA","Between",0.316923819265226,"Between",-0.76794496454091,"Annual","Between"
"AUSTRALIA_VIET NAM","AUSTRALIA","VIET NAM","Between",0.109742400630555,"Between",-2.09337505132929,"Annual","Between"
"BANGLADESH_BARBADOS","BANGLADESH","BARBADOS","Within",0.2333135906379,"Within",-1.18969443301576,"Annual","Within"
"BANGLADESH_BOLIVIA","BANGLADESH","BOLIVIA","Between",0.0661798530580792,"Between",-2.64690777537196,"Annual","Between"
"BANGLADESH_BRAZIL","BANGLADESH","BRAZIL","Between",0.0727257041689352,"Between",-2.54555453109525,"Annual","Between"
"BANGLADESH_BRUNEI DARUSSALAM","BANGLADESH","BRUNEI DARUSSALAM","Within",0.25882266173124,"Within",-1.05209679612025,"Annual","Within"
"BANGLADESH_CAMBODIA","BANGLADESH","CAMBODIA","Within",0.486535714541215,"Within",-0.0538701656337887,"Annual","Within"
"BANGLADESH_CHINA","BANGLADESH","CHINA","Within",0.512496415457502,"Within",0.0499960734402813,"Annual","Within"
"BANGLADESH_COLOMBIA","BANGLADESH","COLOMBIA","Within",0.0791892748648599,"Within",-2.45341363368955,"Annual","Within"
"BANGLADESH_COSTA RICA","BANGLADESH","COSTA RICA","Within",0.515482392003138,"Within",0.0619493724655049,"Annual","Within"
"BANGLADESH_DOMINICAN REPUBLIC","BANGLADESH","DOMINICAN REPUBLIC","Within",0.440463489281516,"Within",-0.239281224376102,"Annual","Within"
"BANGLADESH_ECUADOR","BANGLADESH","ECUADOR","Between",0.12501011839322,"Between",-1.94581764124077,"Annual","Between"
"BANGLADESH_EL SALVADOR","BANGLADESH","EL SALVADOR","Within",0.463687694683251,"Within",-0.145505396755493,"Annual","Within"
"BANGLADESH_FIJI","BANGLADESH","FIJI","Between",0.0594606374617449,"Between",-2.76113896228131,"Annual","Between"
"BANGLADESH_FRENCH GUIANA","BANGLADESH","FRENCH GUIANA","Within",0.0609277191927761,"Within",-2.73520422229003,"Annual","Within"
"BANGLADESH_FRENCH POLYNESIA","BANGLADESH","FRENCH POLYNESIA","Between",0.041100241860813,"Between",-3.14977253575606,"Annual","Between"
"BANGLADESH_GUADELOUPE","BANGLADESH","GUADELOUPE","Within",0.28194869048851,"Within",-0.934815922448975,"Annual","Within"
"BANGLADESH_GUATEMALA","BANGLADESH","GUATEMALA","Within",0.520108825651913,"Within",0.0804787116903862,"Annual","Within"
"BANGLADESH_GUYANA","BANGLADESH","GUYANA","Within",0.294185674104796,"Within",-0.875141095848947,"Annual","Within"
"BANGLADESH_HONDURAS","BANGLADESH","HONDURAS","Within",0.448347862611676,"Within",-0.207348251580773,"Annual","Within"
"BANGLADESH_INDIA","BANGLADESH","INDIA","Within",0.517211044297607,"Within",0.0688713872378666,"Annual","Within"
"BANGLADESH_INDONESIA","BANGLADESH","INDONESIA","Within",0.032497503343206,"Within",-3.3935547392486,"Annual","Within"
"BANGLADESH_JAMAICA","BANGLADESH","JAMAICA","Within",0.256847276999402,"Within",-1.06241991738505,"Annual","Within"
"BANGLADESH_LAO PEOPLE'S DEMOCRATIC REPUBLIC","BANGLADESH","LAO PEOPLE'S DEMOCRATIC REPUBLIC","Within",0.524679917275375,"Within",0.0987999598184501,"Annual","Within"
"BANGLADESH_MALAYSIA","BANGLADESH","MALAYSIA","Within",0.182847361535403,"Within",-1.49717419057151,"Annual","Within"
"BANGLADESH_MALDIVES","BANGLADESH","MALDIVES","Between",0.405222634516582,"Between",-0.383750528941893,"Annual","Between"
"BANGLADESH_MARTINIQUE","BANGLADESH","MARTINIQUE","Within",0.154292535199569,"Within",-1.70132313380788,"Annual","Within"
"BANGLADESH_MEXICO","BANGLADESH","MEXICO","Within",0.568281700774956,"Within",0.274843957429235,"Annual","Within"
"BANGLADESH_MYANMAR","BANGLADESH","MYANMAR","Within",0.512821141059141,"Within",0.0512958089954053,"Annual","Within"
"BANGLADESH_NEW CALEDONIA","BANGLADESH","NEW CALEDONIA","Between",0.0435739510912298,"Between",-3.08874395185641,"Annual","Between"
"BANGLADESH_NICARAGUA","BANGLADESH","NICARAGUA","Within",0.595258980432457,"Within",0.385749167369715,"Annual","Within"
"BANGLADESH_PALAU","BANGLADESH","PALAU","Within",0.12993456159417,"Within",-1.90153747400979,"Annual","Within"
"BANGLADESH_PANAMA","BANGLADESH","PANAMA","Within",0.476158653419309,"Within",-0.0954377605746293,"Annual","Within"
"BANGLADESH_PARAGUAY","BANGLADESH","PARAGUAY","Between",0.200700537615559,"Between",-1.38192173752273,"Annual","Between"
"BANGLADESH_PERU","BANGLADESH","PERU","Between",0.0424083598993133,"Between",-3.11707591391247,"Annual","Between"
"BANGLADESH_PHILIPPINES","BANGLADESH","PHILIPPINES","Within",0.570987264867728,"Within",0.285880302087989,"Annual","Within"
"BANGLADESH_PUERTO RICO","BANGLADESH","PUERTO RICO","Within",0.328504221029834,"Within",-0.714958042724078,"Annual","Within"
"BANGLADESH_SINGAPORE","BANGLADESH","SINGAPORE","Within",0.273688879046418,"Within",-0.975986480973781,"Annual","Within"
"BANGLADESH_SRI LANKA","BANGLADESH","SRI LANKA","Within",0.12802474216461,"Within",-1.91853750606349,"Annual","Within"
"BANGLADESH_SURINAME","BANGLADESH","SURINAME","Within",0.209871370129742,"Within",-1.32570093497069,"Annual","Within"
"BANGLADESH_TAIWAN","BANGLADESH","TAIWAN","Within",0.494191518818439,"Within",-0.0232349699798058,"Annual","Within"
"BANGLADESH_THAILAND","BANGLADESH","THAILAND","Within",0.470380982834954,"Within",-0.118614944401957,"Annual","Within"
"BANGLADESH_TRINIDAD AND TOBAGO","BANGLADESH","TRINIDAD AND TOBAGO","Within",0.419426963290124,"Within",-0.325126203568485,"Annual","Within"
"BANGLADESH_VANUATU","BANGLADESH","VANUATU","Between",0.0629492645294048,"Between",-2.70040835047296,"Annual","Between"
"BANGLADESH_VENEZUELA","BANGLADESH","VENEZUELA","Within",0.218940591497871,"Within",-1.2718507928545,"Annual","Within"
"BANGLADESH_VIET NAM","BANGLADESH","VIET NAM","Within",0.507129403146798,"Within",0.0285195454954074,"Annual","Within"
"BARBADOS_BOLIVIA","BARBADOS","BOLIVIA","Between",0.218448803843834,"Between",-1.27472897810198,"Annual","Between"
"BARBADOS_BRAZIL","BARBADOS","BRAZIL","Between",0.120022993951957,"Between",-1.99221243694771,"Annual","Between"
"BARBADOS_BRUNEI DARUSSALAM","BARBADOS","BRUNEI DARUSSALAM","Within",0.335609497500755,"Within",-0.682921808528875,"Annual","Within"
"BARBADOS_CAMBODIA","BARBADOS","CAMBODIA","Within",0.247970278585549,"Within",-1.10946695175638,"Annual","Within"
"BARBADOS_CHINA","BARBADOS","CHINA","Within",0.35425931288327,"Within",-0.600368842823379,"Annual","Within"
"BARBADOS_COLOMBIA","BARBADOS","COLOMBIA","Within",0.322927993399094,"Within",-0.740348260840538,"Annual","Within"
"BARBADOS_COSTA RICA","BARBADOS","COSTA RICA","Within",0.297614514488645,"Within",-0.858683304399212,"Annual","Within"
"BARBADOS_DOMINICAN REPUBLIC","BARBADOS","DOMINICAN REPUBLIC","Within",0.498209478908194,"Within",-0.00716211498265569,"Annual","Within"
"BARBADOS_ECUADOR","BARBADOS","ECUADOR","Between",0.114849447543886,"Between",-2.0421356274264,"Annual","Between"
"BARBADOS_EL SALVADOR","BARBADOS","EL SALVADOR","Within",0.235350701307862,"Within",-1.17834054793838,"Annual","Within"
"BARBADOS_FIJI","BARBADOS","FIJI","Between",0.161491900133013,"Between",-1.6471692537355,"Annual","Between"
"BARBADOS_FRENCH GUIANA","BARBADOS","FRENCH GUIANA","Within",0.289288529413156,"Within",-0.898841977803486,"Annual","Within"
"BARBADOS_FRENCH POLYNESIA","BARBADOS","FRENCH POLYNESIA","Between",0.267774483141602,"Between",-1.00594340420112,"Annual","Between"
"BARBADOS_GUADELOUPE","BARBADOS","GUADELOUPE","Within",0.490153514094665,"Within",-0.0393910362685291,"Annual","Within"
"BARBADOS_GUATEMALA","BARBADOS","GUATEMALA","Within",0.320642747853817,"Within",-0.750819565415279,"Annual","Within"
"BARBADOS_GUYANA","BARBADOS","GUYANA","Within",0.143259129302262,"Within",-1.78848042153852,"Annual","Within"
"BARBADOS_HONDURAS","BARBADOS","HONDURAS","Within",0.334321128404903,"Within",-0.688705386116604,"Annual","Within"
"BARBADOS_INDIA","BARBADOS","INDIA","Within",0.344673848600248,"Within",-0.642534449257418,"Annual","Within"
"BARBADOS_INDONESIA","BARBADOS","INDONESIA","Within",0.288150015385523,"Within",-0.9043859621695,"Annual","Within"
"BARBADOS_JAMAICA","BARBADOS","JAMAICA","Within",0.545053677934002,"Within",0.180704842925076,"Annual","Within"
"BARBADOS_LAO PEOPLE'S DEMOCRATIC REPUBLIC","BARBADOS","LAO PEOPLE'S DEMOCRATIC REPUBLIC","Within",0.232417147902036,"Within",-1.19471261584231,"Annual","Within"
"BARBADOS_MALAYSIA","BARBADOS","MALAYSIA","Within",0.348040948472101,"Within",-0.627661614673896,"Annual","Within"
"BARBADOS_MALDIVES","BARBADOS","MALDIVES","Between",0.12382069914179,"Between",-1.95673620682518,"Annual","Between"
"BARBADOS_MARTINIQUE","BARBADOS","MARTINIQUE","Within",0.38892884516266,"Within",-0.451816999185944,"Annual","Within"
"BARBADOS_MEXICO","BARBADOS","MEXICO","Within",0.307096734507763,"Within",-0.813727607340964,"Annual","Within"
"BARBADOS_MYANMAR","BARBADOS","MYANMAR","Within",0.177117130590694,"Within",-1.53600260059264,"Annual","Within"
"BARBADOS_NEW CALEDONIA","BARBADOS","NEW CALEDONIA","Between",0.205600346489682,"Between",-1.35165245772492,"Annual","Between"
"BARBADOS_NICARAGUA","BARBADOS","NICARAGUA","Within",0.396598684719911,"Within",-0.419657606813309,"Annual","Within"
"BARBADOS_PALAU","BARBADOS","PALAU","Within",0.242831965776723,"Within",-1.13721549739605,"Annual","Within"
"BARBADOS_PANAMA","BARBADOS","PANAMA","Within",0.351712148093392,"Within",-0.611521733672087,"Annual","Within"
"BARBADOS_PARAGUAY","BARBADOS","PARAGUAY","Between",0.242700838368409,"Between",-1.13792880200294,"Annual","Between"
"BARBADOS_PERU","BARBADOS","PERU","Between",0.197578978284547,"Between",-1.40149504039842,"Annual","Between"
"BARBADOS_PHILIPPINES","BARBADOS","PHILIPPINES","Within",0.302067404691936,"Within",-0.837472342957918,"Annual","Within"
"BARBADOS_PUERTO RICO","BARBADOS","PUERTO RICO","Within",0.52674026634165,"Within",0.107063216241706,"Annual","Within"
"BARBADOS_SINGAPORE","BARBADOS","SINGAPORE","Within",0.294224773289789,"Within",-0.874952800806389,"Annual","Within"
"BARBADOS_SRI LANKA","BARBADOS","SRI LANKA","Within",0.256887704482421,"Within",-1.06220812940886,"Annual","Within"
"BARBADOS_SURINAME","BARBADOS","SURINAME","Within",0.402565187177649,"Within",-0.394788138508858,"Annual","Within"
"BARBADOS_TAIWAN","BARBADOS","TAIWAN","Within",0.370651594200041,"Within",-0.529422485458278,"Annual","Within"
"BARBADOS_THAILAND","BARBADOS","THAILAND","Within",0.221381944041143,"Within",-1.25763116181044,"Annual","Within"
"BARBADOS_TRINIDAD AND TOBAGO","BARBADOS","TRINIDAD AND TOBAGO","Within",0.453793796525116,"Within",-0.185353664301804,"Annual","Within"
"BARBADOS_VANUATU","BARBADOS","VANUATU","Between",0.19528507399501,"Between",-1.41602767658847,"Annual","Between"
"BARBADOS_VENEZUELA","BARBADOS","VENEZUELA","Within",0.462624973393704,"Within",-0.149779491133308,"Annual","Within"
"BARBADOS_VIET NAM","BARBADOS","VIET NAM","Within",0.34025829336738,"Within",-0.662143389265512,"Annual","Within"
"BOLIVIA_BRAZIL","BOLIVIA","BRAZIL","Within",0.545498402042058,"Within",0.182498446452976,"Annual","Within"
"BOLIVIA_BRUNEI DARUSSALAM","BOLIVIA","BRUNEI DARUSSALAM","Between",0.263388762157912,"Between",-1.02842913641404,"Annual","Between"
"BOLIVIA_CAMBODIA","BOLIVIA","CAMBODIA","Between",0.0657264461157007,"Between",-2.65426790669604,"Annual","Between"
"BOLIVIA_CHINA","BOLIVIA","CHINA","Between",0.113460308323104,"Between",-2.05587282862161,"Annual","Between"
"BOLIVIA_COLOMBIA","BOLIVIA","COLOMBIA","Between",0.196042532854113,"Between",-1.41121472617359,"Annual","Between"
"BOLIVIA_COSTA RICA","BOLIVIA","COSTA RICA","Between",0.0930524020335029,"Between",-2.27692187613288,"Annual","Between"
"BOLIVIA_DOMINICAN REPUBLIC","BOLIVIA","DOMINICAN REPUBLIC","Between",0.200627901643879,"Between",-1.38237458563368,"Annual","Between"
"BOLIVIA_ECUADOR","BOLIVIA","ECUADOR","Within",0.492732619245241,"Within",-0.0290715703475033,"Annual","Within"
"BOLIVIA_EL SALVADOR","BOLIVIA","EL SALVADOR","Between",0.0508040921799513,"Between",-2.92763830730047,"Annual","Between"
"BOLIVIA_FIJI","BOLIVIA","FIJI","Within",0.418220418352703,"Within",-0.330083040129364,"Annual","Within"
"BOLIVIA_FRENCH GUIANA","BOLIVIA","FRENCH GUIANA","Between",0.380873476097582,"Between",-0.485842416044915,"Annual","Between"
"BOLIVIA_FRENCH POLYNESIA","BOLIVIA","FRENCH POLYNESIA","Within",0.256664602453122,"Within",-1.06337716899425,"Annual","Within"
"BOLIVIA_GUADELOUPE","BOLIVIA","GUADELOUPE","Between",0.198694888072292,"Between",-1.39447136594288,"Annual","Between"
"BOLIVIA_GUATEMALA","BOLIVIA","GUATEMALA","Between",0.0649884114628971,"Between",-2.66634995455446,"Annual","Between"
"BOLIVIA_GUYANA","BOLIVIA","GUYANA","Between",0.140073944898994,"Between",-1.81467594208772,"Annual","Between"
"BOLIVIA_HONDURAS","BOLIVIA","HONDURAS","Between",0.0568351419596368,"Between",-2.8090862594163,"Annual","Between"
"BOLIVIA_INDIA","BOLIVIA","INDIA","Between",0.14374659650558,"Between",-1.78451436153828,"Annual","Between"
"BOLIVIA_INDONESIA","BOLIVIA","INDONESIA","Between",0.582094920302338,"Between",0.331379203061446,"Annual","Between"
"BOLIVIA_JAMAICA","BOLIVIA","JAMAICA","Between",0.220193259998134,"Between",-1.26454050448143,"Annual","Between"
"BOLIVIA_LAO PEOPLE'S DEMOCRATIC REPUBLIC","BOLIVIA","LAO PEOPLE'S DEMOCRATIC REPUBLIC","Between",0.0401825573239421,"Between",-3.17331009844945,"Annual","Between"
"BOLIVIA_MALAYSIA","BOLIVIA","MALAYSIA","Between",0.168011798637052,"Between",-1.5997840527468,"Annual","Between"
"BOLIVIA_MALDIVES","BOLIVIA","MALDIVES","Within",0.105228310582311,"Within",-2.14043621401111,"Annual","Within"
"BOLIVIA_MARTINIQUE","BOLIVIA","MARTINIQUE","Between",0.316774624717012,"Between",-0.768634225606885,"Annual","Between"
"BOLIVIA_MEXICO","BOLIVIA","MEXICO","Between",0.1211512543716,"Between",-1.98157300628942,"Annual","Between"
"BOLIVIA_MYANMAR","BOLIVIA","MYANMAR","Between",0.0782837965361893,"Between",-2.46589673002887,"Annual","Between"
"BOLIVIA_NEW CALEDONIA","BOLIVIA","NEW CALEDONIA","Within",0.399156800376488,"Within",-0.408979678274348,"Annual","Within"
"BOLIVIA_NICARAGUA","BOLIVIA","NICARAGUA","Between",0.134806630558813,"Between",-1.85911164504529,"Annual","Between"
"BOLIVIA_PALAU","BOLIVIA","PALAU","Between",0.117695591784244,"Between",-2.01443556990845,"Annual","Between"
"BOLIVIA_PANAMA","BOLIVIA","PANAMA","Between",0.241142882418704,"Between",-1.14642387787569,"Annual","Between"
"BOLIVIA_PARAGUAY","BOLIVIA","PARAGUAY","Within",0.409678495219066,"Within",-0.365294617757094,"Annual","Within"
"BOLIVIA_PERU","BOLIVIA","PERU","Within",0.542479445907128,"Within",0.170328386282717,"Annual","Within"
"BOLIVIA_PHILIPPINES","BOLIVIA","PHILIPPINES","Between",0.0814204403397112,"Between",-2.42320216871224,"Annual","Between"
"BOLIVIA_PUERTO RICO","BOLIVIA","PUERTO RICO","Between",0.32154260146307,"Between",-0.746691646252996,"Annual","Between"
"BOLIVIA_SINGAPORE","BOLIVIA","SINGAPORE","Between",0.107367244977319,"Between",-2.11792009374657,"Annual","Between"
"BOLIVIA_SRI LANKA","BOLIVIA","SRI LANKA","Between",0.131083710036334,"Between",-1.89141066443623,"Annual","Between"
"BOLIVIA_SURINAME","BOLIVIA","SURINAME","Between",0.297517151606978,"Between",-0.859149110026672,"Annual","Between"
"BOLIVIA_TAIWAN","BOLIVIA","TAIWAN","Between",0.140924445061524,"Between",-1.80763297883989,"Annual","Between"
"BOLIVIA_THAILAND","BOLIVIA","THAILAND","Between",0.0753706144337783,"Between",-2.50697552291748,"Annual","Between"
"BOLIVIA_TRINIDAD AND TOBAGO","BOLIVIA","TRINIDAD AND TOBAGO","Between",0.197556786724954,"Between",-1.40163501949203,"Annual","Between"
"BOLIVIA_VANUATU","BOLIVIA","VANUATU","Within",0.312558611317754,"Within",-0.788184565273872,"Annual","Within"
"BOLIVIA_VENEZUELA","BOLIVIA","VENEZUELA","Between",0.349124787329354,"Between",-0.622888523116912,"Annual","Between"
"BOLIVIA_VIET NAM","BOLIVIA","VIET NAM","Between",0.101026197799652,"Between",-2.18587402563982,"Annual","Between"
"BRAZIL_BRUNEI DARUSSALAM","BRAZIL","BRUNEI DARUSSALAM","Between",0.0972309376722679,"Between",-2.22837782614555,"Annual","Between"
"BRAZIL_CAMBODIA","BRAZIL","CAMBODIA","Between",0.21936711130918,"Between",-1.26935835270815,"Annual","Between"
"BRAZIL_CHINA","BRAZIL","CHINA","Between",0.0561402776191407,"Between",-2.82212403988737,"Annual","Between"
"BRAZIL_COLOMBIA","BRAZIL","COLOMBIA","Between",0.193023120197146,"Between",-1.43048504279901,"Annual","Between"
"BRAZIL_COSTA RICA","BRAZIL","COSTA RICA","Between",0.127017879325778,"Between",-1.92758721666007,"Annual","Between"
"BRAZIL_DOMINICAN REPUBLIC","BRAZIL","DOMINICAN REPUBLIC","Between",0.0825207163527207,"Between",-2.4085806314186,"Annual","Between"
"BRAZIL_ECUADOR","BRAZIL","ECUADOR","Within",0.545053399433513,"Within",0.180703719804182,"Annual","Within"
"BRAZIL_EL SALVADOR","BRAZIL","EL SALVADOR","Between",0.15623028273877,"Between",-1.68654852033765,"Annual","Between"
"BRAZIL_FIJI","BRAZIL","FIJI","Within",0.47961268392754,"Within",-0.08159450322999,"Annual","Within"
"BRAZIL_FRENCH GUIANA","BRAZIL","FRENCH GUIANA","Between",0.356807969006635,"Between",-0.589245593046972,"Annual","Between"
"BRAZIL_FRENCH POLYNESIA","BRAZIL","FRENCH POLYNESIA","Within",0.170441449182047,"Within",-1.58250186162597,"Annual","Within"
"BRAZIL_GUADELOUPE","BRAZIL","GUADELOUPE","Between",0.140286499617137,"Between",-1.81291243728572,"Annual","Between"
"BRAZIL_GUATEMALA","BRAZIL","GUATEMALA","Between",0.153146045835656,"Between",-1.71013623854129,"Annual","Between"
"BRAZIL_GUYANA","BRAZIL","GUYANA","Between",0.219145291685246,"Between",-1.27065415745052,"Annual","Between"
"BRAZIL_HONDURAS","BRAZIL","HONDURAS","Between",0.174872066332713,"Between",-1.55148378837511,"Annual","Between"
"BRAZIL_INDIA","BRAZIL","INDIA","Between",0.0615493826624259,"Between",-2.72439041320367,"Annual","Between"
"BRAZIL_INDONESIA","BRAZIL","INDONESIA","Between",0.564187246669977,"Between",0.25817350777764,"Annual","Between"
"BRAZIL_JAMAICA","BRAZIL","JAMAICA","Between",0.111355687988862,"Between",-2.07696758200582,"Annual","Between"
"BRAZIL_LAO PEOPLE'S DEMOCRATIC REPUBLIC","BRAZIL","LAO PEOPLE'S DEMOCRATIC REPUBLIC","Between",0.211307597574772,"Between",-1.31706150700625,"Annual","Between"
"BRAZIL_MALAYSIA","BRAZIL","MALAYSIA","Between",0.153258183810537,"Between",-1.70927185159391,"Annual","Between"
"BRAZIL_MALDIVES","BRAZIL","MALDIVES","Within",0.18446663960167,"Within",-1.48637369716713,"Annual","Within"
"BRAZIL_MARTINIQUE","BRAZIL","MARTINIQUE","Between",0.236896072933199,"Between",-1.16977269635366,"Annual","Between"
"BRAZIL_MEXICO","BRAZIL","MEXICO","Between",0.0790709138570281,"Between",-2.45503794311784,"Annual","Between"
"BRAZIL_MYANMAR","BRAZIL","MYANMAR","Between",0.288347561074819,"Between",-0.903423082837654,"Annual","Between"
"BRAZIL_NEW CALEDONIA","BRAZIL","NEW CALEDONIA","Within",0.42815280784638,"Within",-0.289391649564175,"Annual","Within"
"BRAZIL_NICARAGUA","BRAZIL","NICARAGUA","Between",0.0427092471038487,"Between",-3.10969170574029,"Annual","Between"
"BRAZIL_PALAU","BRAZIL","PALAU","Between",0.136619662325282,"Between",-1.8436544320604,"Annual","Between"
"BRAZIL_PANAMA","BRAZIL","PANAMA","Between",0.0825966312121985,"Between",-2.40757835892061,"Annual","Between"
"BRAZIL_PARAGUAY","BRAZIL","PARAGUAY","Within",0.330620204014112,"Within",-0.705381309357964,"Annual","Within"
"BRAZIL_PERU","BRAZIL","PERU","Within",0.523848246579481,"Within",0.0954654234834705,"Annual","Within"
"BRAZIL_PHILIPPINES","BRAZIL","PHILIPPINES","Between",0.0869323510474525,"Between",-2.35167973106856,"Annual","Between"
"BRAZIL_PUERTO RICO","BRAZIL","PUERTO RICO","Between",0.128814110334545,"Between",-1.91148501509548,"Annual","Between"
"BRAZIL_SINGAPORE","BRAZIL","SINGAPORE","Between",0.152707697092901,"Between",-1.71352012131637,"Annual","Between"
"BRAZIL_SRI LANKA","BRAZIL","SRI LANKA","Between",0.132631220981207,"Between",-1.87789173461648,"Annual","Between"
"BRAZIL_SURINAME","BRAZIL","SURINAME","Between",0.212277220972617,"Between",-1.31125315815114,"Annual","Between"
"BRAZIL_TAIWAN","BRAZIL","TAIWAN","Between",0.0503635992922584,"Between",-2.93681049736097,"Annual","Between"
"BRAZIL_THAILAND","BRAZIL","THAILAND","Between",0.250165470669358,"Between",-1.09772997303743,"Annual","Between"
"BRAZIL_TRINIDAD AND TOBAGO","BRAZIL","TRINIDAD AND TOBAGO","Between",0.0526129322359201,"Between",-2.89074579063449,"Annual","Between"
"BRAZIL_VANUATU","BRAZIL","VANUATU","Within",0.325566967559888,"Within",-0.728304207975924,"Annual","Within"
"BRAZIL_VENEZUELA","BRAZIL","VENEZUELA","Between",0.231826716232195,"Between",-1.19802515780736,"Annual","Between"
"BRAZIL_VIET NAM","BRAZIL","VIET NAM","Between",0.0842130914069407,"Between",-2.38643331601571,"Annual","Between"
"BRUNEI DARUSSALAM_CAMBODIA","BRUNEI DARUSSALAM","CAMBODIA","Within",0.170376365054738,"Within",-1.58296224403238,"Annual","Within"
"BRUNEI DARUSSALAM_CHINA","BRUNEI DARUSSALAM","CHINA","Within",0.326968300843261,"Within",-0.721929202927424,"Annual","Within"
"BRUNEI DARUSSALAM_COLOMBIA","BRUNEI DARUSSALAM","COLOMBIA","Within",0.20425285388864,"Within",-1.35992277357265,"Annual","Within"
"BRUNEI DARUSSALAM_COSTA RICA","BRUNEI DARUSSALAM","COSTA RICA","Within",0.350312115476698,"Within",-0.617667554303091,"Annual","Within"
"BRUNEI DARUSSALAM_DOMINICAN REPUBLIC","BRUNEI DARUSSALAM","DOMINICAN REPUBLIC","Within",0.270258352102096,"Within",-0.993312203376005,"Annual","Within"
"BRUNEI DARUSSALAM_ECUADOR","BRUNEI DARUSSALAM","ECUADOR","Between",0.0945151155135921,"Between",-2.25971080994839,"Annual","Between"
"BRUNEI DARUSSALAM_EL SALVADOR","BRUNEI DARUSSALAM","EL SALVADOR","Within",0.219933564113142,"Within",-1.26605357082751,"Annual","Within"
"BRUNEI DARUSSALAM_FIJI","BRUNEI DARUSSALAM","FIJI","Between",0.121268806802436,"Between",-1.98046941569061,"Annual","Between"
"BRUNEI DARUSSALAM_FRENCH GUIANA","BRUNEI DARUSSALAM","FRENCH GUIANA","Within",0.19065222153674,"Within",-1.44577777286488,"Annual","Within"
"BRUNEI DARUSSALAM_FRENCH POLYNESIA","BRUNEI DARUSSALAM","FRENCH POLYNESIA","Between",0.167996990918225,"Between",-1.59988998945769,"Annual","Between"
"BRUNEI DARUSSALAM_GUADELOUPE","BRUNEI DARUSSALAM","GUADELOUPE","Within",0.507466400875453,"Within",0.0298678236949192,"Annual","Within"
"BRUNEI DARUSSALAM_GUATEMALA","BRUNEI DARUSSALAM","GUATEMALA","Within",0.263118752674821,"Within",-1.0298212880387,"Annual","Within"
"BRUNEI DARUSSALAM_GUYANA","BRUNEI DARUSSALAM","GUYANA","Within",0.161165182123371,"Within",-1.64958399236576,"Annual","Within"
"BRUNEI DARUSSALAM_HONDURAS","BRUNEI DARUSSALAM","HONDURAS","Within",0.253278768185642,"Within",-1.08120119916179,"Annual","Within"
"BRUNEI DARUSSALAM_INDIA","BRUNEI DARUSSALAM","INDIA","Within",0.359896385986078,"Within",-0.575813886828942,"Annual","Within"
"BRUNEI DARUSSALAM_INDONESIA","BRUNEI DARUSSALAM","INDONESIA","Within",0.175550808849508,"Within",-1.54678700614855,"Annual","Within"
"BRUNEI DARUSSALAM_JAMAICA","BRUNEI DARUSSALAM","JAMAICA","Within",0.364658085625284,"Within",-0.55520313897101,"Annual","Within"
"BRUNEI DARUSSALAM_LAO PEOPLE'S DEMOCRATIC REPUBLIC","BRUNEI DARUSSALAM","LAO PEOPLE'S DEMOCRATIC REPUBLIC","Within",0.215183669370514,"Within",-1.29395777710248,"Annual","Within"
"BRUNEI DARUSSALAM_MALAYSIA","BRUNEI DARUSSALAM","MALAYSIA","Within",0.252597268106514,"Within",-1.08480777747972,"Annual","Within"
"BRUNEI DARUSSALAM_MALDIVES","BRUNEI DARUSSALAM","MALDIVES","Between",0.134546592528608,"Between",-1.86134298818275,"Annual","Between"
"BRUNEI DARUSSALAM_MARTINIQUE","BRUNEI DARUSSALAM","MARTINIQUE","Within",0.313236470961959,"Within",-0.78503162129713,"Annual","Within"
"BRUNEI DARUSSALAM_MEXICO","BRUNEI DARUSSALAM","MEXICO","Within",0.311685023428443,"Within",-0.792253410365365,"Annual","Within"
"BRUNEI DARUSSALAM_MYANMAR","BRUNEI DARUSSALAM","MYANMAR","Within",0.168557479469184,"Within",-1.59588535273128,"Annual","Within"
"BRUNEI DARUSSALAM_NEW CALEDONIA","BRUNEI DARUSSALAM","NEW CALEDONIA","Between",0.207273626832194,"Between",-1.34143832021805,"Annual","Between"
"BRUNEI DARUSSALAM_NICARAGUA","BRUNEI DARUSSALAM","NICARAGUA","Within",0.27110829010477,"Within",-0.989006839331883,"Annual","Within"
"BRUNEI DARUSSALAM_PALAU","BRUNEI DARUSSALAM","PALAU","Within",0.0589532141798283,"Within",-2.77024870827786,"Annual","Within"
"BRUNEI DARUSSALAM_PANAMA","BRUNEI DARUSSALAM","PANAMA","Within",0.43815950986272,"Within",-0.248634962380557,"Annual","Within"
"BRUNEI DARUSSALAM_PARAGUAY","BRUNEI DARUSSALAM","PARAGUAY","Between",0.230698085543255,"Between",-1.20437363235509,"Annual","Between"
"BRUNEI DARUSSALAM_PERU","BRUNEI DARUSSALAM","PERU","Between",0.154976292867995,"Between",-1.69609252675856,"Annual","Between"
"BRUNEI DARUSSALAM_PHILIPPINES","BRUNEI DARUSSALAM","PHILIPPINES","Within",0.229672164302176,"Within",-1.21016326536981,"Annual","Within"
"BRUNEI DARUSSALAM_PUERTO RICO","BRUNEI DARUSSALAM","PUERTO RICO","Within",0.408691219726797,"Within",-0.36937844489636,"Annual","Within"
"BRUNEI DARUSSALAM_SINGAPORE","BRUNEI DARUSSALAM","SINGAPORE","Within",0.16901115414138,"Within",-1.59265165863088,"Annual","Within"
"BRUNEI DARUSSALAM_SRI LANKA","BRUNEI DARUSSALAM","SRI LANKA","Within",0.180592875456191,"Within",-1.51233586900163,"Annual","Within"
"BRUNEI DARUSSALAM_SURINAME","BRUNEI DARUSSALAM","SURINAME","Within",0.264953045553355,"Within",-1.02038175707753,"Annual","Within"
"BRUNEI DARUSSALAM_TAIWAN","BRUNEI DARUSSALAM","TAIWAN","Within",0.310123483869238,"Within",-0.799542066219439,"Annual","Within"
"BRUNEI DARUSSALAM_THAILAND","BRUNEI DARUSSALAM","THAILAND","Within",0.183572485341771,"Within",-1.49232852780785,"Annual","Within"
"BRUNEI DARUSSALAM_TRINIDAD AND TOBAGO","BRUNEI DARUSSALAM","TRINIDAD AND TOBAGO","Within",0.351834751119971,"Within",-0.610984069222455,"Annual","Within"
"BRUNEI DARUSSALAM_VANUATU","BRUNEI DARUSSALAM","VANUATU","Between",0.223271774950289,"Between",-1.24670076329964,"Annual","Between"
"BRUNEI DARUSSALAM_VENEZUELA","BRUNEI DARUSSALAM","VENEZUELA","Within",0.293064811911598,"Within",-0.880545204347409,"Annual","Within"
"BRUNEI DARUSSALAM_VIET NAM","BRUNEI DARUSSALAM","VIET NAM","Within",0.261785477200712,"Within",-1.03670908460092,"Annual","Within"
"CAMBODIA_CHINA","CAMBODIA","CHINA","Within",0.548826858540477,"Within",0.195931844198369,"Annual","Within"
"CAMBODIA_COLOMBIA","CAMBODIA","COLOMBIA","Within",0.115596800417235,"Within",-2.03480478897362,"Annual","Within"
"CAMBODIA_COSTA RICA","CAMBODIA","COSTA RICA","Within",0.506653373608634,"Within",0.0266150654143515,"Annual","Within"
"CAMBODIA_DOMINICAN REPUBLIC","CAMBODIA","DOMINICAN REPUBLIC","Within",0.400306371259417,"Within",-0.404188723957044,"Annual","Within"
"CAMBODIA_ECUADOR","CAMBODIA","ECUADOR","Between",0.260011383727059,"Between",-1.04590938904228,"Annual","Between"
"CAMBODIA_EL SALVADOR","CAMBODIA","EL SALVADOR","Within",0.529097177504814,"Within",0.116520364311718,"Annual","Within"
"CAMBODIA_FIJI","CAMBODIA","FIJI","Between",0.117419873119856,"Between",-2.01709340994868,"Annual","Between"
"CAMBODIA_FRENCH GUIANA","CAMBODIA","FRENCH GUIANA","Within",0.0746948563103456,"Within",-2.51671233637482,"Annual","Within"
"CAMBODIA_FRENCH POLYNESIA","CAMBODIA","FRENCH POLYNESIA","Between",0.101211917244809,"Between",-2.18383077190507,"Annual","Between"
"CAMBODIA_GUADELOUPE","CAMBODIA","GUADELOUPE","Within",0.258474853293014,"Within",-1.05391066441041,"Annual","Within"
"CAMBODIA_GUATEMALA","CAMBODIA","GUATEMALA","Within",0.629663709450252,"Within",0.530774396120668,"Annual","Within"
"CAMBODIA_GUYANA","CAMBODIA","GUYANA","Within",0.247826165066908,"Within",-1.11023990763483,"Annual","Within"
"CAMBODIA_HONDURAS","CAMBODIA","HONDURAS","Within",0.548773261608607,"Within",0.195715394618853,"Annual","Within"
"CAMBODIA_INDIA","CAMBODIA","INDIA","Within",0.518481889724373,"Within",0.073961256118391,"Annual","Within"
"CAMBODIA_INDONESIA","CAMBODIA","INDONESIA","Within",0.106511015527346,"Within",-2.12688559402699,"Annual","Within"
"CAMBODIA_JAMAICA","CAMBODIA","JAMAICA","Within",0.24246797762772,"Within",-1.13919615961047,"Annual","Within"
"CAMBODIA_LAO PEOPLE'S DEMOCRATIC REPUBLIC","CAMBODIA","LAO PEOPLE'S DEMOCRATIC REPUBLIC","Within",0.773552047346442,"Within",1.22847782694239,"Annual","Within"
"CAMBODIA_MALAYSIA","CAMBODIA","MALAYSIA","Within",0.237948415411597,"Within",-1.16396034149413,"Annual","Within"
"CAMBODIA_MALDIVES","CAMBODIA","MALDIVES","Between",0.322989702327977,"Between",-0.740066042161229,"Annual","Between"
"CAMBODIA_MARTINIQUE","CAMBODIA","MARTINIQUE","Within",0.105254268520278,"Within",-2.14016055125352,"Annual","Within"
"CAMBODIA_MEXICO","CAMBODIA","MEXICO","Within",0.574403636178894,"Within",0.299840953771466,"Annual","Within"
"CAMBODIA_MYANMAR","CAMBODIA","MYANMAR","Within",0.750101726274418,"Within",1.09915490240909,"Annual","Within"
"CAMBODIA_NEW CALEDONIA","CAMBODIA","NEW CALEDONIA","Between",0.131489445698323,"Between",-1.88785315039337,"Annual","Between"
"CAMBODIA_NICARAGUA","CAMBODIA","NICARAGUA","Within",0.513078741921263,"Within",0.052326904129438,"Annual","Within"
"CAMBODIA_PALAU","CAMBODIA","PALAU","Within",0.193421182823006,"Within",-1.42793151464727,"Annual","Within"
"CAMBODIA_PANAMA","CAMBODIA","PANAMA","Within",0.343114980608799,"Within",-0.649443383205903,"Annual","Within"
"CAMBODIA_PARAGUAY","CAMBODIA","PARAGUAY","Between",0.0532059619442842,"Between",-2.87891112398794,"Annual","Between"
"CAMBODIA_PERU","CAMBODIA","PERU","Between",0.137301704557378,"Between",-1.8378843027046,"Annual","Between"
"CAMBODIA_PHILIPPINES","CAMBODIA","PHILIPPINES","Within",0.643204482357313,"Within",0.589299848713267,"Annual","Within"
"CAMBODIA_PUERTO RICO","CAMBODIA","PUERTO RICO","Within",0.320111646956723,"Within",-0.753258766305761,"Annual","Within"
"CAMBODIA_SINGAPORE","CAMBODIA","SINGAPORE","Within",0.537033859130674,"Within",0.148407223365766,"Annual","Within"
"CAMBODIA_SRI LANKA","CAMBODIA","SRI LANKA","Within",0.214939748904931,"Within",-1.29540271662213,"Annual","Within"
"CAMBODIA_SURINAME","CAMBODIA","SURINAME","Within",0.0683721717881252,"Within",-2.61196751233913,"Annual","Within"
"CAMBODIA_TAIWAN","CAMBODIA","TAIWAN","Within",0.510057670618715,"Within",0.0402361099320675,"Annual","Within"
"CAMBODIA_THAILAND","CAMBODIA","THAILAND","Within",0.801784475864787,"Within",1.39748489398044,"Annual","Within"
"CAMBODIA_TRINIDAD AND TOBAGO","CAMBODIA","TRINIDAD AND TOBAGO","Within",0.436409160087153,"Within",-0.255748283220506,"Annual","Within"
"CAMBODIA_VANUATU","CAMBODIA","VANUATU","Between",0.134066588890918,"Between",-1.86547140457946,"Annual","Between"
"CAMBODIA_VENEZUELA","CAMBODIA","VENEZUELA","Within",0.182133789759662,"Within",-1.50195724047601,"Annual","Within"
"CAMBODIA_VIET NAM","CAMBODIA","VIET NAM","Within",0.685698482557226,"Within",0.780085229504969,"Annual","Within"
"CHINA_COLOMBIA","CHINA","COLOMBIA","Within",0.0843477521153802,"Within",-2.38468849139925,"Annual","Within"
"CHINA_COSTA RICA","CHINA","COSTA RICA","Within",0.55087935948025,"Within",0.204224298089802,"Annual","Within"
"CHINA_DOMINICAN REPUBLIC","CHINA","DOMINICAN REPUBLIC","Within",0.464400189375302,"Within",-0.142640602632421,"Annual","Within"
"CHINA_ECUADOR","CHINA","ECUADOR","Between",0.0772842859886839,"Between",-2.47983053602338,"Annual","Between"
"CHINA_EL SALVADOR","CHINA","EL SALVADOR","Within",0.512449319188641,"Within",0.049807571061614,"Annual","Within"
"CHINA_FIJI","CHINA","FIJI","Between",0.0661932033225409,"Between",-2.64669177219715,"Annual","Between"
"CHINA_FRENCH GUIANA","CHINA","FRENCH GUIANA","Within",0.0406526427372496,"Within",-3.16118937121675,"Annual","Within"
"CHINA_FRENCH POLYNESIA","CHINA","FRENCH POLYNESIA","Between",0.0982303141786025,"Between",-2.21704428415236,"Annual","Between"
"CHINA_GUADELOUPE","CHINA","GUADELOUPE","Within",0.39172530092727,"Within",-0.440065756416509,"Annual","Within"
"CHINA_GUATEMALA","CHINA","GUATEMALA","Within",0.640668083093694,"Within",0.578264990750052,"Annual","Within"
"CHINA_GUYANA","CHINA","GUYANA","Within",0.176569470469694,"Within",-1.53976478671952,"Annual","Within"
"CHINA_HONDURAS","CHINA","HONDURAS","Within",0.467495641381213,"Within",-0.130201057313145,"Annual","Within"
"CHINA_INDIA","CHINA","INDIA","Within",0.751630318371421,"Within",1.10732631719093,"Annual","Within"
"CHINA_INDONESIA","CHINA","INDONESIA","Within",0.0626723231550983,"Within",-2.70511299638211,"Annual","Within"
"CHINA_JAMAICA","CHINA","JAMAICA","Within",0.34483430119981,"Within",-0.641824163630318,"Annual","Within"
"CHINA_LAO PEOPLE'S DEMOCRATIC REPUBLIC","CHINA","LAO PEOPLE'S DEMOCRATIC REPUBLIC","Within",0.572098313760845,"Within",0.290417389668032,"Annual","Within"
"CHINA_MALAYSIA","CHINA","MALAYSIA","Within",0.275686616411358,"Within",-0.965959376170615,"Annual","Within"
"CHINA_MALDIVES","CHINA","MALDIVES","Between",0.202704541034415,"Between",-1.36947586803468,"Annual","Between"
"CHINA_MARTINIQUE","CHINA","MARTINIQUE","Within",0.26650791426823,"Within",-1.01241286756161,"Annual","Within"
"CHINA_MEXICO","CHINA","MEXICO","Within",0.735894593228274,"Within",1.02473860121532,"Annual","Within"
"CHINA_MYANMAR","CHINA","MYANMAR","Within",0.554767738168322,"Within",0.219953453663282,"Annual","Within"
"CHINA_NEW CALEDONIA","CHINA","NEW CALEDONIA","Between",0.0430400496918931,"Between",-3.10163047096514,"Annual","Between"
"CHINA_NICARAGUA","CHINA","NICARAGUA","Within",0.652100363237824,"Within",0.628284443356321,"Annual","Within"
"CHINA_PALAU","CHINA","PALAU","Within",0.104006192095291,"Within",-2.15348306538364,"Annual","Within"
"CHINA_PANAMA","CHINA","PANAMA","Within",0.452850525238607,"Within",-0.189159923238936,"Annual","Within"
"CHINA_PARAGUAY","CHINA","PARAGUAY","Between",0.108186460546838,"Between",-2.10940084923704,"Annual","Between"
"CHINA_PERU","CHINA","PERU","Between",0.0693639627249371,"Between",-2.59650079988242,"Annual","Between"
"CHINA_PHILIPPINES","CHINA","PHILIPPINES","Within",0.655177113487983,"Within",0.641874688573195,"Annual","Within"
"CHINA_PUERTO RICO","CHINA","PUERTO RICO","Within",0.463381968379592,"Within",-0.146734841220329,"Annual","Within"
"CHINA_SINGAPORE","CHINA","SINGAPORE","Within",0.388708339358145,"Within",-0.452744902823242,"Annual","Within"
"CHINA_SRI LANKA","CHINA","SRI LANKA","Within",0.229089134820633,"Within",-1.21346159466823,"Annual","Within"
"CHINA_SURINAME","CHINA","SURINAME","Within",0.212788513931873,"Within",-1.30819815654674,"Annual","Within"
"CHINA_TAIWAN","CHINA","TAIWAN","Within",0.672225540978744,"Within",0.718268163743162,"Annual","Within"
"CHINA_THAILAND","CHINA","THAILAND","Within",0.516470962467482,"Within",0.0659076971338403,"Annual","Within"
"CHINA_TRINIDAD AND TOBAGO","CHINA","TRINIDAD AND TOBAGO","Within",0.535249020684808,"Within",0.141230364040997,"Annual","Within"
"CHINA_VANUATU","CHINA","VANUATU","Between",0.0573009658141265,"Between",-2.80042959490899,"Annual","Between"
"CHINA_VENEZUELA","CHINA","VENEZUELA","Within",0.316635065491867,"Within",-0.769279130253477,"Annual","Within"
"CHINA_VIET NAM","CHINA","VIET NAM","Within",0.71840666547981,"Within",0.936571841198068,"Annual","Within"
"COLOMBIA_COSTA RICA","COLOMBIA","COSTA RICA","Within",0.112052407332663,"Within",-2.06994603951756,"Annual","Within"
"COLOMBIA_DOMINICAN REPUBLIC","COLOMBIA","DOMINICAN REPUBLIC","Within",0.302163387578728,"Within",-0.837017106186029,"Annual","Within"
"COLOMBIA_ECUADOR","COLOMBIA","ECUADOR","Between",0.201572940807192,"Between",-1.37649231119544,"Annual","Between"
"COLOMBIA_EL SALVADOR","COLOMBIA","EL SALVADOR","Within",0.0706363354011287,"Within",-2.57695544249732,"Annual","Within"
"COLOMBIA_FIJI","COLOMBIA","FIJI","Between",0.267653884101535,"Between",-1.00655856953416,"Annual","Between"
"COLOMBIA_FRENCH GUIANA","COLOMBIA","FRENCH GUIANA","Within",0.303483297957712,"Within",-0.83076519534811,"Annual","Within"
"COLOMBIA_FRENCH POLYNESIA","COLOMBIA","FRENCH POLYNESIA","Between",0.17498800014276,"Between",-1.55068053055076,"Annual","Between"
"COLOMBIA_GUADELOUPE","COLOMBIA","GUADELOUPE","Within",0.178753621005141,"Within",-1.52481472191006,"Annual","Within"
"COLOMBIA_GUATEMALA","COLOMBIA","GUATEMALA","Within",0.0890065960130779,"Within",-2.32582517733178,"Annual","Within"
"COLOMBIA_GUYANA","COLOMBIA","GUYANA","Within",0.188281583542847,"Within",-1.4612148751868,"Annual","Within"
"COLOMBIA_HONDURAS","COLOMBIA","HONDURAS","Within",0.21877135063453,"Within",-1.27284074848939,"Annual","Within"
"COLOMBIA_INDIA","COLOMBIA","INDIA","Within",0.106296319725292,"Within",-2.12914360323766,"Annual","Within"
"COLOMBIA_INDONESIA","COLOMBIA","INDONESIA","Within",0.336181442657638,"Within",-0.680357832999379,"Annual","Within"
"COLOMBIA_JAMAICA","COLOMBIA","JAMAICA","Within",0.337894800715933,"Within",-0.672689848064941,"Annual","Within"
"COLOMBIA_LAO PEOPLE'S DEMOCRATIC REPUBLIC","COLOMBIA","LAO PEOPLE'S DEMOCRATIC REPUBLIC","Within",0.0858876607933332,"Within",-2.36491330082351,"Annual","Within"
"COLOMBIA_MALAYSIA","COLOMBIA","MALAYSIA","Within",0.171650239787697,"Within",-1.57397656404831,"Annual","Within"
"COLOMBIA_MALDIVES","COLOMBIA","MALDIVES","Between",0.134746614276962,"Between",-1.85962631199357,"Annual","Between"
"COLOMBIA_MARTINIQUE","COLOMBIA","MARTINIQUE","Within",0.284021714838038,"Within",-0.924599142579104,"Annual","Within"
"COLOMBIA_MEXICO","COLOMBIA","MEXICO","Within",0.0968485481248581,"Within",-2.23274186137162,"Annual","Within"
"COLOMBIA_MYANMAR","COLOMBIA","MYANMAR","Within",0.0795949017403727,"Within",-2.44786385501272,"Annual","Within"
"COLOMBIA_NEW CALEDONIA","COLOMBIA","NEW CALEDONIA","Between",0.285930225812053,"Between",-0.915232865154056,"Annual","Between"
"COLOMBIA_NICARAGUA","COLOMBIA","NICARAGUA","Within",0.107036611621789,"Within",-2.12137464095285,"Annual","Within"
"COLOMBIA_PALAU","COLOMBIA","PALAU","Within",0.2486056479062,"Within",-1.10606271893194,"Annual","Within"
"COLOMBIA_PANAMA","COLOMBIA","PANAMA","Within",0.124032541747484,"Within",-1.95478497750996,"Annual","Within"
"COLOMBIA_PARAGUAY","COLOMBIA","PARAGUAY","Between",0.257262957617157,"Between",-1.06024332553656,"Annual","Between"
"COLOMBIA_PERU","COLOMBIA","PERU","Between",0.229212912613408,"Between",-1.21276086316849,"Annual","Between"
"COLOMBIA_PHILIPPINES","COLOMBIA","PHILIPPINES","Within",0.136274803567525,"Within",-1.84658119702016,"Annual","Within"
"COLOMBIA_PUERTO RICO","COLOMBIA","PUERTO RICO","Within",0.202992740944295,"Within",-1.36769356721595,"Annual","Within"
"COLOMBIA_SINGAPORE","COLOMBIA","SINGAPORE","Within",0.231196836218691,"Within",-1.20156552033846,"Annual","Within"
"COLOMBIA_SRI LANKA","COLOMBIA","SRI LANKA","Within",0.243110145988938,"Within",-1.13570312324612,"Annual","Within"
"COLOMBIA_SURINAME","COLOMBIA","SURINAME","Within",0.292186320547311,"Within",-0.884789211599653,"Annual","Within"
"COLOMBIA_TAIWAN","COLOMBIA","TAIWAN","Within",0.0475123335077917,"Within",-2.99808782822015,"Annual","Within"
"COLOMBIA_THAILAND","COLOMBIA","THAILAND","Within",0.100672156724443,"Within",-2.1897783792774,"Annual","Within"
"COLOMBIA_TRINIDAD AND TOBAGO","COLOMBIA","TRINIDAD AND TOBAGO","Within",0.153205530805654,"Within",-1.70967764930091,"Annual","Within"
"COLOMBIA_VANUATU","COLOMBIA","VANUATU","Between",0.238050056016788,"Between",-1.16339989226248,"Annual","Between"
"COLOMBIA_VENEZUELA","COLOMBIA","VENEZUELA","Within",0.180420203536611,"Within",-1.5135031712225,"Annual","Within"
"COLOMBIA_VIET NAM","COLOMBIA","VIET NAM","Within",0.0916413871360167,"Within",-2.29375625445084,"Annual","Within"
"COSTA RICA_DOMINICAN REPUBLIC","COSTA RICA","DOMINICAN REPUBLIC","Within",0.402729694635766,"Within",-0.39410417973534,"Annual","Within"
"COSTA RICA_ECUADOR","COSTA RICA","ECUADOR","Between",0.222102322393892,"Between",-1.2534568083731,"Annual","Between"
"COSTA RICA_EL SALVADOR","COSTA RICA","EL SALVADOR","Within",0.53448358512827,"Within",0.138153660310948,"Annual","Within"
"COSTA RICA_FIJI","COSTA RICA","FIJI","Between",0.0655859249435883,"Between",-2.65655856102076,"Annual","Between"
"COSTA RICA_FRENCH GUIANA","COSTA RICA","FRENCH GUIANA","Within",0.0443486480733739,"Within",-3.07031092673148,"Annual","Within"
"COSTA RICA_FRENCH POLYNESIA","COSTA RICA","FRENCH POLYNESIA","Between",0.0751035356818294,"Between",-2.5108141634675,"Annual","Between"
"COSTA RICA_GUADELOUPE","COSTA RICA","GUADELOUPE","Within",0.320178741397301,"Within",-0.752950501901761,"Annual","Within"
"COSTA RICA_GUATEMALA","COSTA RICA","GUATEMALA","Within",0.633960890345533,"Within",0.549247080710357,"Annual","Within"
"COSTA RICA_GUYANA","COSTA RICA","GUYANA","Within",0.229665156209942,"Within",-1.21020287679836,"Annual","Within"
"COSTA RICA_HONDURAS","COSTA RICA","HONDURAS","Within",0.49913150498435,"Within",-0.00347398355642732,"Annual","Within"
"COSTA RICA_INDIA","COSTA RICA","INDIA","Within",0.522439753933505,"Within",0.0898193519796505,"Annual","Within"
"COSTA RICA_INDONESIA","COSTA RICA","INDONESIA","Within",0.053780675954914,"Within",-2.86756016612785,"Annual","Within"
"COSTA RICA_JAMAICA","COSTA RICA","JAMAICA","Within",0.310149280747332,"Within",-0.799421492906666,"Annual","Within"
"COSTA RICA_LAO PEOPLE'S DEMOCRATIC REPUBLIC","COSTA RICA","LAO PEOPLE'S DEMOCRATIC REPUBLIC","Within",0.558701773203912,"Within",0.235894932133073,"Annual","Within"
"COSTA RICA_MALAYSIA","COSTA RICA","MALAYSIA","Within",0.283947044308901,"Within",-0.924966367614498,"Annual","Within"
"COSTA RICA_MALDIVES","COSTA RICA","MALDIVES","Between",0.260777732186414,"Between",-1.04193020039406,"Annual","Between"
"COSTA RICA_MARTINIQUE","COSTA RICA","MARTINIQUE","Within",0.184827076730222,"Within",-1.48397959894826,"Annual","Within"
"COSTA RICA_MEXICO","COSTA RICA","MEXICO","Within",0.555196557491661,"Within",0.221689726331429,"Annual","Within"
"COSTA RICA_MYANMAR","COSTA RICA","MYANMAR","Within",0.532509491417108,"Within",0.130221675656053,"Annual","Within"
"COSTA RICA_NEW CALEDONIA","COSTA RICA","NEW CALEDONIA","Between",0.056335840188667,"Between",-2.81843941427975,"Annual","Between"
"COSTA RICA_NICARAGUA","COSTA RICA","NICARAGUA","Within",0.513990270128365,"Within",0.0559756915525456,"Annual","Within"
"COSTA RICA_PALAU","COSTA RICA","PALAU","Within",0.0970960511263571,"Within",-2.22991547249008,"Annual","Within"
"COSTA RICA_PANAMA","COSTA RICA","PANAMA","Within",0.546142581510636,"Within",0.185096987427554,"Annual","Within"
"COSTA RICA_PARAGUAY","COSTA RICA","PARAGUAY","Between",0.0992944999017829,"Between",-2.20508816442779,"Annual","Between"
"COSTA RICA_PERU","COSTA RICA","PERU","Between",0.0831140546181553,"Between",-2.40076926998972,"Annual","Between"
"COSTA RICA_PHILIPPINES","COSTA RICA","PHILIPPINES","Within",0.538413212971738,"Within",0.153956228714833,"Annual","Within"
"COSTA RICA_PUERTO RICO","COSTA RICA","PUERTO RICO","Within",0.412381400242147,"Within",-0.354129447703171,"Annual","Within"
"COSTA RICA_SINGAPORE","COSTA RICA","SINGAPORE","Within",0.404083502151629,"Within",-0.388479007870415,"Annual","Within"
"COSTA RICA_SRI LANKA","COSTA RICA","SRI LANKA","Within",0.161166590648547,"Within",-1.64957357362076,"Annual","Within"
"COSTA RICA_SURINAME","COSTA RICA","SURINAME","Within",0.1710997095857,"Within",-1.57785338739843,"Annual","Within"
"COSTA RICA_TAIWAN","COSTA RICA","TAIWAN","Within",0.575729552187532,"Within",0.305266922473856,"Annual","Within"
"COSTA RICA_THAILAND","COSTA RICA","THAILAND","Within",0.574379352835504,"Within",0.299741621542127,"Annual","Within"
"COSTA RICA_TRINIDAD AND TOBAGO","COSTA RICA","TRINIDAD AND TOBAGO","Within",0.439537670641993,"Within",-0.243038605309932,"Annual","Within"
"COSTA RICA_VANUATU","COSTA RICA","VANUATU","Between",0.142681077440677,"Between",-1.79319807580303,"Annual","Between"
"COSTA RICA_VENEZUELA","COSTA RICA","VENEZUELA","Within",0.277478469368205,"Within",-0.957003877410916,"Annual","Within"
"COSTA RICA_VIET NAM","COSTA RICA","VIET NAM","Within",0.580057721013012,"Within",0.323010346727182,"Annual","Within"
"DOMINICAN REPUBLIC_ECUADOR","DOMINICAN REPUBLIC","ECUADOR","Between",0.0557242593374257,"Between",-2.83000263385665,"Annual","Between"
"DOMINICAN REPUBLIC_EL SALVADOR","DOMINICAN REPUBLIC","EL SALVADOR","Within",0.383117346712684,"Within",-0.476337486118462,"Annual","Within"
"DOMINICAN REPUBLIC_FIJI","DOMINICAN REPUBLIC","FIJI","Between",0.163183186204766,"Between",-1.63473177455993,"Annual","Between"
"DOMINICAN REPUBLIC_FRENCH GUIANA","DOMINICAN REPUBLIC","FRENCH GUIANA","Within",0.17465479869872,"Within",-1.55299027767564,"Annual","Within"
"DOMINICAN REPUBLIC_FRENCH POLYNESIA","DOMINICAN REPUBLIC","FRENCH POLYNESIA","Between",0.124740253533098,"Between",-1.9482870918222,"Annual","Between"
"DOMINICAN REPUBLIC_GUADELOUPE","DOMINICAN REPUBLIC","GUADELOUPE","Within",0.400264958639785,"Within",-0.404361235530529,"Annual","Within"
"DOMINICAN REPUBLIC_GUATEMALA","DOMINICAN REPUBLIC","GUATEMALA","Within",0.415502983174887,"Within",-0.341261883099938,"Annual","Within"
"DOMINICAN REPUBLIC_GUYANA","DOMINICAN REPUBLIC","GUYANA","Within",0.177146851100712,"Within",-1.53579869502874,"Annual","Within"
"DOMINICAN REPUBLIC_HONDURAS","DOMINICAN REPUBLIC","HONDURAS","Within",0.389722594803942,"Within",-0.448478425752059,"Annual","Within"
"DOMINICAN REPUBLIC_INDIA","DOMINICAN REPUBLIC","INDIA","Within",0.477891862509647,"Within",-0.0884902485326994,"Annual","Within"
"DOMINICAN REPUBLIC_INDONESIA","DOMINICAN REPUBLIC","INDONESIA","Within",0.173563831235646,"Within",-1.56057724840096,"Annual","Within"
"DOMINICAN REPUBLIC_JAMAICA","DOMINICAN REPUBLIC","JAMAICA","Within",0.606487895475932,"Within",0.4325729416261,"Annual","Within"
"DOMINICAN REPUBLIC_LAO PEOPLE'S DEMOCRATIC REPUBLIC","DOMINICAN REPUBLIC","LAO PEOPLE'S DEMOCRATIC REPUBLIC","Within",0.387950620799397,"Within",-0.455934898682439,"Annual","Within"
"DOMINICAN REPUBLIC_MALAYSIA","DOMINICAN REPUBLIC","MALAYSIA","Within",0.264563876895254,"Within",-1.02238096531898,"Annual","Within"
"DOMINICAN REPUBLIC_MALDIVES","DOMINICAN REPUBLIC","MALDIVES","Between",0.317544521833087,"Between",-0.76507925672834,"Annual","Between"
"DOMINICAN REPUBLIC_MARTINIQUE","DOMINICAN REPUBLIC","MARTINIQUE","Within",0.327560576675354,"Within",-0.719239025659482,"Annual","Within"
"DOMINICAN REPUBLIC_MEXICO","DOMINICAN REPUBLIC","MEXICO","Within",0.495539146179567,"Within",-0.0178438887309952,"Annual","Within"
"DOMINICAN REPUBLIC_MYANMAR","DOMINICAN REPUBLIC","MYANMAR","Within",0.302982507987926,"Within",-0.833135432159023,"Annual","Within"
"DOMINICAN REPUBLIC_NEW CALEDONIA","DOMINICAN REPUBLIC","NEW CALEDONIA","Between",0.130774205686376,"Between",-1.89413070852332,"Annual","Between"
"DOMINICAN REPUBLIC_NICARAGUA","DOMINICAN REPUBLIC","NICARAGUA","Within",0.490376743035162,"Within",-0.0384977818849505,"Annual","Within"
"DOMINICAN REPUBLIC_PALAU","DOMINICAN REPUBLIC","PALAU","Within",0.241970244852803,"Within",-1.14190787624015,"Annual","Within"
"DOMINICAN REPUBLIC_PANAMA","DOMINICAN REPUBLIC","PANAMA","Within",0.49864260746367,"Within",-0.00542958348412756,"Annual","Within"
"DOMINICAN REPUBLIC_PARAGUAY","DOMINICAN REPUBLIC","PARAGUAY","Between",0.23130643308286,"Between",-1.20094902596413,"Annual","Between"
"DOMINICAN REPUBLIC_PERU","DOMINICAN REPUBLIC","PERU","Between",0.109694349530943,"Between",-2.09386697368511,"Annual","Between"
"DOMINICAN REPUBLIC_PHILIPPINES","DOMINICAN REPUBLIC","PHILIPPINES","Within",0.504292446080017,"Within",0.0171702061452282,"Annual","Within"
"DOMINICAN REPUBLIC_PUERTO RICO","DOMINICAN REPUBLIC","PUERTO RICO","Within",0.523788651154074,"Within",0.0952264995977865,"Annual","Within"
"DOMINICAN REPUBLIC_SINGAPORE","DOMINICAN REPUBLIC","SINGAPORE","Within",0.34696943174909,"Within",-0.632387257079273,"Annual","Within"
"DOMINICAN REPUBLIC_SRI LANKA","DOMINICAN REPUBLIC","SRI LANKA","Within",0.161883969257225,"Within",-1.64427671294642,"Annual","Within"
"DOMINICAN REPUBLIC_SURINAME","DOMINICAN REPUBLIC","SURINAME","Within",0.348009453921419,"Within",-0.627800416095718,"Annual","Within"
"DOMINICAN REPUBLIC_TAIWAN","DOMINICAN REPUBLIC","TAIWAN","Within",0.47495625048179,"Within",-0.100258895991386,"Annual","Within"
"DOMINICAN REPUBLIC_THAILAND","DOMINICAN REPUBLIC","THAILAND","Within",0.33895984282054,"Within",-0.667932947561662,"Annual","Within"
"DOMINICAN REPUBLIC_TRINIDAD AND TOBAGO","DOMINICAN REPUBLIC","TRINIDAD AND TOBAGO","Within",0.507227815111742,"Within",0.0289132745157043,"Annual","Within"
"DOMINICAN REPUBLIC_VANUATU","DOMINICAN REPUBLIC","VANUATU","Between",0.13198882573675,"Between",-1.88348732265907,"Annual","Between"
"DOMINICAN REPUBLIC_VENEZUELA","DOMINICAN REPUBLIC","VENEZUELA","Within",0.398938342387748,"Within",-0.409890646381661,"Annual","Within"
"DOMINICAN REPUBLIC_VIET NAM","DOMINICAN REPUBLIC","VIET NAM","Within",0.489253224795304,"Within",-0.0429937222767142,"Annual","Within"
"ECUADOR_EL SALVADOR","ECUADOR","EL SALVADOR","Between",0.255779190857709,"Between",-1.06802324071275,"Annual","Between"
"ECUADOR_FIJI","ECUADOR","FIJI","Within",0.355906236252634,"Within",-0.593176996539048,"Annual","Within"
"ECUADOR_FRENCH GUIANA","ECUADOR","FRENCH GUIANA","Between",0.419394502373038,"Between",-0.325259510349756,"Annual","Between"
"ECUADOR_FRENCH POLYNESIA","ECUADOR","FRENCH POLYNESIA","Within",0.196592776567318,"Within",-1.40772724769902,"Annual","Within"
"ECUADOR_GUADELOUPE","ECUADOR","GUADELOUPE","Between",0.111868752293271,"Between",-2.07179320392982,"Annual","Between"
"ECUADOR_GUATEMALA","ECUADOR","GUATEMALA","Between",0.183306062863613,"Between",-1.49410717624738,"Annual","Between"
"ECUADOR_GUYANA","ECUADOR","GUYANA","Between",0.2426691358586,"Between",-1.13810129607265,"Annual","Between"
"ECUADOR_HONDURAS","ECUADOR","HONDURAS","Between",0.164092939575321,"Between",-1.62808446312857,"Annual","Between"
"ECUADOR_INDIA","ECUADOR","INDIA","Between",0.0401879527685785,"Between",-3.17317021282216,"Annual","Between"
"ECUADOR_INDONESIA","ECUADOR","INDONESIA","Between",0.454390505388402,"Between",-0.182946536168412,"Annual","Between"
"ECUADOR_JAMAICA","ECUADOR","JAMAICA","Between",0.103295488737346,"Between",-2.16113268520238,"Annual","Between"
"ECUADOR_LAO PEOPLE'S DEMOCRATIC REPUBLIC","ECUADOR","LAO PEOPLE'S DEMOCRATIC REPUBLIC","Between",0.221743408487622,"Between",-1.25553538316856,"Annual","Between"
"ECUADOR_MALAYSIA","ECUADOR","MALAYSIA","Between",0.181855502116354,"Between",-1.50382654146151,"Annual","Between"
"ECUADOR_MALDIVES","ECUADOR","MALDIVES","Within",0.201075037418315,"Within",-1.37958886830901,"Annual","Within"
"ECUADOR_MARTINIQUE","ECUADOR","MARTINIQUE","Between",0.268498923763436,"Between",-1.00225178612156,"Annual","Between"
"ECUADOR_MEXICO","ECUADOR","MEXICO","Between",0.124042419107374,"Between",-1.95469406944404,"Annual","Between"
"ECUADOR_MYANMAR","ECUADOR","MYANMAR","Between",0.259690029047426,"Between",-1.04758025434513,"Annual","Between"
"ECUADOR_NEW CALEDONIA","ECUADOR","NEW CALEDONIA","Within",0.292475216520957,"Within",-0.883392725316974,"Annual","Within"
"ECUADOR_NICARAGUA","ECUADOR","NICARAGUA","Between",0.0742260592216678,"Between",-2.52351478944897,"Annual","Between"
"ECUADOR_PALAU","ECUADOR","PALAU","Between",0.179956143759538,"Between",-1.51664464662478,"Annual","Between"
"ECUADOR_PANAMA","ECUADOR","PANAMA","Between",0.0849680208597119,"Between",-2.37668405402488,"Annual","Between"
"ECUADOR_PARAGUAY","ECUADOR","PARAGUAY","Within",0.344234281098374,"Within",-0.644481114066344,"Annual","Within"
"ECUADOR_PERU","ECUADOR","PERU","Within",0.521618595961611,"Within",0.0865283310201222,"Annual","Within"
"ECUADOR_PHILIPPINES","ECUADOR","PHILIPPINES","Between",0.131331850145857,"Between",-1.88923384918477,"Annual","Between"
"ECUADOR_PUERTO RICO","ECUADOR","PUERTO RICO","Between",0.123385769418938,"Between",-1.96075123762224,"Annual","Between"
"ECUADOR_SINGAPORE","ECUADOR","SINGAPORE","Between",0.144966869483839,"Between",-1.77463498733249,"Annual","Between"
"ECUADOR_SRI LANKA","ECUADOR","SRI LANKA","Between",0.146552886549682,"Between",-1.76189721234033,"Annual","Between"
"ECUADOR_SURINAME","ECUADOR","SURINAME","Between",0.162303057658045,"Between",-1.64119107720236,"Annual","Between"
"ECUADOR_TAIWAN","ECUADOR","TAIWAN","Between",0.0651944363081118,"Between",-2.66296442179881,"Annual","Between"
"ECUADOR_THAILAND","ECUADOR","THAILAND","Between",0.257555013714442,"Between",-1.05871543260934,"Annual","Between"
"ECUADOR_TRINIDAD AND TOBAGO","ECUADOR","TRINIDAD AND TOBAGO","Between",0.0387222542884491,"Between",-3.21184890362939,"Annual","Between"
"ECUADOR_VANUATU","ECUADOR","VANUATU","Within",0.263807285317235,"Within",-1.02627306833387,"Annual","Within"
"ECUADOR_VENEZUELA","ECUADOR","VENEZUELA","Between",0.197297542563063,"Between",-1.40327114897724,"Annual","Between"
"ECUADOR_VIET NAM","ECUADOR","VIET NAM","Between",0.0876994415915544,"Between",-2.34205396333907,"Annual","Between"
"EL SALVADOR_FIJI","EL SALVADOR","FIJI","Between",0.0763265748593482,"Between",-2.49333740116768,"Annual","Between"
"EL SALVADOR_FRENCH GUIANA","EL SALVADOR","FRENCH GUIANA","Within",0.0845582225596896,"Within",-2.38196644416177,"Annual","Within"
"EL SALVADOR_FRENCH POLYNESIA","EL SALVADOR","FRENCH POLYNESIA","Between",0.116630631042957,"Between",-2.02473148319733,"Annual","Between"
"EL SALVADOR_GUADELOUPE","EL SALVADOR","GUADELOUPE","Within",0.242427543897129,"Within",-1.13941630675173,"Annual","Within"
"EL SALVADOR_GUATEMALA","EL SALVADOR","GUATEMALA","Within",0.614079293030778,"Within",0.464492135549766,"Annual","Within"
"EL SALVADOR_GUYANA","EL SALVADOR","GUYANA","Within",0.249063853283076,"Within",-1.10361132132665,"Annual","Within"
"EL SALVADOR_HONDURAS","EL SALVADOR","HONDURAS","Within",0.523895129097947,"Within",0.0956533819957291,"Annual","Within"
"EL SALVADOR_INDIA","EL SALVADOR","INDIA","Within",0.449995725890485,"Within",-0.200687964606418,"Annual","Within"
"EL SALVADOR_INDONESIA","EL SALVADOR","INDONESIA","Within",0.0407401475584028,"Within",-3.1589479673125,"Annual","Within"
"EL SALVADOR_JAMAICA","EL SALVADOR","JAMAICA","Within",0.260524577033003,"Within",-1.04324384457667,"Annual","Within"
"EL SALVADOR_LAO PEOPLE'S DEMOCRATIC REPUBLIC","EL SALVADOR","LAO PEOPLE'S DEMOCRATIC REPUBLIC","Within",0.547320435182861,"Within",0.189849922877629,"Annual","Within"
"EL SALVADOR_MALAYSIA","EL SALVADOR","MALAYSIA","Within",0.252656905239399,"Within",-1.08449191394576,"Annual","Within"
"EL SALVADOR_MALDIVES","EL SALVADOR","MALDIVES","Between",0.291252180977396,"Between",-0.889310284634165,"Annual","Between"
"EL SALVADOR_MARTINIQUE","EL SALVADOR","MARTINIQUE","Within",0.0889620555967006,"Within",-2.32637461055569,"Annual","Within"
"EL SALVADOR_MEXICO","EL SALVADOR","MEXICO","Within",0.535177188611808,"Within",0.140941603539442,"Annual","Within"
"EL SALVADOR_MYANMAR","EL SALVADOR","MYANMAR","Within",0.543393371514021,"Within",0.17401124770471,"Annual","Within"
"EL SALVADOR_NEW CALEDONIA","EL SALVADOR","NEW CALEDONIA","Between",0.059556396502727,"Between",-2.7594279785431,"Annual","Between"
"EL SALVADOR_NICARAGUA","EL SALVADOR","NICARAGUA","Within",0.522236368046101,"Within",0.0890041813741466,"Annual","Within"
"EL SALVADOR_PALAU","EL SALVADOR","PALAU","Within",0.144939765310408,"Within",-1.77485367192373,"Annual","Within"
"EL SALVADOR_PANAMA","EL SALVADOR","PANAMA","Within",0.398954123933817,"Within",-0.409824831840874,"Annual","Within"
"EL SALVADOR_PARAGUAY","EL SALVADOR","PARAGUAY","Between",0.0395441443152494,"Between",-3.1899903959447,"Annual","Between"
"EL SALVADOR_PERU","EL SALVADOR","PERU","Between",0.0982265238821566,"Between",-2.21708707387581,"Annual","Between"
"EL SALVADOR_PHILIPPINES","EL SALVADOR","PHILIPPINES","Within",0.571057518656784,"Within",0.286167103966064,"Annual","Within"
"EL SALVADOR_PUERTO RICO","EL SALVADOR","PUERTO RICO","Within",0.330658245298016,"Within",-0.705209423346721,"Annual","Within"
"EL SALVADOR_SINGAPORE","EL SALVADOR","SINGAPORE","Within",0.434011877235334,"Within",-0.265501192840652,"Annual","Within"
"EL SALVADOR_SRI LANKA","EL SALVADOR","SRI LANKA","Within",0.265756508437321,"Within",-1.01626019822839,"Annual","Within"
"EL SALVADOR_SURINAME","EL SALVADOR","SURINAME","Within",0.134143671579059,"Within",-1.86480759073895,"Annual","Within"
"EL SALVADOR_TAIWAN","EL SALVADOR","TAIWAN","Within",0.560496924193496,"Within",0.243179039362375,"Annual","Within"
"EL SALVADOR_THAILAND","EL SALVADOR","THAILAND","Within",0.574664340636121,"Within",0.300907470984854,"Annual","Within"
"EL SALVADOR_TRINIDAD AND TOBAGO","EL SALVADOR","TRINIDAD AND TOBAGO","Within",0.321899662355606,"Within",-0.745055378223423,"Annual","Within"
"EL SALVADOR_VANUATU","EL SALVADOR","VANUATU","Between",0.145499942743146,"Between",-1.77034087646833,"Annual","Between"
"EL SALVADOR_VENEZUELA","EL SALVADOR","VENEZUELA","Within",0.212028319814241,"Within",-1.3127423005816,"Annual","Within"
"EL SALVADOR_VIET NAM","EL SALVADOR","VIET NAM","Within",0.508466253002295,"Within",0.033868249042535,"Annual","Within"
"FIJI_FRENCH GUIANA","FIJI","FRENCH GUIANA","Between",0.335448971741895,"Between",-0.683641818471377,"Annual","Between"
"FIJI_FRENCH POLYNESIA","FIJI","FRENCH POLYNESIA","Within",0.211085896747569,"Within",-1.31839230282537,"Annual","Within"
"FIJI_GUADELOUPE","FIJI","GUADELOUPE","Between",0.180762016617738,"Between",-1.51119327883554,"Annual","Between"
"FIJI_GUATEMALA","FIJI","GUATEMALA","Between",0.0728911817156668,"Between",-2.5431032786759,"Annual","Between"
"FIJI_GUYANA","FIJI","GUYANA","Between",0.204536920683222,"Between",-1.35817593435419,"Annual","Between"
"FIJI_HONDURAS","FIJI","HONDURAS","Between",0.133694958658379,"Between",-1.8686763112465,"Annual","Between"
"FIJI_INDIA","FIJI","INDIA","Between",0.0903380395135342,"Between",-2.30951442971485,"Annual","Between"
"FIJI_INDONESIA","FIJI","INDONESIA","Between",0.511577261813831,"Between",0.0463173258386928,"Annual","Between"
"FIJI_JAMAICA","FIJI","JAMAICA","Between",0.215350180497285,"Between",-1.29297207879171,"Annual","Between"
"FIJI_LAO PEOPLE'S DEMOCRATIC REPUBLIC","FIJI","LAO PEOPLE'S DEMOCRATIC REPUBLIC","Between",0.102527835744926,"Between",-2.16944777517023,"Annual","Between"
"FIJI_MALAYSIA","FIJI","MALAYSIA","Between",0.144622161638235,"Between",-1.77741872787663,"Annual","Between"
"FIJI_MALDIVES","FIJI","MALDIVES","Within",0.240263318434151,"Within",-1.15123641957736,"Annual","Within"
"FIJI_MARTINIQUE","FIJI","MARTINIQUE","Between",0.257520731167473,"Between",-1.05889472327146,"Annual","Between"
"FIJI_MEXICO","FIJI","MEXICO","Between",0.0634226615163836,"Between",-2.69241086620022,"Annual","Between"
"FIJI_MYANMAR","FIJI","MYANMAR","Between",0.12116028494452,"Between",-1.9814881939003,"Annual","Between"
"FIJI_NEW CALEDONIA","FIJI","NEW CALEDONIA","Within",0.532283585303634,"Within",0.129314241648926,"Annual","Within"
"FIJI_NICARAGUA","FIJI","NICARAGUA","Between",0.0824787309597124,"Between",-2.40913530762146,"Annual","Between"
"FIJI_PALAU","FIJI","PALAU","Between",0.228617584117066,"Between",-1.21613358114473,"Annual","Between"
"FIJI_PANAMA","FIJI","PANAMA","Between",0.0965596354859275,"Between",-2.2360493011074,"Annual","Between"
"FIJI_PARAGUAY","FIJI","PARAGUAY","Within",0.276424726425297,"Within",-0.96226603479767,"Annual","Within"
"FIJI_PERU","FIJI","PERU","Within",0.423316323565996,"Within",-0.309174185670561,"Annual","Within"
"FIJI_PHILIPPINES","FIJI","PHILIPPINES","Between",0.0351981318330244,"Between",-3.31092975402649,"Annual","Between"
"FIJI_PUERTO RICO","FIJI","PUERTO RICO","Between",0.159074448837292,"Between",-1.66513080755711,"Annual","Between"
"FIJI_SINGAPORE","FIJI","SINGAPORE","Between",0.159942232175922,"Between",-1.65865795955238,"Annual","Between"
"FIJI_SRI LANKA","FIJI","SRI LANKA","Between",0.15561054124779,"Between",-1.69125747692454,"Annual","Between"
"FIJI_SURINAME","FIJI","SURINAME","Between",0.288396289465292,"Between",-0.903185630736344,"Annual","Between"
"FIJI_TAIWAN","FIJI","TAIWAN","Between",0.0627667874857489,"Between",-2.70350607214218,"Annual","Between"
"FIJI_THAILAND","FIJI","THAILAND","Between",0.121899911448635,"Between",-1.97456027314955,"Annual","Between"
"FIJI_TRINIDAD AND TOBAGO","FIJI","TRINIDAD AND TOBAGO","Between",0.106861056039308,"Between",-2.12321271217711,"Annual","Between"
"FIJI_VANUATU","FIJI","VANUATU","Within",0.399310010982911,"Within",-0.408340891101837,"Annual","Within"
"FIJI_VENEZUELA","FIJI","VENEZUELA","Between",0.211881687981362,"Between",-1.31362017741303,"Annual","Between"
"FIJI_VIET NAM","FIJI","VIET NAM","Between",0.0315918918655341,"Between",-3.42275309660584,"Annual","Between"
"FRENCH GUIANA_FRENCH POLYNESIA","FRENCH GUIANA","FRENCH POLYNESIA","Between",0.257736596584545,"Between",-1.0577660513658,"Annual","Between"
"FRENCH GUIANA_GUADELOUPE","FRENCH GUIANA","GUADELOUPE","Within",0.270078984538559,"Within",-0.994221878744329,"Annual","Within"
"FRENCH GUIANA_GUATEMALA","FRENCH GUIANA","GUATEMALA","Within",0.0615137699569377,"Within",-2.72500713212627,"Annual","Within"
"FRENCH GUIANA_GUYANA","FRENCH GUIANA","GUYANA","Within",0.201506409345647,"Within",-1.37690575184282,"Annual","Within"
"FRENCH GUIANA_HONDURAS","FRENCH GUIANA","HONDURAS","Within",0.116903173372789,"Within",-2.02208883686592,"Annual","Within"
"FRENCH GUIANA_INDIA","FRENCH GUIANA","INDIA","Within",0.075431616718754,"Within",-2.50610050894466,"Annual","Within"
"FRENCH GUIANA_INDONESIA","FRENCH GUIANA","INDONESIA","Within",0.479897699190556,"Within",-0.0804525700511858,"Annual","Within"
"FRENCH GUIANA_JAMAICA","FRENCH GUIANA","JAMAICA","Within",0.220574615839665,"Within",-1.26232092974721,"Annual","Within"
"FRENCH GUIANA_LAO PEOPLE'S DEMOCRATIC REPUBLIC","FRENCH GUIANA","LAO PEOPLE'S DEMOCRATIC REPUBLIC","Within",0.10528462802977,"Within",-2.13983822169056,"Annual","Within"
"FRENCH GUIANA_MALAYSIA","FRENCH GUIANA","MALAYSIA","Within",0.248583927102096,"Within",-1.1061790001781,"Annual","Within"
"FRENCH GUIANA_MALDIVES","FRENCH GUIANA","MALDIVES","Between",0.175275771355869,"Between",-1.54868849222885,"Annual","Between"
"FRENCH GUIANA_MARTINIQUE","FRENCH GUIANA","MARTINIQUE","Within",0.436608943257633,"Within",-0.254936053813532,"Annual","Within"
"FRENCH GUIANA_MEXICO","FRENCH GUIANA","MEXICO","Within",0.0307651626045676,"Within",-3.4501239672283,"Annual","Within"
"FRENCH GUIANA_MYANMAR","FRENCH GUIANA","MYANMAR","Within",0.0728511346847779,"Within",-2.54369603277927,"Annual","Within"
"FRENCH GUIANA_NEW CALEDONIA","FRENCH GUIANA","NEW CALEDONIA","Between",0.376541497831128,"Between",-0.504253945471117,"Annual","Between"
"FRENCH GUIANA_NICARAGUA","FRENCH GUIANA","NICARAGUA","Within",0.0775616798064987,"Within",-2.47594702380561,"Annual","Within"
"FRENCH GUIANA_PALAU","FRENCH GUIANA","PALAU","Within",0.243603029936589,"Within",-1.13302635712136,"Annual","Within"
"FRENCH GUIANA_PANAMA","FRENCH GUIANA","PANAMA","Within",0.0907580573494865,"Within",-2.30441396687023,"Annual","Within"
"FRENCH GUIANA_PARAGUAY","FRENCH GUIANA","PARAGUAY","Between",0.321522625112882,"Between",-0.746783218134175,"Annual","Between"
"FRENCH GUIANA_PERU","FRENCH GUIANA","PERU","Between",0.396566472129427,"Between",-0.419792215837153,"Annual","Between"
"FRENCH GUIANA_PHILIPPINES","FRENCH GUIANA","PHILIPPINES","Within",0.0942792518881556,"Within",-2.26246989045379,"Annual","Within"
"FRENCH GUIANA_PUERTO RICO","FRENCH GUIANA","PUERTO RICO","Within",0.164696425136723,"Within",-1.62369128984265,"Annual","Within"
"FRENCH GUIANA_SINGAPORE","FRENCH GUIANA","SINGAPORE","Within",0.0849555291212294,"Within",-2.3768447333765,"Annual","Within"
"FRENCH GUIANA_SRI LANKA","FRENCH GUIANA","SRI LANKA","Within",0.187812551571237,"Within",-1.46428676202066,"Annual","Within"
"FRENCH GUIANA_SURINAME","FRENCH GUIANA","SURINAME","Within",0.340038716203447,"Within",-0.663121690071556,"Annual","Within"
"FRENCH GUIANA_TAIWAN","FRENCH GUIANA","TAIWAN","Within",0.0512722188485109,"Within",-2.91797284678406,"Annual","Within"
"FRENCH GUIANA_THAILAND","FRENCH GUIANA","THAILAND","Within",0.084428591687916,"Within",-2.38364225201222,"Annual","Within"
"FRENCH GUIANA_TRINIDAD AND TOBAGO","FRENCH GUIANA","TRINIDAD AND TOBAGO","Within",0.114109100290847,"Within",-2.0494387941593,"Annual","Within"
"FRENCH GUIANA_VANUATU","FRENCH GUIANA","VANUATU","Between",0.209705754161372,"Between",-1.32669996170098,"Annual","Between"
"FRENCH GUIANA_VENEZUELA","FRENCH GUIANA","VENEZUELA","Within",0.252774469277133,"Within",-1.08386938946803,"Annual","Within"
"FRENCH GUIANA_VIET NAM","FRENCH GUIANA","VIET NAM","Within",0.0520736310834753,"Within",-2.90161812992102,"Annual","Within"
"FRENCH POLYNESIA_GUADELOUPE","FRENCH POLYNESIA","GUADELOUPE","Between",0.291315131907299,"Between",-0.88900534520325,"Annual","Between"
"FRENCH POLYNESIA_GUATEMALA","FRENCH POLYNESIA","GUATEMALA","Between",0.0958698468728301,"Between",-2.24398181487699,"Annual","Between"
"FRENCH POLYNESIA_GUYANA","FRENCH POLYNESIA","GUYANA","Between",0.136453079009561,"Between",-1.84506742224608,"Annual","Between"
"FRENCH POLYNESIA_HONDURAS","FRENCH POLYNESIA","HONDURAS","Between",0.146544205809521,"Between",-1.76196661824507,"Annual","Between"
"FRENCH POLYNESIA_INDIA","FRENCH POLYNESIA","INDIA","Between",0.114054134971256,"Between",-2.04998264447015,"Annual","Between"
"FRENCH POLYNESIA_INDONESIA","FRENCH POLYNESIA","INDONESIA","Between",0.22901389468636,"Between",-1.2138876745586,"Annual","Between"
"FRENCH POLYNESIA_JAMAICA","FRENCH POLYNESIA","JAMAICA","Between",0.225819108155041,"Between",-1.23207128429528,"Annual","Between"
"FRENCH POLYNESIA_LAO PEOPLE'S DEMOCRATIC REPUBLIC","FRENCH POLYNESIA","LAO PEOPLE'S DEMOCRATIC REPUBLIC","Between",0.0547220370991052,"Between",-2.84921252456905,"Annual","Between"
"FRENCH POLYNESIA_MALAYSIA","FRENCH POLYNESIA","MALAYSIA","Between",0.221206387487168,"Between",-1.25864992600476,"Annual","Between"
"FRENCH POLYNESIA_MALDIVES","FRENCH POLYNESIA","MALDIVES","Within",0.0773036928642721,"Within",-2.4795584247399,"Annual","Within"
"FRENCH POLYNESIA_MARTINIQUE","FRENCH POLYNESIA","MARTINIQUE","Between",0.358231624847772,"Between",-0.58304767825365,"Annual","Between"
"FRENCH POLYNESIA_MEXICO","FRENCH POLYNESIA","MEXICO","Between",0.078792081353664,"Between",-2.45887326254308,"Annual","Between"
"FRENCH POLYNESIA_MYANMAR","FRENCH POLYNESIA","MYANMAR","Between",0.0405421185564987,"Between",-3.16402702004306,"Annual","Between"
"FRENCH POLYNESIA_NEW CALEDONIA","FRENCH POLYNESIA","NEW CALEDONIA","Within",0.24327267196099,"Within",-1.13482006672392,"Annual","Within"
"FRENCH POLYNESIA_NICARAGUA","FRENCH POLYNESIA","NICARAGUA","Between",0.0983377386560752,"Between",-2.21583215028467,"Annual","Between"
"FRENCH POLYNESIA_PALAU","FRENCH POLYNESIA","PALAU","Between",0.226925597033015,"Between",-1.22575309879679,"Annual","Between"
"FRENCH POLYNESIA_PANAMA","FRENCH POLYNESIA","PANAMA","Between",0.139367156149899,"Between",-1.82055612168812,"Annual","Between"
"FRENCH POLYNESIA_PARAGUAY","FRENCH POLYNESIA","PARAGUAY","Within",0.189029011898453,"Within",-1.45633177509354,"Annual","Within"
"FRENCH POLYNESIA_PERU","FRENCH POLYNESIA","PERU","Within",0.2712067822546,"Within",-0.988508475778135,"Annual","Within"
"FRENCH POLYNESIA_PHILIPPINES","FRENCH POLYNESIA","PHILIPPINES","Between",0.0959725134557321,"Between",-2.24279793309776,"Annual","Between"
"FRENCH POLYNESIA_PUERTO RICO","FRENCH POLYNESIA","PUERTO RICO","Between",0.169961213373699,"Between",-1.58590217618057,"Annual","Between"
"FRENCH POLYNESIA_SINGAPORE","FRENCH POLYNESIA","SINGAPORE","Between",0.201741349985775,"Between",-1.37544623644291,"Annual","Between"
"FRENCH POLYNESIA_SRI LANKA","FRENCH POLYNESIA","SRI LANKA","Between",0.191178547123284,"Between",-1.44237039859856,"Annual","Between"
"FRENCH POLYNESIA_SURINAME","FRENCH POLYNESIA","SURINAME","Between",0.181838455479513,"Between",-1.50394111862878,"Annual","Between"
"FRENCH POLYNESIA_TAIWAN","FRENCH POLYNESIA","TAIWAN","Between",0.109181700399026,"Between",-2.09912700755169,"Annual","Between"
"FRENCH POLYNESIA_THAILAND","FRENCH POLYNESIA","THAILAND","Between",0.0600520636928048,"Between",-2.75061257264587,"Annual","Between"
"FRENCH POLYNESIA_TRINIDAD AND TOBAGO","FRENCH POLYNESIA","TRINIDAD AND TOBAGO","Between",0.193063769411473,"Between",-1.43022409902183,"Annual","Between"
"FRENCH POLYNESIA_VANUATU","FRENCH POLYNESIA","VANUATU","Within",0.272323518306915,"Within",-0.982865791092264,"Annual","Within"
"FRENCH POLYNESIA_VENEZUELA","FRENCH POLYNESIA","VENEZUELA","Between",0.257826108884669,"Between",-1.05729820920074,"Annual","Between"
"FRENCH POLYNESIA_VIET NAM","FRENCH POLYNESIA","VIET NAM","Between",0.11591352126507,"Between",-2.03171047773343,"Annual","Between"
"GUADELOUPE_GUATEMALA","GUADELOUPE","GUATEMALA","Within",0.267232715321355,"Within",-1.00870829634538,"Annual","Within"
"GUADELOUPE_GUYANA","GUADELOUPE","GUYANA","Within",0.145673148475117,"Within",-1.76894844771055,"Annual","Within"
"GUADELOUPE_HONDURAS","GUADELOUPE","HONDURAS","Within",0.288128676569058,"Within",-0.904489995564862,"Annual","Within"
"GUADELOUPE_INDIA","GUADELOUPE","INDIA","Within",0.398009462689778,"Within",-0.413765945827235,"Annual","Within"
"GUADELOUPE_INDONESIA","GUADELOUPE","INDONESIA","Within",0.230593025607385,"Within",-1.20496569216302,"Annual","Within"
"GUADELOUPE_JAMAICA","GUADELOUPE","JAMAICA","Within",0.488738790492984,"Within",-0.0450524568188976,"Annual","Within"
"GUADELOUPE_LAO PEOPLE'S DEMOCRATIC REPUBLIC","GUADELOUPE","LAO PEOPLE'S DEMOCRATIC REPUBLIC","Within",0.253702064196736,"Within",-1.07896429528524,"Annual","Within"
"GUADELOUPE_MALAYSIA","GUADELOUPE","MALAYSIA","Within",0.24992814105295,"Within",-1.09899557311362,"Annual","Within"
"GUADELOUPE_MALDIVES","GUADELOUPE","MALDIVES","Between",0.140805241267852,"Between",-1.80861795561908,"Annual","Between"
"GUADELOUPE_MARTINIQUE","GUADELOUPE","MARTINIQUE","Within",0.5695277602148,"Within",0.279924688458593,"Annual","Within"
"GUADELOUPE_MEXICO","GUADELOUPE","MEXICO","Within",0.350829475859076,"Within",-0.615395149601166,"Annual","Within"
"GUADELOUPE_MYANMAR","GUADELOUPE","MYANMAR","Within",0.177653367612574,"Within",-1.53232772133723,"Annual","Within"
"GUADELOUPE_NEW CALEDONIA","GUADELOUPE","NEW CALEDONIA","Between",0.165038052807177,"Between",-1.62121008120328,"Annual","Between"
"GUADELOUPE_NICARAGUA","GUADELOUPE","NICARAGUA","Within",0.365819008315733,"Within",-0.550195691248399,"Annual","Within"
"GUADELOUPE_PALAU","GUADELOUPE","PALAU","Within",0.122221801948631,"Within",-1.97155649706926,"Annual","Within"
"GUADELOUPE_PANAMA","GUADELOUPE","PANAMA","Within",0.408645503907249,"Within",-0.369567620172865,"Annual","Within"
"GUADELOUPE_PARAGUAY","GUADELOUPE","PARAGUAY","Between",0.312581857386984,"Between",-0.788076378648174,"Annual","Between"
"GUADELOUPE_PERU","GUADELOUPE","PERU","Between",0.211737560736093,"Between",-1.3144834924033,"Annual","Between"
"GUADELOUPE_PHILIPPINES","GUADELOUPE","PHILIPPINES","Within",0.328931535613845,"Within",-0.713021534457281,"Annual","Within"
"GUADELOUPE_PUERTO RICO","GUADELOUPE","PUERTO RICO","Within",0.46196559602895,"Within",-0.152432085179692,"Annual","Within"
"GUADELOUPE_SINGAPORE","GUADELOUPE","SINGAPORE","Within",0.214814057610266,"Within",-1.29614775341335,"Annual","Within"
"GUADELOUPE_SRI LANKA","GUADELOUPE","SRI LANKA","Within",0.257213661901722,"Within",-1.06050132810645,"Annual","Within"
"GUADELOUPE_SURINAME","GUADELOUPE","SURINAME","Within",0.456072968020938,"Within",-0.176162291165247,"Annual","Within"
"GUADELOUPE_TAIWAN","GUADELOUPE","TAIWAN","Within",0.331494478201057,"Within",-0.701433504014541,"Annual","Within"
"GUADELOUPE_THAILAND","GUADELOUPE","THAILAND","Within",0.222537204828677,"Within",-1.25094149069781,"Annual","Within"
"GUADELOUPE_TRINIDAD AND TOBAGO","GUADELOUPE","TRINIDAD AND TOBAGO","Within",0.453563094194003,"Within",-0.186284462447117,"Annual","Within"
"GUADELOUPE_VANUATU","GUADELOUPE","VANUATU","Between",0.125347545393494,"Between",-1.94273637032928,"Annual","Between"
"GUADELOUPE_VENEZUELA","GUADELOUPE","VENEZUELA","Within",0.390712543927526,"Within",-0.444318061766287,"Annual","Within"
"GUADELOUPE_VIET NAM","GUADELOUPE","VIET NAM","Within",0.362081152314012,"Within",-0.566342712905366,"Annual","Within"
"GUATEMALA_GUYANA","GUATEMALA","GUYANA","Within",0.253884763871384,"Within",-1.07799958177008,"Annual","Within"
"GUATEMALA_HONDURAS","GUATEMALA","HONDURAS","Within",0.645777080787619,"Within",0.600527937814448,"Annual","Within"
"GUATEMALA_INDIA","GUATEMALA","INDIA","Within",0.582986957632861,"Within",0.335047317003584,"Annual","Within"
"GUATEMALA_INDONESIA","GUATEMALA","INDONESIA","Within",0.0458333489276421,"Within",-3.03582637417308,"Annual","Within"
"GUATEMALA_JAMAICA","GUATEMALA","JAMAICA","Within",0.292220449566576,"Within",-0.884624194068664,"Annual","Within"
"GUATEMALA_LAO PEOPLE'S DEMOCRATIC REPUBLIC","GUATEMALA","LAO PEOPLE'S DEMOCRATIC REPUBLIC","Within",0.695785718255945,"Within",0.827309409604624,"Annual","Within"
"GUATEMALA_MALAYSIA","GUATEMALA","MALAYSIA","Within",0.269443737481433,"Within",-0.99744664516363,"Annual","Within"
"GUATEMALA_MALDIVES","GUATEMALA","MALDIVES","Between",0.28847360701754,"Between",-0.902808913398694,"Annual","Between"
"GUATEMALA_MARTINIQUE","GUATEMALA","MARTINIQUE","Within",0.124422743237712,"Within",-1.95119840380157,"Annual","Within"
"GUATEMALA_MEXICO","GUATEMALA","MEXICO","Within",0.687870685182298,"Within",0.790183290173396,"Annual","Within"
"GUATEMALA_MYANMAR","GUATEMALA","MYANMAR","Within",0.620321214019568,"Within",0.490911835805283,"Annual","Within"
"GUATEMALA_NEW CALEDONIA","GUATEMALA","NEW CALEDONIA","Between",0.0573330805200854,"Between",-2.79983522793553,"Annual","Between"
"GUATEMALA_NICARAGUA","GUATEMALA","NICARAGUA","Within",0.596264039416723,"Within",0.389922486733786,"Annual","Within"
"GUATEMALA_PALAU","GUATEMALA","PALAU","Within",0.134131919290085,"Within",-1.8649087772251,"Annual","Within"
"GUATEMALA_PANAMA","GUATEMALA","PANAMA","Within",0.42727184506757,"Within",-0.292990729776107,"Annual","Within"
"GUATEMALA_PARAGUAY","GUATEMALA","PARAGUAY","Between",0.0839833524444645,"Between",-2.38941594467916,"Annual","Between"
"GUATEMALA_PERU","GUATEMALA","PERU","Between",0.073028346436845,"Between",-2.54107531328715,"Annual","Between"
"GUATEMALA_PHILIPPINES","GUATEMALA","PHILIPPINES","Within",0.687558672742742,"Within",0.78873046929863,"Annual","Within"
"GUATEMALA_PUERTO RICO","GUATEMALA","PUERTO RICO","Within",0.4404194259183,"Within",-0.239460014662996,"Annual","Within"
"GUATEMALA_SINGAPORE","GUATEMALA","SINGAPORE","Within",0.486627798402314,"Within",-0.0535015647230612,"Annual","Within"
"GUATEMALA_SRI LANKA","GUATEMALA","SRI LANKA","Within",0.198182055471975,"Within",-1.39769549994262,"Annual","Within"
"GUATEMALA_SURINAME","GUATEMALA","SURINAME","Within",0.160321977355218,"Within",-1.65583436035848,"Annual","Within"
"GUATEMALA_TAIWAN","GUATEMALA","TAIWAN","Within",0.597844022974831,"Within",0.396489872866838,"Annual","Within"
"GUATEMALA_THAILAND","GUATEMALA","THAILAND","Within",0.578750462853213,"Within",0.317646022241863,"Annual","Within"
"GUATEMALA_TRINIDAD AND TOBAGO","GUATEMALA","TRINIDAD AND TOBAGO","Within",0.467079632486849,"Within",-0.131872246337458,"Annual","Within"
"GUATEMALA_VANUATU","GUATEMALA","VANUATU","Between",0.0883037505916407,"Between",-2.33452429247395,"Annual","Between"
"GUATEMALA_VENEZUELA","GUATEMALA","VENEZUELA","Within",0.272415703846821,"Within",-0.982400640768775,"Annual","Within"
"GUATEMALA_VIET NAM","GUATEMALA","VIET NAM","Within",0.719318156217839,"Within",0.941081958718768,"Annual","Within"
"GUYANA_HONDURAS","GUYANA","HONDURAS","Within",0.236004358073917,"Within",-1.17471181359501,"Annual","Within"
"GUYANA_INDIA","GUYANA","INDIA","Within",0.125869826819601,"Within",-1.9379810516955,"Annual","Within"
"GUYANA_INDONESIA","GUYANA","INDONESIA","Within",0.207503266650252,"Within",-1.34004130134717,"Annual","Within"
"GUYANA_JAMAICA","GUYANA","JAMAICA","Within",0.187515366229075,"Within",-1.4662362064689,"Annual","Within"
"GUYANA_LAO PEOPLE'S DEMOCRATIC REPUBLIC","GUYANA","LAO PEOPLE'S DEMOCRATIC REPUBLIC","Within",0.260877227640114,"Within",-1.04141413577814,"Annual","Within"
"GUYANA_MALAYSIA","GUYANA","MALAYSIA","Within",0.153592221965949,"Within",-1.70670006942166,"Annual","Within"
"GUYANA_MALDIVES","GUYANA","MALDIVES","Between",0.419114899702426,"Between",-0.326407869364941,"Annual","Between"
"GUYANA_MARTINIQUE","GUYANA","MARTINIQUE","Within",0.131288840547759,"Within",-1.88961090165876,"Annual","Within"
"GUYANA_MEXICO","GUYANA","MEXICO","Within",0.195829218194887,"Within",-1.41256871814605,"Annual","Within"
"GUYANA_MYANMAR","GUYANA","MYANMAR","Within",0.252243746505987,"Within",-1.08668119248826,"Annual","Within"
"GUYANA_NEW CALEDONIA","GUYANA","NEW CALEDONIA","Between",0.156405056762139,"Between",-1.68522329449416,"Annual","Between"
"GUYANA_NICARAGUA","GUYANA","NICARAGUA","Within",0.200248010775998,"Within",-1.38474501393757,"Annual","Within"
"GUYANA_PALAU","GUYANA","PALAU","Within",0.0919545197014793,"Within",-2.29000036203502,"Annual","Within"
"GUYANA_PANAMA","GUYANA","PANAMA","Within",0.160735687912936,"Within",-1.65276436318688,"Annual","Within"
"GUYANA_PARAGUAY","GUYANA","PARAGUAY","Between",0.224648826910723,"Between",-1.23877763963978,"Annual","Between"
"GUYANA_PERU","GUYANA","PERU","Between",0.157111021581644,"Between",-1.67988255185797,"Annual","Between"
"GUYANA_PHILIPPINES","GUYANA","PHILIPPINES","Within",0.247641991893467,"Within",-1.11122816314879,"Annual","Within"
"GUYANA_PUERTO RICO","GUYANA","PUERTO RICO","Within",0.0908174213116297,"Within",-2.30369479878225,"Annual","Within"
"GUYANA_SINGAPORE","GUYANA","SINGAPORE","Within",0.192064121800781,"Within",-1.43665341272232,"Annual","Within"
"GUYANA_SRI LANKA","GUYANA","SRI LANKA","Within",0.195660334927971,"Within",-1.41364147814571,"Annual","Within"
"GUYANA_SURINAME","GUYANA","SURINAME","Within",0.214968370461666,"Within",-1.29523310620268,"Annual","Within"
"GUYANA_TAIWAN","GUYANA","TAIWAN","Within",0.152686818758506,"Within",-1.71368149250561,"Annual","Within"
"GUYANA_THAILAND","GUYANA","THAILAND","Within",0.241895916383905,"Within",-1.14231315364242,"Annual","Within"
"GUYANA_TRINIDAD AND TOBAGO","GUYANA","TRINIDAD AND TOBAGO","Within",0.126304817862276,"Within",-1.93403337816097,"Annual","Within"
"GUYANA_VANUATU","GUYANA","VANUATU","Between",0.153037880424477,"Between",-1.71097049537845,"Annual","Between"
"GUYANA_VENEZUELA","GUYANA","VENEZUELA","Within",0.117582268368755,"Within",-2.01552731759547,"Annual","Within"
"GUYANA_VIET NAM","GUYANA","VIET NAM","Within",0.182360271206572,"Within",-1.50043756768896,"Annual","Within"
"HONDURAS_INDIA","HONDURAS","INDIA","Within",0.408935349739001,"Within",-0.368368328277106,"Annual","Within"
"HONDURAS_INDONESIA","HONDURAS","INDONESIA","Within",0.0881309465480533,"Within",-2.33667266060887,"Annual","Within"
"HONDURAS_JAMAICA","HONDURAS","JAMAICA","Within",0.371842957877509,"Within",-0.524318593383812,"Annual","Within"
"HONDURAS_LAO PEOPLE'S DEMOCRATIC REPUBLIC","HONDURAS","LAO PEOPLE'S DEMOCRATIC REPUBLIC","Within",0.55892778445303,"Within",0.236811661669373,"Annual","Within"
"HONDURAS_MALAYSIA","HONDURAS","MALAYSIA","Within",0.303774917127515,"Within",-0.829385979999417,"Annual","Within"
"HONDURAS_MALDIVES","HONDURAS","MALDIVES","Between",0.27970851547159,"Between",-0.945907924944771,"Annual","Between"
"HONDURAS_MARTINIQUE","HONDURAS","MARTINIQUE","Within",0.129170686829616,"Within",-1.9083113076561,"Annual","Within"
"HONDURAS_MEXICO","HONDURAS","MEXICO","Within",0.521571276852968,"Within",0.0863387008559135,"Annual","Within"
"HONDURAS_MYANMAR","HONDURAS","MYANMAR","Within",0.510844051583858,"Within",0.0433830092660979,"Annual","Within"
"HONDURAS_NEW CALEDONIA","HONDURAS","NEW CALEDONIA","Between",0.0839999968411536,"Between",-2.38919960688465,"Annual","Between"
"HONDURAS_NICARAGUA","HONDURAS","NICARAGUA","Within",0.495494407242064,"Within",-0.018022858869817,"Annual","Within"
"HONDURAS_PALAU","HONDURAS","PALAU","Within",0.169530914584712,"Within",-1.58895540717656,"Annual","Within"
"HONDURAS_PANAMA","HONDURAS","PANAMA","Within",0.369668446266051,"Within",-0.533639443983496,"Annual","Within"
"HONDURAS_PARAGUAY","HONDURAS","PARAGUAY","Between",0.0950577690064412,"Between",-2.25338630691576,"Annual","Between"
"HONDURAS_PERU","HONDURAS","PERU","Between",0.0717485490270531,"Between",-2.56013502436752,"Annual","Between"
"HONDURAS_PHILIPPINES","HONDURAS","PHILIPPINES","Within",0.538271501592234,"Within",0.153386030114126,"Annual","Within"
"HONDURAS_PUERTO RICO","HONDURAS","PUERTO RICO","Within",0.36682195248135,"Within",-0.545875071062462,"Annual","Within"
"HONDURAS_SINGAPORE","HONDURAS","SINGAPORE","Within",0.49542826378808,"Within",-0.0182874544882632,"Annual","Within"
"HONDURAS_SRI LANKA","HONDURAS","SRI LANKA","Within",0.214979623167938,"Within",-1.2951664275203,"Annual","Within"
"HONDURAS_SURINAME","HONDURAS","SURINAME","Within",0.129008676247608,"Within",-1.90975235572083,"Annual","Within"
"HONDURAS_TAIWAN","HONDURAS","TAIWAN","Within",0.392329848041149,"Within",-0.437529286471835,"Annual","Within"
"HONDURAS_THAILAND","HONDURAS","THAILAND","Within",0.496677420344355,"Within",-0.0132905142530216,"Annual","Within"
"HONDURAS_TRINIDAD AND TOBAGO","HONDURAS","TRINIDAD AND TOBAGO","Within",0.442739081213217,"Within",-0.230052951060947,"Annual","Within"
"HONDURAS_VANUATU","HONDURAS","VANUATU","Between",0.118680299661919,"Between",-2.00498712320442,"Annual","Between"
"HONDURAS_VENEZUELA","HONDURAS","VENEZUELA","Within",0.194868035315586,"Within",-1.4186836077691,"Annual","Within"
"HONDURAS_VIET NAM","HONDURAS","VIET NAM","Within",0.509199646073341,"Within",0.0368027376604126,"Annual","Within"
"INDIA_INDONESIA","INDIA","INDONESIA","Within",0.129399078834378,"Within",-1.90628242390267,"Annual","Within"
"INDIA_JAMAICA","INDIA","JAMAICA","Within",0.339846904962989,"Within",-0.663976533615375,"Annual","Within"
"INDIA_LAO PEOPLE'S DEMOCRATIC REPUBLIC","INDIA","LAO PEOPLE'S DEMOCRATIC REPUBLIC","Within",0.575997299905613,"Within",0.306363149662218,"Annual","Within"
"INDIA_MALAYSIA","INDIA","MALAYSIA","Within",0.270992436935306,"Within",-0.989593194026716,"Annual","Within"
"INDIA_MALDIVES","INDIA","MALDIVES","Between",0.207518036160025,"Between",-1.33995148978446,"Annual","Between"
"INDIA_MARTINIQUE","INDIA","MARTINIQUE","Within",0.292332883098154,"Within",-0.884080645700139,"Annual","Within"
"INDIA_MEXICO","INDIA","MEXICO","Within",0.731880380523156,"Within",1.00418386376014,"Annual","Within"
"INDIA_MYANMAR","INDIA","MYANMAR","Within",0.538164090611879,"Within",0.152953861287957,"Annual","Within"
"INDIA_NEW CALEDONIA","INDIA","NEW CALEDONIA","Between",0.06960653236373,"Between",-2.59274916141567,"Annual","Between"
"INDIA_NICARAGUA","INDIA","NICARAGUA","Within",0.61553936870323,"Within",0.470657511370511,"Annual","Within"
"INDIA_PALAU","INDIA","PALAU","Within",0.0917743465966178,"Within",-2.29216005495539,"Annual","Within"
"INDIA_PANAMA","INDIA","PANAMA","Within",0.531542224525829,"Within",0.126336668140834,"Annual","Within"
"INDIA_PARAGUAY","INDIA","PARAGUAY","Between",0.141890497793473,"Between",-1.79967609847532,"Annual","Between"
"INDIA_PERU","INDIA","PERU","Between",0.112015803039691,"Between",-2.07031398670765,"Annual","Between"
"INDIA_PHILIPPINES","INDIA","PHILIPPINES","Within",0.648331152991579,"Within",0.611711647137004,"Annual","Within"
"INDIA_PUERTO RICO","INDIA","PUERTO RICO","Within",0.511610393195488,"Within",0.0464499226583509,"Annual","Within"
"INDIA_SINGAPORE","INDIA","SINGAPORE","Within",0.360312920733984,"Within",-0.574006239982805,"Annual","Within"
"INDIA_SRI LANKA","INDIA","SRI LANKA","Within",0.221045086184791,"Within",-1.25958647659702,"Annual","Within"
"INDIA_SURINAME","INDIA","SURINAME","Within",0.269594458005049,"Within",-0.996681094402505,"Annual","Within"
"INDIA_TAIWAN","INDIA","TAIWAN","Within",0.601854990480497,"Within",0.413200252239055,"Annual","Within"
"INDIA_THAILAND","INDIA","THAILAND","Within",0.503008099010553,"Within",0.0120325412147727,"Annual","Within"
"INDIA_TRINIDAD AND TOBAGO","INDIA","TRINIDAD AND TOBAGO","Within",0.614968368211367,"Within",0.468245341278349,"Annual","Within"
"INDIA_VANUATU","INDIA","VANUATU","Between",0.048575990424109,"Between",-2.97483043508657,"Annual","Between"
"INDIA_VENEZUELA","INDIA","VENEZUELA","Within",0.321130691550553,"Within",-0.748580453464049,"Annual","Within"
"INDIA_VIET NAM","INDIA","VIET NAM","Within",0.67589373574322,"Within",0.734964429919209,"Annual","Within"
"INDONESIA_JAMAICA","INDONESIA","JAMAICA","Within",0.244170966904351,"Within",-1.12994653994266,"Annual","Within"
"INDONESIA_LAO PEOPLE'S DEMOCRATIC REPUBLIC","INDONESIA","LAO PEOPLE'S DEMOCRATIC REPUBLIC","Within",0.0823882598090564,"Within",-2.41033141146823,"Annual","Within"
"INDONESIA_MALAYSIA","INDONESIA","MALAYSIA","Within",0.154447434675458,"Within",-1.70013652729429,"Annual","Within"
"INDONESIA_MALDIVES","INDONESIA","MALDIVES","Between",0.117865765883077,"Between",-2.0127978376315,"Annual","Between"
"INDONESIA_MARTINIQUE","INDONESIA","MARTINIQUE","Within",0.367040406540268,"Within",-0.544934645150969,"Annual","Within"
"INDONESIA_MEXICO","INDONESIA","MEXICO","Within",0.0576118811886407,"Within",-2.7946883883774,"Annual","Within"
"INDONESIA_MYANMAR","INDONESIA","MYANMAR","Within",0.12976351814598,"Within",-1.90305129022058,"Annual","Within"
"INDONESIA_NEW CALEDONIA","INDONESIA","NEW CALEDONIA","Between",0.521813683750167,"Between",0.087310156991861,"Annual","Between"
"INDONESIA_NICARAGUA","INDONESIA","NICARAGUA","Within",0.0902630956608705,"Within",-2.31042675063597,"Annual","Within"
"INDONESIA_PALAU","INDONESIA","PALAU","Within",0.211580884911097,"Within",-1.31542246045966,"Annual","Within"
"INDONESIA_PANAMA","INDONESIA","PANAMA","Within",0.157074448716294,"Within",-1.68015875148672,"Annual","Within"
"INDONESIA_PARAGUAY","INDONESIA","PARAGUAY","Between",0.386552284703307,"Between",-0.461827900631146,"Annual","Between"
"INDONESIA_PERU","INDONESIA","PERU","Between",0.581107337105296,"Between",0.327320772608382,"Annual","Between"
"INDONESIA_PHILIPPINES","INDONESIA","PHILIPPINES","Within",0.054312837069733,"Within",-2.85715121066007,"Annual","Within"
"INDONESIA_PUERTO RICO","INDONESIA","PUERTO RICO","Within",0.290621608047831,"Within",-0.892366977224676,"Annual","Within"
"INDONESIA_SINGAPORE","INDONESIA","SINGAPORE","Within",0.131822635721109,"Within",-1.88493868023873,"Annual","Within"
"INDONESIA_SRI LANKA","INDONESIA","SRI LANKA","Within",0.165592377042332,"Within",-1.61719283096157,"Annual","Within"
"INDONESIA_SURINAME","INDONESIA","SURINAME","Within",0.360858627521678,"Within",-0.571639401973777,"Annual","Within"
"INDONESIA_TAIWAN","INDONESIA","TAIWAN","Within",0.0837919517267259,"Within",-2.39190650439202,"Annual","Within"
"INDONESIA_THAILAND","INDONESIA","THAILAND","Within",0.10579115164173,"Within",-2.1344724759788,"Annual","Within"
"INDONESIA_TRINIDAD AND TOBAGO","INDONESIA","TRINIDAD AND TOBAGO","Within",0.190019102616201,"Within",-1.44988605671966,"Annual","Within"
"INDONESIA_VANUATU","INDONESIA","VANUATU","Between",0.305165296227392,"Between",-0.822820396332018,"Annual","Between"
"INDONESIA_VENEZUELA","INDONESIA","VENEZUELA","Within",0.347842089653464,"Within",-0.628538114957294,"Annual","Within"
"INDONESIA_VIET NAM","INDONESIA","VIET NAM","Within",0.0666581818791556,"Within",-2.63919370033011,"Annual","Within"
"JAMAICA_LAO PEOPLE'S DEMOCRATIC REPUBLIC","JAMAICA","LAO PEOPLE'S DEMOCRATIC REPUBLIC","Within",0.231800940153028,"Within",-1.19816990529456,"Annual","Within"
"JAMAICA_MALAYSIA","JAMAICA","MALAYSIA","Within",0.308188718259046,"Within",-0.808600887220598,"Annual","Within"
"JAMAICA_MALDIVES","JAMAICA","MALDIVES","Between",0.163392768378267,"Between",-1.63319777875652,"Annual","Between"
"JAMAICA_MARTINIQUE","JAMAICA","MARTINIQUE","Within",0.427471173600215,"Within",-0.29217623002244,"Annual","Within"
"JAMAICA_MEXICO","JAMAICA","MEXICO","Within",0.329289047288167,"Within",-0.711402345001419,"Annual","Within"
"JAMAICA_MYANMAR","JAMAICA","MYANMAR","Within",0.187571754675937,"Within",-1.46586613304902,"Annual","Within"
"JAMAICA_NEW CALEDONIA","JAMAICA","NEW CALEDONIA","Between",0.164491864008316,"Between",-1.62517897579331,"Annual","Between"
"JAMAICA_NICARAGUA","JAMAICA","NICARAGUA","Within",0.375771207412313,"Within",-0.507536488696488,"Annual","Within"
"JAMAICA_PALAU","JAMAICA","PALAU","Within",0.200027433413941,"Within",-1.38612291110133,"Annual","Within"
"JAMAICA_PANAMA","JAMAICA","PANAMA","Within",0.355799199014292,"Within",-0.593643956272194,"Annual","Within"
"JAMAICA_PARAGUAY","JAMAICA","PARAGUAY","Between",0.280855120619348,"Between",-0.940223887257651,"Annual","Between"
"JAMAICA_PERU","JAMAICA","PERU","Between",0.197792987319729,"Between",-1.4001457299366,"Annual","Between"
"JAMAICA_PHILIPPINES","JAMAICA","PHILIPPINES","Within",0.338206431017877,"Within",-0.671297226263925,"Annual","Within"
"JAMAICA_PUERTO RICO","JAMAICA","PUERTO RICO","Within",0.55595131017716,"Within",0.224746500609183,"Annual","Within"
"JAMAICA_SINGAPORE","JAMAICA","SINGAPORE","Within",0.283321179724167,"Within",-0.928046626029167,"Annual","Within"
"JAMAICA_SRI LANKA","JAMAICA","SRI LANKA","Within",0.177383496981639,"Within",-1.53417607922876,"Annual","Within"
"JAMAICA_SURINAME","JAMAICA","SURINAME","Within",0.367186010732647,"Within",-0.544307962255019,"Annual","Within"
"JAMAICA_TAIWAN","JAMAICA","TAIWAN","Within",0.361891486082146,"Within",-0.567163948708719,"Annual","Within"
"JAMAICA_THAILAND","JAMAICA","THAILAND","Within",0.224361230451351,"Within",-1.24042951974655,"Annual","Within"
"JAMAICA_TRINIDAD AND TOBAGO","JAMAICA","TRINIDAD AND TOBAGO","Within",0.464691705987198,"Within",-0.141468643588589,"Annual","Within"
"JAMAICA_VANUATU","JAMAICA","VANUATU","Between",0.179302167012206,"Between",-1.52108252769271,"Annual","Between"
"JAMAICA_VENEZUELA","JAMAICA","VENEZUELA","Within",0.386651329169177,"Within",-0.461410239707837,"Annual","Within"
"JAMAICA_VIET NAM","JAMAICA","VIET NAM","Within",0.335461478316406,"Within",-0.68358571631345,"Annual","Within"
"LAO PEOPLE'S DEMOCRATIC REPUBLIC_MALAYSIA","LAO PEOPLE'S DEMOCRATIC REPUBLIC","MALAYSIA","Within",0.269714218687119,"Within",-0.996072989645807,"Annual","Within"
"LAO PEOPLE'S DEMOCRATIC REPUBLIC_MALDIVES","LAO PEOPLE'S DEMOCRATIC REPUBLIC","MALDIVES","Between",0.313325232627476,"Between",-0.78461903724521,"Annual","Between"
"LAO PEOPLE'S DEMOCRATIC REPUBLIC_MARTINIQUE","LAO PEOPLE'S DEMOCRATIC REPUBLIC","MARTINIQUE","Within",0.109174934757227,"Within",-2.09919657111564,"Annual","Within"
"LAO PEOPLE'S DEMOCRATIC REPUBLIC_MEXICO","LAO PEOPLE'S DEMOCRATIC REPUBLIC","MEXICO","Within",0.651092238260243,"Within",0.62384372494603,"Annual","Within"
"LAO PEOPLE'S DEMOCRATIC REPUBLIC_MYANMAR","LAO PEOPLE'S DEMOCRATIC REPUBLIC","MYANMAR","Within",0.799299412483863,"Within",1.38192142646035,"Annual","Within"
"LAO PEOPLE'S DEMOCRATIC REPUBLIC_NEW CALEDONIA","LAO PEOPLE'S DEMOCRATIC REPUBLIC","NEW CALEDONIA","Between",0.114722050009726,"Between",-2.04338941711262,"Annual","Between"
"LAO PEOPLE'S DEMOCRATIC REPUBLIC_NICARAGUA","LAO PEOPLE'S DEMOCRATIC REPUBLIC","NICARAGUA","Within",0.523873081317735,"Within",0.09556498917997,"Annual","Within"
"LAO PEOPLE'S DEMOCRATIC REPUBLIC_PALAU","LAO PEOPLE'S DEMOCRATIC REPUBLIC","PALAU","Within",0.156921100989994,"Within",-1.68131740918695,"Annual","Within"
"LAO PEOPLE'S DEMOCRATIC REPUBLIC_PANAMA","LAO PEOPLE'S DEMOCRATIC REPUBLIC","PANAMA","Within",0.45224360041216,"Within",-0.191609688195606,"Annual","Within"
"LAO PEOPLE'S DEMOCRATIC REPUBLIC_PARAGUAY","LAO PEOPLE'S DEMOCRATIC REPUBLIC","PARAGUAY","Between",0.061847006923851,"Between",-2.71924933616369,"Annual","Between"
"LAO PEOPLE'S DEMOCRATIC REPUBLIC_PERU","LAO PEOPLE'S DEMOCRATIC REPUBLIC","PERU","Between",0.105664074993991,"Between",-2.13581650159791,"Annual","Between"
"LAO PEOPLE'S DEMOCRATIC REPUBLIC_PHILIPPINES","LAO PEOPLE'S DEMOCRATIC REPUBLIC","PHILIPPINES","Within",0.743800225621994,"Within",1.06581497601349,"Annual","Within"
"LAO PEOPLE'S DEMOCRATIC REPUBLIC_PUERTO RICO","LAO PEOPLE'S DEMOCRATIC REPUBLIC","PUERTO RICO","Within",0.357972101409088,"Within",-0.584176704155687,"Annual","Within"
"LAO PEOPLE'S DEMOCRATIC REPUBLIC_SINGAPORE","LAO PEOPLE'S DEMOCRATIC REPUBLIC","SINGAPORE","Within",0.489617481348433,"Within",-0.0415360452239802,"Annual","Within"
"LAO PEOPLE'S DEMOCRATIC REPUBLIC_SRI LANKA","LAO PEOPLE'S DEMOCRATIC REPUBLIC","SRI LANKA","Within",0.18871606538196,"Within",-1.45837451127125,"Annual","Within"
"LAO PEOPLE'S DEMOCRATIC REPUBLIC_SURINAME","LAO PEOPLE'S DEMOCRATIC REPUBLIC","SURINAME","Within",0.119284479749572,"Within",-1.99922344194915,"Annual","Within"
"LAO PEOPLE'S DEMOCRATIC REPUBLIC_TAIWAN","LAO PEOPLE'S DEMOCRATIC REPUBLIC","TAIWAN","Within",0.535380814546989,"Within",0.141760182531401,"Annual","Within"
"LAO PEOPLE'S DEMOCRATIC REPUBLIC_THAILAND","LAO PEOPLE'S DEMOCRATIC REPUBLIC","THAILAND","Within",0.732242696166718,"Within",1.00603102363889,"Annual","Within"
"LAO PEOPLE'S DEMOCRATIC REPUBLIC_TRINIDAD AND TOBAGO","LAO PEOPLE'S DEMOCRATIC REPUBLIC","TRINIDAD AND TOBAGO","Within",0.441494219693346,"Within",-0.235100040623267,"Annual","Within"
"LAO PEOPLE'S DEMOCRATIC REPUBLIC_VANUATU","LAO PEOPLE'S DEMOCRATIC REPUBLIC","VANUATU","Between",0.152163559929395,"Between",-1.71773174542926,"Annual","Between"
"LAO PEOPLE'S DEMOCRATIC REPUBLIC_VENEZUELA","LAO PEOPLE'S DEMOCRATIC REPUBLIC","VENEZUELA","Within",0.203537248252469,"Within",-1.36433133711562,"Annual","Within"
"LAO PEOPLE'S DEMOCRATIC REPUBLIC_VIET NAM","LAO PEOPLE'S DEMOCRATIC REPUBLIC","VIET NAM","Within",0.701660104208284,"Within",0.855215678300336,"Annual","Within"
"MALAYSIA_MALDIVES","MALAYSIA","MALDIVES","Between",0.151561987347817,"Between",-1.72240232811442,"Annual","Between"
"MALAYSIA_MARTINIQUE","MALAYSIA","MARTINIQUE","Within",0.239912369117233,"Within",-1.15316000243843,"Annual","Within"
"MALAYSIA_MEXICO","MALAYSIA","MEXICO","Within",0.261874474110322,"Within",-1.03624861691456,"Annual","Within"
"MALAYSIA_MYANMAR","MALAYSIA","MYANMAR","Within",0.221120313896535,"Within",-1.25914962719509,"Annual","Within"
"MALAYSIA_NEW CALEDONIA","MALAYSIA","NEW CALEDONIA","Between",0.167354668303388,"Between",-1.60449245650987,"Annual","Between"
"MALAYSIA_NICARAGUA","MALAYSIA","NICARAGUA","Within",0.290247001281966,"Within",-0.894184731354288,"Annual","Within"
"MALAYSIA_PALAU","MALAYSIA","PALAU","Within",0.236208169380604,"Within",-1.17358178915385,"Annual","Within"
"MALAYSIA_PANAMA","MALAYSIA","PANAMA","Within",0.243601135283127,"Within",-1.1330366396154,"Annual","Within"
"MALAYSIA_PARAGUAY","MALAYSIA","PARAGUAY","Between",0.202325947816406,"Between",-1.37182005810461,"Annual","Between"
"MALAYSIA_PERU","MALAYSIA","PERU","Between",0.127284393094787,"Between",-1.92518583884551,"Annual","Between"
"MALAYSIA_PHILIPPINES","MALAYSIA","PHILIPPINES","Within",0.257452432562881,"Within",-1.05925195738488,"Annual","Within"
"MALAYSIA_PUERTO RICO","MALAYSIA","PUERTO RICO","Within",0.311978107228807,"Within",-0.79088764210636,"Annual","Within"
"MALAYSIA_SINGAPORE","MALAYSIA","SINGAPORE","Within",0.299249716423312,"Within",-0.850873197907844,"Annual","Within"
"MALAYSIA_SRI LANKA","MALAYSIA","SRI LANKA","Within",0.276449975373301,"Within",-0.962139802517925,"Annual","Within"
"MALAYSIA_SURINAME","MALAYSIA","SURINAME","Within",0.204301875633237,"Within",-1.35962119060829,"Annual","Within"
"MALAYSIA_TAIWAN","MALAYSIA","TAIWAN","Within",0.301262953364973,"Within",-0.841291003784618,"Annual","Within"
"MALAYSIA_THAILAND","MALAYSIA","THAILAND","Within",0.240147380088352,"Within",-1.15187167473513,"Annual","Within"
"MALAYSIA_TRINIDAD AND TOBAGO","MALAYSIA","TRINIDAD AND TOBAGO","Within",0.24422563516248,"Within",-1.12965034015976,"Annual","Within"
"MALAYSIA_VANUATU","MALAYSIA","VANUATU","Between",0.18660576905962,"Between",-1.47221769626968,"Annual","Between"
"MALAYSIA_VENEZUELA","MALAYSIA","VENEZUELA","Within",0.266262548417754,"Within",-1.01366842311366,"Annual","Within"
"MALAYSIA_VIET NAM","MALAYSIA","VIET NAM","Within",0.354658099607248,"Within",-0.59862602878327,"Annual","Within"
"MALDIVES_MARTINIQUE","MALDIVES","MARTINIQUE","Between",0.0654160452053187,"Between",-2.65933389422376,"Annual","Between"
"MALDIVES_MEXICO","MALDIVES","MEXICO","Between",0.231943571855068,"Between",-1.19736908727589,"Annual","Between"
"MALDIVES_MYANMAR","MALDIVES","MYANMAR","Between",0.307819697414506,"Between",-0.810332260992463,"Annual","Between"
"MALDIVES_NEW CALEDONIA","MALDIVES","NEW CALEDONIA","Within",0.118618016691503,"Within",-2.00558272478393,"Annual","Within"
"MALDIVES_NICARAGUA","MALDIVES","NICARAGUA","Between",0.337044243942749,"Between",-0.676494045614964,"Annual","Between"
"MALDIVES_PALAU","MALDIVES","PALAU","Between",0.217302242895581,"Between",-1.28145740635499,"Annual","Between"
"MALDIVES_PANAMA","MALDIVES","PANAMA","Between",0.265487420469965,"Between",-1.01763966309285,"Annual","Between"
"MALDIVES_PARAGUAY","MALDIVES","PARAGUAY","Within",0.169265330682419,"Within",-1.59084296524487,"Annual","Within"
"MALDIVES_PERU","MALDIVES","PERU","Within",0.128205625210614,"Within",-1.91691816545209,"Annual","Within"
"MALDIVES_PHILIPPINES","MALDIVES","PHILIPPINES","Between",0.310572790419451,"Between",-0.797442818207584,"Annual","Between"
"MALDIVES_PUERTO RICO","MALDIVES","PUERTO RICO","Between",0.168991564030464,"Between",-1.59279114969414,"Annual","Between"
"MALDIVES_SINGAPORE","MALDIVES","SINGAPORE","Between",0.22459909565308,"Between",-1.23906317571503,"Annual","Between"
"MALDIVES_SRI LANKA","MALDIVES","SRI LANKA","Between",0.200687222697582,"Between",-1.38200474003315,"Annual","Between"
"MALDIVES_SURINAME","MALDIVES","SURINAME","Between",0.163604640107237,"Between",-1.63164863354588,"Annual","Between"
"MALDIVES_TAIWAN","MALDIVES","TAIWAN","Between",0.204229042382894,"Between",-1.36006928194865,"Annual","Between"
"MALDIVES_THAILAND","MALDIVES","THAILAND","Between",0.31112964646273,"Between",-0.794843392211109,"Annual","Between"
"MALDIVES_TRINIDAD AND TOBAGO","MALDIVES","TRINIDAD AND TOBAGO","Between",0.17531699196704,"Between",-1.54840336179392,"Annual","Between"
"MALDIVES_VANUATU","MALDIVES","VANUATU","Within",0.18093708593133,"Within",-1.5100115197551,"Annual","Within"
"MALDIVES_VENEZUELA","MALDIVES","VENEZUELA","Between",0.151160306980339,"Between",-1.72552944058617,"Annual","Between"
"MALDIVES_VIET NAM","MALDIVES","VIET NAM","Between",0.218977355949632,"Between",-1.27163581610147,"Annual","Between"
"MARTINIQUE_MEXICO","MARTINIQUE","MEXICO","Within",0.210590997177643,"Within",-1.32136671746124,"Annual","Within"
"MARTINIQUE_MYANMAR","MARTINIQUE","MYANMAR","Within",0.0781439392068938,"Within",-2.46783659456734,"Annual","Within"
"MARTINIQUE_NEW CALEDONIA","MARTINIQUE","NEW CALEDONIA","Between",0.225938175183823,"Between",-1.23139034670913,"Annual","Between"
"MARTINIQUE_NICARAGUA","MARTINIQUE","NICARAGUA","Within",0.178675077575073,"Within",-1.52534984810426,"Annual","Within"
"MARTINIQUE_PALAU","MARTINIQUE","PALAU","Within",0.157247473260601,"Within",-1.67885252516082,"Annual","Within"
"MARTINIQUE_PANAMA","MARTINIQUE","PANAMA","Within",0.260826005496715,"Within",-1.04167979970317,"Annual","Within"
"MARTINIQUE_PARAGUAY","MARTINIQUE","PARAGUAY","Between",0.312902467681091,"Between",-0.786584713458171,"Annual","Between"
"MARTINIQUE_PERU","MARTINIQUE","PERU","Between",0.375412153885416,"Between",-0.509067486534226,"Annual","Between"
"MARTINIQUE_PHILIPPINES","MARTINIQUE","PHILIPPINES","Within",0.175456471892574,"Within",-1.54743894520554,"Annual","Within"
"MARTINIQUE_PUERTO RICO","MARTINIQUE","PUERTO RICO","Within",0.351665520285177,"Within",-0.611726238196379,"Annual","Within"
"MARTINIQUE_SINGAPORE","MARTINIQUE","SINGAPORE","Within",0.182342854230067,"Within",-1.5005543821651,"Annual","Within"
"MARTINIQUE_SRI LANKA","MARTINIQUE","SRI LANKA","Within",0.194368871261254,"Within",-1.4218682291505,"Annual","Within"
"MARTINIQUE_SURINAME","MARTINIQUE","SURINAME","Within",0.491559336467417,"Within",-0.033765861896933,"Annual","Within"
"MARTINIQUE_TAIWAN","MARTINIQUE","TAIWAN","Within",0.20210627879057,"Within",-1.37318171547001,"Annual","Within"
"MARTINIQUE_THAILAND","MARTINIQUE","THAILAND","Within",0.080654350352073,"Within",-2.43348942235616,"Annual","Within"
"MARTINIQUE_TRINIDAD AND TOBAGO","MARTINIQUE","TRINIDAD AND TOBAGO","Within",0.310873002772201,"Within",-0.796041097547568,"Annual","Within"
"MARTINIQUE_VANUATU","MARTINIQUE","VANUATU","Between",0.183542732556284,"Between",-1.49252705943135,"Annual","Between"
"MARTINIQUE_VENEZUELA","MARTINIQUE","VENEZUELA","Within",0.369954456097598,"Within",-0.532412202247459,"Annual","Within"
"MARTINIQUE_VIET NAM","MARTINIQUE","VIET NAM","Within",0.209155299861904,"Within",-1.33002457734006,"Annual","Within"
"MEXICO_MYANMAR","MEXICO","MYANMAR","Within",0.586742761875711,"Within",0.350516247025411,"Annual","Within"
"MEXICO_NEW CALEDONIA","MEXICO","NEW CALEDONIA","Between",0.0407204952836874,"Between",-3.15945095143962,"Annual","Between"
"MEXICO_NICARAGUA","MEXICO","NICARAGUA","Within",0.599641329415159,"Within",0.4039708703679,"Annual","Within"
"MEXICO_PALAU","MEXICO","PALAU","Within",0.104805443759842,"Within",-2.1449353611137,"Annual","Within"
"MEXICO_PANAMA","MEXICO","PANAMA","Within",0.496503761122054,"Within",-0.0139851834487487,"Annual","Within"
"MEXICO_PARAGUAY","MEXICO","PARAGUAY","Between",0.0999297866799743,"Between",-2.19800496890447,"Annual","Between"
"MEXICO_PERU","MEXICO","PERU","Between",0.0782370570525245,"Between",-2.46654466806729,"Annual","Between"
"MEXICO_PHILIPPINES","MEXICO","PHILIPPINES","Within",0.714912367941802,"Within",0.919363358951432,"Annual","Within"
"MEXICO_PUERTO RICO","MEXICO","PUERTO RICO","Within",0.462427887013621,"Within",-0.150572289873113,"Annual","Within"
"MEXICO_SINGAPORE","MEXICO","SINGAPORE","Within",0.429568452858215,"Within",-0.28361206787974,"Annual","Within"
"MEXICO_SRI LANKA","MEXICO","SRI LANKA","Within",0.178555119216025,"Within",-1.52616749472671,"Annual","Within"
"MEXICO_SURINAME","MEXICO","SURINAME","Within",0.218276664041062,"Within",-1.27573752834614,"Annual","Within"
"MEXICO_TAIWAN","MEXICO","TAIWAN","Within",0.55150286550902,"Within",0.206744742142335,"Annual","Within"
"MEXICO_THAILAND","MEXICO","THAILAND","Within",0.543851837894451,"Within",0.175859179309963,"Annual","Within"
"MEXICO_TRINIDAD AND TOBAGO","MEXICO","TRINIDAD AND TOBAGO","Within",0.607032976935028,"Within",0.434857419746207,"Annual","Within"
"MEXICO_VANUATU","MEXICO","VANUATU","Between",0.0416466904907883,"Between",-3.1359946036007,"Annual","Between"
"MEXICO_VENEZUELA","MEXICO","VENEZUELA","Within",0.261984057893035,"Within",-1.03568177196482,"Annual","Within"
"MEXICO_VIET NAM","MEXICO","VIET NAM","Within",0.67579015051318,"Within",0.734491609878081,"Annual","Within"
"MYANMAR_NEW CALEDONIA","MYANMAR","NEW CALEDONIA","Between",0.150647794134965,"Between",-1.72952932503107,"Annual","Between"
"MYANMAR_NICARAGUA","MYANMAR","NICARAGUA","Within",0.488199545037809,"Within",-0.0472105866297807,"Annual","Within"
"MYANMAR_PALAU","MYANMAR","PALAU","Within",0.106419245242685,"Within",-2.12785027387743,"Annual","Within"
"MYANMAR_PANAMA","MYANMAR","PANAMA","Within",0.361172145540767,"Within",-0.570280317614779,"Annual","Within"
"MYANMAR_PARAGUAY","MYANMAR","PARAGUAY","Between",0.0632048630134283,"Between",-2.6960833765721,"Annual","Between"
"MYANMAR_PERU","MYANMAR","PERU","Between",0.146725954030134,"Between",-1.76051418042468,"Annual","Between"
"MYANMAR_PHILIPPINES","MYANMAR","PHILIPPINES","Within",0.61923097013599,"Within",0.486285366923046,"Annual","Within"
"MYANMAR_PUERTO RICO","MYANMAR","PUERTO RICO","Within",0.31443161408158,"Within",-0.779481645471708,"Annual","Within"
"MYANMAR_SINGAPORE","MYANMAR","SINGAPORE","Within",0.44900027924719,"Within",-0.204710792678636,"Annual","Within"
"MYANMAR_SRI LANKA","MYANMAR","SRI LANKA","Within",0.126425021604919,"Within",-1.9329445447762,"Annual","Within"
"MYANMAR_SURINAME","MYANMAR","SURINAME","Within",0.0828364094395366,"Within",-2.40441816163324,"Annual","Within"
"MYANMAR_TAIWAN","MYANMAR","TAIWAN","Within",0.494306215299855,"Within",-0.0227761233457451,"Annual","Within"
"MYANMAR_THAILAND","MYANMAR","THAILAND","Within",0.793875611490709,"Within",1.34844697410955,"Annual","Within"
"MYANMAR_TRINIDAD AND TOBAGO","MYANMAR","TRINIDAD AND TOBAGO","Within",0.375686394448309,"Within",-0.507898077069184,"Annual","Within"
"MYANMAR_VANUATU","MYANMAR","VANUATU","Between",0.155962794250904,"Between",-1.68857909585282,"Annual","Between"
"MYANMAR_VENEZUELA","MYANMAR","VENEZUELA","Within",0.117826179705547,"Within",-2.01317862664068,"Annual","Within"
"MYANMAR_VIET NAM","MYANMAR","VIET NAM","Within",0.611590808829952,"Within",0.454004045544295,"Annual","Within"
"NEW CALEDONIA_NICARAGUA","NEW CALEDONIA","NICARAGUA","Between",0.0672842940178837,"Between",-2.6291736081318,"Annual","Between"
"NEW CALEDONIA_PALAU","NEW CALEDONIA","PALAU","Between",0.272873335351824,"Between",-0.980092977138666,"Annual","Between"
"NEW CALEDONIA_PANAMA","NEW CALEDONIA","PANAMA","Between",0.0980872200577214,"Between",-2.21866073564877,"Annual","Between"
"NEW CALEDONIA_PARAGUAY","NEW CALEDONIA","PARAGUAY","Within",0.273197603077329,"Within",-0.978459280279793,"Annual","Within"
"NEW CALEDONIA_PERU","NEW CALEDONIA","PERU","Within",0.374882771911227,"Within",-0.511325828228793,"Annual","Within"
"NEW CALEDONIA_PHILIPPINES","NEW CALEDONIA","PHILIPPINES","Between",0.0558754772066726,"Between",-2.82713247367602,"Annual","Between"
"NEW CALEDONIA_PUERTO RICO","NEW CALEDONIA","PUERTO RICO","Between",0.185764144785957,"Between",-1.47777224216721,"Annual","Between"
"NEW CALEDONIA_SINGAPORE","NEW CALEDONIA","SINGAPORE","Between",0.0995932295015897,"Between",-2.20175244305,"Annual","Between"
"NEW CALEDONIA_SRI LANKA","NEW CALEDONIA","SRI LANKA","Between",0.13052405546295,"Between",-1.89633312472937,"Annual","Between"
"NEW CALEDONIA_SURINAME","NEW CALEDONIA","SURINAME","Between",0.277613696786928,"Between",-0.956329474382215,"Annual","Between"
"NEW CALEDONIA_TAIWAN","NEW CALEDONIA","TAIWAN","Between",0.071441765019154,"Between",-2.56475045566711,"Annual","Between"
"NEW CALEDONIA_THAILAND","NEW CALEDONIA","THAILAND","Between",0.156857791409267,"Between",-1.68179602956633,"Annual","Between"
"NEW CALEDONIA_TRINIDAD AND TOBAGO","NEW CALEDONIA","TRINIDAD AND TOBAGO","Between",0.0855046643153401,"Between",-2.36980143956789,"Annual","Between"
"NEW CALEDONIA_VANUATU","NEW CALEDONIA","VANUATU","Within",0.506240443931239,"Within",0.0249630719660266,"Annual","Within"
"NEW CALEDONIA_VENEZUELA","NEW CALEDONIA","VENEZUELA","Between",0.187132747395093,"Between",-1.46874957115953,"Annual","Between"
"NEW CALEDONIA_VIET NAM","NEW CALEDONIA","VIET NAM","Between",0.060412834794962,"Between",-2.74423901386967,"Annual","Between"
"NICARAGUA_PALAU","NICARAGUA","PALAU","Within",0.177164378356755,"Within",-1.53567845715161,"Annual","Within"
"NICARAGUA_PANAMA","NICARAGUA","PANAMA","Within",0.51426979062436,"Within",0.0570946672144544,"Annual","Within"
"NICARAGUA_PARAGUAY","NICARAGUA","PARAGUAY","Between",0.145189510685967,"Between",-1.77283993511722,"Annual","Between"
"NICARAGUA_PERU","NICARAGUA","PERU","Between",0.0910328331162358,"Between",-2.30108872856722,"Annual","Between"
"NICARAGUA_PHILIPPINES","NICARAGUA","PHILIPPINES","Within",0.635324227604387,"Within",0.555126799227853,"Annual","Within"
"NICARAGUA_PUERTO RICO","NICARAGUA","PUERTO RICO","Within",0.483788401151044,"Within",-0.064869133294577,"Annual","Within"
"NICARAGUA_SINGAPORE","NICARAGUA","SINGAPORE","Within",0.3842570588268,"Within",-0.471517820496477,"Annual","Within"
"NICARAGUA_SRI LANKA","NICARAGUA","SRI LANKA","Within",0.267766464827501,"Within",-1.00598429947682,"Annual","Within"
"NICARAGUA_SURINAME","NICARAGUA","SURINAME","Within",0.2637420090971,"Within",-1.02660920135614,"Annual","Within"
"NICARAGUA_TAIWAN","NICARAGUA","TAIWAN","Within",0.611168458513939,"Within",0.452226436168999,"Annual","Within"
"NICARAGUA_THAILAND","NICARAGUA","THAILAND","Within",0.468571778163546,"Within",-0.125878841973698,"Annual","Within"
"NICARAGUA_TRINIDAD AND TOBAGO","NICARAGUA","TRINIDAD AND TOBAGO","Within",0.507457873725208,"Within",0.0298337074951024,"Annual","Within"
"NICARAGUA_VANUATU","NICARAGUA","VANUATU","Between",0.122449434045325,"Between",-1.9694364172365,"Annual","Between"
"NICARAGUA_VENEZUELA","NICARAGUA","VENEZUELA","Within",0.325780456159463,"Within",-0.727332083438462,"Annual","Within"
"NICARAGUA_VIET NAM","NICARAGUA","VIET NAM","Within",0.603701002846841,"Within",0.420910077299801,"Annual","Within"
"PALAU_PANAMA","PALAU","PANAMA","Within",0.137385506108679,"Within",-1.83717699924841,"Annual","Within"
"PALAU_PARAGUAY","PALAU","PARAGUAY","Between",0.160841747176669,"Between",-1.6519783646529,"Annual","Between"
"PALAU_PERU","PALAU","PERU","Between",0.203721648002855,"Between",-1.3631942216239,"Annual","Between"
"PALAU_PHILIPPINES","PALAU","PHILIPPINES","Within",0.143998767824862,"Within",-1.78246707283004,"Annual","Within"
"PALAU_PUERTO RICO","PALAU","PUERTO RICO","Within",0.112174302576177,"Within",-2.06872150248173,"Annual","Within"
"PALAU_SINGAPORE","PALAU","SINGAPORE","Within",0.150463431306181,"Within",-1.73097091419026,"Annual","Within"
"PALAU_SRI LANKA","PALAU","SRI LANKA","Within",0.193858209685249,"Within",-1.42513263160867,"Annual","Within"
"PALAU_SURINAME","PALAU","SURINAME","Within",0.280169748375579,"Within",-0.94361975890524,"Annual","Within"
"PALAU_TAIWAN","PALAU","TAIWAN","Within",0.144253708200538,"Within",-1.78040033230475,"Annual","Within"
"PALAU_THAILAND","PALAU","THAILAND","Within",0.149520912445655,"Within",-1.73836355749243,"Annual","Within"
"PALAU_TRINIDAD AND TOBAGO","PALAU","TRINIDAD AND TOBAGO","Within",0.157044033758142,"Within",-1.68038848622795,"Annual","Within"
"PALAU_VANUATU","PALAU","VANUATU","Between",0.245224588758229,"Between",-1.1242457569913,"Annual","Between"
"PALAU_VENEZUELA","PALAU","VENEZUELA","Within",0.190011786221889,"Within",-1.44993359368608,"Annual","Within"
"PALAU_VIET NAM","PALAU","VIET NAM","Within",0.154020093381764,"Within",-1.70341253787461,"Annual","Within"
"PANAMA_PARAGUAY","PANAMA","PARAGUAY","Between",0.149621474677159,"Between",-1.73757297172066,"Annual","Between"
"PANAMA_PERU","PANAMA","PERU","Between",0.0811551786227316,"Between",-2.42675414478111,"Annual","Between"
"PANAMA_PHILIPPINES","PANAMA","PHILIPPINES","Within",0.520122636235911,"Within",0.0805340435849534,"Annual","Within"
"PANAMA_PUERTO RICO","PANAMA","PUERTO RICO","Within",0.491334937849395,"Within",-0.0346637191023787,"Annual","Within"
"PANAMA_SINGAPORE","PANAMA","SINGAPORE","Within",0.273012620265963,"Within",-0.979391095810452,"Annual","Within"
"PANAMA_SRI LANKA","PANAMA","SRI LANKA","Within",0.186819244456603,"Within",-1.47081187417285,"Annual","Within"
"PANAMA_SURINAME","PANAMA","SURINAME","Within",0.292490097925879,"Within",-0.883320812429913,"Annual","Within"
"PANAMA_TAIWAN","PANAMA","TAIWAN","Within",0.50696053405036,"Within",0.0278439349767508,"Annual","Within"
"PANAMA_THAILAND","PANAMA","THAILAND","Within",0.359173848997532,"Within",-0.578951674531634,"Annual","Within"
"PANAMA_TRINIDAD AND TOBAGO","PANAMA","TRINIDAD AND TOBAGO","Within",0.542987517957357,"Within",0.17237562895773,"Annual","Within"
"PANAMA_VANUATU","PANAMA","VANUATU","Between",0.159270955780424,"Between",-1.66366254895372,"Annual","Between"
"PANAMA_VENEZUELA","PANAMA","VENEZUELA","Within",0.323801236989326,"Within",-0.736357199484773,"Annual","Within"
"PANAMA_VIET NAM","PANAMA","VIET NAM","Within",0.481900341587302,"Within",-0.0724302820324124,"Annual","Within"
"PARAGUAY_PERU","PARAGUAY","PERU","Within",0.389684940024294,"Within",-0.448636749046207,"Annual","Within"
"PARAGUAY_PHILIPPINES","PARAGUAY","PHILIPPINES","Between",0.0944476079086084,"Between",-2.26049986840648,"Annual","Between"
"PARAGUAY_PUERTO RICO","PARAGUAY","PUERTO RICO","Between",0.266088842068419,"Between",-1.01455773729148,"Annual","Between"
"PARAGUAY_SINGAPORE","PARAGUAY","SINGAPORE","Between",0.0350404944678372,"Between",-3.31558175978574,"Annual","Between"
"PARAGUAY_SRI LANKA","PARAGUAY","SRI LANKA","Between",0.155997128225893,"Between",-1.68831829889441,"Annual","Between"
"PARAGUAY_SURINAME","PARAGUAY","SURINAME","Between",0.347600510769403,"Between",-0.629603225030898,"Annual","Between"
"PARAGUAY_TAIWAN","PARAGUAY","TAIWAN","Between",0.119453967263963,"Between",-1.99761112081388,"Annual","Between"
"PARAGUAY_THAILAND","PARAGUAY","THAILAND","Between",0.0721463018542764,"Between",-2.55417803994223,"Annual","Between"
"PARAGUAY_TRINIDAD AND TOBAGO","PARAGUAY","TRINIDAD AND TOBAGO","Between",0.170494153859689,"Between",-1.58212914947111,"Annual","Between"
"PARAGUAY_VANUATU","PARAGUAY","VANUATU","Within",0.231177909479308,"Within",-1.20167200601262,"Annual","Within"
"PARAGUAY_VENEZUELA","PARAGUAY","VENEZUELA","Between",0.302872352517625,"Between",-0.833657094491149,"Annual","Between"
"PARAGUAY_VIET NAM","PARAGUAY","VIET NAM","Between",0.113878822170111,"Between",-2.05171879118453,"Annual","Between"
"PERU_PHILIPPINES","PERU","PHILIPPINES","Between",0.0443732090876612,"Between",-3.06973156236273,"Annual","Between"
"PERU_PUERTO RICO","PERU","PUERTO RICO","Between",0.214792203679583,"Between",-1.29627732518456,"Annual","Between"
"PERU_SINGAPORE","PERU","SINGAPORE","Between",0.104403534885104,"Between",-2.14922640384246,"Annual","Between"
"PERU_SRI LANKA","PERU","SRI LANKA","Between",0.179657209098157,"Between",-1.51867164926257,"Annual","Between"
"PERU_SURINAME","PERU","SURINAME","Between",0.297394878514661,"Between",-0.859734216125645,"Annual","Between"
"PERU_TAIWAN","PERU","TAIWAN","Between",0.0999738161510627,"Between",-2.19751554285356,"Annual","Between"
"PERU_THAILAND","PERU","THAILAND","Between",0.147702987539047,"Between",-1.75273165584689,"Annual","Between"
"PERU_TRINIDAD AND TOBAGO","PERU","TRINIDAD AND TOBAGO","Between",0.153967515150585,"Between",-1.70381611745427,"Annual","Between"
"PERU_VANUATU","PERU","VANUATU","Within",0.297158788045952,"Within",-0.860864358436049,"Annual","Within"
"PERU_VENEZUELA","PERU","VENEZUELA","Between",0.262440838074641,"Between",-1.03332062668957,"Annual","Between"
"PERU_VIET NAM","PERU","VIET NAM","Between",0.050720070170987,"Between",-2.92938203496472,"Annual","Between"
"PHILIPPINES_PUERTO RICO","PHILIPPINES","PUERTO RICO","Within",0.409658416973904,"Within",-0.365377640530622,"Annual","Within"
"PHILIPPINES_SINGAPORE","PHILIPPINES","SINGAPORE","Within",0.513215325968086,"Within",0.0528736183062936,"Annual","Within"
"PHILIPPINES_SRI LANKA","PHILIPPINES","SRI LANKA","Within",0.237687351223693,"Within",-1.16540061201201,"Annual","Within"
"PHILIPPINES_SURINAME","PHILIPPINES","SURINAME","Within",0.211907333238643,"Within",-1.31346660860889,"Annual","Within"
"PHILIPPINES_TAIWAN","PHILIPPINES","TAIWAN","Within",0.573860452191201,"Within",0.297619382469241,"Annual","Within"
"PHILIPPINES_THAILAND","PHILIPPINES","THAILAND","Within",0.582591567497096,"Within",0.333421173615853,"Annual","Within"
"PHILIPPINES_TRINIDAD AND TOBAGO","PHILIPPINES","TRINIDAD AND TOBAGO","Within",0.500404264997758,"Within",0.00161706034340167,"Annual","Within"
"PHILIPPINES_VANUATU","PHILIPPINES","VANUATU","Between",0.0845277438174179,"Between",-2.3823602494282,"Annual","Between"
"PHILIPPINES_VENEZUELA","PHILIPPINES","VENEZUELA","Within",0.245863338283877,"Within",-1.12079775441074,"Annual","Within"
"PHILIPPINES_VIET NAM","PHILIPPINES","VIET NAM","Within",0.727420699897383,"Within",0.981575408207727,"Annual","Within"
"PUERTO RICO_SINGAPORE","PUERTO RICO","SINGAPORE","Within",0.324138538681344,"Within",-0.734817103237321,"Annual","Within"
"PUERTO RICO_SRI LANKA","PUERTO RICO","SRI LANKA","Within",0.141921943103961,"Within",-1.79941786074146,"Annual","Within"
"PUERTO RICO_SURINAME","PUERTO RICO","SURINAME","Within",0.312293058452292,"Within",-0.789420753271174,"Annual","Within"
"PUERTO RICO_TAIWAN","PUERTO RICO","TAIWAN","Within",0.497282113281047,"Within",-0.0108716539538681,"Annual","Within"
"PUERTO RICO_THAILAND","PUERTO RICO","THAILAND","Within",0.33398800579943,"Within",-0.690202598136644,"Annual","Within"
"PUERTO RICO_TRINIDAD AND TOBAGO","PUERTO RICO","TRINIDAD AND TOBAGO","Within",0.510012059837798,"Within",0.0400535932916498,"Annual","Within"
"PUERTO RICO_VANUATU","PUERTO RICO","VANUATU","Between",0.136862228667424,"Between",-1.84159953099595,"Annual","Between"
"PUERTO RICO_VENEZUELA","PUERTO RICO","VENEZUELA","Within",0.469349414914189,"Within",-0.122756260595699,"Annual","Within"
"PUERTO RICO_VIET NAM","PUERTO RICO","VIET NAM","Within",0.491347765455869,"Within",-0.0346123932844451,"Annual","Within"
"SINGAPORE_SRI LANKA","SINGAPORE","SRI LANKA","Within",0.20525327507695,"Within",-1.35377877416172,"Annual","Within"
"SINGAPORE_SURINAME","SINGAPORE","SURINAME","Within",0.107682035417703,"Within",-2.11463976341324,"Annual","Within"
"SINGAPORE_TAIWAN","SINGAPORE","TAIWAN","Within",0.397401436977639,"Within",-0.416304296005082,"Annual","Within"
"SINGAPORE_THAILAND","SINGAPORE","THAILAND","Within",0.504871740723317,"Within",0.0194875795961335,"Annual","Within"
"SINGAPORE_TRINIDAD AND TOBAGO","SINGAPORE","TRINIDAD AND TOBAGO","Within",0.360017376076283,"Within",-0.575288728702043,"Annual","Within"
"SINGAPORE_VANUATU","SINGAPORE","VANUATU","Between",0.152906086215523,"Between",-1.7119876492997,"Annual","Between"
"SINGAPORE_VENEZUELA","SINGAPORE","VENEZUELA","Within",0.204449337876339,"Within",-1.35871432339261,"Annual","Within"
"SINGAPORE_VIET NAM","SINGAPORE","VIET NAM","Within",0.51477239691466,"Within",0.0591067896676342,"Annual","Within"
"SRI LANKA_SURINAME","SRI LANKA","SURINAME","Within",0.215457059317697,"Within",-1.29233967806314,"Annual","Within"
"SRI LANKA_TAIWAN","SRI LANKA","TAIWAN","Within",0.171324701157293,"Within",-1.57626780712705,"Annual","Within"
"SRI LANKA_THAILAND","SRI LANKA","THAILAND","Within",0.168093854647655,"Within",-1.59919714636261,"Annual","Within"
"SRI LANKA_TRINIDAD AND TOBAGO","SRI LANKA","TRINIDAD AND TOBAGO","Within",0.222886380338169,"Within",-1.24892443192005,"Annual","Within"
"SRI LANKA_VANUATU","SRI LANKA","VANUATU","Between",0.1595493436781,"Between",-1.66158500446188,"Annual","Between"
"SRI LANKA_VENEZUELA","SRI LANKA","VENEZUELA","Within",0.228526943475326,"Within",-1.21664762976402,"Annual","Within"
"SRI LANKA_VIET NAM","SRI LANKA","VIET NAM","Within",0.264288411803229,"Within",-1.02379720227909,"Annual","Within"
"SURINAME_TAIWAN","SURINAME","TAIWAN","Within",0.200117306688178,"Within",-1.38556135551056,"Annual","Within"
"SURINAME_THAILAND","SURINAME","THAILAND","Within",0.070426346714249,"Within",-2.58015860745299,"Annual","Within"
"SURINAME_TRINIDAD AND TOBAGO","SURINAME","TRINIDAD AND TOBAGO","Within",0.291733244059888,"Within",-0.886980959669837,"Annual","Within"
"SURINAME_VANUATU","SURINAME","VANUATU","Between",0.175272131913526,"Between",-1.54871366944764,"Annual","Between"
"SURINAME_VENEZUELA","SURINAME","VENEZUELA","Within",0.305542936425228,"Within",-0.821040023277211,"Annual","Within"
"SURINAME_VIET NAM","SURINAME","VIET NAM","Within",0.147710101996281,"Within",-1.75267514225895,"Annual","Within"
"TAIWAN_THAILAND","TAIWAN","THAILAND","Within",0.50639207773008,"Within",0.0255697039727433,"Annual","Within"
"TAIWAN_TRINIDAD AND TOBAGO","TAIWAN","TRINIDAD AND TOBAGO","Within",0.489354713851521,"Within",-0.0425875801915928,"Annual","Within"
"TAIWAN_VANUATU","TAIWAN","VANUATU","Between",0.158451110774387,"Between",-1.66979801329231,"Annual","Between"
"TAIWAN_VENEZUELA","TAIWAN","VENEZUELA","Within",0.363206810794437,"Within",-0.561472540391311,"Annual","Within"
"TAIWAN_VIET NAM","TAIWAN","VIET NAM","Within",0.678313119892625,"Within",0.746030359671915,"Annual","Within"
"THAILAND_TRINIDAD AND TOBAGO","THAILAND","TRINIDAD AND TOBAGO","Within",0.40145771674267,"Within",-0.399394956597632,"Annual","Within"
"THAILAND_VANUATU","THAILAND","VANUATU","Between",0.176046690216767,"Between",-1.54336462024088,"Annual","Between"
"THAILAND_VENEZUELA","THAILAND","VENEZUELA","Within",0.168230752786691,"Within",-1.59821848978593,"Annual","Within"
"THAILAND_VIET NAM","THAILAND","VIET NAM","Within",0.629440819247435,"Within",0.529818672643527,"Annual","Within"
"TRINIDAD AND TOBAGO_VANUATU","TRINIDAD AND TOBAGO","VANUATU","Between",0.119008209910152,"Between",-2.00185582546563,"Annual","Between"
"TRINIDAD AND TOBAGO_VENEZUELA","TRINIDAD AND TOBAGO","VENEZUELA","Within",0.368336272748288,"Within",-0.539360869846226,"Annual","Within"
"TRINIDAD AND TOBAGO_VIET NAM","TRINIDAD AND TOBAGO","VIET NAM","Within",0.551532280445303,"Within",0.206863664394831,"Annual","Within"
"VANUATU_VENEZUELA","VANUATU","VENEZUELA","Between",0.205715114322128,"Between",-1.35094992351605,"Annual","Between"
"VANUATU_VIET NAM","VANUATU","VIET NAM","Between",0.0784350672444118,"Between",-2.46380212518784,"Annual","Between"
"VENEZUELA_VIET NAM","VENEZUELA","VIET NAM","Within",0.326624463536552,"Within",-0.723492096284086,"Annual","Within"
"ARGENTINA_AUSTRALIA","ARGENTINA","AUSTRALIA","Within",0.430868557287007,"Within",-0.278308341875279,"Multiannual","Within"
"ARGENTINA_BANGLADESH","ARGENTINA","BANGLADESH","Between",0.369393792923015,"Between",-0.534818325699361,"Multiannual","Between"
"ARGENTINA_BARBADOS","ARGENTINA","BARBADOS","Between",0.52968990918612,"Between",0.118899513472313,"Multiannual","Between"
"ARGENTINA_BOLIVIA","ARGENTINA","BOLIVIA","Within",0.383199543417006,"Within",-0.475989707898159,"Multiannual","Within"
"ARGENTINA_BRAZIL","ARGENTINA","BRAZIL","Within",0.495086841579686,"Within",-0.0196532662477628,"Multiannual","Within"
"ARGENTINA_BRUNEI DARUSSALAM","ARGENTINA","BRUNEI DARUSSALAM","Between",0.48553859067342,"Between",-0.0578617752665281,"Multiannual","Between"
"ARGENTINA_CAMBODIA","ARGENTINA","CAMBODIA","Between",0.438778500058026,"Between",-0.246120928086079,"Multiannual","Between"
"ARGENTINA_CHINA","ARGENTINA","CHINA","Between",0.279154694993067,"Between",-0.948658467597457,"Multiannual","Between"
"ARGENTINA_COLOMBIA","ARGENTINA","COLOMBIA","Between",0.614965291731386,"Between",0.468232348433362,"Multiannual","Between"
"ARGENTINA_COSTA RICA","ARGENTINA","COSTA RICA","Between",0.385917989193304,"Between",-0.464503603655262,"Multiannual","Between"
"ARGENTINA_DOMINICAN REPUBLIC","ARGENTINA","DOMINICAN REPUBLIC","Between",0.523639377142953,"Between",0.0946280574022488,"Multiannual","Between"
"ARGENTINA_ECUADOR","ARGENTINA","ECUADOR","Within",0.508355000278792,"Within",0.0334231121931832,"Multiannual","Within"
"ARGENTINA_EL SALVADOR","ARGENTINA","EL SALVADOR","Between",0.301843408552036,"Between",-0.83853505247863,"Multiannual","Between"
"ARGENTINA_FIJI","ARGENTINA","FIJI","Within",0.393482086758984,"Within",-0.432698719409999,"Multiannual","Within"
"ARGENTINA_FRENCH GUIANA","ARGENTINA","FRENCH GUIANA","Between",0.404495504556297,"Between",-0.386768314935387,"Multiannual","Between"
"ARGENTINA_FRENCH POLYNESIA","ARGENTINA","FRENCH POLYNESIA","Within",0.339328918699983,"Within",-0.666286209655591,"Multiannual","Within"
"ARGENTINA_GUADELOUPE","ARGENTINA","GUADELOUPE","Between",0.259817662463615,"Between",-1.04691647114837,"Multiannual","Between"
"ARGENTINA_GUATEMALA","ARGENTINA","GUATEMALA","Between",0.551069567456842,"Between",0.204993120829327,"Multiannual","Between"
"ARGENTINA_GUYANA","ARGENTINA","GUYANA","Between",0.554452688014537,"Between",0.218678038446335,"Multiannual","Between"
"ARGENTINA_HONDURAS","ARGENTINA","HONDURAS","Between",0.500454344885541,"Between",0.00181738004237968,"Multiannual","Between"
"ARGENTINA_INDIA","ARGENTINA","INDIA","Between",0.22781557091845,"Between",-1.22068701712903,"Multiannual","Between"
"ARGENTINA_INDONESIA","ARGENTINA","INDONESIA","Between",0.50128048751024,"Between",0.00512196123860033,"Multiannual","Between"
"ARGENTINA_JAMAICA","ARGENTINA","JAMAICA","Between",0.335299572241018,"Between",-0.684312076862887,"Multiannual","Between"
"ARGENTINA_LAO PEOPLE'S DEMOCRATIC REPUBLIC","ARGENTINA","LAO PEOPLE'S DEMOCRATIC REPUBLIC","Between",0.307460591074634,"Between",-0.812018224711148,"Multiannual","Between"
"ARGENTINA_MALAYSIA","ARGENTINA","MALAYSIA","Between",0.471715479140561,"Between",-0.113258998436081,"Multiannual","Between"
"ARGENTINA_MALDIVES","ARGENTINA","MALDIVES","Within",0.435036631195432,"Within",-0.261330657882489,"Multiannual","Within"
"ARGENTINA_MARTINIQUE","ARGENTINA","MARTINIQUE","Between",0.267711652363373,"Between",-1.0062638766607,"Multiannual","Between"
"ARGENTINA_MEXICO","ARGENTINA","MEXICO","Between",0.420954779681685,"Between",-0.318855159014896,"Multiannual","Between"
"ARGENTINA_MYANMAR","ARGENTINA","MYANMAR","Between",0.0960919551940091,"Between",-2.24142203526033,"Multiannual","Between"
"ARGENTINA_NEW CALEDONIA","ARGENTINA","NEW CALEDONIA","Within",0.272548304489402,"Within",-0.981731736342479,"Multiannual","Within"
"ARGENTINA_NICARAGUA","ARGENTINA","NICARAGUA","Between",0.423892289765746,"Between",-0.306815250760002,"Multiannual","Between"
"ARGENTINA_PANAMA","ARGENTINA","PANAMA","Between",0.311473860775547,"Between",-0.793237862252314,"Multiannual","Between"
"ARGENTINA_PARAGUAY","ARGENTINA","PARAGUAY","Within",0.524365532312846,"Within",0.0975393876754189,"Multiannual","Within"
"ARGENTINA_PERU","ARGENTINA","PERU","Within",0.475725322864355,"Within",-0.0971751051204416,"Multiannual","Within"
"ARGENTINA_PHILIPPINES","ARGENTINA","PHILIPPINES","Between",0.5092401105659,"Between",0.0369646506851554,"Multiannual","Between"
"ARGENTINA_PUERTO RICO","ARGENTINA","PUERTO RICO","Between",0.312659536112634,"Between",-0.787714895616753,"Multiannual","Between"
"ARGENTINA_SINGAPORE","ARGENTINA","SINGAPORE","Between",0.461228367477151,"Between",-0.155398499310129,"Multiannual","Between"
"ARGENTINA_SRI LANKA","ARGENTINA","SRI LANKA","Between",0.472946390473025,"Between",-0.108320226537231,"Multiannual","Between"
"ARGENTINA_SURINAME","ARGENTINA","SURINAME","Between",0.453234436980739,"Between",-0.187610611206278,"Multiannual","Between"
"ARGENTINA_TAIWAN","ARGENTINA","TAIWAN","Between",0.402272923915151,"Between",-0.396003481791855,"Multiannual","Between"
"ARGENTINA_THAILAND","ARGENTINA","THAILAND","Between",0.359360465163114,"Between",-0.578140984625068,"Multiannual","Between"
"ARGENTINA_TRINIDAD AND TOBAGO","ARGENTINA","TRINIDAD AND TOBAGO","Between",0.321108918492224,"Between",-0.748680329019025,"Multiannual","Between"
"ARGENTINA_VANUATU","ARGENTINA","VANUATU","Within",0.233687616310765,"Within",-1.18760464775633,"Multiannual","Within"
"ARGENTINA_VENEZUELA","ARGENTINA","VENEZUELA","Between",0.196163685906535,"Between",-1.41044621613796,"Multiannual","Between"
"ARGENTINA_VIET NAM","ARGENTINA","VIET NAM","Between",0.263779840903253,"Between",-1.02641438395044,"Multiannual","Between"
"AUSTRALIA_BANGLADESH","AUSTRALIA","BANGLADESH","Between",0.226979994128528,"Between",-1.22544304706423,"Multiannual","Between"
"AUSTRALIA_BARBADOS","AUSTRALIA","BARBADOS","Between",0.267587910109956,"Between",-1.00689517161483,"Multiannual","Between"
"AUSTRALIA_BOLIVIA","AUSTRALIA","BOLIVIA","Within",0.271052962884677,"Within",-0.98928684116653,"Multiannual","Within"
"AUSTRALIA_BRAZIL","AUSTRALIA","BRAZIL","Within",0.295765133292674,"Within",-0.867546247246708,"Multiannual","Within"
"AUSTRALIA_BRUNEI DARUSSALAM","AUSTRALIA","BRUNEI DARUSSALAM","Between",0.45520154672504,"Between",-0.179675635053359,"Multiannual","Between"
"AUSTRALIA_CAMBODIA","AUSTRALIA","CAMBODIA","Between",0.376158113122945,"Between",-0.505887381223018,"Multiannual","Between"
"AUSTRALIA_CHINA","AUSTRALIA","CHINA","Between",0.338950087910264,"Between",-0.667976483732789,"Multiannual","Between"
"AUSTRALIA_COLOMBIA","AUSTRALIA","COLOMBIA","Between",0.461972547257803,"Between",-0.15240411846548,"Multiannual","Between"
"AUSTRALIA_COSTA RICA","AUSTRALIA","COSTA RICA","Between",0.337812161895353,"Between",-0.67305925208176,"Multiannual","Between"
"AUSTRALIA_DOMINICAN REPUBLIC","AUSTRALIA","DOMINICAN REPUBLIC","Between",0.424330740444698,"Between",-0.305020094246667,"Multiannual","Between"
"AUSTRALIA_ECUADOR","AUSTRALIA","ECUADOR","Within",0.293992570565501,"Within",-0.876071263882188,"Multiannual","Within"
"AUSTRALIA_EL SALVADOR","AUSTRALIA","EL SALVADOR","Between",0.365212187723889,"Between",-0.552812268253071,"Multiannual","Between"
"AUSTRALIA_FIJI","AUSTRALIA","FIJI","Within",0.279735523295339,"Within",-0.945773876185724,"Multiannual","Within"
"AUSTRALIA_FRENCH GUIANA","AUSTRALIA","FRENCH GUIANA","Between",0.374263742570073,"Between",-0.513968225393033,"Multiannual","Between"
"AUSTRALIA_FRENCH POLYNESIA","AUSTRALIA","FRENCH POLYNESIA","Within",0.346857716514046,"Within",-0.632880340563141,"Multiannual","Within"
"AUSTRALIA_GUADELOUPE","AUSTRALIA","GUADELOUPE","Between",0.360551856707094,"Between",-0.572969735273306,"Multiannual","Between"
"AUSTRALIA_GUATEMALA","AUSTRALIA","GUATEMALA","Between",0.401758792004904,"Between",-0.398142141828304,"Multiannual","Between"
"AUSTRALIA_GUYANA","AUSTRALIA","GUYANA","Between",0.301963785360846,"Between",-0.837963890692977,"Multiannual","Between"
"AUSTRALIA_HONDURAS","AUSTRALIA","HONDURAS","Between",0.373491495493914,"Between",-0.517267114322921,"Multiannual","Between"
"AUSTRALIA_INDIA","AUSTRALIA","INDIA","Between",0.303696736607088,"Between",-0.829755662155478,"Multiannual","Between"
"AUSTRALIA_INDONESIA","AUSTRALIA","INDONESIA","Between",0.351957397109637,"Between",-0.610446302057602,"Multiannual","Between"
"AUSTRALIA_JAMAICA","AUSTRALIA","JAMAICA","Between",0.478983834459907,"Between",-0.084114220856577,"Multiannual","Between"
"AUSTRALIA_LAO PEOPLE'S DEMOCRATIC REPUBLIC","AUSTRALIA","LAO PEOPLE'S DEMOCRATIC REPUBLIC","Between",0.319329300482463,"Between",-0.756855774639628,"Multiannual","Between"
"AUSTRALIA_MALAYSIA","AUSTRALIA","MALAYSIA","Between",0.436527260775034,"Between",-0.255268128291745,"Multiannual","Between"
"AUSTRALIA_MALDIVES","AUSTRALIA","MALDIVES","Within",0.368658824238649,"Within",-0.537974786230055,"Multiannual","Within"
"AUSTRALIA_MARTINIQUE","AUSTRALIA","MARTINIQUE","Between",0.227028100980383,"Between",-1.22516889209772,"Multiannual","Between"
"AUSTRALIA_MEXICO","AUSTRALIA","MEXICO","Between",0.439082128269307,"Between",-0.244888022685821,"Multiannual","Between"
"AUSTRALIA_MYANMAR","AUSTRALIA","MYANMAR","Between",0.188048382178094,"Between",-1.46274147269158,"Multiannual","Between"
"AUSTRALIA_NEW CALEDONIA","AUSTRALIA","NEW CALEDONIA","Within",0.28549478269819,"Within",-0.917366544708131,"Multiannual","Within"
"AUSTRALIA_NICARAGUA","AUSTRALIA","NICARAGUA","Between",0.410505881348203,"Between",-0.361874487016651,"Multiannual","Between"
"AUSTRALIA_PANAMA","AUSTRALIA","PANAMA","Between",0.253632220223118,"Between",-1.07933321525417,"Multiannual","Between"
"AUSTRALIA_PARAGUAY","AUSTRALIA","PARAGUAY","Within",0.39573355415499,"Within",-0.423274094417079,"Multiannual","Within"
"AUSTRALIA_PERU","AUSTRALIA","PERU","Within",0.233977399418215,"Within",-1.18598714697094,"Multiannual","Within"
"AUSTRALIA_PHILIPPINES","AUSTRALIA","PHILIPPINES","Between",0.516800302633111,"Between",0.0672265177484414,"Multiannual","Between"
"AUSTRALIA_PUERTO RICO","AUSTRALIA","PUERTO RICO","Between",0.22195657277546,"Between",-1.25430059706725,"Multiannual","Between"
"AUSTRALIA_SINGAPORE","AUSTRALIA","SINGAPORE","Between",0.326485377765062,"Between",-0.724124543510736,"Multiannual","Between"
"AUSTRALIA_SRI LANKA","AUSTRALIA","SRI LANKA","Between",0.377260699055809,"Between",-0.50119151575881,"Multiannual","Between"
"AUSTRALIA_SURINAME","AUSTRALIA","SURINAME","Between",0.273237244425747,"Between",-0.978259645814734,"Multiannual","Between"
"AUSTRALIA_TAIWAN","AUSTRALIA","TAIWAN","Between",0.427941211635882,"Between",-0.290255932802294,"Multiannual","Between"
"AUSTRALIA_THAILAND","AUSTRALIA","THAILAND","Between",0.499166620993095,"Between",-0.00333351911455397,"Multiannual","Between"
"AUSTRALIA_TRINIDAD AND TOBAGO","AUSTRALIA","TRINIDAD AND TOBAGO","Between",0.349049218304501,"Between",-0.623221096276487,"Multiannual","Between"
"AUSTRALIA_VANUATU","AUSTRALIA","VANUATU","Within",0.300479718224961,"Within",-0.845014530090293,"Multiannual","Within"
"AUSTRALIA_VENEZUELA","AUSTRALIA","VENEZUELA","Between",0.517575523105304,"Between",0.0703310689020789,"Multiannual","Between"
"AUSTRALIA_VIET NAM","AUSTRALIA","VIET NAM","Between",0.421328991643913,"Between",-0.317320128100558,"Multiannual","Between"
"BANGLADESH_BARBADOS","BANGLADESH","BARBADOS","Within",0.228445489421361,"Within",-1.21710970108262,"Multiannual","Within"
"BANGLADESH_BOLIVIA","BANGLADESH","BOLIVIA","Between",0.253454067625255,"Between",-1.08027453158004,"Multiannual","Between"
"BANGLADESH_BRAZIL","BANGLADESH","BRAZIL","Between",0.503343982975955,"Between",0.0133761313393609,"Multiannual","Between"
"BANGLADESH_BRUNEI DARUSSALAM","BANGLADESH","BRUNEI DARUSSALAM","Within",0.170463145267276,"Within",-1.58234842213289,"Multiannual","Within"
"BANGLADESH_CAMBODIA","BANGLADESH","CAMBODIA","Within",0.322712651888681,"Within",-0.741333321519662,"Multiannual","Within"
"BANGLADESH_CHINA","BANGLADESH","CHINA","Within",0.478267778792142,"Within",-0.0869836877559677,"Multiannual","Within"
"BANGLADESH_COLOMBIA","BANGLADESH","COLOMBIA","Within",0.359470332080595,"Within",-0.577663791950985,"Multiannual","Within"
"BANGLADESH_COSTA RICA","BANGLADESH","COSTA RICA","Within",0.3444808228804,"Within",-0.643389136114171,"Multiannual","Within"
"BANGLADESH_DOMINICAN REPUBLIC","BANGLADESH","DOMINICAN REPUBLIC","Within",0.300659124141289,"Within",-0.844161140462674,"Multiannual","Within"
"BANGLADESH_ECUADOR","BANGLADESH","ECUADOR","Between",0.417575451974463,"Between",-0.332734394508771,"Multiannual","Between"
"BANGLADESH_EL SALVADOR","BANGLADESH","EL SALVADOR","Within",0.259732914112605,"Within",-1.04735719833857,"Multiannual","Within"
"BANGLADESH_FIJI","BANGLADESH","FIJI","Between",0.143410631211819,"Between",-1.78724659198298,"Multiannual","Between"
"BANGLADESH_FRENCH GUIANA","BANGLADESH","FRENCH GUIANA","Within",0.189222835338469,"Within",-1.45506790670882,"Multiannual","Within"
"BANGLADESH_FRENCH POLYNESIA","BANGLADESH","FRENCH POLYNESIA","Between",0.266047251576664,"Between",-1.014770720585,"Multiannual","Between"
"BANGLADESH_GUADELOUPE","BANGLADESH","GUADELOUPE","Within",0.217632316461464,"Within",-1.27951779649186,"Multiannual","Within"
"BANGLADESH_GUATEMALA","BANGLADESH","GUATEMALA","Within",0.462826939518596,"Within",-0.148967111892008,"Multiannual","Within"
"BANGLADESH_GUYANA","BANGLADESH","GUYANA","Within",0.334201445958649,"Within",-0.68924321059865,"Multiannual","Within"
"BANGLADESH_HONDURAS","BANGLADESH","HONDURAS","Within",0.346264909639316,"Within",-0.635498091882783,"Multiannual","Within"
"BANGLADESH_INDIA","BANGLADESH","INDIA","Within",0.319931086311448,"Within",-0.754088519370096,"Multiannual","Within"
"BANGLADESH_INDONESIA","BANGLADESH","INDONESIA","Within",0.207808577950028,"Within",-1.3381856994689,"Multiannual","Within"
"BANGLADESH_JAMAICA","BANGLADESH","JAMAICA","Within",0.0956178032382589,"Within",-2.24689302601166,"Multiannual","Within"
"BANGLADESH_LAO PEOPLE'S DEMOCRATIC REPUBLIC","BANGLADESH","LAO PEOPLE'S DEMOCRATIC REPUBLIC","Within",0.256583179831165,"Within",-1.06380398372608,"Multiannual","Within"
"BANGLADESH_MALAYSIA","BANGLADESH","MALAYSIA","Within",0.306721954130091,"Within",-0.815489488981573,"Multiannual","Within"
"BANGLADESH_MALDIVES","BANGLADESH","MALDIVES","Between",0.349718298910396,"Between",-0.620277685143137,"Multiannual","Between"
"BANGLADESH_MARTINIQUE","BANGLADESH","MARTINIQUE","Within",0.26383781359807,"Within",-1.02611588448276,"Multiannual","Within"
"BANGLADESH_MEXICO","BANGLADESH","MEXICO","Within",0.275188675782145,"Within",-0.968454422362495,"Multiannual","Within"
"BANGLADESH_MYANMAR","BANGLADESH","MYANMAR","Within",0.228937572416838,"Within",-1.21431998305738,"Multiannual","Within"
"BANGLADESH_NEW CALEDONIA","BANGLADESH","NEW CALEDONIA","Between",0.0887951963458909,"Between",-2.32843513057705,"Multiannual","Between"
"BANGLADESH_NICARAGUA","BANGLADESH","NICARAGUA","Within",0.257102762493568,"Within",-1.06108186858857,"Multiannual","Within"
"BANGLADESH_PANAMA","BANGLADESH","PANAMA","Within",0.435858871204381,"Within",-0.257985947505247,"Multiannual","Within"
"BANGLADESH_PARAGUAY","BANGLADESH","PARAGUAY","Between",0.448302365795569,"Between",-0.207532203669842,"Multiannual","Between"
"BANGLADESH_PERU","BANGLADESH","PERU","Between",0.429537930044432,"Between",-0.283736631855816,"Multiannual","Between"
"BANGLADESH_PHILIPPINES","BANGLADESH","PHILIPPINES","Within",0.234537223584861,"Within",-1.18286627615792,"Multiannual","Within"
"BANGLADESH_PUERTO RICO","BANGLADESH","PUERTO RICO","Within",0.0411214477098823,"Within",-3.14923459943663,"Multiannual","Within"
"BANGLADESH_SINGAPORE","BANGLADESH","SINGAPORE","Within",0.269829574765129,"Within",-0.995487410989619,"Multiannual","Within"
"BANGLADESH_SRI LANKA","BANGLADESH","SRI LANKA","Within",0.519960042637267,"Within",0.0798826225978701,"Multiannual","Within"
"BANGLADESH_SURINAME","BANGLADESH","SURINAME","Within",0.358234263676051,"Within",-0.58303620020166,"Multiannual","Within"
"BANGLADESH_TAIWAN","BANGLADESH","TAIWAN","Within",0.213739515765095,"Within",-1.30253008484401,"Multiannual","Within"
"BANGLADESH_THAILAND","BANGLADESH","THAILAND","Within",0.253155336031599,"Within",-1.08185394028357,"Multiannual","Within"
"BANGLADESH_TRINIDAD AND TOBAGO","BANGLADESH","TRINIDAD AND TOBAGO","Within",0.244125968154091,"Within",-1.13019038275173,"Multiannual","Within"
"BANGLADESH_VANUATU","BANGLADESH","VANUATU","Between",0.143564619781188,"Between",-1.78599362268484,"Multiannual","Between"
"BANGLADESH_VENEZUELA","BANGLADESH","VENEZUELA","Within",0.0222341056449241,"Within",-3.78364286925231,"Multiannual","Within"
"BANGLADESH_VIET NAM","BANGLADESH","VIET NAM","Within",0.171861300234284,"Within",-1.57249289463486,"Multiannual","Within"
"BARBADOS_BOLIVIA","BARBADOS","BOLIVIA","Between",0.132151908019171,"Between",-1.88206461087615,"Multiannual","Between"
"BARBADOS_BRAZIL","BARBADOS","BRAZIL","Between",0.436876957995152,"Between",-0.253846556541516,"Multiannual","Between"
"BARBADOS_BRUNEI DARUSSALAM","BARBADOS","BRUNEI DARUSSALAM","Within",0.379853764280485,"Within",-0.490168966478105,"Multiannual","Within"
"BARBADOS_CAMBODIA","BARBADOS","CAMBODIA","Within",0.187621397256174,"Within",-1.46554040309646,"Multiannual","Within"
"BARBADOS_CHINA","BARBADOS","CHINA","Within",0.201789731309446,"Within",-1.37514583619952,"Multiannual","Within"
"BARBADOS_COLOMBIA","BARBADOS","COLOMBIA","Within",0.527008108757016,"Within",0.108137689963214,"Multiannual","Within"
"BARBADOS_COSTA RICA","BARBADOS","COSTA RICA","Within",0.3702551981913,"Within",-0.531122168097046,"Multiannual","Within"
"BARBADOS_DOMINICAN REPUBLIC","BARBADOS","DOMINICAN REPUBLIC","Within",0.417426272071389,"Within",-0.333347814126219,"Multiannual","Within"
"BARBADOS_ECUADOR","BARBADOS","ECUADOR","Between",0.439124900158113,"Between",-0.244714359086637,"Multiannual","Between"
"BARBADOS_EL SALVADOR","BARBADOS","EL SALVADOR","Within",0.263524099517762,"Within",-1.027731690617,"Multiannual","Within"
"BARBADOS_FIJI","BARBADOS","FIJI","Between",0.255077091310088,"Between",-1.07171491642436,"Multiannual","Between"
"BARBADOS_FRENCH GUIANA","BARBADOS","FRENCH GUIANA","Within",0.388300978992387,"Within",-0.454459607840647,"Multiannual","Within"
"BARBADOS_FRENCH POLYNESIA","BARBADOS","FRENCH POLYNESIA","Between",0.0796881106353649,"Between",-2.44659222457252,"Multiannual","Between"
"BARBADOS_GUADELOUPE","BARBADOS","GUADELOUPE","Within",0.371979678810799,"Within",-0.523733298597848,"Multiannual","Within"
"BARBADOS_GUATEMALA","BARBADOS","GUATEMALA","Within",0.528540930027914,"Within",0.114287957778226,"Multiannual","Within"
"BARBADOS_GUYANA","BARBADOS","GUYANA","Within",0.311396595578387,"Within",-0.793598168159713,"Multiannual","Within"
"BARBADOS_HONDURAS","BARBADOS","HONDURAS","Within",0.486964781582232,"Within",-0.0521526913128443,"Multiannual","Within"
"BARBADOS_INDIA","BARBADOS","INDIA","Within",0.213643387306374,"Within",-1.30310218470032,"Multiannual","Within"
"BARBADOS_INDONESIA","BARBADOS","INDONESIA","Within",0.259225751084184,"Within",-1.04999661368302,"Multiannual","Within"
"BARBADOS_JAMAICA","BARBADOS","JAMAICA","Within",0.418955109004997,"Within",-0.327064243149247,"Multiannual","Within"
"BARBADOS_LAO PEOPLE'S DEMOCRATIC REPUBLIC","BARBADOS","LAO PEOPLE'S DEMOCRATIC REPUBLIC","Within",0.387042434323716,"Within",-0.459761373086996,"Multiannual","Within"
"BARBADOS_MALAYSIA","BARBADOS","MALAYSIA","Within",0.374073470212053,"Within",-0.514780777117239,"Multiannual","Within"
"BARBADOS_MALDIVES","BARBADOS","MALDIVES","Between",0.198964173213291,"Between",-1.39278089922969,"Multiannual","Between"
"BARBADOS_MARTINIQUE","BARBADOS","MARTINIQUE","Within",0.407158516708855,"Within",-0.375724464535143,"Multiannual","Within"
"BARBADOS_MEXICO","BARBADOS","MEXICO","Within",0.331697194629907,"Within",-0.700518883913857,"Multiannual","Within"
"BARBADOS_MYANMAR","BARBADOS","MYANMAR","Within",0.180091295366896,"Within",-1.51572907945442,"Multiannual","Within"
"BARBADOS_NEW CALEDONIA","BARBADOS","NEW CALEDONIA","Between",0.32559358377223,"Between",-0.728182992546904,"Multiannual","Between"
"BARBADOS_NICARAGUA","BARBADOS","NICARAGUA","Within",0.297915673061824,"Within",-0.857243050497623,"Multiannual","Within"
"BARBADOS_PANAMA","BARBADOS","PANAMA","Within",0.265367087317253,"Within",-1.01825683333244,"Multiannual","Within"
"BARBADOS_PARAGUAY","BARBADOS","PARAGUAY","Between",0.304285120420678,"Between",-0.826974762648613,"Multiannual","Between"
"BARBADOS_PERU","BARBADOS","PERU","Between",0.347831396501818,"Between",-0.628585253260228,"Multiannual","Between"
"BARBADOS_PHILIPPINES","BARBADOS","PHILIPPINES","Within",0.376198872160834,"Within",-0.505713693301267,"Multiannual","Within"
"BARBADOS_PUERTO RICO","BARBADOS","PUERTO RICO","Within",0.322435436331214,"Within",-0.742601926370434,"Multiannual","Within"
"BARBADOS_SINGAPORE","BARBADOS","SINGAPORE","Within",0.35810120285043,"Within",-0.583615018447409,"Multiannual","Within"
"BARBADOS_SRI LANKA","BARBADOS","SRI LANKA","Within",0.325962063301537,"Within",-0.726505390876596,"Multiannual","Within"
"BARBADOS_SURINAME","BARBADOS","SURINAME","Within",0.472856110016509,"Within",-0.108682412237325,"Multiannual","Within"
"BARBADOS_TAIWAN","BARBADOS","TAIWAN","Within",0.253983252092855,"Within",-1.07747972202711,"Multiannual","Within"
"BARBADOS_THAILAND","BARBADOS","THAILAND","Within",0.386989508734207,"Within",-0.459984466967463,"Multiannual","Within"
"BARBADOS_TRINIDAD AND TOBAGO","BARBADOS","TRINIDAD AND TOBAGO","Within",0.528266057766492,"Within",0.113184909129054,"Multiannual","Within"
"BARBADOS_VANUATU","BARBADOS","VANUATU","Between",0.0567047265804454,"Between",-2.81152178649039,"Multiannual","Between"
"BARBADOS_VENEZUELA","BARBADOS","VENEZUELA","Within",0.287544723050224,"Within",-0.907338734404434,"Multiannual","Within"
"BARBADOS_VIET NAM","BARBADOS","VIET NAM","Within",0.089200448000215,"Within",-2.32343678031667,"Multiannual","Within"
"BOLIVIA_BRAZIL","BOLIVIA","BRAZIL","Within",0.223540172418159,"Within",-1.24515376573986,"Multiannual","Within"
"BOLIVIA_BRUNEI DARUSSALAM","BOLIVIA","BRUNEI DARUSSALAM","Between",0.405068763963673,"Between",-0.384388988921208,"Multiannual","Between"
"BOLIVIA_CAMBODIA","BOLIVIA","CAMBODIA","Between",0.357443706092609,"Between",-0.586476545647862,"Multiannual","Between"
"BOLIVIA_CHINA","BOLIVIA","CHINA","Between",0.104199611955539,"Between",-2.15140920167793,"Multiannual","Between"
"BOLIVIA_COLOMBIA","BOLIVIA","COLOMBIA","Between",0.298520424919874,"Between",-0.854353427369273,"Multiannual","Between"
"BOLIVIA_COSTA RICA","BOLIVIA","COSTA RICA","Between",0.186639785719522,"Between",-1.47199359980047,"Multiannual","Between"
"BOLIVIA_DOMINICAN REPUBLIC","BOLIVIA","DOMINICAN REPUBLIC","Between",0.254653626698319,"Between",-1.07394474581585,"Multiannual","Between"
"BOLIVIA_ECUADOR","BOLIVIA","ECUADOR","Within",0.160260797807343,"Within",-1.65628889550645,"Multiannual","Within"
"BOLIVIA_EL SALVADOR","BOLIVIA","EL SALVADOR","Between",0.458022391423111,"Between",-0.168306615508251,"Multiannual","Between"
"BOLIVIA_FIJI","BOLIVIA","FIJI","Within",0.107065378072658,"Within",-2.12107370857276,"Multiannual","Within"
"BOLIVIA_FRENCH GUIANA","BOLIVIA","FRENCH GUIANA","Between",0.116350312036478,"Between",-2.02745513189102,"Multiannual","Between"
"BOLIVIA_FRENCH POLYNESIA","BOLIVIA","FRENCH POLYNESIA","Within",0.405469545918254,"Within",-0.382726173006101,"Multiannual","Within"
"BOLIVIA_GUADELOUPE","BOLIVIA","GUADELOUPE","Between",0.177972392262638,"Between",-1.53014554193258,"Multiannual","Between"
"BOLIVIA_GUATEMALA","BOLIVIA","GUATEMALA","Between",0.328005119650644,"Between",-0.717221505013067,"Multiannual","Between"
"BOLIVIA_GUYANA","BOLIVIA","GUYANA","Between",0.27412892581381,"Between",-0.973773887399642,"Multiannual","Between"
"BOLIVIA_HONDURAS","BOLIVIA","HONDURAS","Between",0.118785813904574,"Between",-2.00397872518818,"Multiannual","Between"
"BOLIVIA_INDIA","BOLIVIA","INDIA","Between",0.498170628066094,"Between",-0.00731752038750668,"Multiannual","Between"
"BOLIVIA_INDONESIA","BOLIVIA","INDONESIA","Between",0.34939616396894,"Between",-0.621694491435563,"Multiannual","Between"
"BOLIVIA_JAMAICA","BOLIVIA","JAMAICA","Between",0.149076262953552,"Between",-1.74186450195883,"Multiannual","Between"
"BOLIVIA_LAO PEOPLE'S DEMOCRATIC REPUBLIC","BOLIVIA","LAO PEOPLE'S DEMOCRATIC REPUBLIC","Between",0.0780676292576408,"Between",-2.46889637747086,"Multiannual","Between"
"BOLIVIA_MALAYSIA","BOLIVIA","MALAYSIA","Between",0.28975946781708,"Between",-0.896552532885642,"Multiannual","Between"
"BOLIVIA_MALDIVES","BOLIVIA","MALDIVES","Within",0.172708037334551,"Within",-1.56655514765498,"Multiannual","Within"
"BOLIVIA_MARTINIQUE","BOLIVIA","MARTINIQUE","Between",0.173190812371377,"Between",-1.56317999165376,"Multiannual","Between"
"BOLIVIA_MEXICO","BOLIVIA","MEXICO","Between",0.295225702733491,"Between",-0.870137448016992,"Multiannual","Between"
"BOLIVIA_MYANMAR","BOLIVIA","MYANMAR","Between",0.256590204381824,"Between",-1.06376715776501,"Multiannual","Between"
"BOLIVIA_NEW CALEDONIA","BOLIVIA","NEW CALEDONIA","Within",0.0785757457570308,"Within",-2.46185750174552,"Multiannual","Within"
"BOLIVIA_NICARAGUA","BOLIVIA","NICARAGUA","Between",0.29332019585199,"Between",-0.879312838667665,"Multiannual","Between"
"BOLIVIA_PANAMA","BOLIVIA","PANAMA","Between",0.213712367608018,"Between",-1.30269163566424,"Multiannual","Between"
"BOLIVIA_PARAGUAY","BOLIVIA","PARAGUAY","Within",0.268217493488389,"Within",-1.00368515330473,"Multiannual","Within"
"BOLIVIA_PERU","BOLIVIA","PERU","Within",0.277094203705349,"Within",-0.95892138413794,"Multiannual","Within"
"BOLIVIA_PHILIPPINES","BOLIVIA","PHILIPPINES","Between",0.338693001756474,"Between",-0.669124079640445,"Multiannual","Between"
"BOLIVIA_PUERTO RICO","BOLIVIA","PUERTO RICO","Between",0.346304847484734,"Between",-0.63532166588848,"Multiannual","Between"
"BOLIVIA_SINGAPORE","BOLIVIA","SINGAPORE","Between",0.42140218919625,"Between",-0.317019912513965,"Multiannual","Between"
"BOLIVIA_SRI LANKA","BOLIVIA","SRI LANKA","Between",0.380894745685929,"Between",-0.485752218590919,"Multiannual","Between"
"BOLIVIA_SURINAME","BOLIVIA","SURINAME","Between",0.180416463442708,"Between",-1.51352846476182,"Multiannual","Between"
"BOLIVIA_TAIWAN","BOLIVIA","TAIWAN","Between",0.230057443635465,"Between",-1.20798687726444,"Multiannual","Between"
"BOLIVIA_THAILAND","BOLIVIA","THAILAND","Between",0.352695478839935,"Between",-0.607211831724201,"Multiannual","Between"
"BOLIVIA_TRINIDAD AND TOBAGO","BOLIVIA","TRINIDAD AND TOBAGO","Between",0.0887553579941242,"Between",-2.32892760517863,"Multiannual","Between"
"BOLIVIA_VANUATU","BOLIVIA","VANUATU","Within",0.30954048337153,"Within",-0.802268455998909,"Multiannual","Within"
"BOLIVIA_VENEZUELA","BOLIVIA","VENEZUELA","Between",0.0506101980842803,"Between",-2.93166636529587,"Multiannual","Between"
"BOLIVIA_VIET NAM","BOLIVIA","VIET NAM","Between",0.269598288062239,"Between",-0.99666164401346,"Multiannual","Between"
"BRAZIL_BRUNEI DARUSSALAM","BRAZIL","BRUNEI DARUSSALAM","Between",0.356370192564157,"Between",-0.591153670331901,"Multiannual","Between"
"BRAZIL_CAMBODIA","BRAZIL","CAMBODIA","Between",0.474479749719069,"Between",-0.102169784792318,"Multiannual","Between"
"BRAZIL_CHINA","BRAZIL","CHINA","Between",0.416114963408253,"Between",-0.338742531869395,"Multiannual","Between"
"BRAZIL_COLOMBIA","BRAZIL","COLOMBIA","Between",0.645399496424831,"Between",0.598877685603898,"Multiannual","Between"
"BRAZIL_COSTA RICA","BRAZIL","COSTA RICA","Between",0.440478587922148,"Between",-0.239219961424153,"Multiannual","Between"
"BRAZIL_DOMINICAN REPUBLIC","BRAZIL","DOMINICAN REPUBLIC","Between",0.617507838978959,"Between",0.478983604130376,"Multiannual","Between"
"BRAZIL_ECUADOR","BRAZIL","ECUADOR","Within",0.47125366520527,"Within",-0.115112282150274,"Multiannual","Within"
"BRAZIL_EL SALVADOR","BRAZIL","EL SALVADOR","Between",0.419711266621126,"Between",-0.323958781399325,"Multiannual","Between"
"BRAZIL_FIJI","BRAZIL","FIJI","Within",0.342115218119814,"Within",-0.653882237053978,"Multiannual","Within"
"BRAZIL_FRENCH GUIANA","BRAZIL","FRENCH GUIANA","Between",0.409845566778256,"Between",-0.364603831524933,"Multiannual","Between"
"BRAZIL_FRENCH POLYNESIA","BRAZIL","FRENCH POLYNESIA","Within",0.34435378456837,"Within",-0.643951765321585,"Multiannual","Within"
"BRAZIL_GUADELOUPE","BRAZIL","GUADELOUPE","Between",0.458869788755502,"Between",-0.164893450919322,"Multiannual","Between"
"BRAZIL_GUATEMALA","BRAZIL","GUATEMALA","Between",0.621887285303075,"Between",0.497566524779376,"Multiannual","Between"
"BRAZIL_GUYANA","BRAZIL","GUYANA","Between",0.55141487061542,"Between",0.2063889944661,"Multiannual","Between"
"BRAZIL_HONDURAS","BRAZIL","HONDURAS","Between",0.578549456350066,"Between",0.31682159725138,"Multiannual","Between"
"BRAZIL_INDIA","BRAZIL","INDIA","Between",0.254440977150066,"Between",-1.075065411039,"Multiannual","Between"
"BRAZIL_INDONESIA","BRAZIL","INDONESIA","Between",0.535057339920766,"Between",0.14045983224862,"Multiannual","Between"
"BRAZIL_JAMAICA","BRAZIL","JAMAICA","Between",0.472511378542505,"Between",-0.110065466205598,"Multiannual","Between"
"BRAZIL_LAO PEOPLE'S DEMOCRATIC REPUBLIC","BRAZIL","LAO PEOPLE'S DEMOCRATIC REPUBLIC","Between",0.517660125653792,"Between",0.0706698997726325,"Multiannual","Between"
"BRAZIL_MALAYSIA","BRAZIL","MALAYSIA","Between",0.513061081447069,"Between",0.0522562139307222,"Multiannual","Between"
"BRAZIL_MALDIVES","BRAZIL","MALDIVES","Within",0.491234497579802,"Within",-0.0350656022840947,"Multiannual","Within"
"BRAZIL_MARTINIQUE","BRAZIL","MARTINIQUE","Between",0.489018045669642,"Between",-0.0439348831542682,"Multiannual","Between"
"BRAZIL_MEXICO","BRAZIL","MEXICO","Between",0.417126108797373,"Between",-0.334582257578831,"Multiannual","Between"
"BRAZIL_MYANMAR","BRAZIL","MYANMAR","Between",0.405219590200754,"Between",-0.383763160068753,"Multiannual","Between"
"BRAZIL_NEW CALEDONIA","BRAZIL","NEW CALEDONIA","Within",0.338828199208652,"Within",-0.668520524581073,"Multiannual","Within"
"BRAZIL_NICARAGUA","BRAZIL","NICARAGUA","Between",0.32435155687622,"Between",-0.733844906581181,"Multiannual","Between"
"BRAZIL_PANAMA","BRAZIL","PANAMA","Between",0.50974052694601,"Between",0.0389670377621596,"Multiannual","Between"
"BRAZIL_PARAGUAY","BRAZIL","PARAGUAY","Within",0.613548409569106,"Within",0.462252559207211,"Multiannual","Within"
"BRAZIL_PERU","BRAZIL","PERU","Within",0.511377735341809,"Within",0.0455187991708176,"Multiannual","Within"
"BRAZIL_PHILIPPINES","BRAZIL","PHILIPPINES","Between",0.529983257484415,"Between",0.120077099951928,"Multiannual","Between"
"BRAZIL_PUERTO RICO","BRAZIL","PUERTO RICO","Between",0.210363062574243,"Between",-1.32273835960208,"Multiannual","Between"
"BRAZIL_SINGAPORE","BRAZIL","SINGAPORE","Between",0.43630925609634,"Between",-0.256154479814378,"Multiannual","Between"
"BRAZIL_SRI LANKA","BRAZIL","SRI LANKA","Between",0.558654117828393,"Between",0.235701648652439,"Multiannual","Between"
"BRAZIL_SURINAME","BRAZIL","SURINAME","Between",0.406637055263464,"Between",-0.377885228749896,"Multiannual","Between"
"BRAZIL_TAIWAN","BRAZIL","TAIWAN","Between",0.445174449488993,"Between",-0.220187514263353,"Multiannual","Between"
"BRAZIL_THAILAND","BRAZIL","THAILAND","Between",0.409339958221318,"Between",-0.366694621995928,"Multiannual","Between"
"BRAZIL_TRINIDAD AND TOBAGO","BRAZIL","TRINIDAD AND TOBAGO","Between",0.478366542109566,"Between",-0.0865878901550844,"Multiannual","Between"
"BRAZIL_VANUATU","BRAZIL","VANUATU","Within",0.388686654665975,"Within",-0.452836163848492,"Multiannual","Within"
"BRAZIL_VENEZUELA","BRAZIL","VENEZUELA","Between",0.241225227307483,"Between",-1.14597394097753,"Multiannual","Between"
"BRAZIL_VIET NAM","BRAZIL","VIET NAM","Between",0.338650870238539,"Between",-0.669312189233407,"Multiannual","Between"
"BRUNEI DARUSSALAM_CAMBODIA","BRUNEI DARUSSALAM","CAMBODIA","Within",0.303245866602081,"Within",-0.831888681341784,"Multiannual","Within"
"BRUNEI DARUSSALAM_CHINA","BRUNEI DARUSSALAM","CHINA","Within",0.27164826160253,"Within",-0.986276015077875,"Multiannual","Within"
"BRUNEI DARUSSALAM_COLOMBIA","BRUNEI DARUSSALAM","COLOMBIA","Within",0.352813586546597,"Within",-0.606694538703256,"Multiannual","Within"
"BRUNEI DARUSSALAM_COSTA RICA","BRUNEI DARUSSALAM","COSTA RICA","Within",0.391852990251635,"Within",-0.439529900505621,"Multiannual","Within"
"BRUNEI DARUSSALAM_DOMINICAN REPUBLIC","BRUNEI DARUSSALAM","DOMINICAN REPUBLIC","Within",0.443359253010754,"Within",-0.227539657087422,"Multiannual","Within"
"BRUNEI DARUSSALAM_ECUADOR","BRUNEI DARUSSALAM","ECUADOR","Between",0.371705326963835,"Between",-0.524907872443339,"Multiannual","Between"
"BRUNEI DARUSSALAM_EL SALVADOR","BRUNEI DARUSSALAM","EL SALVADOR","Within",0.499492970087519,"Within",-0.00202812034510915,"Multiannual","Within"
"BRUNEI DARUSSALAM_FIJI","BRUNEI DARUSSALAM","FIJI","Between",0.325379912078845,"Between",-0.729156239843048,"Multiannual","Between"
"BRUNEI DARUSSALAM_FRENCH GUIANA","BRUNEI DARUSSALAM","FRENCH GUIANA","Within",0.28048663050584,"Within",-0.94204904705455,"Multiannual","Within"
"BRUNEI DARUSSALAM_FRENCH POLYNESIA","BRUNEI DARUSSALAM","FRENCH POLYNESIA","Between",0.252694509909366,"Between",-1.08429276904432,"Multiannual","Between"
"BRUNEI DARUSSALAM_GUADELOUPE","BRUNEI DARUSSALAM","GUADELOUPE","Within",0.372621370817837,"Within",-0.520987420219742,"Multiannual","Within"
"BRUNEI DARUSSALAM_GUATEMALA","BRUNEI DARUSSALAM","GUATEMALA","Within",0.357971998052949,"Within",-0.584177153866391,"Multiannual","Within"
"BRUNEI DARUSSALAM_GUYANA","BRUNEI DARUSSALAM","GUYANA","Within",0.355715945413798,"Within",-0.59400720119333,"Multiannual","Within"
"BRUNEI DARUSSALAM_HONDURAS","BRUNEI DARUSSALAM","HONDURAS","Within",0.469844081573637,"Within",-0.120770250659067,"Multiannual","Within"
"BRUNEI DARUSSALAM_INDIA","BRUNEI DARUSSALAM","INDIA","Within",0.423541033234968,"Within",-0.308253760551893,"Multiannual","Within"
"BRUNEI DARUSSALAM_INDONESIA","BRUNEI DARUSSALAM","INDONESIA","Within",0.319218515848036,"Within",-0.757365508761694,"Multiannual","Within"
"BRUNEI DARUSSALAM_JAMAICA","BRUNEI DARUSSALAM","JAMAICA","Within",0.19665219111829,"Within",-1.40735111596963,"Multiannual","Within"
"BRUNEI DARUSSALAM_LAO PEOPLE'S DEMOCRATIC REPUBLIC","BRUNEI DARUSSALAM","LAO PEOPLE'S DEMOCRATIC REPUBLIC","Within",0.36963562254715,"Within",-0.533780312625745,"Multiannual","Within"
"BRUNEI DARUSSALAM_MALAYSIA","BRUNEI DARUSSALAM","MALAYSIA","Within",0.407196003064065,"Within",-0.375569166898525,"Multiannual","Within"
"BRUNEI DARUSSALAM_MALDIVES","BRUNEI DARUSSALAM","MALDIVES","Between",0.251508189052981,"Between",-1.09058471332474,"Multiannual","Between"
"BRUNEI DARUSSALAM_MARTINIQUE","BRUNEI DARUSSALAM","MARTINIQUE","Within",0.251511896520989,"Within",-1.09056501922634,"Multiannual","Within"
"BRUNEI DARUSSALAM_MEXICO","BRUNEI DARUSSALAM","MEXICO","Within",0.248799625024337,"Within",-1.10502457333583,"Multiannual","Within"
"BRUNEI DARUSSALAM_MYANMAR","BRUNEI DARUSSALAM","MYANMAR","Within",0.322224518711391,"Within",-0.743567518908434,"Multiannual","Within"
"BRUNEI DARUSSALAM_NEW CALEDONIA","BRUNEI DARUSSALAM","NEW CALEDONIA","Between",0.348922134917597,"Between",-0.623780455286312,"Multiannual","Between"
"BRUNEI DARUSSALAM_NICARAGUA","BRUNEI DARUSSALAM","NICARAGUA","Within",0.280541303506747,"Within",-0.941778155131862,"Multiannual","Within"
"BRUNEI DARUSSALAM_PANAMA","BRUNEI DARUSSALAM","PANAMA","Within",0.258426126838641,"Within",-1.05416490641227,"Multiannual","Within"
"BRUNEI DARUSSALAM_PARAGUAY","BRUNEI DARUSSALAM","PARAGUAY","Between",0.394495850988744,"Between",-0.428452792084709,"Multiannual","Between"
"BRUNEI DARUSSALAM_PERU","BRUNEI DARUSSALAM","PERU","Between",0.406494623832296,"Between",-0.378475569025402,"Multiannual","Between"
"BRUNEI DARUSSALAM_PHILIPPINES","BRUNEI DARUSSALAM","PHILIPPINES","Within",0.426783012175955,"Within",-0.294988616471588,"Multiannual","Within"
"BRUNEI DARUSSALAM_PUERTO RICO","BRUNEI DARUSSALAM","PUERTO RICO","Within",0.386863813836429,"Within",-0.460514345794338,"Multiannual","Within"
"BRUNEI DARUSSALAM_SINGAPORE","BRUNEI DARUSSALAM","SINGAPORE","Within",0.486045185325257,"Within",-0.0558337588988482,"Multiannual","Within"
"BRUNEI DARUSSALAM_SRI LANKA","BRUNEI DARUSSALAM","SRI LANKA","Within",0.340405449897758,"Within",-0.661487921376443,"Multiannual","Within"
"BRUNEI DARUSSALAM_SURINAME","BRUNEI DARUSSALAM","SURINAME","Within",0.20244466724222,"Within",-1.37108461399957,"Multiannual","Within"
"BRUNEI DARUSSALAM_TAIWAN","BRUNEI DARUSSALAM","TAIWAN","Within",0.375999941880445,"Within",-0.506561472693136,"Multiannual","Within"
"BRUNEI DARUSSALAM_THAILAND","BRUNEI DARUSSALAM","THAILAND","Within",0.33189764248381,"Within",-0.699614776003977,"Multiannual","Within"
"BRUNEI DARUSSALAM_TRINIDAD AND TOBAGO","BRUNEI DARUSSALAM","TRINIDAD AND TOBAGO","Within",0.0783080092358703,"Within",-2.46556121447047,"Multiannual","Within"
"BRUNEI DARUSSALAM_VANUATU","BRUNEI DARUSSALAM","VANUATU","Between",0.252771332466734,"Between",-1.08388599700174,"Multiannual","Between"
"BRUNEI DARUSSALAM_VENEZUELA","BRUNEI DARUSSALAM","VENEZUELA","Within",0.313390049342235,"Within",-0.784317794819884,"Multiannual","Within"
"BRUNEI DARUSSALAM_VIET NAM","BRUNEI DARUSSALAM","VIET NAM","Within",0.137335008078643,"Within",-1.83760317023778,"Multiannual","Within"
"CAMBODIA_CHINA","CAMBODIA","CHINA","Within",0.392725691311118,"Within",-0.435869216179748,"Multiannual","Within"
"CAMBODIA_COLOMBIA","CAMBODIA","COLOMBIA","Within",0.481766363092206,"Within",-0.0729669044157119,"Multiannual","Within"
"CAMBODIA_COSTA RICA","CAMBODIA","COSTA RICA","Within",0.359065787618245,"Within",-0.579421194745676,"Multiannual","Within"
"CAMBODIA_DOMINICAN REPUBLIC","CAMBODIA","DOMINICAN REPUBLIC","Within",0.479581403191626,"Within",-0.0817198348662185,"Multiannual","Within"
"CAMBODIA_ECUADOR","CAMBODIA","ECUADOR","Between",0.257429164026384,"Between",-1.05937367701144,"Multiannual","Between"
"CAMBODIA_EL SALVADOR","CAMBODIA","EL SALVADOR","Within",0.441294889107968,"Within",-0.235908469489574,"Multiannual","Within"
"CAMBODIA_FIJI","CAMBODIA","FIJI","Between",0.25626492679617,"Between",-1.06547310734855,"Multiannual","Between"
"CAMBODIA_FRENCH GUIANA","CAMBODIA","FRENCH GUIANA","Within",0.464249795317086,"Within",-0.143245257059621,"Multiannual","Within"
"CAMBODIA_FRENCH POLYNESIA","CAMBODIA","FRENCH POLYNESIA","Between",0.407029617998323,"Between",-0.37625849742658,"Multiannual","Between"
"CAMBODIA_GUADELOUPE","CAMBODIA","GUADELOUPE","Within",0.522607437910668,"Within",0.0904914517527767,"Multiannual","Within"
"CAMBODIA_GUATEMALA","CAMBODIA","GUATEMALA","Within",0.348459613500608,"Within",-0.625817047835845,"Multiannual","Within"
"CAMBODIA_GUYANA","CAMBODIA","GUYANA","Within",0.434383665951162,"Within",-0.26398782680698,"Multiannual","Within"
"CAMBODIA_HONDURAS","CAMBODIA","HONDURAS","Within",0.384848884228431,"Within",-0.469017205586274,"Multiannual","Within"
"CAMBODIA_INDIA","CAMBODIA","INDIA","Within",0.471335593840218,"Within",-0.114783483892925,"Multiannual","Within"
"CAMBODIA_INDONESIA","CAMBODIA","INDONESIA","Within",0.559994729620427,"Within",0.241140667316851,"Multiannual","Within"
"CAMBODIA_JAMAICA","CAMBODIA","JAMAICA","Within",0.48419727500376,"Within",-0.0632319598252977,"Multiannual","Within"
"CAMBODIA_LAO PEOPLE'S DEMOCRATIC REPUBLIC","CAMBODIA","LAO PEOPLE'S DEMOCRATIC REPUBLIC","Within",0.558795659474044,"Within",0.236275734436846,"Multiannual","Within"
"CAMBODIA_MALAYSIA","CAMBODIA","MALAYSIA","Within",0.539953899661131,"Within",0.160157062326487,"Multiannual","Within"
"CAMBODIA_MALDIVES","CAMBODIA","MALDIVES","Between",0.542928176229488,"Between",0.172136496891058,"Multiannual","Between"
"CAMBODIA_MARTINIQUE","CAMBODIA","MARTINIQUE","Within",0.478568122483515,"Within",-0.0857800704471608,"Multiannual","Within"
"CAMBODIA_MEXICO","CAMBODIA","MEXICO","Within",0.420793679855894,"Within",-0.31951611090614,"Multiannual","Within"
"CAMBODIA_MYANMAR","CAMBODIA","MYANMAR","Within",0.250357183874687,"Within",-1.09670821423382,"Multiannual","Within"
"CAMBODIA_NEW CALEDONIA","CAMBODIA","NEW CALEDONIA","Between",0.51659081183911,"Between",0.0663876192163305,"Multiannual","Between"
"CAMBODIA_NICARAGUA","CAMBODIA","NICARAGUA","Within",0.396993466173029,"Within",-0.418008209653119,"Multiannual","Within"
"CAMBODIA_PANAMA","CAMBODIA","PANAMA","Within",0.346320259906844,"Within",-0.635253583855543,"Multiannual","Within"
"CAMBODIA_PARAGUAY","CAMBODIA","PARAGUAY","Between",0.220283921589944,"Between",-1.26401258439382,"Multiannual","Between"
"CAMBODIA_PERU","CAMBODIA","PERU","Between",0.335486495026273,"Between",-0.683473499132129,"Multiannual","Between"
"CAMBODIA_PHILIPPINES","CAMBODIA","PHILIPPINES","Within",0.447976342900441,"Within",-0.208850477428279,"Multiannual","Within"
"CAMBODIA_PUERTO RICO","CAMBODIA","PUERTO RICO","Within",0.161160162199415,"Within",-1.64962112492911,"Multiannual","Within"
"CAMBODIA_SINGAPORE","CAMBODIA","SINGAPORE","Within",0.53770086111152,"Within",0.151090216962176,"Multiannual","Within"
"CAMBODIA_SRI LANKA","CAMBODIA","SRI LANKA","Within",0.357572885927943,"Within",-0.585914151125911,"Multiannual","Within"
"CAMBODIA_SURINAME","CAMBODIA","SURINAME","Within",0.370172138914983,"Within",-0.531478407918414,"Multiannual","Within"
"CAMBODIA_TAIWAN","CAMBODIA","TAIWAN","Within",0.31908766304429,"Within",-0.75796770011208,"Multiannual","Within"
"CAMBODIA_THAILAND","CAMBODIA","THAILAND","Within",0.474145070660462,"Within",-0.103512043848133,"Multiannual","Within"
"CAMBODIA_TRINIDAD AND TOBAGO","CAMBODIA","TRINIDAD AND TOBAGO","Within",0.241564015282197,"Within",-1.14412388641993,"Multiannual","Within"
"CAMBODIA_VANUATU","CAMBODIA","VANUATU","Between",0.245404220643628,"Between",-1.12327548312912,"Multiannual","Between"
"CAMBODIA_VENEZUELA","CAMBODIA","VENEZUELA","Within",0.257069164985808,"Within",-1.06125777842863,"Multiannual","Within"
"CAMBODIA_VIET NAM","CAMBODIA","VIET NAM","Within",0.501394849463302,"Within",0.0055794123270156,"Multiannual","Within"
"CHINA_COLOMBIA","CHINA","COLOMBIA","Within",0.358310482048459,"Within",-0.582704690979043,"Multiannual","Within"
"CHINA_COSTA RICA","CHINA","COSTA RICA","Within",0.238442841237066,"Within",-1.16123560804855,"Multiannual","Within"
"CHINA_DOMINICAN REPUBLIC","CHINA","DOMINICAN REPUBLIC","Within",0.320002659208134,"Within",-0.753759581777646,"Multiannual","Within"
"CHINA_ECUADOR","CHINA","ECUADOR","Between",0.209460468712573,"Between",-1.32818063529164,"Multiannual","Between"
"CHINA_EL SALVADOR","CHINA","EL SALVADOR","Within",0.243409338958586,"Within",-1.13407782021198,"Multiannual","Within"
"CHINA_FIJI","CHINA","FIJI","Between",0.339407144035026,"Between",-0.665937296842412,"Multiannual","Between"
"CHINA_FRENCH GUIANA","CHINA","FRENCH GUIANA","Within",0.192038745200718,"Within",-1.43681695580055,"Multiannual","Within"
"CHINA_FRENCH POLYNESIA","CHINA","FRENCH POLYNESIA","Between",0.234803843892879,"Between",-1.1813817554266,"Multiannual","Between"
"CHINA_GUADELOUPE","CHINA","GUADELOUPE","Within",0.245445936859547,"Within",-1.12305022337724,"Multiannual","Within"
"CHINA_GUATEMALA","CHINA","GUATEMALA","Within",0.4570157448439,"Within",-0.172362480571063,"Multiannual","Within"
"CHINA_GUYANA","CHINA","GUYANA","Within",0.132798180118458,"Within",-1.87644119623391,"Multiannual","Within"
"CHINA_HONDURAS","CHINA","HONDURAS","Within",0.378170955678644,"Within",-0.497318849524196,"Multiannual","Within"
"CHINA_INDIA","CHINA","INDIA","Within",0.279319259039363,"Within",-0.947840813643964,"Multiannual","Within"
"CHINA_INDONESIA","CHINA","INDONESIA","Within",0.274962509651638,"Within",-0.969588604509551,"Multiannual","Within"
"CHINA_JAMAICA","CHINA","JAMAICA","Within",0.449898136307452,"Within",-0.201082274412591,"Multiannual","Within"
"CHINA_LAO PEOPLE'S DEMOCRATIC REPUBLIC","CHINA","LAO PEOPLE'S DEMOCRATIC REPUBLIC","Within",0.278642825179865,"Within",-0.951203637538967,"Multiannual","Within"
"CHINA_MALAYSIA","CHINA","MALAYSIA","Within",0.502830874861859,"Within",0.0113236204429036,"Multiannual","Within"
"CHINA_MALDIVES","CHINA","MALDIVES","Between",0.33207022330839,"Between",-0.698836580758237,"Multiannual","Between"
"CHINA_MARTINIQUE","CHINA","MARTINIQUE","Within",0.152725753788003,"Within",-1.71338057350535,"Multiannual","Within"
"CHINA_MEXICO","CHINA","MEXICO","Within",0.419121718631083,"Within",-0.326379860737589,"Multiannual","Within"
"CHINA_MYANMAR","CHINA","MYANMAR","Within",0.36298099435644,"Within",-0.562449015552832,"Multiannual","Within"
"CHINA_NEW CALEDONIA","CHINA","NEW CALEDONIA","Between",0.366326572151192,"Between",-0.548008514499373,"Multiannual","Between"
"CHINA_NICARAGUA","CHINA","NICARAGUA","Within",0.360399302484188,"Within",-0.573631481170431,"Multiannual","Within"
"CHINA_PANAMA","CHINA","PANAMA","Within",0.357766151906703,"Within",-0.585072920730206,"Multiannual","Within"
"CHINA_PARAGUAY","CHINA","PARAGUAY","Between",0.25307165423014,"Between",-1.08229659093803,"Multiannual","Between"
"CHINA_PERU","CHINA","PERU","Between",0.239805255562956,"Between",-1.15374748434021,"Multiannual","Between"
"CHINA_PHILIPPINES","CHINA","PHILIPPINES","Within",0.301080614565147,"Within",-0.842157355797188,"Multiannual","Within"
"CHINA_PUERTO RICO","CHINA","PUERTO RICO","Within",0.0525002663737952,"Within",-2.89300841245197,"Multiannual","Within"
"CHINA_SINGAPORE","CHINA","SINGAPORE","Within",0.212793155916064,"Within",-1.30817044501086,"Multiannual","Within"
"CHINA_SRI LANKA","CHINA","SRI LANKA","Within",0.314734334265142,"Within",-0.778077696571353,"Multiannual","Within"
"CHINA_SURINAME","CHINA","SURINAME","Within",0.179604955130566,"Within",-1.51902624098277,"Multiannual","Within"
"CHINA_TAIWAN","CHINA","TAIWAN","Within",0.340489279693613,"Within",-0.661114586147217,"Multiannual","Within"
"CHINA_THAILAND","CHINA","THAILAND","Within",0.238562571328305,"Within",-1.16057637094126,"Multiannual","Within"
"CHINA_TRINIDAD AND TOBAGO","CHINA","TRINIDAD AND TOBAGO","Within",0.311599123926968,"Within",-0.792653834496915,"Multiannual","Within"
"CHINA_VANUATU","CHINA","VANUATU","Between",0.262104046622121,"Between",-1.03506128063845,"Multiannual","Between"
"CHINA_VENEZUELA","CHINA","VENEZUELA","Within",0.258941578398385,"Within",-1.05147699352959,"Multiannual","Within"
"CHINA_VIET NAM","CHINA","VIET NAM","Within",0.36017551589996,"Within",-0.574602438342711,"Multiannual","Within"
"COLOMBIA_COSTA RICA","COLOMBIA","COSTA RICA","Within",0.396390457554396,"Within",-0.420527806592262,"Multiannual","Within"
"COLOMBIA_DOMINICAN REPUBLIC","COLOMBIA","DOMINICAN REPUBLIC","Within",0.72326046746679,"Within",0.960692668522585,"Multiannual","Within"
"COLOMBIA_ECUADOR","COLOMBIA","ECUADOR","Between",0.478941786694648,"Between",-0.0842827101865171,"Multiannual","Between"
"COLOMBIA_EL SALVADOR","COLOMBIA","EL SALVADOR","Within",0.301839070032441,"Within",-0.838555640224365,"Multiannual","Within"
"COLOMBIA_FIJI","COLOMBIA","FIJI","Between",0.312269640611033,"Between",-0.789529794316972,"Multiannual","Between"
"COLOMBIA_FRENCH GUIANA","COLOMBIA","FRENCH GUIANA","Within",0.43920278706625,"Within",-0.244398129949291,"Multiannual","Within"
"COLOMBIA_FRENCH POLYNESIA","COLOMBIA","FRENCH POLYNESIA","Between",0.426543365378237,"Between",-0.295968279318122,"Multiannual","Between"
"COLOMBIA_GUADELOUPE","COLOMBIA","GUADELOUPE","Within",0.537426382621771,"Within",0.149986071061911,"Multiannual","Within"
"COLOMBIA_GUATEMALA","COLOMBIA","GUATEMALA","Within",0.666730312297853,"Within",0.69343359957423,"Multiannual","Within"
"COLOMBIA_GUYANA","COLOMBIA","GUYANA","Within",0.523898714922999,"Within",0.0956677581346555,"Multiannual","Within"
"COLOMBIA_HONDURAS","COLOMBIA","HONDURAS","Within",0.667260715634151,"Within",0.695821594056404,"Multiannual","Within"
"COLOMBIA_INDIA","COLOMBIA","INDIA","Within",0.284088605288168,"Within",-0.924270228946864,"Multiannual","Within"
"COLOMBIA_INDONESIA","COLOMBIA","INDONESIA","Within",0.562631399209468,"Within",0.251848385757232,"Multiannual","Within"
"COLOMBIA_JAMAICA","COLOMBIA","JAMAICA","Within",0.513212446768229,"Within",0.0528620934575992,"Multiannual","Within"
"COLOMBIA_LAO PEOPLE'S DEMOCRATIC REPUBLIC","COLOMBIA","LAO PEOPLE'S DEMOCRATIC REPUBLIC","Within",0.426881123236649,"Within",-0.294587584453482,"Multiannual","Within"
"COLOMBIA_MALAYSIA","COLOMBIA","MALAYSIA","Within",0.521617876946664,"Within",0.0865254495737766,"Multiannual","Within"
"COLOMBIA_MALDIVES","COLOMBIA","MALDIVES","Between",0.430616784904465,"Between",-0.279335131737891,"Multiannual","Between"
"COLOMBIA_MARTINIQUE","COLOMBIA","MARTINIQUE","Within",0.551778241077174,"Within",0.207858120840381,"Multiannual","Within"
"COLOMBIA_MEXICO","COLOMBIA","MEXICO","Within",0.480586069980007,"Within",-0.077694780076389,"Multiannual","Within"
"COLOMBIA_MYANMAR","COLOMBIA","MYANMAR","Within",0.213982382551987,"Within",-1.30108551912444,"Multiannual","Within"
"COLOMBIA_NEW CALEDONIA","COLOMBIA","NEW CALEDONIA","Between",0.325664512164189,"Between",-0.727859995820622,"Multiannual","Between"
"COLOMBIA_NICARAGUA","COLOMBIA","NICARAGUA","Within",0.293974489928986,"Within",-0.876158375460505,"Multiannual","Within"
"COLOMBIA_PANAMA","COLOMBIA","PANAMA","Within",0.3669840440714,"Within",-0.545177258199971,"Multiannual","Within"
"COLOMBIA_PARAGUAY","COLOMBIA","PARAGUAY","Between",0.552915083859743,"Between",0.212455888758551,"Multiannual","Between"
"COLOMBIA_PERU","COLOMBIA","PERU","Between",0.456838507511429,"Between",-0.173076730420951,"Multiannual","Between"
"COLOMBIA_PHILIPPINES","COLOMBIA","PHILIPPINES","Within",0.5168809672579,"Within",0.0675495426968291,"Multiannual","Within"
"COLOMBIA_PUERTO RICO","COLOMBIA","PUERTO RICO","Within",0.3035449995412,"Within",-0.830473314854952,"Multiannual","Within"
"COLOMBIA_SINGAPORE","COLOMBIA","SINGAPORE","Within",0.49879540012247,"Within",-0.00481840883254062,"Multiannual","Within"
"COLOMBIA_SRI LANKA","COLOMBIA","SRI LANKA","Within",0.467194778467758,"Within",-0.131409664124555,"Multiannual","Within"
"COLOMBIA_SURINAME","COLOMBIA","SURINAME","Within",0.415890920399405,"Within",-0.339664730225288,"Multiannual","Within"
"COLOMBIA_TAIWAN","COLOMBIA","TAIWAN","Within",0.399761587590461,"Within",-0.406458591920814,"Multiannual","Within"
"COLOMBIA_THAILAND","COLOMBIA","THAILAND","Within",0.444556633146236,"Within",-0.222689198533118,"Multiannual","Within"
"COLOMBIA_TRINIDAD AND TOBAGO","COLOMBIA","TRINIDAD AND TOBAGO","Within",0.490647495268229,"Within",-0.0374143828163388,"Multiannual","Within"
"COLOMBIA_VANUATU","COLOMBIA","VANUATU","Between",0.238589636281409,"Between",-1.16042738206825,"Multiannual","Between"
"COLOMBIA_VENEZUELA","COLOMBIA","VENEZUELA","Within",0.282224457015218,"Within",-0.933454204744018,"Multiannual","Within"
"COLOMBIA_VIET NAM","COLOMBIA","VIET NAM","Within",0.336521232636069,"Within",-0.678835606734689,"Multiannual","Within"
"COSTA RICA_DOMINICAN REPUBLIC","COSTA RICA","DOMINICAN REPUBLIC","Within",0.472147844640612,"Within",-0.11152406899743,"Multiannual","Within"
"COSTA RICA_ECUADOR","COSTA RICA","ECUADOR","Between",0.655052428247066,"Between",0.641322836007422,"Multiannual","Between"
"COSTA RICA_EL SALVADOR","COSTA RICA","EL SALVADOR","Within",0.449570673383537,"Within",-0.202405499357145,"Multiannual","Within"
"COSTA RICA_FIJI","COSTA RICA","FIJI","Between",0.112884152462855,"Between",-2.06161348640625,"Multiannual","Between"
"COSTA RICA_FRENCH GUIANA","COSTA RICA","FRENCH GUIANA","Within",0.496387533615428,"Within",-0.0144501169721544,"Multiannual","Within"
"COSTA RICA_FRENCH POLYNESIA","COSTA RICA","FRENCH POLYNESIA","Between",0.128849679007987,"Between",-1.91116810044979,"Multiannual","Between"
"COSTA RICA_GUADELOUPE","COSTA RICA","GUADELOUPE","Within",0.412471678347609,"Within",-0.353756907057913,"Multiannual","Within"
"COSTA RICA_GUATEMALA","COSTA RICA","GUATEMALA","Within",0.360800196769955,"Within",-0.571892753054574,"Multiannual","Within"
"COSTA RICA_GUYANA","COSTA RICA","GUYANA","Within",0.344662480783973,"Within",-0.642584777829446,"Multiannual","Within"
"COSTA RICA_HONDURAS","COSTA RICA","HONDURAS","Within",0.512127641066256,"Within",0.0485200808487384,"Multiannual","Within"
"COSTA RICA_INDIA","COSTA RICA","INDIA","Within",0.254762408198887,"Within",-1.07337170443375,"Multiannual","Within"
"COSTA RICA_INDONESIA","COSTA RICA","INDONESIA","Within",0.419441616468645,"Within",-0.325066028509198,"Multiannual","Within"
"COSTA RICA_JAMAICA","COSTA RICA","JAMAICA","Within",0.311532757795825,"Within",-0.792963244377134,"Multiannual","Within"
"COSTA RICA_LAO PEOPLE'S DEMOCRATIC REPUBLIC","COSTA RICA","LAO PEOPLE'S DEMOCRATIC REPUBLIC","Within",0.576361803874132,"Within",0.307855815298686,"Multiannual","Within"
"COSTA RICA_MALAYSIA","COSTA RICA","MALAYSIA","Within",0.420833650696535,"Within",-0.319352114193945,"Multiannual","Within"
"COSTA RICA_MALDIVES","COSTA RICA","MALDIVES","Between",0.378116686374777,"Between",-0.497549634370542,"Multiannual","Between"
"COSTA RICA_MARTINIQUE","COSTA RICA","MARTINIQUE","Within",0.438917399682647,"Within",-0.245556892575349,"Multiannual","Within"
"COSTA RICA_MEXICO","COSTA RICA","MEXICO","Within",0.373373181366668,"Within",-0.517772772118145,"Multiannual","Within"
"COSTA RICA_MYANMAR","COSTA RICA","MYANMAR","Within",0.188182959158053,"Within",-1.46186031901194,"Multiannual","Within"
"COSTA RICA_NEW CALEDONIA","COSTA RICA","NEW CALEDONIA","Between",0.293001574731613,"Between",-0.880850455037685,"Multiannual","Between"
"COSTA RICA_NICARAGUA","COSTA RICA","NICARAGUA","Within",0.373113216381836,"Within",-0.518884053174426,"Multiannual","Within"
"COSTA RICA_PANAMA","COSTA RICA","PANAMA","Within",0.539024181303805,"Within",0.156414845575416,"Multiannual","Within"
"COSTA RICA_PARAGUAY","COSTA RICA","PARAGUAY","Between",0.434589309682539,"Between",-0.263150883152296,"Multiannual","Between"
"COSTA RICA_PERU","COSTA RICA","PERU","Between",0.272525423857176,"Between",-0.981847143242571,"Multiannual","Between"
"COSTA RICA_PHILIPPINES","COSTA RICA","PHILIPPINES","Within",0.531395672481097,"Within",0.125748128647417,"Multiannual","Within"
"COSTA RICA_PUERTO RICO","COSTA RICA","PUERTO RICO","Within",0.247845134051965,"Within",-1.11013814986697,"Multiannual","Within"
"COSTA RICA_SINGAPORE","COSTA RICA","SINGAPORE","Within",0.343549007791973,"Within",-0.647518267485165,"Multiannual","Within"
"COSTA RICA_SRI LANKA","COSTA RICA","SRI LANKA","Within",0.37069525570263,"Within",-0.52923531764959,"Multiannual","Within"
"COSTA RICA_SURINAME","COSTA RICA","SURINAME","Within",0.427238603521505,"Within",-0.293126571347428,"Multiannual","Within"
"COSTA RICA_TAIWAN","COSTA RICA","TAIWAN","Within",0.363807292243967,"Within",-0.558877206527466,"Multiannual","Within"
"COSTA RICA_THAILAND","COSTA RICA","THAILAND","Within",0.294422143938466,"Within",-0.874002519859035,"Multiannual","Within"
"COSTA RICA_TRINIDAD AND TOBAGO","COSTA RICA","TRINIDAD AND TOBAGO","Within",0.340496536423842,"Within",-0.661082270456895,"Multiannual","Within"
"COSTA RICA_VANUATU","COSTA RICA","VANUATU","Between",0.0987620756517222,"Between",-2.21105560834226,"Multiannual","Between"
"COSTA RICA_VENEZUELA","COSTA RICA","VENEZUELA","Within",0.343297451189614,"Within",-0.648633898433817,"Multiannual","Within"
"COSTA RICA_VIET NAM","COSTA RICA","VIET NAM","Within",0.107617147012856,"Within",-2.11531525399461,"Multiannual","Within"
"DOMINICAN REPUBLIC_ECUADOR","DOMINICAN REPUBLIC","ECUADOR","Between",0.489559668949228,"Between",-0.0417673951323161,"Multiannual","Between"
"DOMINICAN REPUBLIC_EL SALVADOR","DOMINICAN REPUBLIC","EL SALVADOR","Within",0.378181052460434,"Within",-0.497275913529904,"Multiannual","Within"
"DOMINICAN REPUBLIC_FIJI","DOMINICAN REPUBLIC","FIJI","Between",0.371430106254279,"Between",-0.526086521911108,"Multiannual","Between"
"DOMINICAN REPUBLIC_FRENCH GUIANA","DOMINICAN REPUBLIC","FRENCH GUIANA","Within",0.490806672894745,"Within",-0.0367774532343097,"Multiannual","Within"
"DOMINICAN REPUBLIC_FRENCH POLYNESIA","DOMINICAN REPUBLIC","FRENCH POLYNESIA","Between",0.365573304519133,"Between",-0.551254930682854,"Multiannual","Between"
"DOMINICAN REPUBLIC_GUADELOUPE","DOMINICAN REPUBLIC","GUADELOUPE","Within",0.517136839104055,"Within",0.0685742158671324,"Multiannual","Within"
"DOMINICAN REPUBLIC_GUATEMALA","DOMINICAN REPUBLIC","GUATEMALA","Within",0.522978711587628,"Within",0.0919796391273229,"Multiannual","Within"
"DOMINICAN REPUBLIC_GUYANA","DOMINICAN REPUBLIC","GUYANA","Within",0.447109390572018,"Within",-0.21235688267374,"Multiannual","Within"
"DOMINICAN REPUBLIC_HONDURAS","DOMINICAN REPUBLIC","HONDURAS","Within",0.697410027272175,"Within",0.834994848464596,"Multiannual","Within"
"DOMINICAN REPUBLIC_INDIA","DOMINICAN REPUBLIC","INDIA","Within",0.183890552968614,"Within",-1.49020771242379,"Multiannual","Within"
"DOMINICAN REPUBLIC_INDONESIA","DOMINICAN REPUBLIC","INDONESIA","Within",0.608231105972072,"Within",0.439882808367175,"Multiannual","Within"
"DOMINICAN REPUBLIC_JAMAICA","DOMINICAN REPUBLIC","JAMAICA","Within",0.561987962996936,"Within",0.249234039768414,"Multiannual","Within"
"DOMINICAN REPUBLIC_LAO PEOPLE'S DEMOCRATIC REPUBLIC","DOMINICAN REPUBLIC","LAO PEOPLE'S DEMOCRATIC REPUBLIC","Within",0.516214489736149,"Within",0.0648807090146539,"Multiannual","Within"
"DOMINICAN REPUBLIC_MALAYSIA","DOMINICAN REPUBLIC","MALAYSIA","Within",0.490887032582264,"Within",-0.0364559067267398,"Multiannual","Within"
"DOMINICAN REPUBLIC_MALDIVES","DOMINICAN REPUBLIC","MALDIVES","Between",0.471980571693137,"Between",-0.11219525599372,"Multiannual","Between"
"DOMINICAN REPUBLIC_MARTINIQUE","DOMINICAN REPUBLIC","MARTINIQUE","Within",0.545296504518534,"Within",0.181684143465651,"Multiannual","Within"
"DOMINICAN REPUBLIC_MEXICO","DOMINICAN REPUBLIC","MEXICO","Within",0.539230614897635,"Within",0.157245667762646,"Multiannual","Within"
"DOMINICAN REPUBLIC_MYANMAR","DOMINICAN REPUBLIC","MYANMAR","Within",0.37981172787408,"Within",-0.490347419681453,"Multiannual","Within"
"DOMINICAN REPUBLIC_NEW CALEDONIA","DOMINICAN REPUBLIC","NEW CALEDONIA","Between",0.377418285621338,"Between",-0.500520804474552,"Multiannual","Between"
"DOMINICAN REPUBLIC_NICARAGUA","DOMINICAN REPUBLIC","NICARAGUA","Within",0.346439215658267,"Within",-0.634728162812858,"Multiannual","Within"
"DOMINICAN REPUBLIC_PANAMA","DOMINICAN REPUBLIC","PANAMA","Within",0.399167640679223,"Within",-0.408934478658005,"Multiannual","Within"
"DOMINICAN REPUBLIC_PARAGUAY","DOMINICAN REPUBLIC","PARAGUAY","Between",0.514688647510159,"Between",0.0587715010340245,"Multiannual","Between"
"DOMINICAN REPUBLIC_PERU","DOMINICAN REPUBLIC","PERU","Between",0.358123000210358,"Between",-0.583520192823149,"Multiannual","Between"
"DOMINICAN REPUBLIC_PHILIPPINES","DOMINICAN REPUBLIC","PHILIPPINES","Within",0.570562592623061,"Within",0.284146881555027,"Multiannual","Within"
"DOMINICAN REPUBLIC_PUERTO RICO","DOMINICAN REPUBLIC","PUERTO RICO","Within",0.325762103381664,"Within",-0.727415640231744,"Multiannual","Within"
"DOMINICAN REPUBLIC_SINGAPORE","DOMINICAN REPUBLIC","SINGAPORE","Within",0.497650696938231,"Within",-0.00939728140176237,"Multiannual","Within"
"DOMINICAN REPUBLIC_SRI LANKA","DOMINICAN REPUBLIC","SRI LANKA","Within",0.46294716882123,"Within",-0.148483530395057,"Multiannual","Within"
"DOMINICAN REPUBLIC_SURINAME","DOMINICAN REPUBLIC","SURINAME","Within",0.466899233642362,"Within",-0.13259700077589,"Multiannual","Within"
"DOMINICAN REPUBLIC_TAIWAN","DOMINICAN REPUBLIC","TAIWAN","Within",0.407186934278032,"Within",-0.375606736452578,"Multiannual","Within"
"DOMINICAN REPUBLIC_THAILAND","DOMINICAN REPUBLIC","THAILAND","Within",0.375466259111077,"Within",-0.508836745480359,"Multiannual","Within"
"DOMINICAN REPUBLIC_TRINIDAD AND TOBAGO","DOMINICAN REPUBLIC","TRINIDAD AND TOBAGO","Within",0.438912156547985,"Within",-0.245578182885013,"Multiannual","Within"
"DOMINICAN REPUBLIC_VANUATU","DOMINICAN REPUBLIC","VANUATU","Between",0.25270037534404,"Between",-1.08426170894165,"Multiannual","Between"
"DOMINICAN REPUBLIC_VENEZUELA","DOMINICAN REPUBLIC","VENEZUELA","Within",0.309554708491118,"Within",-0.802201898844683,"Multiannual","Within"
"DOMINICAN REPUBLIC_VIET NAM","DOMINICAN REPUBLIC","VIET NAM","Within",0.301934180229875,"Within",-0.838104348619125,"Multiannual","Within"
"ECUADOR_EL SALVADOR","ECUADOR","EL SALVADOR","Between",0.489807000007094,"Between",-0.0407776495119279,"Multiannual","Between"
"ECUADOR_FIJI","ECUADOR","FIJI","Within",0.127078879442911,"Within",-1.92703720566541,"Multiannual","Within"
"ECUADOR_FRENCH GUIANA","ECUADOR","FRENCH GUIANA","Between",0.401983383746737,"Between",-0.397207786139882,"Multiannual","Between"
"ECUADOR_FRENCH POLYNESIA","ECUADOR","FRENCH POLYNESIA","Within",0.126908324277392,"Within",-1.92857559289717,"Multiannual","Within"
"ECUADOR_GUADELOUPE","ECUADOR","GUADELOUPE","Between",0.440328134112337,"Between",-0.23983044990096,"Multiannual","Between"
"ECUADOR_GUATEMALA","ECUADOR","GUATEMALA","Between",0.487410662550578,"Between",-0.0503679954577004,"Multiannual","Between"
"ECUADOR_GUYANA","ECUADOR","GUYANA","Between",0.413345294027168,"Between",-0.350153104935145,"Multiannual","Between"
"ECUADOR_HONDURAS","ECUADOR","HONDURAS","Between",0.60844652676774,"Between",0.440786939811451,"Multiannual","Between"
"ECUADOR_INDIA","ECUADOR","INDIA","Between",0.281089170343657,"Between",-0.939065378902114,"Multiannual","Between"
"ECUADOR_INDONESIA","ECUADOR","INDONESIA","Between",0.405676282064527,"Between",-0.381868643859669,"Multiannual","Between"
"ECUADOR_JAMAICA","ECUADOR","JAMAICA","Between",0.228691341357309,"Between",-1.21571538886775,"Multiannual","Between"
"ECUADOR_LAO PEOPLE'S DEMOCRATIC REPUBLIC","ECUADOR","LAO PEOPLE'S DEMOCRATIC REPUBLIC","Between",0.518730543812613,"Between",0.0749572517120383,"Multiannual","Between"
"ECUADOR_MALAYSIA","ECUADOR","MALAYSIA","Between",0.383545351882497,"Between",-0.474526884765577,"Multiannual","Between"
"ECUADOR_MALDIVES","ECUADOR","MALDIVES","Within",0.312103536179345,"Within",-0.790303358486818,"Multiannual","Within"
"ECUADOR_MARTINIQUE","ECUADOR","MARTINIQUE","Between",0.422198365329752,"Between",-0.313755353540772,"Multiannual","Between"
"ECUADOR_MEXICO","ECUADOR","MEXICO","Between",0.351540115596787,"Between",-0.612276311174352,"Multiannual","Between"
"ECUADOR_MYANMAR","ECUADOR","MYANMAR","Between",0.191904629163627,"Between",-1.43768155925517,"Multiannual","Between"
"ECUADOR_NEW CALEDONIA","ECUADOR","NEW CALEDONIA","Within",0.266719794717196,"Within",-1.01132925136663,"Multiannual","Within"
"ECUADOR_NICARAGUA","ECUADOR","NICARAGUA","Between",0.341463917332491,"Between",-0.656777300845109,"Multiannual","Between"
"ECUADOR_PANAMA","ECUADOR","PANAMA","Between",0.525605774099474,"Between",0.102512776603464,"Multiannual","Between"
"ECUADOR_PARAGUAY","ECUADOR","PARAGUAY","Within",0.444098750931755,"Within",-0.224543719175845,"Multiannual","Within"
"ECUADOR_PERU","ECUADOR","PERU","Within",0.388430357395319,"Within",-0.453914943299074,"Multiannual","Within"
"ECUADOR_PHILIPPINES","ECUADOR","PHILIPPINES","Between",0.406452474412457,"Between",-0.378650279616725,"Multiannual","Between"
"ECUADOR_PUERTO RICO","ECUADOR","PUERTO RICO","Between",0.334883905294097,"Between",-0.686177683522558,"Multiannual","Between"
"ECUADOR_SINGAPORE","ECUADOR","SINGAPORE","Between",0.325269852138747,"Between",-0.72965767790993,"Multiannual","Between"
"ECUADOR_SRI LANKA","ECUADOR","SRI LANKA","Between",0.357462877495302,"Between",-0.586393075749286,"Multiannual","Between"
"ECUADOR_SURINAME","ECUADOR","SURINAME","Between",0.44706093840073,"Between",-0.21255288658706,"Multiannual","Between"
"ECUADOR_TAIWAN","ECUADOR","TAIWAN","Between",0.349555266916969,"Between",-0.620994653120014,"Multiannual","Between"
"ECUADOR_THAILAND","ECUADOR","THAILAND","Between",0.213906977435312,"Between",-1.30153389910815,"Multiannual","Between"
"ECUADOR_TRINIDAD AND TOBAGO","ECUADOR","TRINIDAD AND TOBAGO","Between",0.420422444287033,"Between",-0.321039460433386,"Multiannual","Between"
"ECUADOR_VANUATU","ECUADOR","VANUATU","Within",0.0747426403786989,"Within",-2.51602117448082,"Multiannual","Within"
"ECUADOR_VENEZUELA","ECUADOR","VENEZUELA","Between",0.262001187426679,"Between",-1.03559317970621,"Multiannual","Between"
"ECUADOR_VIET NAM","ECUADOR","VIET NAM","Between",0.0625484009384191,"Between",-2.70722445679169,"Multiannual","Between"
"EL SALVADOR_FIJI","EL SALVADOR","FIJI","Between",0.0927888351916959,"Between",-2.28004891766526,"Multiannual","Between"
"EL SALVADOR_FRENCH GUIANA","EL SALVADOR","FRENCH GUIANA","Within",0.381183200446492,"Within",-0.484529166303527,"Multiannual","Within"
"EL SALVADOR_FRENCH POLYNESIA","EL SALVADOR","FRENCH POLYNESIA","Between",0.379843776157573,"Between",-0.490211367423906,"Multiannual","Between"
"EL SALVADOR_GUADELOUPE","EL SALVADOR","GUADELOUPE","Within",0.470520459257255,"Within",-0.118055083316102,"Multiannual","Within"
"EL SALVADOR_GUATEMALA","EL SALVADOR","GUATEMALA","Within",0.345211306948649,"Within",-0.640155864109489,"Multiannual","Within"
"EL SALVADOR_GUYANA","EL SALVADOR","GUYANA","Within",0.412251548322496,"Within",-0.35466533587718,"Multiannual","Within"
"EL SALVADOR_HONDURAS","EL SALVADOR","HONDURAS","Within",0.531506417698749,"Within",0.126192869212836,"Multiannual","Within"
"EL SALVADOR_INDIA","EL SALVADOR","INDIA","Within",0.409763123142224,"Within",-0.364944698221549,"Multiannual","Within"
"EL SALVADOR_INDONESIA","EL SALVADOR","INDONESIA","Within",0.549199282274208,"Within",0.197435992755965,"Multiannual","Within"
"EL SALVADOR_JAMAICA","EL SALVADOR","JAMAICA","Within",0.334452914658714,"Within",-0.688113280851936,"Multiannual","Within"
"EL SALVADOR_LAO PEOPLE'S DEMOCRATIC REPUBLIC","EL SALVADOR","LAO PEOPLE'S DEMOCRATIC REPUBLIC","Within",0.255021082954357,"Within",-1.07200969871839,"Multiannual","Within"
"EL SALVADOR_MALAYSIA","EL SALVADOR","MALAYSIA","Within",0.361374370149619,"Within",-0.569403956503002,"Multiannual","Within"
"EL SALVADOR_MALDIVES","EL SALVADOR","MALDIVES","Between",0.404634247322144,"Between",-0.386192361030939,"Multiannual","Between"
"EL SALVADOR_MARTINIQUE","EL SALVADOR","MARTINIQUE","Within",0.344208868079747,"Within",-0.644593694014267,"Multiannual","Within"
"EL SALVADOR_MEXICO","EL SALVADOR","MEXICO","Within",0.31321171488343,"Within",-0.785146704420561,"Multiannual","Within"
"EL SALVADOR_MYANMAR","EL SALVADOR","MYANMAR","Within",0.172014869164863,"Within",-1.57141427458553,"Multiannual","Within"
"EL SALVADOR_NEW CALEDONIA","EL SALVADOR","NEW CALEDONIA","Between",0.186691605199808,"Between",-1.47165228159595,"Multiannual","Between"
"EL SALVADOR_NICARAGUA","EL SALVADOR","NICARAGUA","Within",0.37727559706337,"Within",-0.501128102952915,"Multiannual","Within"
"EL SALVADOR_PANAMA","EL SALVADOR","PANAMA","Within",0.264990034085528,"Within",-1.02019184013359,"Multiannual","Within"
"EL SALVADOR_PARAGUAY","EL SALVADOR","PARAGUAY","Between",0.390865652653588,"Between",-0.443674944986524,"Multiannual","Between"
"EL SALVADOR_PERU","EL SALVADOR","PERU","Between",0.422586776571769,"Between",-0.312163354599998,"Multiannual","Between"
"EL SALVADOR_PHILIPPINES","EL SALVADOR","PHILIPPINES","Within",0.33038378300266,"Within",-0.706449780294211,"Multiannual","Within"
"EL SALVADOR_PUERTO RICO","EL SALVADOR","PUERTO RICO","Within",0.392448116987188,"Within",-0.437033233239075,"Multiannual","Within"
"EL SALVADOR_SINGAPORE","EL SALVADOR","SINGAPORE","Within",0.444977714517181,"Within",-0.220984065787843,"Multiannual","Within"
"EL SALVADOR_SRI LANKA","EL SALVADOR","SRI LANKA","Within",0.300479196565059,"Within",-0.845017011921244,"Multiannual","Within"
"EL SALVADOR_SURINAME","EL SALVADOR","SURINAME","Within",0.29061441103628,"Within",-0.892401887198022,"Multiannual","Within"
"EL SALVADOR_TAIWAN","EL SALVADOR","TAIWAN","Within",0.471643741612833,"Within",-0.113546872097404,"Multiannual","Within"
"EL SALVADOR_THAILAND","EL SALVADOR","THAILAND","Within",0.388900185255737,"Within",-0.451937591229687,"Multiannual","Within"
"EL SALVADOR_TRINIDAD AND TOBAGO","EL SALVADOR","TRINIDAD AND TOBAGO","Within",0.0703287188672243,"Within",-2.58165082838489,"Multiannual","Within"
"EL SALVADOR_VANUATU","EL SALVADOR","VANUATU","Between",0.215850545784923,"Between",-1.29001338202285,"Multiannual","Between"
"EL SALVADOR_VENEZUELA","EL SALVADOR","VENEZUELA","Within",0.466693875386938,"Within",-0.13342207227169,"Multiannual","Within"
"EL SALVADOR_VIET NAM","EL SALVADOR","VIET NAM","Within",0.154462768724907,"Within",-1.70001911382288,"Multiannual","Within"
"FIJI_FRENCH GUIANA","FIJI","FRENCH GUIANA","Between",0.120145236467592,"Between",-1.99105553755965,"Multiannual","Between"
"FIJI_FRENCH POLYNESIA","FIJI","FRENCH POLYNESIA","Within",0.131742270777583,"Within",-1.88564107377895,"Multiannual","Within"
"FIJI_GUADELOUPE","FIJI","GUADELOUPE","Between",0.140113258847137,"Between",-1.81434959692384,"Multiannual","Between"
"FIJI_GUATEMALA","FIJI","GUATEMALA","Between",0.224948841643233,"Between",-1.23705603208034,"Multiannual","Between"
"FIJI_GUYANA","FIJI","GUYANA","Between",0.278186154800242,"Between",-0.953476762337365,"Multiannual","Between"
"FIJI_HONDURAS","FIJI","HONDURAS","Between",0.305062007370354,"Between",-0.823307563548793,"Multiannual","Between"
"FIJI_INDIA","FIJI","INDIA","Between",0.0929473128038514,"Between",-2.27816773432544,"Multiannual","Between"
"FIJI_INDONESIA","FIJI","INDONESIA","Between",0.245811830734967,"Between",-1.1210755707086,"Multiannual","Between"
"FIJI_JAMAICA","FIJI","JAMAICA","Between",0.333139256486791,"Between",-0.694020653565579,"Multiannual","Between"
"FIJI_LAO PEOPLE'S DEMOCRATIC REPUBLIC","FIJI","LAO PEOPLE'S DEMOCRATIC REPUBLIC","Between",0.284282465593238,"Between",-0.923317243068125,"Multiannual","Between"
"FIJI_MALAYSIA","FIJI","MALAYSIA","Between",0.385158137404019,"Between",-0.467711104293154,"Multiannual","Between"
"FIJI_MALDIVES","FIJI","MALDIVES","Within",0.489695401162121,"Within",-0.041224232526225,"Multiannual","Within"
"FIJI_MARTINIQUE","FIJI","MARTINIQUE","Between",0.0959066652884295,"Between",-2.24355711946456,"Multiannual","Between"
"FIJI_MEXICO","FIJI","MEXICO","Between",0.457426181708866,"Between",-0.170708626499589,"Multiannual","Between"
"FIJI_MYANMAR","FIJI","MYANMAR","Between",0.23509961471667,"Between",-1.17973629329337,"Multiannual","Between"
"FIJI_NEW CALEDONIA","FIJI","NEW CALEDONIA","Within",0.411968583157887,"Within",-0.35583328450403,"Multiannual","Within"
"FIJI_NICARAGUA","FIJI","NICARAGUA","Between",0.564621369036744,"Between",0.259939294698424,"Multiannual","Between"
"FIJI_PANAMA","FIJI","PANAMA","Between",0.336404804615213,"Between",-0.679357107618286,"Multiannual","Between"
"FIJI_PARAGUAY","FIJI","PARAGUAY","Within",0.189502216572334,"Within",-1.45324788494539,"Multiannual","Within"
"FIJI_PERU","FIJI","PERU","Within",0.234696713920535,"Within",-1.18197810608328,"Multiannual","Within"
"FIJI_PHILIPPINES","FIJI","PHILIPPINES","Between",0.393346566871803,"Between",-0.433266604824901,"Multiannual","Between"
"FIJI_PUERTO RICO","FIJI","PUERTO RICO","Between",0.203715319113777,"Between",-1.3632332365164,"Multiannual","Between"
"FIJI_SINGAPORE","FIJI","SINGAPORE","Between",0.339894344559585,"Between",-0.663765088187343,"Multiannual","Between"
"FIJI_SRI LANKA","FIJI","SRI LANKA","Between",0.272724493547095,"Between",-0.980843264756407,"Multiannual","Between"
"FIJI_SURINAME","FIJI","SURINAME","Between",0.222368505490407,"Between",-1.25191681417965,"Multiannual","Between"
"FIJI_TAIWAN","FIJI","TAIWAN","Between",0.201090218089802,"Between",-1.37949437206093,"Multiannual","Between"
"FIJI_THAILAND","FIJI","THAILAND","Between",0.189809226251863,"Between",-1.45125024769757,"Multiannual","Between"
"FIJI_TRINIDAD AND TOBAGO","FIJI","TRINIDAD AND TOBAGO","Between",0.224399515676631,"Between",-1.24020953247581,"Multiannual","Between"
"FIJI_VANUATU","FIJI","VANUATU","Within",0.474909858330353,"Within",-0.100444932181943,"Multiannual","Within"
"FIJI_VENEZUELA","FIJI","VENEZUELA","Between",0.132411014954303,"Between",-1.87980724842063,"Multiannual","Between"
"FIJI_VIET NAM","FIJI","VIET NAM","Between",0.504510991564656,"Between",0.0180444558525061,"Multiannual","Between"
"FRENCH GUIANA_FRENCH POLYNESIA","FRENCH GUIANA","FRENCH POLYNESIA","Between",0.234614920916333,"Between",-1.18243354281309,"Multiannual","Between"
"FRENCH GUIANA_GUADELOUPE","FRENCH GUIANA","GUADELOUPE","Within",0.532463454227013,"Within",0.130036746218942,"Multiannual","Within"
"FRENCH GUIANA_GUATEMALA","FRENCH GUIANA","GUATEMALA","Within",0.405096310980485,"Within",-0.384274681524106,"Multiannual","Within"
"FRENCH GUIANA_GUYANA","FRENCH GUIANA","GUYANA","Within",0.367342980530961,"Within",-0.54363247842883,"Multiannual","Within"
"FRENCH GUIANA_HONDURAS","FRENCH GUIANA","HONDURAS","Within",0.501583435258518,"Within",0.00633376220803969,"Multiannual","Within"
"FRENCH GUIANA_INDIA","FRENCH GUIANA","INDIA","Within",0.239721138824868,"Within",-1.15420896235486,"Multiannual","Within"
"FRENCH GUIANA_INDONESIA","FRENCH GUIANA","INDONESIA","Within",0.529775076616908,"Within",0.119241392108062,"Multiannual","Within"
"FRENCH GUIANA_JAMAICA","FRENCH GUIANA","JAMAICA","Within",0.353479794215046,"Within",-0.603778127356863,"Multiannual","Within"
"FRENCH GUIANA_LAO PEOPLE'S DEMOCRATIC REPUBLIC","FRENCH GUIANA","LAO PEOPLE'S DEMOCRATIC REPUBLIC","Within",0.55897536493325,"Within",0.237004666581145,"Multiannual","Within"
"FRENCH GUIANA_MALAYSIA","FRENCH GUIANA","MALAYSIA","Within",0.3788091726958,"Within",-0.494605748913629,"Multiannual","Within"
"FRENCH GUIANA_MALDIVES","FRENCH GUIANA","MALDIVES","Between",0.405741573441036,"Between",-0.381597847978272,"Multiannual","Between"
"FRENCH GUIANA_MARTINIQUE","FRENCH GUIANA","MARTINIQUE","Within",0.562530171910646,"Within",0.251437032539991,"Multiannual","Within"
"FRENCH GUIANA_MEXICO","FRENCH GUIANA","MEXICO","Within",0.458543572981252,"Within",-0.166207275071229,"Multiannual","Within"
"FRENCH GUIANA_MYANMAR","FRENCH GUIANA","MYANMAR","Within",0.234663004206643,"Within",-1.18216579391,"Multiannual","Within"
"FRENCH GUIANA_NEW CALEDONIA","FRENCH GUIANA","NEW CALEDONIA","Between",0.423030715567346,"Between",-0.310344241827767,"Multiannual","Between"
"FRENCH GUIANA_NICARAGUA","FRENCH GUIANA","NICARAGUA","Within",0.257199114968246,"Within",-1.06057746962633,"Multiannual","Within"
"FRENCH GUIANA_PANAMA","FRENCH GUIANA","PANAMA","Within",0.352171977629058,"Within",-0.609505634457311,"Multiannual","Within"
"FRENCH GUIANA_PARAGUAY","FRENCH GUIANA","PARAGUAY","Between",0.327475279276296,"Between",-0.719626301140334,"Multiannual","Between"
"FRENCH GUIANA_PERU","FRENCH GUIANA","PERU","Between",0.352194794759399,"Between",-0.609405625228837,"Multiannual","Between"
"FRENCH GUIANA_PHILIPPINES","FRENCH GUIANA","PHILIPPINES","Within",0.411693724194695,"Within",-0.356968004486294,"Multiannual","Within"
"FRENCH GUIANA_PUERTO RICO","FRENCH GUIANA","PUERTO RICO","Within",0.206208079652387,"Within",-1.34793560746228,"Multiannual","Within"
"FRENCH GUIANA_SINGAPORE","FRENCH GUIANA","SINGAPORE","Within",0.399333039356169,"Within",-0.408244885081043,"Multiannual","Within"
"FRENCH GUIANA_SRI LANKA","FRENCH GUIANA","SRI LANKA","Within",0.335297473545938,"Within",-0.684321493396488,"Multiannual","Within"
"FRENCH GUIANA_SURINAME","FRENCH GUIANA","SURINAME","Within",0.557160085212137,"Within",0.22964426619068,"Multiannual","Within"
"FRENCH GUIANA_TAIWAN","FRENCH GUIANA","TAIWAN","Within",0.320623976731013,"Within",-0.75090573962832,"Multiannual","Within"
"FRENCH GUIANA_THAILAND","FRENCH GUIANA","THAILAND","Within",0.394264114745866,"Within",-0.429423031438894,"Multiannual","Within"
"FRENCH GUIANA_TRINIDAD AND TOBAGO","FRENCH GUIANA","TRINIDAD AND TOBAGO","Within",0.406588511505898,"Within",-0.378086422356725,"Multiannual","Within"
"FRENCH GUIANA_VANUATU","FRENCH GUIANA","VANUATU","Between",0.133917780909964,"Between",-1.86675380893054,"Multiannual","Between"
"FRENCH GUIANA_VENEZUELA","FRENCH GUIANA","VENEZUELA","Within",0.33704661150076,"Within",-0.676483449945082,"Multiannual","Within"
"FRENCH GUIANA_VIET NAM","FRENCH GUIANA","VIET NAM","Within",0.332763594135188,"Within",-0.695712104360402,"Multiannual","Within"
"FRENCH POLYNESIA_GUADELOUPE","FRENCH POLYNESIA","GUADELOUPE","Between",0.365751048884327,"Between",-0.550488637079298,"Multiannual","Between"
"FRENCH POLYNESIA_GUATEMALA","FRENCH POLYNESIA","GUATEMALA","Between",0.277886706329558,"Between",-0.954968543585191,"Multiannual","Between"
"FRENCH POLYNESIA_GUYANA","FRENCH POLYNESIA","GUYANA","Between",0.3271141107307,"Between",-0.721266687444882,"Multiannual","Between"
"FRENCH POLYNESIA_HONDURAS","FRENCH POLYNESIA","HONDURAS","Between",0.20888184716387,"Between",-1.33167856055326,"Multiannual","Between"
"FRENCH POLYNESIA_INDIA","FRENCH POLYNESIA","INDIA","Between",0.407858940842616,"Between",-0.372823500708803,"Multiannual","Between"
"FRENCH POLYNESIA_INDONESIA","FRENCH POLYNESIA","INDONESIA","Between",0.437893677220682,"Between",-0.249714883602915,"Multiannual","Between"
"FRENCH POLYNESIA_JAMAICA","FRENCH POLYNESIA","JAMAICA","Between",0.221593713274013,"Between",-1.25640302254282,"Multiannual","Between"
"FRENCH POLYNESIA_LAO PEOPLE'S DEMOCRATIC REPUBLIC","FRENCH POLYNESIA","LAO PEOPLE'S DEMOCRATIC REPUBLIC","Between",0.0941350094495834,"Between",-2.26416025532633,"Multiannual","Between"
"FRENCH POLYNESIA_MALAYSIA","FRENCH POLYNESIA","MALAYSIA","Between",0.411584871992101,"Between",-0.357417449676258,"Multiannual","Between"
"FRENCH POLYNESIA_MALDIVES","FRENCH POLYNESIA","MALDIVES","Within",0.242188810364538,"Within",-1.1407166343531,"Multiannual","Within"
"FRENCH POLYNESIA_MARTINIQUE","FRENCH POLYNESIA","MARTINIQUE","Between",0.32340392262084,"Between",-0.738172382396418,"Multiannual","Between"
"FRENCH POLYNESIA_MEXICO","FRENCH POLYNESIA","MEXICO","Between",0.369409960360246,"Between",-0.534748920914526,"Multiannual","Between"
"FRENCH POLYNESIA_MYANMAR","FRENCH POLYNESIA","MYANMAR","Between",0.376478751615463,"Between",-0.504521234709732,"Multiannual","Between"
"FRENCH POLYNESIA_NEW CALEDONIA","FRENCH POLYNESIA","NEW CALEDONIA","Within",0.125421013913095,"Within",-1.94206642258153,"Multiannual","Within"
"FRENCH POLYNESIA_NICARAGUA","FRENCH POLYNESIA","NICARAGUA","Between",0.153439122100114,"Between",-1.7078782265107,"Multiannual","Between"
"FRENCH POLYNESIA_PANAMA","FRENCH POLYNESIA","PANAMA","Between",0.211942179152081,"Between",-1.31325796625344,"Multiannual","Between"
"FRENCH POLYNESIA_PARAGUAY","FRENCH POLYNESIA","PARAGUAY","Within",0.359301937645488,"Within",-0.578395217437537,"Multiannual","Within"
"FRENCH POLYNESIA_PERU","FRENCH POLYNESIA","PERU","Within",0.258122637395434,"Within",-1.05574913927261,"Multiannual","Within"
"FRENCH POLYNESIA_PHILIPPINES","FRENCH POLYNESIA","PHILIPPINES","Between",0.245518060097909,"Between",-1.12266083232751,"Multiannual","Between"
"FRENCH POLYNESIA_PUERTO RICO","FRENCH POLYNESIA","PUERTO RICO","Between",0.274802222884923,"Between",-0.970392764257041,"Multiannual","Between"
"FRENCH POLYNESIA_SINGAPORE","FRENCH POLYNESIA","SINGAPORE","Between",0.443325644413699,"Between",-0.227675840108238,"Multiannual","Between"
"FRENCH POLYNESIA_SRI LANKA","FRENCH POLYNESIA","SRI LANKA","Between",0.364063546201092,"Between",-0.557770213062327,"Multiannual","Between"
"FRENCH POLYNESIA_SURINAME","FRENCH POLYNESIA","SURINAME","Between",0.159020747936679,"Between",-1.66553230523879,"Multiannual","Between"
"FRENCH POLYNESIA_TAIWAN","FRENCH POLYNESIA","TAIWAN","Between",0.329799183774509,"Between",-0.709093457974013,"Multiannual","Between"
"FRENCH POLYNESIA_THAILAND","FRENCH POLYNESIA","THAILAND","Between",0.425887956758818,"Between",-0.29864827518302,"Multiannual","Between"
"FRENCH POLYNESIA_TRINIDAD AND TOBAGO","FRENCH POLYNESIA","TRINIDAD AND TOBAGO","Between",0.141723934961574,"Between",-1.80104475650207,"Multiannual","Between"
"FRENCH POLYNESIA_VANUATU","FRENCH POLYNESIA","VANUATU","Within",0.362709765899027,"Within",-0.563622206856051,"Multiannual","Within"
"FRENCH POLYNESIA_VENEZUELA","FRENCH POLYNESIA","VENEZUELA","Between",0.314690632262277,"Between",-0.778280331613531,"Multiannual","Between"
"FRENCH POLYNESIA_VIET NAM","FRENCH POLYNESIA","VIET NAM","Between",0.185769236842339,"Between",-1.47773857733191,"Multiannual","Between"
"GUADELOUPE_GUATEMALA","GUADELOUPE","GUATEMALA","Within",0.399959506763247,"Within",-0.405633832775122,"Multiannual","Within"
"GUADELOUPE_GUYANA","GUADELOUPE","GUYANA","Within",0.485339178999925,"Within",-0.058660099032944,"Multiannual","Within"
"GUADELOUPE_HONDURAS","GUADELOUPE","HONDURAS","Within",0.516167594579075,"Within",0.0646929314828139,"Multiannual","Within"
"GUADELOUPE_INDIA","GUADELOUPE","INDIA","Within",0.421142611633434,"Within",-0.318084619147217,"Multiannual","Within"
"GUADELOUPE_INDONESIA","GUADELOUPE","INDONESIA","Within",0.566356321063166,"Within",0.267000242031469,"Multiannual","Within"
"GUADELOUPE_JAMAICA","GUADELOUPE","JAMAICA","Within",0.506482806253989,"Within",0.0259326782369499,"Multiannual","Within"
"GUADELOUPE_LAO PEOPLE'S DEMOCRATIC REPUBLIC","GUADELOUPE","LAO PEOPLE'S DEMOCRATIC REPUBLIC","Within",0.563320958897,"Within",0.254651087023336,"Multiannual","Within"
"GUADELOUPE_MALAYSIA","GUADELOUPE","MALAYSIA","Within",0.439971834598615,"Within",-0.241276365236484,"Multiannual","Within"
"GUADELOUPE_MALDIVES","GUADELOUPE","MALDIVES","Between",0.483149225408748,"Between",-0.0674286344571305,"Multiannual","Between"
"GUADELOUPE_MARTINIQUE","GUADELOUPE","MARTINIQUE","Within",0.744336230771972,"Within",1.06862967606832,"Multiannual","Within"
"GUADELOUPE_MEXICO","GUADELOUPE","MEXICO","Within",0.476863875663507,"Within",-0.0926106319836256,"Multiannual","Within"
"GUADELOUPE_MYANMAR","GUADELOUPE","MYANMAR","Within",0.290311991634115,"Within",-0.893869270715421,"Multiannual","Within"
"GUADELOUPE_NEW CALEDONIA","GUADELOUPE","NEW CALEDONIA","Between",0.311197334623941,"Between",-0.794527595265151,"Multiannual","Between"
"GUADELOUPE_NICARAGUA","GUADELOUPE","NICARAGUA","Within",0.418906446397706,"Within",-0.327264148875275,"Multiannual","Within"
"GUADELOUPE_PANAMA","GUADELOUPE","PANAMA","Within",0.350341660162128,"Within",-0.617537743449299,"Multiannual","Within"
"GUADELOUPE_PARAGUAY","GUADELOUPE","PARAGUAY","Between",0.425113334674199,"Between",-0.301817114392646,"Multiannual","Between"
"GUADELOUPE_PERU","GUADELOUPE","PERU","Between",0.377676346222481,"Between",-0.499422699177819,"Multiannual","Between"
"GUADELOUPE_PHILIPPINES","GUADELOUPE","PHILIPPINES","Within",0.401150463829819,"Within",-0.40067379640967,"Multiannual","Within"
"GUADELOUPE_PUERTO RICO","GUADELOUPE","PUERTO RICO","Within",0.320892005258992,"Within",-0.749675530294817,"Multiannual","Within"
"GUADELOUPE_SINGAPORE","GUADELOUPE","SINGAPORE","Within",0.517044595147531,"Within",0.0682048084352573,"Multiannual","Within"
"GUADELOUPE_SRI LANKA","GUADELOUPE","SRI LANKA","Within",0.328745782820952,"Within",-0.713863172890567,"Multiannual","Within"
"GUADELOUPE_SURINAME","GUADELOUPE","SURINAME","Within",0.441362485684048,"Within",-0.23563430817774,"Multiannual","Within"
"GUADELOUPE_TAIWAN","GUADELOUPE","TAIWAN","Within",0.425236362721546,"Within",-0.301313728772262,"Multiannual","Within"
"GUADELOUPE_THAILAND","GUADELOUPE","THAILAND","Within",0.369082549409561,"Within",-0.536154700672146,"Multiannual","Within"
"GUADELOUPE_TRINIDAD AND TOBAGO","GUADELOUPE","TRINIDAD AND TOBAGO","Within",0.218824198293268,"Within",-1.27253156280208,"Multiannual","Within"
"GUADELOUPE_VANUATU","GUADELOUPE","VANUATU","Between",0.34798789920476,"Between",-0.627895414486542,"Multiannual","Between"
"GUADELOUPE_VENEZUELA","GUADELOUPE","VENEZUELA","Within",0.378409697521204,"Within",-0.496303733480825,"Multiannual","Within"
"GUADELOUPE_VIET NAM","GUADELOUPE","VIET NAM","Within",0.372115002033407,"Within",-0.523154073693194,"Multiannual","Within"
"GUATEMALA_GUYANA","GUATEMALA","GUYANA","Within",0.496604785296789,"Within",-0.0135810675561087,"Multiannual","Within"
"GUATEMALA_HONDURAS","GUATEMALA","HONDURAS","Within",0.615466116774282,"Within",0.47034798630245,"Multiannual","Within"
"GUATEMALA_INDIA","GUATEMALA","INDIA","Within",0.237866275841296,"Within",-1.16441338175936,"Multiannual","Within"
"GUATEMALA_INDONESIA","GUATEMALA","INDONESIA","Within",0.431596188403105,"Within",-0.275341700009081,"Multiannual","Within"
"GUATEMALA_JAMAICA","GUATEMALA","JAMAICA","Within",0.319458298175614,"Within",-0.756262358209788,"Multiannual","Within"
"GUATEMALA_LAO PEOPLE'S DEMOCRATIC REPUBLIC","GUATEMALA","LAO PEOPLE'S DEMOCRATIC REPUBLIC","Within",0.373314711178458,"Within",-0.518022689313999,"Multiannual","Within"
"GUATEMALA_MALAYSIA","GUATEMALA","MALAYSIA","Within",0.443386048131821,"Within",-0.227431083976349,"Multiannual","Within"
"GUATEMALA_MALDIVES","GUATEMALA","MALDIVES","Between",0.290653962114316,"Between",-0.892210046222835,"Multiannual","Between"
"GUATEMALA_MARTINIQUE","GUATEMALA","MARTINIQUE","Within",0.406921602018373,"Within",-0.376706053107175,"Multiannual","Within"
"GUATEMALA_MEXICO","GUATEMALA","MEXICO","Within",0.433291105069269,"Within",-0.268435958872855,"Multiannual","Within"
"GUATEMALA_MYANMAR","GUATEMALA","MYANMAR","Within",0.270209673506288,"Within",-0.993559042737667,"Multiannual","Within"
"GUATEMALA_NEW CALEDONIA","GUATEMALA","NEW CALEDONIA","Between",0.225351918999639,"Between",-1.23474557245078,"Multiannual","Between"
"GUATEMALA_NICARAGUA","GUATEMALA","NICARAGUA","Within",0.303418803709419,"Within",-0.831070322390441,"Multiannual","Within"
"GUATEMALA_PANAMA","GUATEMALA","PANAMA","Within",0.374615494294363,"Within",-0.512466518309248,"Multiannual","Within"
"GUATEMALA_PARAGUAY","GUATEMALA","PARAGUAY","Between",0.449594837068621,"Between",-0.202307851775799,"Multiannual","Between"
"GUATEMALA_PERU","GUATEMALA","PERU","Between",0.491382567597495,"Between",-0.0344731431877425,"Multiannual","Between"
"GUATEMALA_PHILIPPINES","GUATEMALA","PHILIPPINES","Within",0.469820748995046,"Within",-0.120863921968176,"Multiannual","Within"
"GUATEMALA_PUERTO RICO","GUATEMALA","PUERTO RICO","Within",0.247950771342277,"Within",-1.10957156163916,"Multiannual","Within"
"GUATEMALA_SINGAPORE","GUATEMALA","SINGAPORE","Within",0.380228059020071,"Within",-0.488580345226089,"Multiannual","Within"
"GUATEMALA_SRI LANKA","GUATEMALA","SRI LANKA","Within",0.391361282616311,"Within",-0.441593722742145,"Multiannual","Within"
"GUATEMALA_SURINAME","GUATEMALA","SURINAME","Within",0.408678774264405,"Within",-0.369429944447494,"Multiannual","Within"
"GUATEMALA_TAIWAN","GUATEMALA","TAIWAN","Within",0.40963090417678,"Within",-0.365491406913919,"Multiannual","Within"
"GUATEMALA_THAILAND","GUATEMALA","THAILAND","Within",0.401032102650038,"Within",-0.40116652235352,"Multiannual","Within"
"GUATEMALA_TRINIDAD AND TOBAGO","GUATEMALA","TRINIDAD AND TOBAGO","Within",0.389049745986008,"Within",-0.451308321376938,"Multiannual","Within"
"GUATEMALA_VANUATU","GUATEMALA","VANUATU","Between",0.190856544416409,"Between",-1.44445415642274,"Multiannual","Between"
"GUATEMALA_VENEZUELA","GUATEMALA","VENEZUELA","Within",0.228345528886693,"Within",-1.21767691420413,"Multiannual","Within"
"GUATEMALA_VIET NAM","GUATEMALA","VIET NAM","Within",0.30833509675051,"Within",-0.807914426455826,"Multiannual","Within"
"GUYANA_HONDURAS","GUYANA","HONDURAS","Within",0.513787358248005,"Within",0.055163417271821,"Multiannual","Within"
"GUYANA_INDIA","GUYANA","INDIA","Within",0.266884276344557,"Within",-1.01048842365697,"Multiannual","Within"
"GUYANA_INDONESIA","GUYANA","INDONESIA","Within",0.607871342107187,"Within",0.438373256345681,"Multiannual","Within"
"GUYANA_JAMAICA","GUYANA","JAMAICA","Within",0.386532872230696,"Within",-0.461909765786794,"Multiannual","Within"
"GUYANA_LAO PEOPLE'S DEMOCRATIC REPUBLIC","GUYANA","LAO PEOPLE'S DEMOCRATIC REPUBLIC","Within",0.390674180451067,"Within",-0.444479217593527,"Multiannual","Within"
"GUYANA_MALAYSIA","GUYANA","MALAYSIA","Within",0.505009924804773,"Within",0.0200403699039675,"Multiannual","Within"
"GUYANA_MALDIVES","GUYANA","MALDIVES","Between",0.413473980488772,"Between",-0.34962244372599,"Multiannual","Between"
"GUYANA_MARTINIQUE","GUYANA","MARTINIQUE","Within",0.519171165559751,"Within",0.0767222743403242,"Multiannual","Within"
"GUYANA_MEXICO","GUYANA","MEXICO","Within",0.338987093014412,"Within",-0.667811333162454,"Multiannual","Within"
"GUYANA_MYANMAR","GUYANA","MYANMAR","Within",0.319604265603022,"Within",-0.755591030748372,"Multiannual","Within"
"GUYANA_NEW CALEDONIA","GUYANA","NEW CALEDONIA","Between",0.138392232986149,"Between",-1.82870821887507,"Multiannual","Between"
"GUYANA_NICARAGUA","GUYANA","NICARAGUA","Within",0.320986752953943,"Within",-0.749240782786903,"Multiannual","Within"
"GUYANA_PANAMA","GUYANA","PANAMA","Within",0.31148383610334,"Within",-0.793191348505041,"Multiannual","Within"
"GUYANA_PARAGUAY","GUYANA","PARAGUAY","Between",0.454649141626244,"Between",-0.181903360178301,"Multiannual","Between"
"GUYANA_PERU","GUYANA","PERU","Between",0.581068939720107,"Between",0.327163034371332,"Multiannual","Between"
"GUYANA_PHILIPPINES","GUYANA","PHILIPPINES","Within",0.328982332227844,"Within",-0.712791419246685,"Multiannual","Within"
"GUYANA_PUERTO RICO","GUYANA","PUERTO RICO","Within",0.453003975617105,"Within",-0.188540632715762,"Multiannual","Within"
"GUYANA_SINGAPORE","GUYANA","SINGAPORE","Within",0.455122430153599,"Within",-0.179994666926861,"Multiannual","Within"
"GUYANA_SRI LANKA","GUYANA","SRI LANKA","Within",0.383233429093569,"Within",-0.47584634419181,"Multiannual","Within"
"GUYANA_SURINAME","GUYANA","SURINAME","Within",0.367606749607175,"Within",-0.54249768068051,"Multiannual","Within"
"GUYANA_TAIWAN","GUYANA","TAIWAN","Within",0.532479631161332,"Within",0.130101728023766,"Multiannual","Within"
"GUYANA_THAILAND","GUYANA","THAILAND","Within",0.365834276117809,"Within",-0.550129881050378,"Multiannual","Within"
"GUYANA_TRINIDAD AND TOBAGO","GUYANA","TRINIDAD AND TOBAGO","Within",0.195188850884746,"Within",-1.41664009654528,"Multiannual","Within"
"GUYANA_VANUATU","GUYANA","VANUATU","Between",0.377917680255081,"Between",-0.498396036039139,"Multiannual","Between"
"GUYANA_VENEZUELA","GUYANA","VENEZUELA","Within",0.291603315263902,"Within",-0.887609856677979,"Multiannual","Within"
"GUYANA_VIET NAM","GUYANA","VIET NAM","Within",0.273873136361785,"Within",-0.975059749673471,"Multiannual","Within"
"HONDURAS_INDIA","HONDURAS","INDIA","Within",0.12802893304307,"Within",-1.9184999654877,"Multiannual","Within"
"HONDURAS_INDONESIA","HONDURAS","INDONESIA","Within",0.55169907086595,"Within",0.207538012416524,"Multiannual","Within"
"HONDURAS_JAMAICA","HONDURAS","JAMAICA","Within",0.476339844329902,"Within",-0.0947113578744752,"Multiannual","Within"
"HONDURAS_LAO PEOPLE'S DEMOCRATIC REPUBLIC","HONDURAS","LAO PEOPLE'S DEMOCRATIC REPUBLIC","Within",0.584295254550928,"Within",0.340431166175194,"Multiannual","Within"
"HONDURAS_MALAYSIA","HONDURAS","MALAYSIA","Within",0.434539710184209,"Within",-0.263352738363074,"Multiannual","Within"
"HONDURAS_MALDIVES","HONDURAS","MALDIVES","Between",0.396436900772406,"Between",-0.420333702682529,"Multiannual","Between"
"HONDURAS_MARTINIQUE","HONDURAS","MARTINIQUE","Within",0.54121744068481,"Within",0.165244750894316,"Multiannual","Within"
"HONDURAS_MEXICO","HONDURAS","MEXICO","Within",0.467481786890842,"Within",-0.130256710572988,"Multiannual","Within"
"HONDURAS_MYANMAR","HONDURAS","MYANMAR","Within",0.396533248533115,"Within",-0.419931053549137,"Multiannual","Within"
"HONDURAS_NEW CALEDONIA","HONDURAS","NEW CALEDONIA","Between",0.376066694363835,"Between",-0.506276974376428,"Multiannual","Between"
"HONDURAS_NICARAGUA","HONDURAS","NICARAGUA","Within",0.389424288531678,"Within",-0.449732836130957,"Multiannual","Within"
"HONDURAS_PANAMA","HONDURAS","PANAMA","Within",0.458771539760254,"Within",-0.165289130778629,"Multiannual","Within"
"HONDURAS_PARAGUAY","HONDURAS","PARAGUAY","Between",0.452052005278272,"Between",-0.192383153162692,"Multiannual","Between"
"HONDURAS_PERU","HONDURAS","PERU","Between",0.313280030287625,"Between",-0.784829139876282,"Multiannual","Between"
"HONDURAS_PHILIPPINES","HONDURAS","PHILIPPINES","Within",0.531763260470668,"Within",0.127224369472918,"Multiannual","Within"
"HONDURAS_PUERTO RICO","HONDURAS","PUERTO RICO","Within",0.357103006091223,"Within",-0.587960242675967,"Multiannual","Within"
"HONDURAS_SINGAPORE","HONDURAS","SINGAPORE","Within",0.458820338165376,"Within",-0.16509260251517,"Multiannual","Within"
"HONDURAS_SRI LANKA","HONDURAS","SRI LANKA","Within",0.36012875547559,"Within",-0.574805354077577,"Multiannual","Within"
"HONDURAS_SURINAME","HONDURAS","SURINAME","Within",0.48567819584182,"Within",-0.0573028915690182,"Multiannual","Within"
"HONDURAS_TAIWAN","HONDURAS","TAIWAN","Within",0.518615546897986,"Within",0.0744966215966196,"Multiannual","Within"
"HONDURAS_THAILAND","HONDURAS","THAILAND","Within",0.380857388144638,"Within",-0.485910641144397,"Multiannual","Within"
"HONDURAS_TRINIDAD AND TOBAGO","HONDURAS","TRINIDAD AND TOBAGO","Within",0.491657264818607,"Within",-0.0333740381210263,"Multiannual","Within"
"HONDURAS_VANUATU","HONDURAS","VANUATU","Between",0.210865627793919,"Between",-1.31971551781329,"Multiannual","Between"
"HONDURAS_VENEZUELA","HONDURAS","VENEZUELA","Within",0.407183560466434,"Within",-0.375620713318183,"Multiannual","Within"
"HONDURAS_VIET NAM","HONDURAS","VIET NAM","Within",0.241832960963752,"Within",-1.14265648560937,"Multiannual","Within"
"INDIA_INDONESIA","INDIA","INDONESIA","Within",0.436825745368504,"Within",-0.254054727586123,"Multiannual","Within"
"INDIA_JAMAICA","INDIA","JAMAICA","Within",0.184063215513301,"Within",-1.4890576207942,"Multiannual","Within"
"INDIA_LAO PEOPLE'S DEMOCRATIC REPUBLIC","INDIA","LAO PEOPLE'S DEMOCRATIC REPUBLIC","Within",0.301770734521906,"Within",-0.838879937544465,"Multiannual","Within"
"INDIA_MALAYSIA","INDIA","MALAYSIA","Within",0.269772588864364,"Within",-0.995776667103225,"Multiannual","Within"
"INDIA_MALDIVES","INDIA","MALDIVES","Between",0.221638039044953,"Between",-1.25614606494688,"Multiannual","Between"
"INDIA_MARTINIQUE","INDIA","MARTINIQUE","Within",0.233468983803286,"Within",-1.18882592559016,"Multiannual","Within"
"INDIA_MEXICO","INDIA","MEXICO","Within",0.284431273491027,"Within",-0.922585993272488,"Multiannual","Within"
"INDIA_MYANMAR","INDIA","MYANMAR","Within",0.0866402804303681,"Within",-2.35536496091801,"Multiannual","Within"
"INDIA_NEW CALEDONIA","INDIA","NEW CALEDONIA","Between",0.192169719941248,"Between",-1.43597304743109,"Multiannual","Between"
"INDIA_NICARAGUA","INDIA","NICARAGUA","Within",0.361771469813953,"Within",-0.567683703374792,"Multiannual","Within"
"INDIA_PANAMA","INDIA","PANAMA","Within",0.211895819640155,"Within",-1.31353555260209,"Multiannual","Within"
"INDIA_PARAGUAY","INDIA","PARAGUAY","Between",0.16566785802107,"Between",-1.61664664617413,"Multiannual","Between"
"INDIA_PERU","INDIA","PERU","Between",0.379217348601732,"Between",-0.492871503055274,"Multiannual","Between"
"INDIA_PHILIPPINES","INDIA","PHILIPPINES","Within",0.33664364655239,"Within",-0.678287389885783,"Multiannual","Within"
"INDIA_PUERTO RICO","INDIA","PUERTO RICO","Within",0.0509914847676485,"Within",-2.92375911797341,"Multiannual","Within"
"INDIA_SINGAPORE","INDIA","SINGAPORE","Within",0.380608160647046,"Within",-0.486967696204188,"Multiannual","Within"
"INDIA_SRI LANKA","INDIA","SRI LANKA","Within",0.41746339554174,"Within",-0.333195158639102,"Multiannual","Within"
"INDIA_SURINAME","INDIA","SURINAME","Within",0.122426463755157,"Within",-1.96965019995845,"Multiannual","Within"
"INDIA_TAIWAN","INDIA","TAIWAN","Within",0.170209534184488,"Within",-1.58414298598935,"Multiannual","Within"
"INDIA_THAILAND","INDIA","THAILAND","Within",0.20329210551393,"Within",-1.36584421714621,"Multiannual","Within"
"INDIA_TRINIDAD AND TOBAGO","INDIA","TRINIDAD AND TOBAGO","Within",0.0514800820438852,"Within",-2.91370781215045,"Multiannual","Within"
"INDIA_VANUATU","INDIA","VANUATU","Between",0.317270312035321,"Between",-0.766344879711903,"Multiannual","Between"
"INDIA_VENEZUELA","INDIA","VENEZUELA","Within",0.0528855195924304,"Within",-2.88529040364098,"Multiannual","Within"
"INDIA_VIET NAM","INDIA","VIET NAM","Within",0.382844781331052,"Within",-0.477490925872664,"Multiannual","Within"
"INDONESIA_JAMAICA","INDONESIA","JAMAICA","Within",0.416239798069398,"Within",-0.338228753519326,"Multiannual","Within"
"INDONESIA_LAO PEOPLE'S DEMOCRATIC REPUBLIC","INDONESIA","LAO PEOPLE'S DEMOCRATIC REPUBLIC","Within",0.496226825477636,"Within",-0.0150929845958026,"Multiannual","Within"
"INDONESIA_MALAYSIA","INDONESIA","MALAYSIA","Within",0.606403197008524,"Within",0.432218063761842,"Multiannual","Within"
"INDONESIA_MALDIVES","INDONESIA","MALDIVES","Between",0.598747954294669,"Between",0.400250959330159,"Multiannual","Between"
"INDONESIA_MARTINIQUE","INDONESIA","MARTINIQUE","Within",0.523309991195217,"Within",0.0933076029604213,"Multiannual","Within"
"INDONESIA_MEXICO","INDONESIA","MEXICO","Within",0.495053353376898,"Within",-0.0197872320825549,"Multiannual","Within"
"INDONESIA_MYANMAR","INDONESIA","MYANMAR","Within",0.48666759719918,"Within",-0.0533422559266912,"Multiannual","Within"
"INDONESIA_NEW CALEDONIA","INDONESIA","NEW CALEDONIA","Between",0.307341442676753,"Between",-0.812577854806664,"Multiannual","Between"
"INDONESIA_NICARAGUA","INDONESIA","NICARAGUA","Within",0.489145010707553,"Within",-0.043426780710168,"Multiannual","Within"
"INDONESIA_PANAMA","INDONESIA","PANAMA","Within",0.403101548240615,"Within",-0.392558490418095,"Multiannual","Within"
"INDONESIA_PARAGUAY","INDONESIA","PARAGUAY","Between",0.33051070003613,"Between",-0.705876148807271,"Multiannual","Between"
"INDONESIA_PERU","INDONESIA","PERU","Between",0.411174166542388,"Between",-0.359113553599408,"Multiannual","Between"
"INDONESIA_PHILIPPINES","INDONESIA","PHILIPPINES","Within",0.439766312912323,"Within",-0.242110516247727,"Multiannual","Within"
"INDONESIA_PUERTO RICO","INDONESIA","PUERTO RICO","Within",0.343056652370977,"Within",-0.649702185101881,"Multiannual","Within"
"INDONESIA_SINGAPORE","INDONESIA","SINGAPORE","Within",0.565122942978957,"Within",0.261979942064068,"Multiannual","Within"
"INDONESIA_SRI LANKA","INDONESIA","SRI LANKA","Within",0.393387459192824,"Within",-0.433095241530999,"Multiannual","Within"
"INDONESIA_SURINAME","INDONESIA","SURINAME","Within",0.311225502803768,"Within",-0.794396188621544,"Multiannual","Within"
"INDONESIA_TAIWAN","INDONESIA","TAIWAN","Within",0.433079194074187,"Within",-0.269299014359937,"Multiannual","Within"
"INDONESIA_THAILAND","INDONESIA","THAILAND","Within",0.306013140059216,"Within",-0.818824984124239,"Multiannual","Within"
"INDONESIA_TRINIDAD AND TOBAGO","INDONESIA","TRINIDAD AND TOBAGO","Within",0.374455525033839,"Within",-0.513149392791815,"Multiannual","Within"
"INDONESIA_VANUATU","INDONESIA","VANUATU","Between",0.378225383503686,"Between",-0.497087403586831,"Multiannual","Between"
"INDONESIA_VENEZUELA","INDONESIA","VENEZUELA","Within",0.371769149792505,"Within",-0.524634598224165,"Multiannual","Within"
"INDONESIA_VIET NAM","INDONESIA","VIET NAM","Within",0.49002212996565,"Within",-0.0399167794073461,"Multiannual","Within"
"JAMAICA_LAO PEOPLE'S DEMOCRATIC REPUBLIC","JAMAICA","LAO PEOPLE'S DEMOCRATIC REPUBLIC","Within",0.492291703887047,"Within",-0.0308356275213826,"Multiannual","Within"
"JAMAICA_MALAYSIA","JAMAICA","MALAYSIA","Within",0.311209405864201,"Within",-0.794471281237608,"Multiannual","Within"
"JAMAICA_MALDIVES","JAMAICA","MALDIVES","Between",0.331774142428691,"Between",-0.700171783004867,"Multiannual","Between"
"JAMAICA_MARTINIQUE","JAMAICA","MARTINIQUE","Within",0.504900905975645,"Within",0.0196042517482107,"Multiannual","Within"
"JAMAICA_MEXICO","JAMAICA","MEXICO","Within",0.614269580127733,"Within",0.465295156012314,"Multiannual","Within"
"JAMAICA_MYANMAR","JAMAICA","MYANMAR","Within",0.125435340439467,"Within",-1.94193582043583,"Multiannual","Within"
"JAMAICA_NEW CALEDONIA","JAMAICA","NEW CALEDONIA","Between",0.414908311469208,"Between",-0.343711007879945,"Multiannual","Between"
"JAMAICA_NICARAGUA","JAMAICA","NICARAGUA","Within",0.470536500957244,"Within",-0.11799069280535,"Multiannual","Within"
"JAMAICA_PANAMA","JAMAICA","PANAMA","Within",0.31555237030394,"Within",-0.774287473296376,"Multiannual","Within"
"JAMAICA_PARAGUAY","JAMAICA","PARAGUAY","Between",0.415681648548824,"Between",-0.340526257268097,"Multiannual","Between"
"JAMAICA_PERU","JAMAICA","PERU","Between",0.200573011523755,"Between",-1.38271687891157,"Multiannual","Between"
"JAMAICA_PHILIPPINES","JAMAICA","PHILIPPINES","Within",0.519560004508544,"Within",0.0782799669146128,"Multiannual","Within"
"JAMAICA_PUERTO RICO","JAMAICA","PUERTO RICO","Within",0.409479472237183,"Within",-0.366117625201344,"Multiannual","Within"
"JAMAICA_SINGAPORE","JAMAICA","SINGAPORE","Within",0.327730505556473,"Within",-0.718467652268147,"Multiannual","Within"
"JAMAICA_SRI LANKA","JAMAICA","SRI LANKA","Within",0.291032711853894,"Within",-0.89037371472816,"Multiannual","Within"
"JAMAICA_SURINAME","JAMAICA","SURINAME","Within",0.503844269096719,"Within",0.0153773793958393,"Multiannual","Within"
"JAMAICA_TAIWAN","JAMAICA","TAIWAN","Within",0.470425763772445,"Within",-0.118435190823869,"Multiannual","Within"
"JAMAICA_THAILAND","JAMAICA","THAILAND","Within",0.582462377090798,"Within",0.332889939685191,"Multiannual","Within"
"JAMAICA_TRINIDAD AND TOBAGO","JAMAICA","TRINIDAD AND TOBAGO","Within",0.355280959261292,"Within",-0.595905715147346,"Multiannual","Within"
"JAMAICA_VANUATU","JAMAICA","VANUATU","Between",0.245982375824007,"Between",-1.12015585159946,"Multiannual","Between"
"JAMAICA_VENEZUELA","JAMAICA","VENEZUELA","Within",0.458278263179791,"Within",-0.167275907752331,"Multiannual","Within"
"JAMAICA_VIET NAM","JAMAICA","VIET NAM","Within",0.450587052111477,"Within",-0.198299047896059,"Multiannual","Within"
"LAO PEOPLE'S DEMOCRATIC REPUBLIC_MALAYSIA","LAO PEOPLE'S DEMOCRATIC REPUBLIC","MALAYSIA","Within",0.344693243068516,"Within",-0.642448586219017,"Multiannual","Within"
"LAO PEOPLE'S DEMOCRATIC REPUBLIC_MALDIVES","LAO PEOPLE'S DEMOCRATIC REPUBLIC","MALDIVES","Between",0.405835996508413,"Between",-0.381206252902707,"Multiannual","Between"
"LAO PEOPLE'S DEMOCRATIC REPUBLIC_MARTINIQUE","LAO PEOPLE'S DEMOCRATIC REPUBLIC","MARTINIQUE","Within",0.513634074196187,"Within",0.054549819674245,"Multiannual","Within"
"LAO PEOPLE'S DEMOCRATIC REPUBLIC_MEXICO","LAO PEOPLE'S DEMOCRATIC REPUBLIC","MEXICO","Within",0.311797073413015,"Within",-0.791731175401888,"Multiannual","Within"
"LAO PEOPLE'S DEMOCRATIC REPUBLIC_MYANMAR","LAO PEOPLE'S DEMOCRATIC REPUBLIC","MYANMAR","Within",0.342942022385744,"Within",-0.650210858646128,"Multiannual","Within"
"LAO PEOPLE'S DEMOCRATIC REPUBLIC_NEW CALEDONIA","LAO PEOPLE'S DEMOCRATIC REPUBLIC","NEW CALEDONIA","Between",0.471383346639012,"Between",-0.114591843903843,"Multiannual","Between"
"LAO PEOPLE'S DEMOCRATIC REPUBLIC_NICARAGUA","LAO PEOPLE'S DEMOCRATIC REPUBLIC","NICARAGUA","Within",0.382724221851552,"Within",-0.478001207813651,"Multiannual","Within"
"LAO PEOPLE'S DEMOCRATIC REPUBLIC_PANAMA","LAO PEOPLE'S DEMOCRATIC REPUBLIC","PANAMA","Within",0.566144030294311,"Within",0.266135904332938,"Multiannual","Within"
"LAO PEOPLE'S DEMOCRATIC REPUBLIC_PARAGUAY","LAO PEOPLE'S DEMOCRATIC REPUBLIC","PARAGUAY","Between",0.317214009491104,"Between",-0.766604818103087,"Multiannual","Between"
"LAO PEOPLE'S DEMOCRATIC REPUBLIC_PERU","LAO PEOPLE'S DEMOCRATIC REPUBLIC","PERU","Between",0.306880786486779,"Between",-0.814742655127114,"Multiannual","Between"
"LAO PEOPLE'S DEMOCRATIC REPUBLIC_PHILIPPINES","LAO PEOPLE'S DEMOCRATIC REPUBLIC","PHILIPPINES","Within",0.564006775525639,"Within",0.257439561737365,"Multiannual","Within"
"LAO PEOPLE'S DEMOCRATIC REPUBLIC_PUERTO RICO","LAO PEOPLE'S DEMOCRATIC REPUBLIC","PUERTO RICO","Within",0.23992577359291,"Within",-1.15308649602657,"Multiannual","Within"
"LAO PEOPLE'S DEMOCRATIC REPUBLIC_SINGAPORE","LAO PEOPLE'S DEMOCRATIC REPUBLIC","SINGAPORE","Within",0.392688788434129,"Within",-0.43602395283827,"Multiannual","Within"
"LAO PEOPLE'S DEMOCRATIC REPUBLIC_SRI LANKA","LAO PEOPLE'S DEMOCRATIC REPUBLIC","SRI LANKA","Within",0.403122625356658,"Within",-0.392470892742578,"Multiannual","Within"
"LAO PEOPLE'S DEMOCRATIC REPUBLIC_SURINAME","LAO PEOPLE'S DEMOCRATIC REPUBLIC","SURINAME","Within",0.557508067354996,"Within",0.231054740850432,"Multiannual","Within"
"LAO PEOPLE'S DEMOCRATIC REPUBLIC_TAIWAN","LAO PEOPLE'S DEMOCRATIC REPUBLIC","TAIWAN","Within",0.282188125982037,"Within",-0.93363355888567,"Multiannual","Within"
"LAO PEOPLE'S DEMOCRATIC REPUBLIC_THAILAND","LAO PEOPLE'S DEMOCRATIC REPUBLIC","THAILAND","Within",0.400436099067089,"Within",-0.403648358280053,"Multiannual","Within"
"LAO PEOPLE'S DEMOCRATIC REPUBLIC_TRINIDAD AND TOBAGO","LAO PEOPLE'S DEMOCRATIC REPUBLIC","TRINIDAD AND TOBAGO","Within",0.395868556193901,"Within",-0.422709569103427,"Multiannual","Within"
"LAO PEOPLE'S DEMOCRATIC REPUBLIC_VANUATU","LAO PEOPLE'S DEMOCRATIC REPUBLIC","VANUATU","Between",0.19774632187262,"Between",-1.40043985815486,"Multiannual","Between"
"LAO PEOPLE'S DEMOCRATIC REPUBLIC_VENEZUELA","LAO PEOPLE'S DEMOCRATIC REPUBLIC","VENEZUELA","Within",0.282160931438667,"Within",-0.933767818408093,"Multiannual","Within"
"LAO PEOPLE'S DEMOCRATIC REPUBLIC_VIET NAM","LAO PEOPLE'S DEMOCRATIC REPUBLIC","VIET NAM","Within",0.411111793957668,"Within",-0.359371180379736,"Multiannual","Within"
"MALAYSIA_MALDIVES","MALAYSIA","MALDIVES","Between",0.537541912553262,"Between",0.150450802695762,"Multiannual","Between"
"MALAYSIA_MARTINIQUE","MALAYSIA","MARTINIQUE","Within",0.401358082035079,"Within",-0.399809618137543,"Multiannual","Within"
"MALAYSIA_MEXICO","MALAYSIA","MEXICO","Within",0.354564933990186,"Within",-0.599033110520504,"Multiannual","Within"
"MALAYSIA_MYANMAR","MALAYSIA","MYANMAR","Within",0.487147904498254,"Within",-0.0514197084298502,"Multiannual","Within"
"MALAYSIA_NEW CALEDONIA","MALAYSIA","NEW CALEDONIA","Between",0.368697221498071,"Between",-0.537809817333101,"Multiannual","Between"
"MALAYSIA_NICARAGUA","MALAYSIA","NICARAGUA","Within",0.299106316006188,"Within",-0.851557130068607,"Multiannual","Within"
"MALAYSIA_PANAMA","MALAYSIA","PANAMA","Within",0.353058620615972,"Within",-0.605621579447923,"Multiannual","Within"
"MALAYSIA_PARAGUAY","MALAYSIA","PARAGUAY","Between",0.305303449974506,"Between",-0.822168931596972,"Multiannual","Between"
"MALAYSIA_PERU","MALAYSIA","PERU","Between",0.439576268603136,"Between",-0.242881923809624,"Multiannual","Between"
"MALAYSIA_PHILIPPINES","MALAYSIA","PHILIPPINES","Within",0.471061612583364,"Within",-0.115883057423168,"Multiannual","Within"
"MALAYSIA_PUERTO RICO","MALAYSIA","PUERTO RICO","Within",0.135536702376543,"Within",-1.85286637929884,"Multiannual","Within"
"MALAYSIA_SINGAPORE","MALAYSIA","SINGAPORE","Within",0.649574555755892,"Within",0.617169647707533,"Multiannual","Within"
"MALAYSIA_SRI LANKA","MALAYSIA","SRI LANKA","Within",0.39587944254228,"Within",-0.422664049578357,"Multiannual","Within"
"MALAYSIA_SURINAME","MALAYSIA","SURINAME","Within",0.269206285274818,"Within",-0.998653278453793,"Multiannual","Within"
"MALAYSIA_TAIWAN","MALAYSIA","TAIWAN","Within",0.380465609621855,"Within",-0.4875724215032,"Multiannual","Within"
"MALAYSIA_THAILAND","MALAYSIA","THAILAND","Within",0.322562082008368,"Within",-0.74202229453336,"Multiannual","Within"
"MALAYSIA_TRINIDAD AND TOBAGO","MALAYSIA","TRINIDAD AND TOBAGO","Within",0.443190568822925,"Within",-0.22822319157899,"Multiannual","Within"
"MALAYSIA_VANUATU","MALAYSIA","VANUATU","Between",0.369783833910653,"Between",-0.533144279075896,"Multiannual","Between"
"MALAYSIA_VENEZUELA","MALAYSIA","VENEZUELA","Within",0.259444179119061,"Within",-1.04885944345654,"Multiannual","Within"
"MALAYSIA_VIET NAM","MALAYSIA","VIET NAM","Within",0.389690547262041,"Within",-0.448613172502828,"Multiannual","Within"
"MALDIVES_MARTINIQUE","MALDIVES","MARTINIQUE","Between",0.401101122986343,"Between",-0.400879191648516,"Multiannual","Between"
"MALDIVES_MEXICO","MALDIVES","MEXICO","Between",0.208291992060041,"Between",-1.33525174372788,"Multiannual","Between"
"MALDIVES_MYANMAR","MALDIVES","MYANMAR","Between",0.373543871369536,"Between",-0.517043287921263,"Multiannual","Between"
"MALDIVES_NEW CALEDONIA","MALDIVES","NEW CALEDONIA","Within",0.299579862215618,"Within",-0.849299318016857,"Multiannual","Within"
"MALDIVES_NICARAGUA","MALDIVES","NICARAGUA","Between",0.505529044357231,"Between",0.0221170789602381,"Multiannual","Between"
"MALDIVES_PANAMA","MALDIVES","PANAMA","Between",0.507352299315086,"Between",0.0294113172054408,"Multiannual","Between"
"MALDIVES_PARAGUAY","MALDIVES","PARAGUAY","Within",0.462301254495871,"Within",-0.151081706147776,"Multiannual","Within"
"MALDIVES_PERU","MALDIVES","PERU","Within",0.351807620091011,"Within",-0.611103042505276,"Multiannual","Within"
"MALDIVES_PHILIPPINES","MALDIVES","PHILIPPINES","Between",0.50448371336273,"Between",0.0179353342163198,"Multiannual","Between"
"MALDIVES_PUERTO RICO","MALDIVES","PUERTO RICO","Between",0.158810878187952,"Between",-1.66710246308523,"Multiannual","Between"
"MALDIVES_SINGAPORE","MALDIVES","SINGAPORE","Between",0.526637642321321,"Between",0.106651547231115,"Multiannual","Between"
"MALDIVES_SRI LANKA","MALDIVES","SRI LANKA","Between",0.428964191492007,"Between",-0.286078473884006,"Multiannual","Between"
"MALDIVES_SURINAME","MALDIVES","SURINAME","Between",0.484852821295472,"Between",-0.0606072600902321,"Multiannual","Between"
"MALDIVES_TAIWAN","MALDIVES","TAIWAN","Between",0.268285077498949,"Between",-1.00334085080025,"Multiannual","Between"
"MALDIVES_THAILAND","MALDIVES","THAILAND","Between",0.311155136538728,"Between",-0.794724464657479,"Multiannual","Between"
"MALDIVES_TRINIDAD AND TOBAGO","MALDIVES","TRINIDAD AND TOBAGO","Between",0.31088034531466,"Between",-0.796006823816938,"Multiannual","Between"
"MALDIVES_VANUATU","MALDIVES","VANUATU","Within",0.363091695397829,"Within",-0.561970289623878,"Multiannual","Within"
"MALDIVES_VENEZUELA","MALDIVES","VENEZUELA","Between",0.22270164718199,"Between",-1.24999128647415,"Multiannual","Between"
"MALDIVES_VIET NAM","MALDIVES","VIET NAM","Between",0.447433279163351,"Between",-0.211046758038896,"Multiannual","Between"
"MARTINIQUE_MEXICO","MARTINIQUE","MEXICO","Within",0.475844328620183,"Within",-0.0966979629585593,"Multiannual","Within"
"MARTINIQUE_MYANMAR","MARTINIQUE","MYANMAR","Within",0.29203474073487,"Within",-0.885522253344524,"Multiannual","Within"
"MARTINIQUE_NEW CALEDONIA","MARTINIQUE","NEW CALEDONIA","Between",0.290728853564425,"Between",-0.891846830344602,"Multiannual","Between"
"MARTINIQUE_NICARAGUA","MARTINIQUE","NICARAGUA","Within",0.318810971438561,"Within",-0.759241481487902,"Multiannual","Within"
"MARTINIQUE_PANAMA","MARTINIQUE","PANAMA","Within",0.31552733188063,"Within",-0.774403405634288,"Multiannual","Within"
"MARTINIQUE_PARAGUAY","MARTINIQUE","PARAGUAY","Between",0.443254054290653,"Between",-0.227965932395924,"Multiannual","Between"
"MARTINIQUE_PERU","MARTINIQUE","PERU","Between",0.42770301484091,"Between",-0.291228997293497,"Multiannual","Between"
"MARTINIQUE_PHILIPPINES","MARTINIQUE","PHILIPPINES","Within",0.33865504765846,"Within",-0.669293537300522,"Multiannual","Within"
"MARTINIQUE_PUERTO RICO","MARTINIQUE","PUERTO RICO","Within",0.358182600458281,"Within",-0.58326092533202,"Multiannual","Within"
"MARTINIQUE_SINGAPORE","MARTINIQUE","SINGAPORE","Within",0.459014882376177,"Within",-0.164309136442409,"Multiannual","Within"
"MARTINIQUE_SRI LANKA","MARTINIQUE","SRI LANKA","Within",0.315571552197457,"Within",-0.774198661083511,"Multiannual","Within"
"MARTINIQUE_SURINAME","MARTINIQUE","SURINAME","Within",0.478009406622153,"Within",-0.08801915594765,"Multiannual","Within"
"MARTINIQUE_TAIWAN","MARTINIQUE","TAIWAN","Within",0.42554536708518,"Within",-0.30004956324775,"Multiannual","Within"
"MARTINIQUE_THAILAND","MARTINIQUE","THAILAND","Within",0.466434614969941,"Within",-0.134463772236088,"Multiannual","Within"
"MARTINIQUE_TRINIDAD AND TOBAGO","MARTINIQUE","TRINIDAD AND TOBAGO","Within",0.217519917958987,"Within",-1.28017804467089,"Multiannual","Within"
"MARTINIQUE_VANUATU","MARTINIQUE","VANUATU","Between",0.248099944222895,"Between",-1.10877174468483,"Multiannual","Between"
"MARTINIQUE_VENEZUELA","MARTINIQUE","VENEZUELA","Within",0.341637023023238,"Within",-0.656007578715337,"Multiannual","Within"
"MARTINIQUE_VIET NAM","MARTINIQUE","VIET NAM","Within",0.234574532510682,"Within",-1.18265847262222,"Multiannual","Within"
"MEXICO_MYANMAR","MEXICO","MYANMAR","Within",0.108253024040901,"Within",-2.10871113089733,"Multiannual","Within"
"MEXICO_NEW CALEDONIA","MEXICO","NEW CALEDONIA","Between",0.279713674953518,"Between",-0.945882316118328,"Multiannual","Between"
"MEXICO_NICARAGUA","MEXICO","NICARAGUA","Within",0.576353709230848,"Within",0.307822663559767,"Multiannual","Within"
"MEXICO_PANAMA","MEXICO","PANAMA","Within",0.452973009492722,"Within",-0.188665601982561,"Multiannual","Within"
"MEXICO_PARAGUAY","MEXICO","PARAGUAY","Between",0.506300818968405,"Between",0.0252046101048944,"Multiannual","Between"
"MEXICO_PERU","MEXICO","PERU","Between",0.324842972590007,"Between",-0.731603392709404,"Multiannual","Between"
"MEXICO_PHILIPPINES","MEXICO","PHILIPPINES","Within",0.449743516680328,"Within",-0.201707045494283,"Multiannual","Within"
"MEXICO_PUERTO RICO","MEXICO","PUERTO RICO","Within",0.335148889522893,"Within",-0.684988242143417,"Multiannual","Within"
"MEXICO_SINGAPORE","MEXICO","SINGAPORE","Within",0.290913012827682,"Within",-0.890953911459457,"Multiannual","Within"
"MEXICO_SRI LANKA","MEXICO","SRI LANKA","Within",0.34101351515794,"Within",-0.658780915314193,"Multiannual","Within"
"MEXICO_SURINAME","MEXICO","SURINAME","Within",0.349723973916449,"Within",-0.620252730876567,"Multiannual","Within"
"MEXICO_TAIWAN","MEXICO","TAIWAN","Within",0.415276085335815,"Within",-0.342196230178903,"Multiannual","Within"
"MEXICO_THAILAND","MEXICO","THAILAND","Within",0.383160061763369,"Within",-0.476156753151383,"Multiannual","Within"
"MEXICO_TRINIDAD AND TOBAGO","MEXICO","TRINIDAD AND TOBAGO","Within",0.308663900029556,"Within",-0.806373119248525,"Multiannual","Within"
"MEXICO_VANUATU","MEXICO","VANUATU","Between",0.202181118364078,"Between",-1.37271768508339,"Multiannual","Between"
"MEXICO_VENEZUELA","MEXICO","VENEZUELA","Within",0.307208207164034,"Within",-0.813203793864242,"Multiannual","Within"
"MEXICO_VIET NAM","MEXICO","VIET NAM","Within",0.345980427231696,"Within",-0.636755074026517,"Multiannual","Within"
"MYANMAR_NEW CALEDONIA","MYANMAR","NEW CALEDONIA","Between",0.326473127750149,"Between",-0.724180253112167,"Multiannual","Between"
"MYANMAR_NICARAGUA","MYANMAR","NICARAGUA","Within",0.171083966030113,"Within",-1.57796439867956,"Multiannual","Within"
"MYANMAR_PANAMA","MYANMAR","PANAMA","Within",0.402170688363728,"Within",-0.396428684738232,"Multiannual","Within"
"MYANMAR_PARAGUAY","MYANMAR","PARAGUAY","Between",0.169571544476743,"Between",-1.58866684999989,"Multiannual","Between"
"MYANMAR_PERU","MYANMAR","PERU","Between",0.140227453798452,"Between",-1.81340209885556,"Multiannual","Between"
"MYANMAR_PHILIPPINES","MYANMAR","PHILIPPINES","Within",0.154623206477136,"Within",-1.69879120599599,"Multiannual","Within"
"MYANMAR_PUERTO RICO","MYANMAR","PUERTO RICO","Within",0.370179451745984,"Within",-0.531447041988193,"Multiannual","Within"
"MYANMAR_SINGAPORE","MYANMAR","SINGAPORE","Within",0.377358654673537,"Within",-0.500774589461085,"Multiannual","Within"
"MYANMAR_SRI LANKA","MYANMAR","SRI LANKA","Within",0.294942795663826,"Within",-0.871497515890614,"Multiannual","Within"
"MYANMAR_SURINAME","MYANMAR","SURINAME","Within",0.1570478233519,"Within",-1.68035986013599,"Multiannual","Within"
"MYANMAR_TAIWAN","MYANMAR","TAIWAN","Within",0.185237103071163,"Within",-1.48126050419694,"Multiannual","Within"
"MYANMAR_THAILAND","MYANMAR","THAILAND","Within",0.255673669200945,"Within",-1.06857765369756,"Multiannual","Within"
"MYANMAR_TRINIDAD AND TOBAGO","MYANMAR","TRINIDAD AND TOBAGO","Within",0.3500090881269,"Within",-0.618999260835043,"Multiannual","Within"
"MYANMAR_VANUATU","MYANMAR","VANUATU","Between",0.519909176108874,"Between",0.0796788325487068,"Multiannual","Between"
"MYANMAR_VENEZUELA","MYANMAR","VENEZUELA","Within",0.241294601420312,"Within",-1.14559495839921,"Multiannual","Within"
"MYANMAR_VIET NAM","MYANMAR","VIET NAM","Within",0.321184687492997,"Within",-0.748332783181999,"Multiannual","Within"
"NEW CALEDONIA_NICARAGUA","NEW CALEDONIA","NICARAGUA","Between",0.279049508708021,"Between",-0.949181251558,"Multiannual","Between"
"NEW CALEDONIA_PANAMA","NEW CALEDONIA","PANAMA","Between",0.372017753625174,"Between",-0.523570318031604,"Multiannual","Between"
"NEW CALEDONIA_PARAGUAY","NEW CALEDONIA","PARAGUAY","Within",0.189782734118429,"Within",-1.45142252796244,"Multiannual","Within"
"NEW CALEDONIA_PERU","NEW CALEDONIA","PERU","Within",0.12904992238359,"Within",-1.90938533432045,"Multiannual","Within"
"NEW CALEDONIA_PHILIPPINES","NEW CALEDONIA","PHILIPPINES","Between",0.362680711303414,"Between",-0.563747904118108,"Multiannual","Between"
"NEW CALEDONIA_PUERTO RICO","NEW CALEDONIA","PUERTO RICO","Between",0.0958710967352317,"Between",-2.24396739549371,"Multiannual","Between"
"NEW CALEDONIA_SINGAPORE","NEW CALEDONIA","SINGAPORE","Between",0.317847822603719,"Between",-0.76368004399539,"Multiannual","Between"
"NEW CALEDONIA_SRI LANKA","NEW CALEDONIA","SRI LANKA","Between",0.310795214921188,"Between",-0.796404225207797,"Multiannual","Between"
"NEW CALEDONIA_SURINAME","NEW CALEDONIA","SURINAME","Between",0.442466027231451,"Between",-0.231159752296609,"Multiannual","Between"
"NEW CALEDONIA_TAIWAN","NEW CALEDONIA","TAIWAN","Between",0.140618753910774,"Between",-1.81016029366734,"Multiannual","Between"
"NEW CALEDONIA_THAILAND","NEW CALEDONIA","THAILAND","Between",0.259904302082643,"Between",-1.04646600499822,"Multiannual","Between"
"NEW CALEDONIA_TRINIDAD AND TOBAGO","NEW CALEDONIA","TRINIDAD AND TOBAGO","Between",0.370119276534122,"Between",-0.531705150929178,"Multiannual","Between"
"NEW CALEDONIA_VANUATU","NEW CALEDONIA","VANUATU","Within",0.199106842446291,"Within",-1.39188597448461,"Multiannual","Within"
"NEW CALEDONIA_VENEZUELA","NEW CALEDONIA","VENEZUELA","Between",0.372574914980804,"Between",-0.521186145813898,"Multiannual","Between"
"NEW CALEDONIA_VIET NAM","NEW CALEDONIA","VIET NAM","Between",0.368670066617556,"Between",-0.537926484051956,"Multiannual","Between"
"NICARAGUA_PANAMA","NICARAGUA","PANAMA","Within",0.518901064825405,"Within",0.0756403030648175,"Multiannual","Within"
"NICARAGUA_PARAGUAY","NICARAGUA","PARAGUAY","Between",0.312257207927442,"Between",-0.789587686728598,"Multiannual","Between"
"NICARAGUA_PERU","NICARAGUA","PERU","Between",0.2138779086559,"Between",-1.30170678095153,"Multiannual","Between"
"NICARAGUA_PHILIPPINES","NICARAGUA","PHILIPPINES","Within",0.462640057126101,"Within",-0.149718817321322,"Multiannual","Within"
"NICARAGUA_PUERTO RICO","NICARAGUA","PUERTO RICO","Within",0.18038149787041,"Within",-1.51376495001985,"Multiannual","Within"
"NICARAGUA_SINGAPORE","NICARAGUA","SINGAPORE","Within",0.361468261769921,"Within",-0.568997139912933,"Multiannual","Within"
"NICARAGUA_SRI LANKA","NICARAGUA","SRI LANKA","Within",0.247816162251033,"Within",-1.11029356913048,"Multiannual","Within"
"NICARAGUA_SURINAME","NICARAGUA","SURINAME","Within",0.191539413351057,"Within",-1.4400383278078,"Multiannual","Within"
"NICARAGUA_TAIWAN","NICARAGUA","TAIWAN","Within",0.215384471209538,"Within",-1.29276915624611,"Multiannual","Within"
"NICARAGUA_THAILAND","NICARAGUA","THAILAND","Within",0.0937467147159284,"Within",-2.26872221009696,"Multiannual","Within"
"NICARAGUA_TRINIDAD AND TOBAGO","NICARAGUA","TRINIDAD AND TOBAGO","Within",0.192832771795171,"Within",-1.4317075229429,"Multiannual","Within"
"NICARAGUA_VANUATU","NICARAGUA","VANUATU","Between",0.283598629981507,"Between",-0.926680618716451,"Multiannual","Between"
"NICARAGUA_VENEZUELA","NICARAGUA","VENEZUELA","Within",0.253221554062394,"Within",-1.08150373608143,"Multiannual","Within"
"NICARAGUA_VIET NAM","NICARAGUA","VIET NAM","Within",0.60190045185707,"Within",0.413389974299747,"Multiannual","Within"
"PANAMA_PARAGUAY","PANAMA","PARAGUAY","Between",0.341569082240666,"Between",-0.65630965803495,"Multiannual","Between"
"PANAMA_PERU","PANAMA","PERU","Between",0.288009826443819,"Between",-0.905069510981121,"Multiannual","Between"
"PANAMA_PHILIPPINES","PANAMA","PHILIPPINES","Within",0.442991531570963,"Within",-0.229029789684719,"Multiannual","Within"
"PANAMA_PUERTO RICO","PANAMA","PUERTO RICO","Within",0.118814144933668,"Within",-2.00370809796098,"Multiannual","Within"
"PANAMA_SINGAPORE","PANAMA","SINGAPORE","Within",0.360292854373422,"Within",-0.574093301549606,"Multiannual","Within"
"PANAMA_SRI LANKA","PANAMA","SRI LANKA","Within",0.39975777579881,"Within",-0.40647447757119,"Multiannual","Within"
"PANAMA_SURINAME","PANAMA","SURINAME","Within",0.33487706298252,"Within",-0.686208402964135,"Multiannual","Within"
"PANAMA_TAIWAN","PANAMA","TAIWAN","Within",0.236404135012073,"Within",-1.1724958997125,"Multiannual","Within"
"PANAMA_THAILAND","PANAMA","THAILAND","Within",0.185791173730863,"Within",-1.47759355531732,"Multiannual","Within"
"PANAMA_TRINIDAD AND TOBAGO","PANAMA","TRINIDAD AND TOBAGO","Within",0.264937705355148,"Within",-1.02046052601976,"Multiannual","Within"
"PANAMA_VANUATU","PANAMA","VANUATU","Between",0.254976695426714,"Between",-1.07224334869815,"Multiannual","Between"
"PANAMA_VENEZUELA","PANAMA","VENEZUELA","Within",0.259775241732649,"Within",-1.04713706518619,"Multiannual","Within"
"PANAMA_VIET NAM","PANAMA","VIET NAM","Within",0.334931614874204,"Within",-0.685963493861482,"Multiannual","Within"
"PARAGUAY_PERU","PARAGUAY","PERU","Within",0.37347061646815,"Within",-0.517356343614489,"Multiannual","Within"
"PARAGUAY_PHILIPPINES","PARAGUAY","PHILIPPINES","Between",0.349946991693977,"Between",-0.619272220094119,"Multiannual","Between"
"PARAGUAY_PUERTO RICO","PARAGUAY","PUERTO RICO","Between",0.224343131774531,"Between",-1.24053352420421,"Multiannual","Between"
"PARAGUAY_SINGAPORE","PARAGUAY","SINGAPORE","Between",0.260426877362392,"Between",-1.04375103776376,"Multiannual","Between"
"PARAGUAY_SRI LANKA","PARAGUAY","SRI LANKA","Between",0.458811038359065,"Between",-0.165130055845909,"Multiannual","Between"
"PARAGUAY_SURINAME","PARAGUAY","SURINAME","Between",0.383147422777436,"Between",-0.476210229558944,"Multiannual","Between"
"PARAGUAY_TAIWAN","PARAGUAY","TAIWAN","Between",0.471663018331347,"Between",-0.113469516593193,"Multiannual","Between"
"PARAGUAY_THAILAND","PARAGUAY","THAILAND","Between",0.397111378530984,"Between",-0.417515680522299,"Multiannual","Between"
"PARAGUAY_TRINIDAD AND TOBAGO","PARAGUAY","TRINIDAD AND TOBAGO","Between",0.303481170801513,"Between",-0.830775258497283,"Multiannual","Between"
"PARAGUAY_VANUATU","PARAGUAY","VANUATU","Within",0.100423526962967,"Within",-2.19252755494321,"Multiannual","Within"
"PARAGUAY_VENEZUELA","PARAGUAY","VENEZUELA","Between",0.256050452845663,"Between",-1.06659871307915,"Multiannual","Between"
"PARAGUAY_VIET NAM","PARAGUAY","VIET NAM","Between",0.0975807060318893,"Between",-2.22439947146483,"Multiannual","Between"
"PERU_PHILIPPINES","PERU","PHILIPPINES","Between",0.396095503363249,"Between",-0.421760714994888,"Multiannual","Between"
"PERU_PUERTO RICO","PERU","PUERTO RICO","Between",0.250039666418909,"Between",-1.09840074562135,"Multiannual","Between"
"PERU_SINGAPORE","PERU","SINGAPORE","Between",0.471817724479238,"Between",-0.112848708872022,"Multiannual","Between"
"PERU_SRI LANKA","PERU","SRI LANKA","Between",0.486895539831794,"Between",-0.0524298476912292,"Multiannual","Between"
"PERU_SURINAME","PERU","SURINAME","Between",0.294599034356574,"Between",-0.873151160520184,"Multiannual","Between"
"PERU_TAIWAN","PERU","TAIWAN","Between",0.381664784448344,"Between",-0.482488034655966,"Multiannual","Between"
"PERU_THAILAND","PERU","THAILAND","Between",0.286761550016011,"Between",-0.911164762216694,"Multiannual","Between"
"PERU_TRINIDAD AND TOBAGO","PERU","TRINIDAD AND TOBAGO","Between",0.233590118320549,"Between",-1.18814917185603,"Multiannual","Between"
"PERU_VANUATU","PERU","VANUATU","Within",0.379904542782518,"Within",-0.489953411482293,"Multiannual","Within"
"PERU_VENEZUELA","PERU","VENEZUELA","Between",0.0418762277876625,"Between",-3.13025865815916,"Multiannual","Between"
"PERU_VIET NAM","PERU","VIET NAM","Between",0.324843093198807,"Between",-0.731602842787923,"Multiannual","Between"
"PHILIPPINES_PUERTO RICO","PHILIPPINES","PUERTO RICO","Within",0.189190380594634,"Within",-1.45527946579676,"Multiannual","Within"
"PHILIPPINES_SINGAPORE","PHILIPPINES","SINGAPORE","Within",0.445188300871271,"Within",-0.220131434638838,"Multiannual","Within"
"PHILIPPINES_SRI LANKA","PHILIPPINES","SRI LANKA","Within",0.464010384619675,"Within",-0.144207853971017,"Multiannual","Within"
"PHILIPPINES_SURINAME","PHILIPPINES","SURINAME","Within",0.406877389311439,"Within",-0.376889255719028,"Multiannual","Within"
"PHILIPPINES_TAIWAN","PHILIPPINES","TAIWAN","Within",0.305786679024705,"Within",-0.819891560726658,"Multiannual","Within"
"PHILIPPINES_THAILAND","PHILIPPINES","THAILAND","Within",0.389059607955057,"Within",-0.451266830687615,"Multiannual","Within"
"PHILIPPINES_TRINIDAD AND TOBAGO","PHILIPPINES","TRINIDAD AND TOBAGO","Within",0.2952022815186,"Within",-0.870250016083806,"Multiannual","Within"
"PHILIPPINES_VANUATU","PHILIPPINES","VANUATU","Between",0.120974242416833,"Between",-1.9832365501879,"Multiannual","Between"
"PHILIPPINES_VENEZUELA","PHILIPPINES","VENEZUELA","Within",0.387008277998419,"Within",-0.459905348791499,"Multiannual","Within"
"PHILIPPINES_VIET NAM","PHILIPPINES","VIET NAM","Within",0.469592412913747,"Within",-0.121780631334145,"Multiannual","Within"
"PUERTO RICO_SINGAPORE","PUERTO RICO","SINGAPORE","Within",0.450649714179795,"Within",-0.198045930672411,"Multiannual","Within"
"PUERTO RICO_SRI LANKA","PUERTO RICO","SRI LANKA","Within",0.0802141293943777,"Within",-2.43944121726866,"Multiannual","Within"
"PUERTO RICO_SURINAME","PUERTO RICO","SURINAME","Within",0.243521288989277,"Within",-1.13347002359075,"Multiannual","Within"
"PUERTO RICO_TAIWAN","PUERTO RICO","TAIWAN","Within",0.497298950488707,"Within",-0.0108043031454755,"Multiannual","Within"
"PUERTO RICO_THAILAND","PUERTO RICO","THAILAND","Within",0.488994394900094,"Within",-0.0440295319907189,"Multiannual","Within"
"PUERTO RICO_TRINIDAD AND TOBAGO","PUERTO RICO","TRINIDAD AND TOBAGO","Within",0.190555082672932,"Within",-1.44640742483834,"Multiannual","Within"
"PUERTO RICO_VANUATU","PUERTO RICO","VANUATU","Between",0.42171434219814,"Between",-0.315739793633615,"Multiannual","Between"
"PUERTO RICO_VENEZUELA","PUERTO RICO","VENEZUELA","Within",0.433630403143844,"Within",-0.267054297452888,"Multiannual","Within"
"PUERTO RICO_VIET NAM","PUERTO RICO","VIET NAM","Within",0.181065930891056,"Within",-1.50914235490795,"Multiannual","Within"
"SINGAPORE_SRI LANKA","SINGAPORE","SRI LANKA","Within",0.245083310283156,"Within",-1.12500920369907,"Multiannual","Within"
"SINGAPORE_SURINAME","SINGAPORE","SURINAME","Within",0.264618281058169,"Within",-1.02210137119337,"Multiannual","Within"
"SINGAPORE_TAIWAN","SINGAPORE","TAIWAN","Within",0.396325665983207,"Within",-0.420798608307935,"Multiannual","Within"
"SINGAPORE_THAILAND","SINGAPORE","THAILAND","Within",0.352706902675031,"Within",-0.607161793695553,"Multiannual","Within"
"SINGAPORE_TRINIDAD AND TOBAGO","SINGAPORE","TRINIDAD AND TOBAGO","Within",0.151191363703721,"Within",-1.72528741820839,"Multiannual","Within"
"SINGAPORE_VANUATU","SINGAPORE","VANUATU","Between",0.336107217288718,"Between",-0.680690456482607,"Multiannual","Between"
"SINGAPORE_VENEZUELA","SINGAPORE","VENEZUELA","Within",0.281482465005033,"Within",-0.937119955863899,"Multiannual","Within"
"SINGAPORE_VIET NAM","SINGAPORE","VIET NAM","Within",0.356060773187517,"Within",-0.592502925864363,"Multiannual","Within"
"SRI LANKA_SURINAME","SRI LANKA","SURINAME","Within",0.386435560769285,"Within",-0.462320164975839,"Multiannual","Within"
"SRI LANKA_TAIWAN","SRI LANKA","TAIWAN","Within",0.211345593224322,"Within",-1.31683353447466,"Multiannual","Within"
"SRI LANKA_THAILAND","SRI LANKA","THAILAND","Within",0.354588735817792,"Within",-0.598929105238072,"Multiannual","Within"
"SRI LANKA_TRINIDAD AND TOBAGO","SRI LANKA","TRINIDAD AND TOBAGO","Within",0.247527466210047,"Within",-1.11184294557242,"Multiannual","Within"
"SRI LANKA_VANUATU","SRI LANKA","VANUATU","Between",0.238456122922432,"Between",-1.1611624675213,"Multiannual","Between"
"SRI LANKA_VENEZUELA","SRI LANKA","VENEZUELA","Within",0.224668054971166,"Within",-1.23866725219641,"Multiannual","Within"
"SRI LANKA_VIET NAM","SRI LANKA","VIET NAM","Within",0.248741672976064,"Within",-1.10533467000758,"Multiannual","Within"
"SURINAME_TAIWAN","SURINAME","TAIWAN","Within",0.296810935664246,"Within",-0.862530439119747,"Multiannual","Within"
"SURINAME_THAILAND","SURINAME","THAILAND","Within",0.304979590983753,"Within",-0.823696351063489,"Multiannual","Within"
"SURINAME_TRINIDAD AND TOBAGO","SURINAME","TRINIDAD AND TOBAGO","Within",0.5136330663657,"Within",0.05454578535279,"Multiannual","Within"
"SURINAME_VANUATU","SURINAME","VANUATU","Between",0.0278132391300098,"Between",-3.55403579178214,"Multiannual","Between"
"SURINAME_VENEZUELA","SURINAME","VENEZUELA","Within",0.235888477784258,"Within",-1.17535460842407,"Multiannual","Within"
"SURINAME_VIET NAM","SURINAME","VIET NAM","Within",0.194770785418099,"Within",-1.41930356772414,"Multiannual","Within"
"TAIWAN_THAILAND","TAIWAN","THAILAND","Within",0.532136475795968,"Within",0.128723351452541,"Multiannual","Within"
"TAIWAN_TRINIDAD AND TOBAGO","TAIWAN","TRINIDAD AND TOBAGO","Within",0.327666663156825,"Within",-0.718757433739056,"Multiannual","Within"
"TAIWAN_VANUATU","TAIWAN","VANUATU","Between",0.271970777889755,"Between",-0.984646561356727,"Multiannual","Between"
"TAIWAN_VENEZUELA","TAIWAN","VENEZUELA","Within",0.520605898965565,"Within",0.0824703065546145,"Multiannual","Within"
"TAIWAN_VIET NAM","TAIWAN","VIET NAM","Within",0.0747614546633227,"Within",-2.51574915094187,"Multiannual","Within"
"THAILAND_TRINIDAD AND TOBAGO","THAILAND","TRINIDAD AND TOBAGO","Within",0.345136692554983,"Within",-0.640485974067551,"Multiannual","Within"
"THAILAND_VANUATU","THAILAND","VANUATU","Between",0.166374347669337,"Between",-1.61154408761294,"Multiannual","Between"
"THAILAND_VENEZUELA","THAILAND","VENEZUELA","Within",0.433041945941989,"Within",-0.269450726101663,"Multiannual","Within"
"THAILAND_VIET NAM","THAILAND","VIET NAM","Within",0.292375602256287,"Within",-0.883874156482836,"Multiannual","Within"
"TRINIDAD AND TOBAGO_VANUATU","TRINIDAD AND TOBAGO","VANUATU","Between",0.135420540078588,"Between",-1.85385816698594,"Multiannual","Between"
"TRINIDAD AND TOBAGO_VENEZUELA","TRINIDAD AND TOBAGO","VENEZUELA","Within",0.35275014365933,"Within",-0.606972398690031,"Multiannual","Within"
"TRINIDAD AND TOBAGO_VIET NAM","TRINIDAD AND TOBAGO","VIET NAM","Within",0.134832156753304,"Within",-1.85889280493267,"Multiannual","Within"
"VANUATU_VENEZUELA","VANUATU","VENEZUELA","Between",0.0855338828941197,"Between",-2.36942782781344,"Multiannual","Between"
"VANUATU_VIET NAM","VANUATU","VIET NAM","Between",0.299129160383836,"Between",-0.851448163796291,"Multiannual","Between"
"VENEZUELA_VIET NAM","VENEZUELA","VIET NAM","Within",0.0575975694303277,"Within",-2.79495202260004,"Multiannual","Within"
