"Cycle","hemisphere_pairing","pair_id","mean_sync"
"Annual","Between","ARGENTINA_BANGLADESH",0.154101917317963
"Annual","Between","ARGENTINA_BARBADOS",0.142615834633951
"Annual","Between","ARGENTINA_CAMBODIA",0.159287806851007
"Annual","Between","ARGENTINA_CHINA",0.0564447009631246
"Annual","Between","ARGENTINA_COLOMBIA",0.224887295182035
"Annual","Between","ARGENTINA_COSTA RICA",0.0983263858892823
"Annual","Between","ARGENTINA_DOMINICAN REPUBLIC",0.112627616661086
"Annual","Between","ARGENTINA_EL SALVADOR",0.133166539752107
"Annual","Between","ARGENTINA_FRENCH GUIANA",0.339832806102567
"Annual","Between","ARGENTINA_GUADELOUPE",0.175618677993198
"Annual","Between","ARGENTINA_GUATEMALA",0.0965833775578604
"Annual","Between","ARGENTINA_GUYANA",0.331242015787117
"Annual","Between","ARGENTINA_HONDURAS",0.134481648821943
"Annual","Between","ARGENTINA_INDIA",0.0647840455206108
"Annual","Between","ARGENTINA_INDONESIA",0.423455231597704
"Annual","Between","ARGENTINA_JAMAICA",0.14158928081324
"Annual","Between","ARGENTINA_LAO PEOPLE'S DEMOCRATIC REPUBLIC",0.13625047437079
"Annual","Between","ARGENTINA_MALAYSIA",0.134445592889485
"Annual","Between","ARGENTINA_MARTINIQUE",0.195835857675801
"Annual","Between","ARGENTINA_MEXICO",0.0630071328856101
"Annual","Between","ARGENTINA_MYANMAR",0.184847634962983
"Annual","Between","ARGENTINA_NICARAGUA",0.0693291040798403
"Annual","Between","ARGENTINA_PALAU",0.141727263752733
"Annual","Between","ARGENTINA_PANAMA",0.0816197329791973
"Annual","Between","ARGENTINA_PHILIPPINES",0.0939935717724006
"Annual","Between","ARGENTINA_PUERTO RICO",0.130605577366463
"Annual","Between","ARGENTINA_SINGAPORE",0.133451182257652
"Annual","Between","ARGENTINA_SRI LANKA",0.13893157695088
"Annual","Between","ARGENTINA_SURINAME",0.243251891979712
"Annual","Between","ARGENTINA_TAIWAN",0.0466369973762272
"Annual","Between","ARGENTINA_THAILAND",0.157526575192032
"Annual","Between","ARGENTINA_TRINIDAD AND TOBAGO",0.0876014569283814
"Annual","Between","ARGENTINA_VENEZUELA",0.15507212087835
"Annual","Between","ARGENTINA_VIET NAM",0.0518835257595992
"Annual","Between","AUSTRALIA_BANGLADESH",0.0610301768986734
"Annual","Between","AUSTRALIA_BARBADOS",0.207893025589646
"Annual","Between","AUSTRALIA_CAMBODIA",0.0999929220956709
"Annual","Between","AUSTRALIA_CHINA",0.0715801970836988
"Annual","Between","AUSTRALIA_COLOMBIA",0.264251219105536
"Annual","Between","AUSTRALIA_COSTA RICA",0.110692679779858
"Annual","Between","AUSTRALIA_DOMINICAN REPUBLIC",0.170978402253327
"Annual","Between","AUSTRALIA_EL SALVADOR",0.0884888043511399
"Annual","Between","AUSTRALIA_FRENCH GUIANA",0.304640762572863
"Annual","Between","AUSTRALIA_GUADELOUPE",0.208435852782436
"Annual","Between","AUSTRALIA_GUATEMALA",0.10983432817697
"Annual","Between","AUSTRALIA_GUYANA",0.173772892433316
"Annual","Between","AUSTRALIA_HONDURAS",0.123498556747006
"Annual","Between","AUSTRALIA_INDIA",0.143928972464166
"Annual","Between","AUSTRALIA_INDONESIA",0.407430114828957
"Annual","Between","AUSTRALIA_JAMAICA",0.2058281369624
"Annual","Between","AUSTRALIA_LAO PEOPLE'S DEMOCRATIC REPUBLIC",0.0910327972241182
"Annual","Between","AUSTRALIA_MALAYSIA",0.18128890609862
"Annual","Between","AUSTRALIA_MARTINIQUE",0.26090150750838
"Annual","Between","AUSTRALIA_MEXICO",0.0963690720568398
"Annual","Between","AUSTRALIA_MYANMAR",0.104197107000894
"Annual","Between","AUSTRALIA_NICARAGUA",0.115978808228561
"Annual","Between","AUSTRALIA_PALAU",0.168292290608107
"Annual","Between","AUSTRALIA_PANAMA",0.194357649069021
"Annual","Between","AUSTRALIA_PHILIPPINES",0.119634503150058
"Annual","Between","AUSTRALIA_PUERTO RICO",0.197534142875797
"Annual","Between","AUSTRALIA_SINGAPORE",0.0922213605840364
"Annual","Between","AUSTRALIA_SRI LANKA",0.205284251931646
"Annual","Between","AUSTRALIA_SURINAME",0.233454481958773
"Annual","Between","AUSTRALIA_TAIWAN",0.0933416945539216
"Annual","Between","AUSTRALIA_THAILAND",0.0848485642608483
"Annual","Between","AUSTRALIA_TRINIDAD AND TOBAGO",0.140758193599257
"Annual","Between","AUSTRALIA_VENEZUELA",0.189683752295397
"Annual","Between","AUSTRALIA_VIET NAM",0.110037953164436
"Annual","Between","BANGLADESH_BOLIVIA",0.0548944668502054
"Annual","Between","BANGLADESH_BRAZIL",0.072015635993103
"Annual","Between","BANGLADESH_ECUADOR",0.120207051388681
"Annual","Between","BANGLADESH_FIJI",0.0555332700048954
"Annual","Between","BANGLADESH_FRENCH POLYNESIA",0.0622698452260561
"Annual","Between","BANGLADESH_MALDIVES",0.378217155385877
"Annual","Between","BANGLADESH_NEW CALEDONIA",0.0545933305654536
"Annual","Between","BANGLADESH_PARAGUAY",0.18780415173811
"Annual","Between","BANGLADESH_PERU",0.0441290507059675
"Annual","Between","BANGLADESH_VANUATU",0.072499539175031
"Annual","Between","BARBADOS_BOLIVIA",0.154147373127453
"Annual","Between","BARBADOS_BRAZIL",0.118465884852464
"Annual","Between","BARBADOS_ECUADOR",0.10818505300405
"Annual","Between","BARBADOS_FIJI",0.140876247928208
"Annual","Between","BARBADOS_FRENCH POLYNESIA",0.228986376195747
"Annual","Between","BARBADOS_MALDIVES",0.134657378261859
"Annual","Between","BARBADOS_NEW CALEDONIA",0.169310346439904
"Annual","Between","BARBADOS_PARAGUAY",0.198415803389833
"Annual","Between","BARBADOS_PERU",0.159701727073721
"Annual","Between","BARBADOS_VANUATU",0.15521431338881
"Annual","Between","BOLIVIA_CAMBODIA",0.0774838719395331
"Annual","Between","BOLIVIA_CHINA",0.0881032560087386
"Annual","Between","BOLIVIA_COLOMBIA",0.196701042002216
"Annual","Between","BOLIVIA_COSTA RICA",0.0773441993998631
"Annual","Between","BOLIVIA_DOMINICAN REPUBLIC",0.140564480793683
"Annual","Between","BOLIVIA_EL SALVADOR",0.071851502946517
"Annual","Between","BOLIVIA_FRENCH GUIANA",0.317406465917633
"Annual","Between","BOLIVIA_GUADELOUPE",0.177171374846543
"Annual","Between","BOLIVIA_GUATEMALA",0.0592415317102645
"Annual","Between","BOLIVIA_GUYANA",0.144961136110836
"Annual","Between","BOLIVIA_HONDURAS",0.0920947917468941
"Annual","Between","BOLIVIA_INDIA",0.119013205624279
"Annual","Between","BOLIVIA_INDONESIA",0.414350632204816
"Annual","Between","BOLIVIA_JAMAICA",0.162528906372032
"Annual","Between","BOLIVIA_LAO PEOPLE'S DEMOCRATIC REPUBLIC",0.0512359634939528
"Annual","Between","BOLIVIA_MALAYSIA",0.15355612102862
"Annual","Between","BOLIVIA_MARTINIQUE",0.260005883879016
"Annual","Between","BOLIVIA_MEXICO",0.0771207505074095
"Annual","Between","BOLIVIA_MYANMAR",0.0887341152034902
"Annual","Between","BOLIVIA_NICARAGUA",0.0851202901160417
"Annual","Between","BOLIVIA_PALAU",0.117675149727708
"Annual","Between","BOLIVIA_PANAMA",0.175138186348559
"Annual","Between","BOLIVIA_PHILIPPINES",0.0618703870334001
"Annual","Between","BOLIVIA_PUERTO RICO",0.211124422125311
"Annual","Between","BOLIVIA_SINGAPORE",0.0900811820462855
"Annual","Between","BOLIVIA_SRI LANKA",0.144437105901565
"Annual","Between","BOLIVIA_SURINAME",0.250098748915934
"Annual","Between","BOLIVIA_TAIWAN",0.110087022294789
"Annual","Between","BOLIVIA_THAILAND",0.0806173088144283
"Annual","Between","BOLIVIA_TRINIDAD AND TOBAGO",0.131272804583005
"Annual","Between","BOLIVIA_VENEZUELA",0.231236911586329
"Annual","Between","BOLIVIA_VIET NAM",0.0755696564202892
"Annual","Between","BRAZIL_CAMBODIA",0.20000108709099
"Annual","Between","BRAZIL_CHINA",0.0257138336114596
"Annual","Between","BRAZIL_COLOMBIA",0.214053581964046
"Annual","Between","BRAZIL_COSTA RICA",0.124942211313755
"Annual","Between","BRAZIL_DOMINICAN REPUBLIC",0.0691132393118953
"Annual","Between","BRAZIL_EL SALVADOR",0.141952136511023
"Annual","Between","BRAZIL_FRENCH GUIANA",0.344022304444157
"Annual","Between","BRAZIL_GUADELOUPE",0.123338711663263
"Annual","Between","BRAZIL_GUATEMALA",0.112003713626691
"Annual","Between","BRAZIL_GUYANA",0.167378288161808
"Annual","Between","BRAZIL_HONDURAS",0.136155451170037
"Annual","Between","BRAZIL_INDIA",0.0674613697823283
"Annual","Between","BRAZIL_INDONESIA",0.503920949715295
"Annual","Between","BRAZIL_JAMAICA",0.0980810122617236
"Annual","Between","BRAZIL_LAO PEOPLE'S DEMOCRATIC REPUBLIC",0.16620026210592
"Annual","Between","BRAZIL_MALAYSIA",0.130244424039367
"Annual","Between","BRAZIL_MARTINIQUE",0.226433170239974
"Annual","Between","BRAZIL_MEXICO",0.0522288224119468
"Annual","Between","BRAZIL_MYANMAR",0.21729383314161
"Annual","Between","BRAZIL_NICARAGUA",0.058970476399624
"Annual","Between","BRAZIL_PALAU",0.160220254368742
"Annual","Between","BRAZIL_PANAMA",0.0874984908040653
"Annual","Between","BRAZIL_PHILIPPINES",0.0811111804594568
"Annual","Between","BRAZIL_PUERTO RICO",0.121487032490763
"Annual","Between","BRAZIL_SINGAPORE",0.135267036222631
"Annual","Between","BRAZIL_SRI LANKA",0.142467530666827
"Annual","Between","BRAZIL_SURINAME",0.199446971974852
"Annual","Between","BRAZIL_TAIWAN",0.0437335598895568
"Annual","Between","BRAZIL_THAILAND",0.224253668346237
"Annual","Between","BRAZIL_TRINIDAD AND TOBAGO",0.0664785136107377
"Annual","Between","BRAZIL_VENEZUELA",0.171044232452416
"Annual","Between","BRAZIL_VIET NAM",0.072718963210414
"Annual","Between","CAMBODIA_ECUADOR",0.214994712077233
"Annual","Between","CAMBODIA_FIJI",0.118819389459324
"Annual","Between","CAMBODIA_FRENCH POLYNESIA",0.115056257953201
"Annual","Between","CAMBODIA_MALDIVES",0.28145285023081
"Annual","Between","CAMBODIA_NEW CALEDONIA",0.132433193132217
"Annual","Between","CAMBODIA_PARAGUAY",0.075158386921975
"Annual","Between","CAMBODIA_PERU",0.13499991929691
"Annual","Between","CAMBODIA_VANUATU",0.143640622405404
"Annual","Between","CHINA_ECUADOR",0.0840315371915074
"Annual","Between","CHINA_FIJI",0.0581389362718762
"Annual","Between","CHINA_FRENCH POLYNESIA",0.111379671053143
"Annual","Between","CHINA_MALDIVES",0.203525682944441
"Annual","Between","CHINA_NEW CALEDONIA",0.0485836057416548
"Annual","Between","CHINA_PARAGUAY",0.0928079787532801
"Annual","Between","CHINA_PERU",0.0543156903381378
"Annual","Between","CHINA_VANUATU",0.0902928446754077
"Annual","Between","COLOMBIA_ECUADOR",0.2094030394086
"Annual","Between","COLOMBIA_FIJI",0.221796586245819
"Annual","Between","COLOMBIA_FRENCH POLYNESIA",0.176685296732905
"Annual","Between","COLOMBIA_MALDIVES",0.16771675700488
"Annual","Between","COLOMBIA_NEW CALEDONIA",0.259146635039065
"Annual","Between","COLOMBIA_PARAGUAY",0.247195930450303
"Annual","Between","COLOMBIA_PERU",0.218134886838379
"Annual","Between","COLOMBIA_VANUATU",0.197940104956619
"Annual","Between","COSTA RICA_ECUADOR",0.213424048483585
"Annual","Between","COSTA RICA_FIJI",0.0824174626221943
"Annual","Between","COSTA RICA_FRENCH POLYNESIA",0.12125907563417
"Annual","Between","COSTA RICA_MALDIVES",0.247273847918167
"Annual","Between","COSTA RICA_NEW CALEDONIA",0.0962369598065502
"Annual","Between","COSTA RICA_PARAGUAY",0.0931015571364216
"Annual","Between","COSTA RICA_PERU",0.0844482182532091
"Annual","Between","COSTA RICA_VANUATU",0.164902264171258
"Annual","Between","DOMINICAN REPUBLIC_ECUADOR",0.0946760367873959
"Annual","Between","DOMINICAN REPUBLIC_FIJI",0.120891289765829
"Annual","Between","DOMINICAN REPUBLIC_FRENCH POLYNESIA",0.142269468970012
"Annual","Between","DOMINICAN REPUBLIC_MALDIVES",0.26194566613841
"Annual","Between","DOMINICAN REPUBLIC_NEW CALEDONIA",0.12799582837523
"Annual","Between","DOMINICAN REPUBLIC_PARAGUAY",0.165276415303689
"Annual","Between","DOMINICAN REPUBLIC_PERU",0.0869978803428915
"Annual","Between","DOMINICAN REPUBLIC_VANUATU",0.154387371331847
"Annual","Between","ECUADOR_EL SALVADOR",0.231338789384964
"Annual","Between","ECUADOR_FRENCH GUIANA",0.314657824611803
"Annual","Between","ECUADOR_GUADELOUPE",0.110927131643125
"Annual","Between","ECUADOR_GUATEMALA",0.182464001721623
"Annual","Between","ECUADOR_GUYANA",0.213131923125723
"Annual","Between","ECUADOR_HONDURAS",0.185710590590622
"Annual","Between","ECUADOR_INDIA",0.0869870506057391
"Annual","Between","ECUADOR_INDONESIA",0.327842654085432
"Annual","Between","ECUADOR_JAMAICA",0.0845100332850863
"Annual","Between","ECUADOR_LAO PEOPLE'S DEMOCRATIC REPUBLIC",0.205882815499813
"Annual","Between","ECUADOR_MALAYSIA",0.178284338730952
"Annual","Between","ECUADOR_MARTINIQUE",0.195755260728292
"Annual","Between","ECUADOR_MEXICO",0.121456784136952
"Annual","Between","ECUADOR_MYANMAR",0.230672047503953
"Annual","Between","ECUADOR_NICARAGUA",0.111851112247963
"Annual","Between","ECUADOR_PALAU",0.18994519979029
"Annual","Between","ECUADOR_PANAMA",0.113123226240808
"Annual","Between","ECUADOR_PHILIPPINES",0.143803334947643
"Annual","Between","ECUADOR_PUERTO RICO",0.0983356891892608
"Annual","Between","ECUADOR_SINGAPORE",0.178916297350827
"Annual","Between","ECUADOR_SRI LANKA",0.180733468455072
"Annual","Between","ECUADOR_SURINAME",0.176445978677408
"Annual","Between","ECUADOR_TAIWAN",0.0863977982035805
"Annual","Between","ECUADOR_THAILAND",0.233665078787479
"Annual","Between","ECUADOR_TRINIDAD AND TOBAGO",0.0645776255500101
"Annual","Between","ECUADOR_VENEZUELA",0.146880511498135
"Annual","Between","ECUADOR_VIET NAM",0.114904472371109
"Annual","Between","EL SALVADOR_FIJI",0.119901104342702
"Annual","Between","EL SALVADOR_FRENCH POLYNESIA",0.108229198646226
"Annual","Between","EL SALVADOR_MALDIVES",0.284939619533696
"Annual","Between","EL SALVADOR_NEW CALEDONIA",0.0888744485778522
"Annual","Between","EL SALVADOR_PARAGUAY",0.0559934346815439
"Annual","Between","EL SALVADOR_PERU",0.10863660437279
"Annual","Between","EL SALVADOR_VANUATU",0.154929865628556
"Annual","Between","FIJI_FRENCH GUIANA",0.307507509637913
"Annual","Between","FIJI_GUADELOUPE",0.148207116737669
"Annual","Between","FIJI_GUATEMALA",0.112087025022744
"Annual","Between","FIJI_GUYANA",0.178639493077776
"Annual","Between","FIJI_HONDURAS",0.136587134439152
"Annual","Between","FIJI_INDIA",0.0811525169590738
"Annual","Between","FIJI_INDONESIA",0.362962486758344
"Annual","Between","FIJI_JAMAICA",0.185859120797051
"Annual","Between","FIJI_LAO PEOPLE'S DEMOCRATIC REPUBLIC",0.093998669031965
"Annual","Between","FIJI_MALAYSIA",0.136973588755842
"Annual","Between","FIJI_MARTINIQUE",0.203407021251812
"Annual","Between","FIJI_MEXICO",0.0623553817957069
"Annual","Between","FIJI_MYANMAR",0.125555491546969
"Annual","Between","FIJI_NICARAGUA",0.0818418886863269
"Annual","Between","FIJI_PALAU",0.189461108720572
"Annual","Between","FIJI_PANAMA",0.0703447471167891
"Annual","Between","FIJI_PHILIPPINES",0.0623341338267473
"Annual","Between","FIJI_PUERTO RICO",0.130751931081744
"Annual","Between","FIJI_SINGAPORE",0.16972278229637
"Annual","Between","FIJI_SRI LANKA",0.14789442606078
"Annual","Between","FIJI_SURINAME",0.232984245964487
"Annual","Between","FIJI_TAIWAN",0.0535854656775429
"Annual","Between","FIJI_THAILAND",0.122682626241536
"Annual","Between","FIJI_TRINIDAD AND TOBAGO",0.0839080213775613
"Annual","Between","FIJI_VENEZUELA",0.172233372590081
"Annual","Between","FIJI_VIET NAM",0.0469325418182536
"Annual","Between","FRENCH GUIANA_FRENCH POLYNESIA",0.214435314474034
"Annual","Between","FRENCH GUIANA_MALDIVES",0.18403541738584
"Annual","Between","FRENCH GUIANA_NEW CALEDONIA",0.341389685221478
"Annual","Between","FRENCH GUIANA_PARAGUAY",0.268340537261689
"Annual","Between","FRENCH GUIANA_PERU",0.323432743287285
"Annual","Between","FRENCH GUIANA_VANUATU",0.19330230330964
"Annual","Between","FRENCH POLYNESIA_GUADELOUPE",0.239416069447072
"Annual","Between","FRENCH POLYNESIA_GUATEMALA",0.131046807382145
"Annual","Between","FRENCH POLYNESIA_GUYANA",0.143940330573083
"Annual","Between","FRENCH POLYNESIA_HONDURAS",0.156931787170825
"Annual","Between","FRENCH POLYNESIA_INDIA",0.142012965509856
"Annual","Between","FRENCH POLYNESIA_INDONESIA",0.209258542271905
"Annual","Between","FRENCH POLYNESIA_JAMAICA",0.208754108859081
"Annual","Between","FRENCH POLYNESIA_LAO PEOPLE'S DEMOCRATIC REPUBLIC",0.0963507596064816
"Annual","Between","FRENCH POLYNESIA_MALAYSIA",0.203279341979459
"Annual","Between","FRENCH POLYNESIA_MARTINIQUE",0.277211435801736
"Annual","Between","FRENCH POLYNESIA_MEXICO",0.100322201619727
"Annual","Between","FRENCH POLYNESIA_MYANMAR",0.104357920268186
"Annual","Between","FRENCH POLYNESIA_NICARAGUA",0.115009486200273
"Annual","Between","FRENCH POLYNESIA_PALAU",0.189746409143582
"Annual","Between","FRENCH POLYNESIA_PANAMA",0.146521101674652
"Annual","Between","FRENCH POLYNESIA_PHILIPPINES",0.127796251222113
"Annual","Between","FRENCH POLYNESIA_PUERTO RICO",0.192469694239366
"Annual","Between","FRENCH POLYNESIA_SINGAPORE",0.197846987734437
"Annual","Between","FRENCH POLYNESIA_SRI LANKA",0.190593879180736
"Annual","Between","FRENCH POLYNESIA_SURINAME",0.203598571652443
"Annual","Between","FRENCH POLYNESIA_TAIWAN",0.116873836575425
"Annual","Between","FRENCH POLYNESIA_THAILAND",0.100590587145428
"Annual","Between","FRENCH POLYNESIA_TRINIDAD AND TOBAGO",0.173915476817161
"Annual","Between","FRENCH POLYNESIA_VENEZUELA",0.176368710169596
"Annual","Between","FRENCH POLYNESIA_VIET NAM",0.113783161466884
"Annual","Between","GUADELOUPE_MALDIVES",0.148690177475162
"Annual","Between","GUADELOUPE_NEW CALEDONIA",0.145405181355677
"Annual","Between","GUADELOUPE_PARAGUAY",0.246951809259508
"Annual","Between","GUADELOUPE_PERU",0.178336177181462
"Annual","Between","GUADELOUPE_VANUATU",0.130922680018069
"Annual","Between","GUATEMALA_MALDIVES",0.269139590276841
"Annual","Between","GUATEMALA_NEW CALEDONIA",0.090388784743366
"Annual","Between","GUATEMALA_PARAGUAY",0.0751644828618461
"Annual","Between","GUATEMALA_PERU",0.0926620185420577
"Annual","Between","GUATEMALA_VANUATU",0.126854640451851
"Annual","Between","GUYANA_MALDIVES",0.37471841296843
"Annual","Between","GUYANA_NEW CALEDONIA",0.141021432535063
"Annual","Between","GUYANA_PARAGUAY",0.248240261520501
"Annual","Between","GUYANA_PERU",0.152912675369696
"Annual","Between","GUYANA_VANUATU",0.14167357925493
"Annual","Between","HONDURAS_MALDIVES",0.26286211153426
"Annual","Between","HONDURAS_NEW CALEDONIA",0.116705615047132
"Annual","Between","HONDURAS_PARAGUAY",0.112558561543402
"Annual","Between","HONDURAS_PERU",0.109359731367316
"Annual","Between","HONDURAS_VANUATU",0.161742506838758
"Annual","Between","INDIA_MALDIVES",0.201414950113141
"Annual","Between","INDIA_NEW CALEDONIA",0.0902682328323822
"Annual","Between","INDIA_PARAGUAY",0.120232302610564
"Annual","Between","INDIA_PERU",0.0924912418429804
"Annual","Between","INDIA_VANUATU",0.0995662065770539
"Annual","Between","INDONESIA_MALDIVES",0.115643163859521
"Annual","Between","INDONESIA_NEW CALEDONIA",0.366276944968547
"Annual","Between","INDONESIA_PARAGUAY",0.317286771195188
"Annual","Between","INDONESIA_PERU",0.401017901344184
"Annual","Between","INDONESIA_VANUATU",0.237542073950303
"Annual","Between","JAMAICA_MALDIVES",0.16972918062619
"Annual","Between","JAMAICA_NEW CALEDONIA",0.140705569153786
"Annual","Between","JAMAICA_PARAGUAY",0.214044454693502
"Annual","Between","JAMAICA_PERU",0.169563067541705
"Annual","Between","JAMAICA_VANUATU",0.157750684300722
"Annual","Between","LAO PEOPLE'S DEMOCRATIC REPUBLIC_MALDIVES",0.295486779905439
"Annual","Between","LAO PEOPLE'S DEMOCRATIC REPUBLIC_NEW CALEDONIA",0.113300420372615
"Annual","Between","LAO PEOPLE'S DEMOCRATIC REPUBLIC_PARAGUAY",0.0638608574147088
"Annual","Between","LAO PEOPLE'S DEMOCRATIC REPUBLIC_PERU",0.0991876430655111
"Annual","Between","LAO PEOPLE'S DEMOCRATIC REPUBLIC_VANUATU",0.142424903610746
"Annual","Between","MALAYSIA_MALDIVES",0.143268369612769
"Annual","Between","MALAYSIA_NEW CALEDONIA",0.170489217248085
"Annual","Between","MALAYSIA_PARAGUAY",0.15843646594788
"Annual","Between","MALAYSIA_PERU",0.154965821112557
"Annual","Between","MALAYSIA_VANUATU",0.182900999257599
"Annual","Between","MALDIVES_MARTINIQUE",0.0898747795443985
"Annual","Between","MALDIVES_MEXICO",0.23128407906109
"Annual","Between","MALDIVES_MYANMAR",0.285194774644507
"Annual","Between","MALDIVES_NICARAGUA",0.283909493022156
"Annual","Between","MALDIVES_PALAU",0.237511367624621
"Annual","Between","MALDIVES_PANAMA",0.252057031585001
"Annual","Between","MALDIVES_PHILIPPINES",0.268409296162243
"Annual","Between","MALDIVES_PUERTO RICO",0.170118832987038
"Annual","Between","MALDIVES_SINGAPORE",0.214663945611249
"Annual","Between","MALDIVES_SRI LANKA",0.18484283886718
"Annual","Between","MALDIVES_SURINAME",0.177136350292664
"Annual","Between","MALDIVES_TAIWAN",0.187248620214541
"Annual","Between","MALDIVES_THAILAND",0.278300615442219
"Annual","Between","MALDIVES_TRINIDAD AND TOBAGO",0.176260931345404
"Annual","Between","MALDIVES_VENEZUELA",0.143794427462784
"Annual","Between","MALDIVES_VIET NAM",0.215792399499792
"Annual","Between","MARTINIQUE_NEW CALEDONIA",0.193845219155216
"Annual","Between","MARTINIQUE_PARAGUAY",0.243883126964973
"Annual","Between","MARTINIQUE_PERU",0.288977534485043
"Annual","Between","MARTINIQUE_VANUATU",0.152122277453295
"Annual","Between","MEXICO_NEW CALEDONIA",0.052450312106466
"Annual","Between","MEXICO_PARAGUAY",0.0924745187133978
"Annual","Between","MEXICO_PERU",0.056164933438958
"Annual","Between","MEXICO_VANUATU",0.0678389708402925
"Annual","Between","MYANMAR_NEW CALEDONIA",0.135433534165459
"Annual","Between","MYANMAR_PARAGUAY",0.0699209994875168
"Annual","Between","MYANMAR_PERU",0.130450700625043
"Annual","Between","MYANMAR_VANUATU",0.154900526365982
"Annual","Between","NEW CALEDONIA_NICARAGUA",0.073697619167533
"Annual","Between","NEW CALEDONIA_PALAU",0.260465525990329
"Annual","Between","NEW CALEDONIA_PANAMA",0.0814554201968331
"Annual","Between","NEW CALEDONIA_PHILIPPINES",0.0718945980317322
"Annual","Between","NEW CALEDONIA_PUERTO RICO",0.155340806893925
"Annual","Between","NEW CALEDONIA_SINGAPORE",0.104459277653281
"Annual","Between","NEW CALEDONIA_SRI LANKA",0.145607982362995
"Annual","Between","NEW CALEDONIA_SURINAME",0.253523133353238
"Annual","Between","NEW CALEDONIA_TAIWAN",0.0820168710280094
"Annual","Between","NEW CALEDONIA_THAILAND",0.149682918231368
"Annual","Between","NEW CALEDONIA_TRINIDAD AND TOBAGO",0.0771988858170095
"Annual","Between","NEW CALEDONIA_VENEZUELA",0.142166834155741
"Annual","Between","NEW CALEDONIA_VIET NAM",0.0690149851780311
"Annual","Between","NICARAGUA_PARAGUAY",0.109768798228644
"Annual","Between","NICARAGUA_PERU",0.0689426479165864
"Annual","Between","NICARAGUA_VANUATU",0.11396862181786
"Annual","Between","PALAU_PARAGUAY",0.163977438536916
"Annual","Between","PALAU_PERU",0.183082173835056
"Annual","Between","PALAU_VANUATU",0.219386401983317
"Annual","Between","PANAMA_PARAGUAY",0.137755028959925
"Annual","Between","PANAMA_PERU",0.0739386550689303
"Annual","Between","PANAMA_VANUATU",0.162732403605687
"Annual","Between","PARAGUAY_PHILIPPINES",0.0867443001139027
"Annual","Between","PARAGUAY_PUERTO RICO",0.189103843803176
"Annual","Between","PARAGUAY_SINGAPORE",0.0585354295037339
"Annual","Between","PARAGUAY_SRI LANKA",0.138718400972265
"Annual","Between","PARAGUAY_SURINAME",0.305576665300813
"Annual","Between","PARAGUAY_TAIWAN",0.0911520722636543
"Annual","Between","PARAGUAY_THAILAND",0.0893620062019118
"Annual","Between","PARAGUAY_TRINIDAD AND TOBAGO",0.131284718067838
"Annual","Between","PARAGUAY_VENEZUELA",0.208509240640546
"Annual","Between","PARAGUAY_VIET NAM",0.0823926234697913
"Annual","Between","PERU_PHILIPPINES",0.0624227047994522
"Annual","Between","PERU_PUERTO RICO",0.136986002243067
"Annual","Between","PERU_SINGAPORE",0.0998388099284312
"Annual","Between","PERU_SRI LANKA",0.168847307990401
"Annual","Between","PERU_SURINAME",0.255336173917591
"Annual","Between","PERU_TAIWAN",0.0847403641712963
"Annual","Between","PERU_THAILAND",0.13525209784656
"Annual","Between","PERU_TRINIDAD AND TOBAGO",0.112986801697137
"Annual","Between","PERU_VENEZUELA",0.181692510870125
"Annual","Between","PERU_VIET NAM",0.0541099417512997
"Annual","Between","PHILIPPINES_VANUATU",0.116928044105075
"Annual","Between","PUERTO RICO_VANUATU",0.133407203399815
"Annual","Between","SINGAPORE_VANUATU",0.182844201533317
"Annual","Between","SRI LANKA_VANUATU",0.169047417885294
"Annual","Between","SURINAME_VANUATU",0.157737205648946
"Annual","Between","TAIWAN_VANUATU",0.141587508720908
"Annual","Between","THAILAND_VANUATU",0.162817028773878
"Annual","Between","TRINIDAD AND TOBAGO_VANUATU",0.110817267931644
"Annual","Between","VANUATU_VENEZUELA",0.165003089454088
"Annual","Between","VANUATU_VIET NAM",0.0917330303749081
"Annual","Within","ARGENTINA_AUSTRALIA",0.360171960169327
"Annual","Within","ARGENTINA_BOLIVIA",0.430644673020516
"Annual","Within","ARGENTINA_BRAZIL",0.54019282220247
"Annual","Within","ARGENTINA_ECUADOR",0.354235824011342
"Annual","Within","ARGENTINA_FIJI",0.366620181439823
"Annual","Within","ARGENTINA_FRENCH POLYNESIA",0.210147130030918
"Annual","Within","ARGENTINA_MALDIVES",0.316791416376109
"Annual","Within","ARGENTINA_NEW CALEDONIA",0.343856221375528
"Annual","Within","ARGENTINA_PARAGUAY",0.438893339509447
"Annual","Within","ARGENTINA_PERU",0.406792318228621
"Annual","Within","ARGENTINA_VANUATU",0.258550019080805
"Annual","Within","AUSTRALIA_BOLIVIA",0.419522724958777
"Annual","Within","AUSTRALIA_BRAZIL",0.393782620848065
"Annual","Within","AUSTRALIA_ECUADOR",0.356520505406368
"Annual","Within","AUSTRALIA_FIJI",0.265885458410213
"Annual","Within","AUSTRALIA_FRENCH POLYNESIA",0.261556677483917
"Annual","Within","AUSTRALIA_MALDIVES",0.1784545521338
"Annual","Within","AUSTRALIA_NEW CALEDONIA",0.299865967996311
"Annual","Within","AUSTRALIA_PARAGUAY",0.302003794990432
"Annual","Within","AUSTRALIA_PERU",0.335158765714061
"Annual","Within","AUSTRALIA_VANUATU",0.283617376173339
"Annual","Within","BANGLADESH_BARBADOS",0.199288975369681
"Annual","Within","BANGLADESH_CAMBODIA",0.447962172753515
"Annual","Within","BANGLADESH_CHINA",0.489402041273482
"Annual","Within","BANGLADESH_COLOMBIA",0.103100569316024
"Annual","Within","BANGLADESH_COSTA RICA",0.382476817597417
"Annual","Within","BANGLADESH_DOMINICAN REPUBLIC",0.337616184880043
"Annual","Within","BANGLADESH_EL SALVADOR",0.401979787742953
"Annual","Within","BANGLADESH_FRENCH GUIANA",0.0877172668320851
"Annual","Within","BANGLADESH_GUADELOUPE",0.267938920345829
"Annual","Within","BANGLADESH_GUATEMALA",0.379411174868133
"Annual","Within","BANGLADESH_GUYANA",0.303172201285853
"Annual","Within","BANGLADESH_HONDURAS",0.307022526626431
"Annual","Within","BANGLADESH_INDIA",0.401683923601033
"Annual","Within","BANGLADESH_INDONESIA",0.041667661507103
"Annual","Within","BANGLADESH_JAMAICA",0.225545811812398
"Annual","Within","BANGLADESH_LAO PEOPLE'S DEMOCRATIC REPUBLIC",0.486976456143336
"Annual","Within","BANGLADESH_MALAYSIA",0.149152732477733
"Annual","Within","BANGLADESH_MARTINIQUE",0.135936627717686
"Annual","Within","BANGLADESH_MEXICO",0.517862749925107
"Annual","Within","BANGLADESH_MYANMAR",0.437341625863229
"Annual","Within","BANGLADESH_NICARAGUA",0.505167092755365
"Annual","Within","BANGLADESH_PALAU",0.184104678398688
"Annual","Within","BANGLADESH_PANAMA",0.410780464027958
"Annual","Within","BANGLADESH_PHILIPPINES",0.468524658608338
"Annual","Within","BANGLADESH_PUERTO RICO",0.263986064906715
"Annual","Within","BANGLADESH_SINGAPORE",0.265895288626435
"Annual","Within","BANGLADESH_SRI LANKA",0.133283713439579
"Annual","Within","BANGLADESH_SURINAME",0.171050122571064
"Annual","Within","BANGLADESH_TAIWAN",0.471392861921979
"Annual","Within","BANGLADESH_THAILAND",0.432202695580479
"Annual","Within","BANGLADESH_TRINIDAD AND TOBAGO",0.37800436908596
"Annual","Within","BANGLADESH_VENEZUELA",0.180552664727681
"Annual","Within","BANGLADESH_VIET NAM",0.466173548034932
"Annual","Within","BARBADOS_CAMBODIA",0.205876017516042
"Annual","Within","BARBADOS_CHINA",0.282280288880192
"Annual","Within","BARBADOS_COLOMBIA",0.254583241780827
"Annual","Within","BARBADOS_COSTA RICA",0.22393856463123
"Annual","Within","BARBADOS_DOMINICAN REPUBLIC",0.330701108967486
"Annual","Within","BARBADOS_EL SALVADOR",0.214881119132543
"Annual","Within","BARBADOS_FRENCH GUIANA",0.208119121479204
"Annual","Within","BARBADOS_GUADELOUPE",0.366215200302425
"Annual","Within","BARBADOS_GUATEMALA",0.242827684993574
"Annual","Within","BARBADOS_GUYANA",0.172418442136046
"Annual","Within","BARBADOS_HONDURAS",0.230988304048138
"Annual","Within","BARBADOS_INDIA",0.249285820635785
"Annual","Within","BARBADOS_INDONESIA",0.174011508213561
"Annual","Within","BARBADOS_JAMAICA",0.380147801345544
"Annual","Within","BARBADOS_LAO PEOPLE'S DEMOCRATIC REPUBLIC",0.194840823646154
"Annual","Within","BARBADOS_MALAYSIA",0.281562113060248
"Annual","Within","BARBADOS_MARTINIQUE",0.293432523609317
"Annual","Within","BARBADOS_MEXICO",0.243575511321819
"Annual","Within","BARBADOS_MYANMAR",0.15358328569383
"Annual","Within","BARBADOS_NICARAGUA",0.282224250949882
"Annual","Within","BARBADOS_PALAU",0.233137698000402
"Annual","Within","BARBADOS_PANAMA",0.237888547567183
"Annual","Within","BARBADOS_PHILIPPINES",0.233854690999172
"Annual","Within","BARBADOS_PUERTO RICO",0.308772666378276
"Annual","Within","BARBADOS_SINGAPORE",0.243906162852926
"Annual","Within","BARBADOS_SRI LANKA",0.215620147491287
"Annual","Within","BARBADOS_SURINAME",0.280675490677364
"Annual","Within","BARBADOS_TAIWAN",0.280634818108329
"Annual","Within","BARBADOS_THAILAND",0.188822842759487
"Annual","Within","BARBADOS_TRINIDAD AND TOBAGO",0.312652050225437
"Annual","Within","BARBADOS_VENEZUELA",0.252695234970935
"Annual","Within","BARBADOS_VIET NAM",0.260841070351131
"Annual","Within","BOLIVIA_BRAZIL",0.499479158193068
"Annual","Within","BOLIVIA_ECUADOR",0.373305162995327
"Annual","Within","BOLIVIA_FIJI",0.340828264797833
"Annual","Within","BOLIVIA_FRENCH POLYNESIA",0.243246483279071
"Annual","Within","BOLIVIA_MALDIVES",0.10460067530509
"Annual","Within","BOLIVIA_NEW CALEDONIA",0.338095514704619
"Annual","Within","BOLIVIA_PARAGUAY",0.343982924961821
"Annual","Within","BOLIVIA_PERU",0.445698316519613
"Annual","Within","BOLIVIA_VANUATU",0.268403654909223
"Annual","Within","BRAZIL_ECUADOR",0.467816032787071
"Annual","Within","BRAZIL_FIJI",0.398287975292853
"Annual","Within","BRAZIL_FRENCH POLYNESIA",0.190052189328365
"Annual","Within","BRAZIL_MALDIVES",0.131847654260833
"Annual","Within","BRAZIL_NEW CALEDONIA",0.405901117027233
"Annual","Within","BRAZIL_PARAGUAY",0.289586423273414
"Annual","Within","BRAZIL_PERU",0.542598268061502
"Annual","Within","BRAZIL_VANUATU",0.26988333664781
"Annual","Within","CAMBODIA_CHINA",0.478335538125721
"Annual","Within","CAMBODIA_COLOMBIA",0.173342488351753
"Annual","Within","CAMBODIA_COSTA RICA",0.416925287413795
"Annual","Within","CAMBODIA_DOMINICAN REPUBLIC",0.307316338971595
"Annual","Within","CAMBODIA_EL SALVADOR",0.463784882739214
"Annual","Within","CAMBODIA_FRENCH GUIANA",0.110986966291513
"Annual","Within","CAMBODIA_GUADELOUPE",0.219788128054162
"Annual","Within","CAMBODIA_GUATEMALA",0.47260787491643
"Annual","Within","CAMBODIA_GUYANA",0.224838246533735
"Annual","Within","CAMBODIA_HONDURAS",0.41072779535996
"Annual","Within","CAMBODIA_INDIA",0.400918160733498
"Annual","Within","CAMBODIA_INDONESIA",0.104268168615246
"Annual","Within","CAMBODIA_JAMAICA",0.211937429720495
"Annual","Within","CAMBODIA_LAO PEOPLE'S DEMOCRATIC REPUBLIC",0.687133625422132
"Annual","Within","CAMBODIA_MALAYSIA",0.253789557729749
"Annual","Within","CAMBODIA_MARTINIQUE",0.111628257693602
"Annual","Within","CAMBODIA_MEXICO",0.491315374695406
"Annual","Within","CAMBODIA_MYANMAR",0.615076471334963
"Annual","Within","CAMBODIA_NICARAGUA",0.435821223546642
"Annual","Within","CAMBODIA_PALAU",0.232497454748576
"Annual","Within","CAMBODIA_PANAMA",0.311992267207823
"Annual","Within","CAMBODIA_PHILIPPINES",0.517455953446098
"Annual","Within","CAMBODIA_PUERTO RICO",0.238204424123277
"Annual","Within","CAMBODIA_SINGAPORE",0.475013874662676
"Annual","Within","CAMBODIA_SRI LANKA",0.228753794118863
"Annual","Within","CAMBODIA_SURINAME",0.0913101135654705
"Annual","Within","CAMBODIA_TAIWAN",0.472530960737725
"Annual","Within","CAMBODIA_THAILAND",0.733490365331718
"Annual","Within","CAMBODIA_TRINIDAD AND TOBAGO",0.378434032506171
"Annual","Within","CAMBODIA_VENEZUELA",0.159607908613255
"Annual","Within","CAMBODIA_VIET NAM",0.609376296286937
"Annual","Within","CHINA_COLOMBIA",0.106598097793942
"Annual","Within","CHINA_COSTA RICA",0.393053559123769
"Annual","Within","CHINA_DOMINICAN REPUBLIC",0.347976959482753
"Annual","Within","CHINA_EL SALVADOR",0.39938672397634
"Annual","Within","CHINA_FRENCH GUIANA",0.0632835882420369
"Annual","Within","CHINA_GUADELOUPE",0.335936156991825
"Annual","Within","CHINA_GUATEMALA",0.439070566309323
"Annual","Within","CHINA_GUYANA",0.184844106012751
"Annual","Within","CHINA_HONDURAS",0.32265098021898
"Annual","Within","CHINA_INDIA",0.526664446627954
"Annual","Within","CHINA_INDONESIA",0.0657605265246093
"Annual","Within","CHINA_JAMAICA",0.28931197228361
"Annual","Within","CHINA_LAO PEOPLE'S DEMOCRATIC REPUBLIC",0.525224571834503
"Annual","Within","CHINA_MALAYSIA",0.23338034894531
"Annual","Within","CHINA_MARTINIQUE",0.212288900405897
"Annual","Within","CHINA_MEXICO",0.59745395245236
"Annual","Within","CHINA_MYANMAR",0.45436695079431
"Annual","Within","CHINA_NICARAGUA",0.525106568896825
"Annual","Within","CHINA_PALAU",0.151620890099517
"Annual","Within","CHINA_PANAMA",0.374152434950263
"Annual","Within","CHINA_PHILIPPINES",0.525307766977676
"Annual","Within","CHINA_PUERTO RICO",0.344629437799099
"Annual","Within","CHINA_SINGAPORE",0.355981612289496
"Annual","Within","CHINA_SRI LANKA",0.200045066872783
"Annual","Within","CHINA_SURINAME",0.16174461827383
"Annual","Within","CHINA_TAIWAN",0.629428697547383
"Annual","Within","CHINA_THAILAND",0.46945942919341
"Annual","Within","CHINA_TRINIDAD AND TOBAGO",0.48932578319002
"Annual","Within","CHINA_VENEZUELA",0.215767859259626
"Annual","Within","CHINA_VIET NAM",0.605453363230956
"Annual","Within","COLOMBIA_COSTA RICA",0.138461981683195
"Annual","Within","COLOMBIA_DOMINICAN REPUBLIC",0.196186005480517
"Annual","Within","COLOMBIA_EL SALVADOR",0.142154375012278
"Annual","Within","COLOMBIA_FRENCH GUIANA",0.269564938542149
"Annual","Within","COLOMBIA_GUADELOUPE",0.176169511229603
"Annual","Within","COLOMBIA_GUATEMALA",0.143187635225319
"Annual","Within","COLOMBIA_GUYANA",0.168385447458575
"Annual","Within","COLOMBIA_HONDURAS",0.19862078624186
"Annual","Within","COLOMBIA_INDIA",0.129200060162703
"Annual","Within","COLOMBIA_INDONESIA",0.295168044391384
"Annual","Within","COLOMBIA_JAMAICA",0.21532222508895
"Annual","Within","COLOMBIA_LAO PEOPLE'S DEMOCRATIC REPUBLIC",0.15490197955219
"Annual","Within","COLOMBIA_MALAYSIA",0.191665772244229
"Annual","Within","COLOMBIA_MARTINIQUE",0.197061314199591
"Annual","Within","COLOMBIA_MEXICO",0.120791642275804
"Annual","Within","COLOMBIA_MYANMAR",0.155059812698738
"Annual","Within","COLOMBIA_NICARAGUA",0.120588321640606
"Annual","Within","COLOMBIA_PALAU",0.22249216540336
"Annual","Within","COLOMBIA_PANAMA",0.125426642942187
"Annual","Within","COLOMBIA_PHILIPPINES",0.159351808774178
"Annual","Within","COLOMBIA_PUERTO RICO",0.195968391073505
"Annual","Within","COLOMBIA_SINGAPORE",0.225466611682357
"Annual","Within","COLOMBIA_SRI LANKA",0.233743524168369
"Annual","Within","COLOMBIA_SURINAME",0.192722207859765
"Annual","Within","COLOMBIA_TAIWAN",0.0749064918335446
"Annual","Within","COLOMBIA_THAILAND",0.166474031426525
"Annual","Within","COLOMBIA_TRINIDAD AND TOBAGO",0.139865121214992
"Annual","Within","COLOMBIA_VENEZUELA",0.197012962499813
"Annual","Within","COLOMBIA_VIET NAM",0.142072120661757
"Annual","Within","COSTA RICA_DOMINICAN REPUBLIC",0.297056891369599
"Annual","Within","COSTA RICA_EL SALVADOR",0.399746125492788
"Annual","Within","COSTA RICA_FRENCH GUIANA",0.0970476174190143
"Annual","Within","COSTA RICA_GUADELOUPE",0.250708734262995
"Annual","Within","COSTA RICA_GUATEMALA",0.412831469454761
"Annual","Within","COSTA RICA_GUYANA",0.213726207946059
"Annual","Within","COSTA RICA_HONDURAS",0.337085907808847
"Annual","Within","COSTA RICA_INDIA",0.36564456647145
"Annual","Within","COSTA RICA_INDONESIA",0.0899924881726753
"Annual","Within","COSTA RICA_JAMAICA",0.237942882300533
"Annual","Within","COSTA RICA_LAO PEOPLE'S DEMOCRATIC REPUBLIC",0.4697005268428
"Annual","Within","COSTA RICA_MALAYSIA",0.260944668027263
"Annual","Within","COSTA RICA_MARTINIQUE",0.144393235614859
"Annual","Within","COSTA RICA_MEXICO",0.415729415772221
"Annual","Within","COSTA RICA_MYANMAR",0.405854557220628
"Annual","Within","COSTA RICA_NICARAGUA",0.392198807209022
"Annual","Within","COSTA RICA_PALAU",0.163299062384648
"Annual","Within","COSTA RICA_PANAMA",0.399893239903071
"Annual","Within","COSTA RICA_PHILIPPINES",0.391812822607518
"Annual","Within","COSTA RICA_PUERTO RICO",0.248918017220204
"Annual","Within","COSTA RICA_SINGAPORE",0.344638607968475
"Annual","Within","COSTA RICA_SRI LANKA",0.196244024374783
"Annual","Within","COSTA RICA_SURINAME",0.120126154209997
"Annual","Within","COSTA RICA_TAIWAN",0.420015018651099
"Annual","Within","COSTA RICA_THAILAND",0.486550628308336
"Annual","Within","COSTA RICA_TRINIDAD AND TOBAGO",0.333786919367157
"Annual","Within","COSTA RICA_VENEZUELA",0.211568142403656
"Annual","Within","COSTA RICA_VIET NAM",0.443070953036168
"Annual","Within","DOMINICAN REPUBLIC_EL SALVADOR",0.299540739934176
"Annual","Within","DOMINICAN REPUBLIC_FRENCH GUIANA",0.141336141634754
"Annual","Within","DOMINICAN REPUBLIC_GUADELOUPE",0.300470784263785
"Annual","Within","DOMINICAN REPUBLIC_GUATEMALA",0.314541900253153
"Annual","Within","DOMINICAN REPUBLIC_GUYANA",0.185550761735018
"Annual","Within","DOMINICAN REPUBLIC_HONDURAS",0.284382350779471
"Annual","Within","DOMINICAN REPUBLIC_INDIA",0.328721522843603
"Annual","Within","DOMINICAN REPUBLIC_INDONESIA",0.13151573198526
"Annual","Within","DOMINICAN REPUBLIC_JAMAICA",0.388310467864312
"Annual","Within","DOMINICAN REPUBLIC_LAO PEOPLE'S DEMOCRATIC REPUBLIC",0.318043196195293
"Annual","Within","DOMINICAN REPUBLIC_MALAYSIA",0.22370804325797
"Annual","Within","DOMINICAN REPUBLIC_MARTINIQUE",0.243244519193242
"Annual","Within","DOMINICAN REPUBLIC_MEXICO",0.339463415658097
"Annual","Within","DOMINICAN REPUBLIC_MYANMAR",0.272618461820342
"Annual","Within","DOMINICAN REPUBLIC_NICARAGUA",0.384232626826991
"Annual","Within","DOMINICAN REPUBLIC_PALAU",0.239995287512932
"Annual","Within","DOMINICAN REPUBLIC_PANAMA",0.345886764034676
"Annual","Within","DOMINICAN REPUBLIC_PHILIPPINES",0.343181339878193
"Annual","Within","DOMINICAN REPUBLIC_PUERTO RICO",0.338496681302951
"Annual","Within","DOMINICAN REPUBLIC_SINGAPORE",0.285399257627318
"Annual","Within","DOMINICAN REPUBLIC_SRI LANKA",0.180416981363179
"Annual","Within","DOMINICAN REPUBLIC_SURINAME",0.226076567129757
"Annual","Within","DOMINICAN REPUBLIC_TAIWAN",0.358484489971596
"Annual","Within","DOMINICAN REPUBLIC_THAILAND",0.282342194606677
"Annual","Within","DOMINICAN REPUBLIC_TRINIDAD AND TOBAGO",0.353167569302457
"Annual","Within","DOMINICAN REPUBLIC_VENEZUELA",0.247411291713172
"Annual","Within","DOMINICAN REPUBLIC_VIET NAM",0.373898156863771
"Annual","Within","ECUADOR_FIJI",0.308638344434662
"Annual","Within","ECUADOR_FRENCH POLYNESIA",0.200734129895785
"Annual","Within","ECUADOR_MALDIVES",0.191976080620395
"Annual","Within","ECUADOR_NEW CALEDONIA",0.260019165559779
"Annual","Within","ECUADOR_PARAGUAY",0.234520729623518
"Annual","Within","ECUADOR_PERU",0.393725859277825
"Annual","Within","ECUADOR_VANUATU",0.241065393056265
"Annual","Within","EL SALVADOR_FRENCH GUIANA",0.125033849427139
"Annual","Within","EL SALVADOR_GUADELOUPE",0.213658439709397
"Annual","Within","EL SALVADOR_GUATEMALA",0.443525411379377
"Annual","Within","EL SALVADOR_GUYANA",0.237363171629923
"Annual","Within","EL SALVADOR_HONDURAS",0.333655740512827
"Annual","Within","EL SALVADOR_INDIA",0.363208663269429
"Annual","Within","EL SALVADOR_INDONESIA",0.0902250217202086
"Annual","Within","EL SALVADOR_JAMAICA",0.227228529918296
"Annual","Within","EL SALVADOR_LAO PEOPLE'S DEMOCRATIC REPUBLIC",0.483950430494143
"Annual","Within","EL SALVADOR_MALAYSIA",0.249853080784173
"Annual","Within","EL SALVADOR_MARTINIQUE",0.089102471952886
"Annual","Within","EL SALVADOR_MEXICO",0.446232560735655
"Annual","Within","EL SALVADOR_MYANMAR",0.472522680483612
"Annual","Within","EL SALVADOR_NICARAGUA",0.41188931089706
"Annual","Within","EL SALVADOR_PALAU",0.187238264469266
"Annual","Within","EL SALVADOR_PANAMA",0.326682004348277
"Annual","Within","EL SALVADOR_PHILIPPINES",0.445829021669113
"Annual","Within","EL SALVADOR_PUERTO RICO",0.249235523427627
"Annual","Within","EL SALVADOR_SINGAPORE",0.396603420431601
"Annual","Within","EL SALVADOR_SRI LANKA",0.229576661839697
"Annual","Within","EL SALVADOR_SURINAME",0.122124495663414
"Annual","Within","EL SALVADOR_TAIWAN",0.450045781160744
"Annual","Within","EL SALVADOR_THAILAND",0.50329881051952
"Annual","Within","EL SALVADOR_TRINIDAD AND TOBAGO",0.312938694920648
"Annual","Within","EL SALVADOR_VENEZUELA",0.188224471372916
"Annual","Within","EL SALVADOR_VIET NAM",0.426918877990219
"Annual","Within","FIJI_FRENCH POLYNESIA",0.199590598491865
"Annual","Within","FIJI_MALDIVES",0.206941538924016
"Annual","Within","FIJI_NEW CALEDONIA",0.436707652873232
"Annual","Within","FIJI_PARAGUAY",0.238676344094418
"Annual","Within","FIJI_PERU",0.365237657702226
"Annual","Within","FIJI_VANUATU",0.338916225263452
"Annual","Within","FRENCH GUIANA_GUADELOUPE",0.215368532244712
"Annual","Within","FRENCH GUIANA_GUATEMALA",0.128048035862009
"Annual","Within","FRENCH GUIANA_GUYANA",0.196046175956105
"Annual","Within","FRENCH GUIANA_HONDURAS",0.138047310674165
"Annual","Within","FRENCH GUIANA_INDIA",0.0867529022312104
"Annual","Within","FRENCH GUIANA_INDONESIA",0.314816611877645
"Annual","Within","FRENCH GUIANA_JAMAICA",0.159920029721629
"Annual","Within","FRENCH GUIANA_LAO PEOPLE'S DEMOCRATIC REPUBLIC",0.108710422037623
"Annual","Within","FRENCH GUIANA_MALAYSIA",0.180858082711408
"Annual","Within","FRENCH GUIANA_MARTINIQUE",0.309579389309705
"Annual","Within","FRENCH GUIANA_MEXICO",0.0703583680438505
"Annual","Within","FRENCH GUIANA_MYANMAR",0.122947264973895
"Annual","Within","FRENCH GUIANA_NICARAGUA",0.098981961944372
"Annual","Within","FRENCH GUIANA_PALAU",0.237419215936099
"Annual","Within","FRENCH GUIANA_PANAMA",0.0851184557631602
"Annual","Within","FRENCH GUIANA_PHILIPPINES",0.104316474673384
"Annual","Within","FRENCH GUIANA_PUERTO RICO",0.118261287203818
"Annual","Within","FRENCH GUIANA_SINGAPORE",0.112693298264768
"Annual","Within","FRENCH GUIANA_SRI LANKA",0.189634430312455
"Annual","Within","FRENCH GUIANA_SURINAME",0.269052674469136
"Annual","Within","FRENCH GUIANA_TAIWAN",0.0678655444110055
"Annual","Within","FRENCH GUIANA_THAILAND",0.121827152787683
"Annual","Within","FRENCH GUIANA_TRINIDAD AND TOBAGO",0.0902471304564871
"Annual","Within","FRENCH GUIANA_VENEZUELA",0.186893947317781
"Annual","Within","FRENCH GUIANA_VIET NAM",0.0732369603222635
"Annual","Within","FRENCH POLYNESIA_MALDIVES",0.101379718241925
"Annual","Within","FRENCH POLYNESIA_NEW CALEDONIA",0.243601419039332
"Annual","Within","FRENCH POLYNESIA_PARAGUAY",0.18055842539049
"Annual","Within","FRENCH POLYNESIA_PERU",0.243822560824809
"Annual","Within","FRENCH POLYNESIA_VANUATU",0.236307315291141
"Annual","Within","GUADELOUPE_GUATEMALA",0.213567727947595
"Annual","Within","GUADELOUPE_GUYANA",0.191549671739155
"Annual","Within","GUADELOUPE_HONDURAS",0.210354835132098
"Annual","Within","GUADELOUPE_INDIA",0.320930111216302
"Annual","Within","GUADELOUPE_INDONESIA",0.171295768884908
"Annual","Within","GUADELOUPE_JAMAICA",0.360650686251607
"Annual","Within","GUADELOUPE_LAO PEOPLE'S DEMOCRATIC REPUBLIC",0.230720662385237
"Annual","Within","GUADELOUPE_MALAYSIA",0.228126829182725
"Annual","Within","GUADELOUPE_MARTINIQUE",0.421113082694763
"Annual","Within","GUADELOUPE_MEXICO",0.300878997239864
"Annual","Within","GUADELOUPE_MYANMAR",0.182383668186225
"Annual","Within","GUADELOUPE_NICARAGUA",0.266346298768551
"Annual","Within","GUADELOUPE_PALAU",0.193615025785641
"Annual","Within","GUADELOUPE_PANAMA",0.320894373573377
"Annual","Within","GUADELOUPE_PHILIPPINES",0.266209482274167
"Annual","Within","GUADELOUPE_PUERTO RICO",0.330148598380278
"Annual","Within","GUADELOUPE_SINGAPORE",0.197397322060058
"Annual","Within","GUADELOUPE_SRI LANKA",0.201332019525816
"Annual","Within","GUADELOUPE_SURINAME",0.343340922954943
"Annual","Within","GUADELOUPE_TAIWAN",0.30395246431258
"Annual","Within","GUADELOUPE_THAILAND",0.199389876502061
"Annual","Within","GUADELOUPE_TRINIDAD AND TOBAGO",0.375993082026161
"Annual","Within","GUADELOUPE_VENEZUELA",0.212997232907257
"Annual","Within","GUADELOUPE_VIET NAM",0.298326368914516
"Annual","Within","GUATEMALA_GUYANA",0.222525948028339
"Annual","Within","GUATEMALA_HONDURAS",0.394597716192948
"Annual","Within","GUATEMALA_INDIA",0.383579575906872
"Annual","Within","GUATEMALA_INDONESIA",0.0888410439396405
"Annual","Within","GUATEMALA_JAMAICA",0.249920419569403
"Annual","Within","GUATEMALA_LAO PEOPLE'S DEMOCRATIC REPUBLIC",0.492543947837806
"Annual","Within","GUATEMALA_MALAYSIA",0.238116448707106
"Annual","Within","GUATEMALA_MARTINIQUE",0.113749916817714
"Annual","Within","GUATEMALA_MEXICO",0.465229655683413
"Annual","Within","GUATEMALA_MYANMAR",0.437817369167644
"Annual","Within","GUATEMALA_NICARAGUA",0.449563742253507
"Annual","Within","GUATEMALA_PALAU",0.184642286642886
"Annual","Within","GUATEMALA_PANAMA",0.362252333527733
"Annual","Within","GUATEMALA_PHILIPPINES",0.435835754748339
"Annual","Within","GUATEMALA_PUERTO RICO",0.2642259377555
"Annual","Within","GUATEMALA_SINGAPORE",0.38064301255102
"Annual","Within","GUATEMALA_SRI LANKA",0.216063997232625
"Annual","Within","GUATEMALA_SURINAME",0.125767463916506
"Annual","Within","GUATEMALA_TAIWAN",0.410710793586347
"Annual","Within","GUATEMALA_THAILAND",0.485783203523136
"Annual","Within","GUATEMALA_TRINIDAD AND TOBAGO",0.35913488027512
"Annual","Within","GUATEMALA_VENEZUELA",0.200199379111398
"Annual","Within","GUATEMALA_VIET NAM",0.463613785415993
"Annual","Within","GUYANA_HONDURAS",0.21988813583082
"Annual","Within","GUYANA_INDIA",0.166415532843269
"Annual","Within","GUYANA_INDONESIA",0.180020761166046
"Annual","Within","GUYANA_JAMAICA",0.175877421778424
"Annual","Within","GUYANA_LAO PEOPLE'S DEMOCRATIC REPUBLIC",0.225621969705627
"Annual","Within","GUYANA_MALAYSIA",0.171212129356026
"Annual","Within","GUYANA_MARTINIQUE",0.141917574724579
"Annual","Within","GUYANA_MEXICO",0.195942788528403
"Annual","Within","GUYANA_MYANMAR",0.234991160908782
"Annual","Within","GUYANA_NICARAGUA",0.204479556211908
"Annual","Within","GUYANA_PALAU",0.155846526892691
"Annual","Within","GUYANA_PANAMA",0.197187903055309
"Annual","Within","GUYANA_PHILIPPINES",0.221995514485326
"Annual","Within","GUYANA_PUERTO RICO",0.153193545006996
"Annual","Within","GUYANA_SINGAPORE",0.240396600378396
"Annual","Within","GUYANA_SRI LANKA",0.163247785374051
"Annual","Within","GUYANA_SURINAME",0.1971215810826
"Annual","Within","GUYANA_TAIWAN",0.17670930466788
"Annual","Within","GUYANA_THAILAND",0.227770039414001
"Annual","Within","GUYANA_TRINIDAD AND TOBAGO",0.168677694051656
"Annual","Within","GUYANA_VENEZUELA",0.13452666047832
"Annual","Within","GUYANA_VIET NAM",0.19205158513188
"Annual","Within","HONDURAS_INDIA",0.29750348361189
"Annual","Within","HONDURAS_INDONESIA",0.118603963798185
"Annual","Within","HONDURAS_JAMAICA",0.275860704185947
"Annual","Within","HONDURAS_LAO PEOPLE'S DEMOCRATIC REPUBLIC",0.399109735876925
"Annual","Within","HONDURAS_MALAYSIA",0.24171140372877
"Annual","Within","HONDURAS_MARTINIQUE",0.127371569361204
"Annual","Within","HONDURAS_MEXICO",0.358924418765385
"Annual","Within","HONDURAS_MYANMAR",0.374730981436887
"Annual","Within","HONDURAS_NICARAGUA",0.346921833331347
"Annual","Within","HONDURAS_PALAU",0.196328818436248
"Annual","Within","HONDURAS_PANAMA",0.296946936894634
"Annual","Within","HONDURAS_PHILIPPINES",0.353944475402143
"Annual","Within","HONDURAS_PUERTO RICO",0.218381142155518
"Annual","Within","HONDURAS_SINGAPORE",0.365116680853939
"Annual","Within","HONDURAS_SRI LANKA",0.227844302676353
"Annual","Within","HONDURAS_SURINAME",0.115919857030884
"Annual","Within","HONDURAS_TAIWAN",0.284758438573717
"Annual","Within","HONDURAS_THAILAND",0.37821716814947
"Annual","Within","HONDURAS_TRINIDAD AND TOBAGO",0.293540184726475
"Annual","Within","HONDURAS_VENEZUELA",0.167639804448815
"Annual","Within","HONDURAS_VIET NAM",0.355645199510637
"Annual","Within","INDIA_INDONESIA",0.097737213854763
"Annual","Within","INDIA_JAMAICA",0.278051916911347
"Annual","Within","INDIA_LAO PEOPLE'S DEMOCRATIC REPUBLIC",0.441094172043037
"Annual","Within","INDIA_MALAYSIA",0.241357793545274
"Annual","Within","INDIA_MARTINIQUE",0.227504265381474
"Annual","Within","INDIA_MEXICO",0.505785598418099
"Annual","Within","INDIA_MYANMAR",0.38746790850497
"Annual","Within","INDIA_NICARAGUA",0.443923720734934
"Annual","Within","INDIA_PALAU",0.142039331806372
"Annual","Within","INDIA_PANAMA",0.396209857095749
"Annual","Within","INDIA_PHILIPPINES",0.437158246193003
"Annual","Within","INDIA_PUERTO RICO",0.353835680690534
"Annual","Within","INDIA_SINGAPORE",0.323298327124244
"Annual","Within","INDIA_SRI LANKA",0.197834828465859
"Annual","Within","INDIA_SURINAME",0.175053610513333
"Annual","Within","INDIA_TAIWAN",0.476483088552205
"Annual","Within","INDIA_THAILAND",0.403096044893328
"Annual","Within","INDIA_TRINIDAD AND TOBAGO",0.456278556874441
"Annual","Within","INDIA_VENEZUELA",0.222941140307064
"Annual","Within","INDIA_VIET NAM",0.493650909516153
"Annual","Within","INDONESIA_JAMAICA",0.187507991834188
"Annual","Within","INDONESIA_LAO PEOPLE'S DEMOCRATIC REPUBLIC",0.088106104184535
"Annual","Within","INDONESIA_MALAYSIA",0.156669859439616
"Annual","Within","INDONESIA_MARTINIQUE",0.255208419246147
"Annual","Within","INDONESIA_MEXICO",0.055282612042083
"Annual","Within","INDONESIA_MYANMAR",0.136464330688085
"Annual","Within","INDONESIA_NICARAGUA",0.0648198898164002
"Annual","Within","INDONESIA_PALAU",0.152078942773733
"Annual","Within","INDONESIA_PANAMA",0.12378195777813
"Annual","Within","INDONESIA_PHILIPPINES",0.0703268434256808
"Annual","Within","INDONESIA_PUERTO RICO",0.166347283095023
"Annual","Within","INDONESIA_SINGAPORE",0.117373892126195
"Annual","Within","INDONESIA_SRI LANKA",0.167341364008835
"Annual","Within","INDONESIA_SURINAME",0.234491416113333
"Annual","Within","INDONESIA_TAIWAN",0.0791628143891284
"Annual","Within","INDONESIA_THAILAND",0.097930597692509
"Annual","Within","INDONESIA_TRINIDAD AND TOBAGO",0.121777913201708
"Annual","Within","INDONESIA_VENEZUELA",0.197092493717287
"Annual","Within","INDONESIA_VIET NAM",0.0792019594109457
"Annual","Within","JAMAICA_LAO PEOPLE'S DEMOCRATIC REPUBLIC",0.211883271081866
"Annual","Within","JAMAICA_MALAYSIA",0.275537209548664
"Annual","Within","JAMAICA_MARTINIQUE",0.331736169114769
"Annual","Within","JAMAICA_MEXICO",0.270592018487228
"Annual","Within","JAMAICA_MYANMAR",0.181306554924841
"Annual","Within","JAMAICA_NICARAGUA",0.320252917996139
"Annual","Within","JAMAICA_PALAU",0.207918849616996
"Annual","Within","JAMAICA_PANAMA",0.293500734929257
"Annual","Within","JAMAICA_PHILIPPINES",0.284696419671033
"Annual","Within","JAMAICA_PUERTO RICO",0.353745362910429
"Annual","Within","JAMAICA_SINGAPORE",0.249935040966797
"Annual","Within","JAMAICA_SRI LANKA",0.202574982961469
"Annual","Within","JAMAICA_SURINAME",0.27355117618022
"Annual","Within","JAMAICA_TAIWAN",0.312759427217861
"Annual","Within","JAMAICA_THAILAND",0.200802829967103
"Annual","Within","JAMAICA_TRINIDAD AND TOBAGO",0.352181277360914
"Annual","Within","JAMAICA_VENEZUELA",0.250754364780054
"Annual","Within","JAMAICA_VIET NAM",0.29109939713353
"Annual","Within","LAO PEOPLE'S DEMOCRATIC REPUBLIC_MALAYSIA",0.235660070994928
"Annual","Within","LAO PEOPLE'S DEMOCRATIC REPUBLIC_MARTINIQUE",0.115348108993621
"Annual","Within","LAO PEOPLE'S DEMOCRATIC REPUBLIC_MEXICO",0.547199790655568
"Annual","Within","LAO PEOPLE'S DEMOCRATIC REPUBLIC_MYANMAR",0.623570237126271
"Annual","Within","LAO PEOPLE'S DEMOCRATIC REPUBLIC_NICARAGUA",0.462146873882579
"Annual","Within","LAO PEOPLE'S DEMOCRATIC REPUBLIC_PALAU",0.188831976637215
"Annual","Within","LAO PEOPLE'S DEMOCRATIC REPUBLIC_PANAMA",0.385708898457577
"Annual","Within","LAO PEOPLE'S DEMOCRATIC REPUBLIC_PHILIPPINES",0.579313358385941
"Annual","Within","LAO PEOPLE'S DEMOCRATIC REPUBLIC_PUERTO RICO",0.260165101116794
"Annual","Within","LAO PEOPLE'S DEMOCRATIC REPUBLIC_SINGAPORE",0.442958125406328
"Annual","Within","LAO PEOPLE'S DEMOCRATIC REPUBLIC_SRI LANKA",0.201199625878491
"Annual","Within","LAO PEOPLE'S DEMOCRATIC REPUBLIC_SURINAME",0.0980067339830792
"Annual","Within","LAO PEOPLE'S DEMOCRATIC REPUBLIC_TAIWAN",0.473245106305557
"Annual","Within","LAO PEOPLE'S DEMOCRATIC REPUBLIC_THAILAND",0.676887186485943
"Annual","Within","LAO PEOPLE'S DEMOCRATIC REPUBLIC_TRINIDAD AND TOBAGO",0.382423553431383
"Annual","Within","LAO PEOPLE'S DEMOCRATIC REPUBLIC_VENEZUELA",0.158960948500872
"Annual","Within","LAO PEOPLE'S DEMOCRATIC REPUBLIC_VIET NAM",0.600912027930098
"Annual","Within","MALAYSIA_MARTINIQUE",0.22133897690932
"Annual","Within","MALAYSIA_MEXICO",0.235056475400686
"Annual","Within","MALAYSIA_MYANMAR",0.225652939309007
"Annual","Within","MALAYSIA_NICARAGUA",0.2472139245072
"Annual","Within","MALAYSIA_PALAU",0.176155840726141
"Annual","Within","MALAYSIA_PANAMA",0.216278991898473
"Annual","Within","MALAYSIA_PHILIPPINES",0.250930376833506
"Annual","Within","MALAYSIA_PUERTO RICO",0.253936144136085
"Annual","Within","MALAYSIA_SINGAPORE",0.323110708961173
"Annual","Within","MALAYSIA_SRI LANKA",0.202640470329278
"Annual","Within","MALAYSIA_SURINAME",0.186271774654511
"Annual","Within","MALAYSIA_TAIWAN",0.285015376384704
"Annual","Within","MALAYSIA_THAILAND",0.238272480543148
"Annual","Within","MALAYSIA_TRINIDAD AND TOBAGO",0.226213914577342
"Annual","Within","MALAYSIA_VENEZUELA",0.225372029587073
"Annual","Within","MALAYSIA_VIET NAM",0.295419666955351
"Annual","Within","MALDIVES_NEW CALEDONIA",0.132586489362406
"Annual","Within","MALDIVES_PARAGUAY",0.185962214050214
"Annual","Within","MALDIVES_PERU",0.135212224102022
"Annual","Within","MALDIVES_VANUATU",0.191276589313702
"Annual","Within","MARTINIQUE_MEXICO",0.168508427502811
"Annual","Within","MARTINIQUE_MYANMAR",0.0859264677658686
"Annual","Within","MARTINIQUE_NICARAGUA",0.181602477954278
"Annual","Within","MARTINIQUE_PALAU",0.180042454531802
"Annual","Within","MARTINIQUE_PANAMA",0.201024720328055
"Annual","Within","MARTINIQUE_PHILIPPINES",0.148290956712505
"Annual","Within","MARTINIQUE_PUERTO RICO",0.263493667795715
"Annual","Within","MARTINIQUE_SINGAPORE",0.135536278161181
"Annual","Within","MARTINIQUE_SRI LANKA",0.177526532477259
"Annual","Within","MARTINIQUE_SURINAME",0.328161124207158
"Annual","Within","MARTINIQUE_TAIWAN",0.179061378632135
"Annual","Within","MARTINIQUE_THAILAND",0.0893487684258986
"Annual","Within","MARTINIQUE_TRINIDAD AND TOBAGO",0.270128968261516
"Annual","Within","MARTINIQUE_VENEZUELA",0.190628096652296
"Annual","Within","MARTINIQUE_VIET NAM",0.185674223100944
"Annual","Within","MEXICO_MYANMAR",0.477702650067448
"Annual","Within","MEXICO_NICARAGUA",0.487250678607581
"Annual","Within","MEXICO_PALAU",0.14370235319749
"Annual","Within","MEXICO_PANAMA",0.414190019164655
"Annual","Within","MEXICO_PHILIPPINES",0.514190206280115
"Annual","Within","MEXICO_PUERTO RICO",0.316759139455293
"Annual","Within","MEXICO_SINGAPORE",0.342904913666393
"Annual","Within","MEXICO_SRI LANKA",0.176077437199729
"Annual","Within","MEXICO_SURINAME",0.161971410511981
"Annual","Within","MEXICO_TAIWAN",0.497434543330414
"Annual","Within","MEXICO_THAILAND",0.497309288559651
"Annual","Within","MEXICO_TRINIDAD AND TOBAGO",0.484696506406635
"Annual","Within","MEXICO_VENEZUELA",0.188736356766426
"Annual","Within","MEXICO_VIET NAM",0.561230659072081
"Annual","Within","MYANMAR_NICARAGUA",0.417512180826755
"Annual","Within","MYANMAR_PALAU",0.183707120357789
"Annual","Within","MYANMAR_PANAMA",0.316754987950362
"Annual","Within","MYANMAR_PHILIPPINES",0.469648619832354
"Annual","Within","MYANMAR_PUERTO RICO",0.233967121136898
"Annual","Within","MYANMAR_SINGAPORE",0.412821461941605
"Annual","Within","MYANMAR_SRI LANKA",0.176926706414659
"Annual","Within","MYANMAR_SURINAME",0.0887982630891556
"Annual","Within","MYANMAR_TAIWAN",0.437287001192932
"Annual","Within","MYANMAR_THAILAND",0.625249296252008
"Annual","Within","MYANMAR_TRINIDAD AND TOBAGO",0.320106828539013
"Annual","Within","MYANMAR_VENEZUELA",0.14630606961932
"Annual","Within","MYANMAR_VIET NAM",0.497679738873754
"Annual","Within","NEW CALEDONIA_PARAGUAY",0.259969737252857
"Annual","Within","NEW CALEDONIA_PERU",0.316212048443275
"Annual","Within","NEW CALEDONIA_VANUATU",0.39919187809418
"Annual","Within","NICARAGUA_PALAU",0.197918230167652
"Annual","Within","NICARAGUA_PANAMA",0.414717108266266
"Annual","Within","NICARAGUA_PHILIPPINES",0.483099574861531
"Annual","Within","NICARAGUA_PUERTO RICO",0.335830025217142
"Annual","Within","NICARAGUA_SINGAPORE",0.342990986849983
"Annual","Within","NICARAGUA_SRI LANKA",0.22314466148054
"Annual","Within","NICARAGUA_SURINAME",0.184029612869448
"Annual","Within","NICARAGUA_TAIWAN",0.530588366736269
"Annual","Within","NICARAGUA_THAILAND",0.422749962940392
"Annual","Within","NICARAGUA_TRINIDAD AND TOBAGO",0.418558068638023
"Annual","Within","NICARAGUA_VENEZUELA",0.241367784925145
"Annual","Within","NICARAGUA_VIET NAM",0.517552863068559
"Annual","Within","PALAU_PANAMA",0.15961282182608
"Annual","Within","PALAU_PHILIPPINES",0.182737144185812
"Annual","Within","PALAU_PUERTO RICO",0.143987575336855
"Annual","Within","PALAU_SINGAPORE",0.168907389051324
"Annual","Within","PALAU_SRI LANKA",0.209565655041475
"Annual","Within","PALAU_SURINAME",0.262048122580709
"Annual","Within","PALAU_TAIWAN",0.184779240547069
"Annual","Within","PALAU_THAILAND",0.198935388679681
"Annual","Within","PALAU_TRINIDAD AND TOBAGO",0.1772211539299
"Annual","Within","PALAU_VENEZUELA",0.17471361636839
"Annual","Within","PALAU_VIET NAM",0.181554498344426
"Annual","Within","PANAMA_PHILIPPINES",0.40316196735591
"Annual","Within","PANAMA_PUERTO RICO",0.333625643239584
"Annual","Within","PANAMA_SINGAPORE",0.265172332297931
"Annual","Within","PANAMA_SRI LANKA",0.171034447435666
"Annual","Within","PANAMA_SURINAME",0.207678662664006
"Annual","Within","PANAMA_TAIWAN",0.401226770355908
"Annual","Within","PANAMA_THAILAND",0.326944784398381
"Annual","Within","PANAMA_TRINIDAD AND TOBAGO",0.417414858906183
"Annual","Within","PANAMA_VENEZUELA",0.235600283614761
"Annual","Within","PANAMA_VIET NAM",0.421419512346197
"Annual","Within","PARAGUAY_PERU",0.322679978289168
"Annual","Within","PARAGUAY_VANUATU",0.207537512745383
"Annual","Within","PERU_VANUATU",0.260086786187356
"Annual","Within","PHILIPPINES_PUERTO RICO",0.283984921137463
"Annual","Within","PHILIPPINES_SINGAPORE",0.419858909252019
"Annual","Within","PHILIPPINES_SRI LANKA",0.239981701638562
"Annual","Within","PHILIPPINES_SURINAME",0.146888523800954
"Annual","Within","PHILIPPINES_TAIWAN",0.490792947912823
"Annual","Within","PHILIPPINES_THAILAND",0.49920871734624
"Annual","Within","PHILIPPINES_TRINIDAD AND TOBAGO",0.416810506257978
"Annual","Within","PHILIPPINES_VENEZUELA",0.20592023644748
"Annual","Within","PHILIPPINES_VIET NAM",0.5734470511494
"Annual","Within","PUERTO RICO_SINGAPORE",0.237456724408725
"Annual","Within","PUERTO RICO_SRI LANKA",0.155802559692274
"Annual","Within","PUERTO RICO_SURINAME",0.241924505033032
"Annual","Within","PUERTO RICO_TAIWAN",0.369917822629095
"Annual","Within","PUERTO RICO_THAILAND",0.226987235298039
"Annual","Within","PUERTO RICO_TRINIDAD AND TOBAGO",0.351635350874816
"Annual","Within","PUERTO RICO_VENEZUELA",0.241821855802178
"Annual","Within","PUERTO RICO_VIET NAM",0.344568603498489
"Annual","Within","SINGAPORE_SRI LANKA",0.233738472492631
"Annual","Within","SINGAPORE_SURINAME",0.101074901445645
"Annual","Within","SINGAPORE_TAIWAN",0.361155495110412
"Annual","Within","SINGAPORE_THAILAND",0.467752910518638
"Annual","Within","SINGAPORE_TRINIDAD AND TOBAGO",0.327019031329293
"Annual","Within","SINGAPORE_VENEZUELA",0.192898085354091
"Annual","Within","SINGAPORE_VIET NAM",0.447877464503615
"Annual","Within","SRI LANKA_SURINAME",0.174516018759431
"Annual","Within","SRI LANKA_TAIWAN",0.168540264622136
"Annual","Within","SRI LANKA_THAILAND",0.207584476646467
"Annual","Within","SRI LANKA_TRINIDAD AND TOBAGO",0.191342442862819
"Annual","Within","SRI LANKA_VENEZUELA",0.183067869590541
"Annual","Within","SRI LANKA_VIET NAM",0.218506664765781
"Annual","Within","SURINAME_TAIWAN",0.156998062906795
"Annual","Within","SURINAME_THAILAND",0.0773252483560027
"Annual","Within","SURINAME_TRINIDAD AND TOBAGO",0.205274489106109
"Annual","Within","SURINAME_VENEZUELA",0.196285845168791
"Annual","Within","SURINAME_VIET NAM",0.127734040599821
"Annual","Within","TAIWAN_THAILAND",0.455710210308761
"Annual","Within","TAIWAN_TRINIDAD AND TOBAGO",0.458030834101727
"Annual","Within","TAIWAN_VENEZUELA",0.255058730721541
"Annual","Within","TAIWAN_VIET NAM",0.580624737036438
"Annual","Within","THAILAND_TRINIDAD AND TOBAGO",0.367592321451734
"Annual","Within","THAILAND_VENEZUELA",0.154937997298034
"Annual","Within","THAILAND_VIET NAM",0.574401112004887
"Annual","Within","TRINIDAD AND TOBAGO_VENEZUELA",0.251826784707624
"Annual","Within","TRINIDAD AND TOBAGO_VIET NAM",0.498534370096309
"Annual","Within","VENEZUELA_VIET NAM",0.222397946268421
"Multiannual","Between","ARGENTINA_BANGLADESH",0.27010994406274
"Multiannual","Between","ARGENTINA_BARBADOS",0.28094272680604
"Multiannual","Between","ARGENTINA_CAMBODIA",0.33993405339976
"Multiannual","Between","ARGENTINA_CHINA",0.191540361256114
"Multiannual","Between","ARGENTINA_COLOMBIA",0.313029668175308
"Multiannual","Between","ARGENTINA_COSTA RICA",0.280305038244753
"Multiannual","Between","ARGENTINA_DOMINICAN REPUBLIC",0.363635543418779
"Multiannual","Between","ARGENTINA_EL SALVADOR",0.255794474627534
"Multiannual","Between","ARGENTINA_FRENCH GUIANA",0.347530256269322
"Multiannual","Between","ARGENTINA_GUADELOUPE",0.217539314427013
"Multiannual","Between","ARGENTINA_GUATEMALA",0.329402495574543
"Multiannual","Between","ARGENTINA_GUYANA",0.373466621967027
"Multiannual","Between","ARGENTINA_HONDURAS",0.314318447036969
"Multiannual","Between","ARGENTINA_INDIA",0.145242767062378
"Multiannual","Between","ARGENTINA_INDONESIA",0.410652548037333
"Multiannual","Between","ARGENTINA_JAMAICA",0.297162199252293
"Multiannual","Between","ARGENTINA_LAO PEOPLE'S DEMOCRATIC REPUBLIC",0.16124045673485
"Multiannual","Between","ARGENTINA_MALAYSIA",0.2958911706005
"Multiannual","Between","ARGENTINA_MARTINIQUE",0.207097670842708
"Multiannual","Between","ARGENTINA_MEXICO",0.333592787651325
"Multiannual","Between","ARGENTINA_MYANMAR",0.131940058565372
"Multiannual","Between","ARGENTINA_NICARAGUA",0.386207165008216
"Multiannual","Between","ARGENTINA_PANAMA",0.19329356577615
"Multiannual","Between","ARGENTINA_PHILIPPINES",0.228052179962869
"Multiannual","Between","ARGENTINA_PUERTO RICO",0.25602104080761
"Multiannual","Between","ARGENTINA_SINGAPORE",0.308057015558213
"Multiannual","Between","ARGENTINA_SRI LANKA",0.215237121806101
"Multiannual","Between","ARGENTINA_SURINAME",0.316598798776478
"Multiannual","Between","ARGENTINA_TAIWAN",0.223026945059752
"Multiannual","Between","ARGENTINA_THAILAND",0.181874471936224
"Multiannual","Between","ARGENTINA_TRINIDAD AND TOBAGO",0.133750318002083
"Multiannual","Between","ARGENTINA_VENEZUELA",0.162257239183949
"Multiannual","Between","ARGENTINA_VIET NAM",0.264826486537392
"Multiannual","Between","AUSTRALIA_BANGLADESH",0.279090608112561
"Multiannual","Between","AUSTRALIA_BARBADOS",0.177797131644831
"Multiannual","Between","AUSTRALIA_CAMBODIA",0.419801177049779
"Multiannual","Between","AUSTRALIA_CHINA",0.320299994766207
"Multiannual","Between","AUSTRALIA_COLOMBIA",0.486705000178904
"Multiannual","Between","AUSTRALIA_COSTA RICA",0.226604057966549
"Multiannual","Between","AUSTRALIA_DOMINICAN REPUBLIC",0.470755783708947
"Multiannual","Between","AUSTRALIA_EL SALVADOR",0.344139303327238
"Multiannual","Between","AUSTRALIA_FRENCH GUIANA",0.268362991852018
"Multiannual","Between","AUSTRALIA_GUADELOUPE",0.29289980779597
"Multiannual","Between","AUSTRALIA_GUATEMALA",0.283682475418374
"Multiannual","Between","AUSTRALIA_GUYANA",0.256404648926617
"Multiannual","Between","AUSTRALIA_HONDURAS",0.349073250622528
"Multiannual","Between","AUSTRALIA_INDIA",0.26588994261095
"Multiannual","Between","AUSTRALIA_INDONESIA",0.310758751816128
"Multiannual","Between","AUSTRALIA_JAMAICA",0.392059064448601
"Multiannual","Between","AUSTRALIA_LAO PEOPLE'S DEMOCRATIC REPUBLIC",0.364115941732571
"Multiannual","Between","AUSTRALIA_MALAYSIA",0.421240916522215
"Multiannual","Between","AUSTRALIA_MARTINIQUE",0.274013520033367
"Multiannual","Between","AUSTRALIA_MEXICO",0.281198659000691
"Multiannual","Between","AUSTRALIA_MYANMAR",0.203881760922829
"Multiannual","Between","AUSTRALIA_NICARAGUA",0.383692675284803
"Multiannual","Between","AUSTRALIA_PANAMA",0.281116313778434
"Multiannual","Between","AUSTRALIA_PHILIPPINES",0.436631292848731
"Multiannual","Between","AUSTRALIA_PUERTO RICO",0.175563765112928
"Multiannual","Between","AUSTRALIA_SINGAPORE",0.256841875318627
"Multiannual","Between","AUSTRALIA_SRI LANKA",0.339574785940906
"Multiannual","Between","AUSTRALIA_SURINAME",0.250053075651023
"Multiannual","Between","AUSTRALIA_TAIWAN",0.0972952265055589
"Multiannual","Between","AUSTRALIA_THAILAND",0.290406568960851
"Multiannual","Between","AUSTRALIA_TRINIDAD AND TOBAGO",0.242570834686478
"Multiannual","Between","AUSTRALIA_VENEZUELA",0.223926500011362
"Multiannual","Between","AUSTRALIA_VIET NAM",0.377240908753023
"Multiannual","Between","BANGLADESH_BOLIVIA",0.189293669250872
"Multiannual","Between","BANGLADESH_BRAZIL",0.258312761047414
"Multiannual","Between","BANGLADESH_ECUADOR",0.247168560923041
"Multiannual","Between","BANGLADESH_FIJI",0.0719768287514583
"Multiannual","Between","BANGLADESH_FRENCH POLYNESIA",0.216680729014256
"Multiannual","Between","BANGLADESH_MALDIVES",0.363232384261521
"Multiannual","Between","BANGLADESH_NEW CALEDONIA",0.0712731986713703
"Multiannual","Between","BANGLADESH_PARAGUAY",0.471028002165304
"Multiannual","Between","BANGLADESH_PERU",0.293634426612183
"Multiannual","Between","BANGLADESH_VANUATU",0.0565309682165124
"Multiannual","Between","BARBADOS_BOLIVIA",0.173801117761052
"Multiannual","Between","BARBADOS_BRAZIL",0.230238210757962
"Multiannual","Between","BARBADOS_ECUADOR",0.284812346313207
"Multiannual","Between","BARBADOS_FIJI",0.196150333409836
"Multiannual","Between","BARBADOS_FRENCH POLYNESIA",0.221961207090406
"Multiannual","Between","BARBADOS_MALDIVES",0.139659188467614
"Multiannual","Between","BARBADOS_NEW CALEDONIA",0.247469754739859
"Multiannual","Between","BARBADOS_PARAGUAY",0.113071670845102
"Multiannual","Between","BARBADOS_PERU",0.221651684604774
"Multiannual","Between","BARBADOS_VANUATU",0.271624481130567
"Multiannual","Between","BOLIVIA_CAMBODIA",0.257603530356067
"Multiannual","Between","BOLIVIA_CHINA",0.163638653116501
"Multiannual","Between","BOLIVIA_COLOMBIA",0.203350793363128
"Multiannual","Between","BOLIVIA_COSTA RICA",0.269032184551298
"Multiannual","Between","BOLIVIA_DOMINICAN REPUBLIC",0.2463828879232
"Multiannual","Between","BOLIVIA_EL SALVADOR",0.234566298680387
"Multiannual","Between","BOLIVIA_FRENCH GUIANA",0.179162686145038
"Multiannual","Between","BOLIVIA_GUADELOUPE",0.16524506472381
"Multiannual","Between","BOLIVIA_GUATEMALA",0.327819160776237
"Multiannual","Between","BOLIVIA_GUYANA",0.189606771372205
"Multiannual","Between","BOLIVIA_HONDURAS",0.237153649370126
"Multiannual","Between","BOLIVIA_INDIA",0.158136856465193
"Multiannual","Between","BOLIVIA_INDONESIA",0.267555605767622
"Multiannual","Between","BOLIVIA_JAMAICA",0.151405819437275
"Multiannual","Between","BOLIVIA_LAO PEOPLE'S DEMOCRATIC REPUBLIC",0.192176016722105
"Multiannual","Between","BOLIVIA_MALAYSIA",0.2841663952961
"Multiannual","Between","BOLIVIA_MARTINIQUE",0.167904257113422
"Multiannual","Between","BOLIVIA_MEXICO",0.28922040348876
"Multiannual","Between","BOLIVIA_MYANMAR",0.281339240154178
"Multiannual","Between","BOLIVIA_NICARAGUA",0.303420384209421
"Multiannual","Between","BOLIVIA_PANAMA",0.324496229532376
"Multiannual","Between","BOLIVIA_PHILIPPINES",0.231764041902415
"Multiannual","Between","BOLIVIA_PUERTO RICO",0.309107268371346
"Multiannual","Between","BOLIVIA_SINGAPORE",0.336442354812085
"Multiannual","Between","BOLIVIA_SRI LANKA",0.252378316895794
"Multiannual","Between","BOLIVIA_SURINAME",0.250009000386504
"Multiannual","Between","BOLIVIA_TAIWAN",0.208791436987371
"Multiannual","Between","BOLIVIA_THAILAND",0.249566769253272
"Multiannual","Between","BOLIVIA_TRINIDAD AND TOBAGO",0.131297129850841
"Multiannual","Between","BOLIVIA_VENEZUELA",0.187155923244611
"Multiannual","Between","BOLIVIA_VIET NAM",0.267835652570099
"Multiannual","Between","BRAZIL_CAMBODIA",0.271234853695575
"Multiannual","Between","BRAZIL_CHINA",0.299988755997683
"Multiannual","Between","BRAZIL_COLOMBIA",0.377676449083548
"Multiannual","Between","BRAZIL_COSTA RICA",0.419052016155433
"Multiannual","Between","BRAZIL_DOMINICAN REPUBLIC",0.320206508184379
"Multiannual","Between","BRAZIL_EL SALVADOR",0.383414223121642
"Multiannual","Between","BRAZIL_FRENCH GUIANA",0.224612819145512
"Multiannual","Between","BRAZIL_GUADELOUPE",0.269296470522732
"Multiannual","Between","BRAZIL_GUATEMALA",0.423895104233733
"Multiannual","Between","BRAZIL_GUYANA",0.305613292906986
"Multiannual","Between","BRAZIL_HONDURAS",0.373177555130403
"Multiannual","Between","BRAZIL_INDIA",0.278703241832083
"Multiannual","Between","BRAZIL_INDONESIA",0.35525958451845
"Multiannual","Between","BRAZIL_JAMAICA",0.33596016403758
"Multiannual","Between","BRAZIL_LAO PEOPLE'S DEMOCRATIC REPUBLIC",0.289583148879268
"Multiannual","Between","BRAZIL_MALAYSIA",0.306037628067132
"Multiannual","Between","BRAZIL_MARTINIQUE",0.301232653792239
"Multiannual","Between","BRAZIL_MEXICO",0.298345602026628
"Multiannual","Between","BRAZIL_MYANMAR",0.282409160209491
"Multiannual","Between","BRAZIL_NICARAGUA",0.297996544148094
"Multiannual","Between","BRAZIL_PANAMA",0.377549481548097
"Multiannual","Between","BRAZIL_PHILIPPINES",0.343667036649475
"Multiannual","Between","BRAZIL_PUERTO RICO",0.224639603915332
"Multiannual","Between","BRAZIL_SINGAPORE",0.277999426574683
"Multiannual","Between","BRAZIL_SRI LANKA",0.222337581624513
"Multiannual","Between","BRAZIL_SURINAME",0.201299632230693
"Multiannual","Between","BRAZIL_TAIWAN",0.422223290375954
"Multiannual","Between","BRAZIL_THAILAND",0.332317256021582
"Multiannual","Between","BRAZIL_TRINIDAD AND TOBAGO",0.217900488475954
"Multiannual","Between","BRAZIL_VENEZUELA",0.269558592486406
"Multiannual","Between","BRAZIL_VIET NAM",0.23970620312073
"Multiannual","Between","CAMBODIA_ECUADOR",0.17445484815606
"Multiannual","Between","CAMBODIA_FIJI",0.311664404980672
"Multiannual","Between","CAMBODIA_FRENCH POLYNESIA",0.33896154908687
"Multiannual","Between","CAMBODIA_MALDIVES",0.337299596124423
"Multiannual","Between","CAMBODIA_NEW CALEDONIA",0.342494978232096
"Multiannual","Between","CAMBODIA_PARAGUAY",0.186585797814766
"Multiannual","Between","CAMBODIA_PERU",0.195556390919567
"Multiannual","Between","CAMBODIA_VANUATU",0.142494307915728
"Multiannual","Between","CHINA_ECUADOR",0.201085917654861
"Multiannual","Between","CHINA_FIJI",0.202514305084955
"Multiannual","Between","CHINA_FRENCH POLYNESIA",0.191371842347585
"Multiannual","Between","CHINA_MALDIVES",0.233386599361168
"Multiannual","Between","CHINA_NEW CALEDONIA",0.288230508162968
"Multiannual","Between","CHINA_PARAGUAY",0.282184064061808
"Multiannual","Between","CHINA_PERU",0.150852306559839
"Multiannual","Between","CHINA_VANUATU",0.243390080251576
"Multiannual","Between","COLOMBIA_ECUADOR",0.244564865580611
"Multiannual","Between","COLOMBIA_FIJI",0.178492528867425
"Multiannual","Between","COLOMBIA_FRENCH POLYNESIA",0.394233523994499
"Multiannual","Between","COLOMBIA_MALDIVES",0.209773517002963
"Multiannual","Between","COLOMBIA_NEW CALEDONIA",0.244844278788004
"Multiannual","Between","COLOMBIA_PARAGUAY",0.217509707749373
"Multiannual","Between","COLOMBIA_PERU",0.167060565286423
"Multiannual","Between","COLOMBIA_VANUATU",0.1309519094927
"Multiannual","Between","COSTA RICA_ECUADOR",0.418168646293304
"Multiannual","Between","COSTA RICA_FIJI",0.0810740339709141
"Multiannual","Between","COSTA RICA_FRENCH POLYNESIA",0.22866826676066
"Multiannual","Between","COSTA RICA_MALDIVES",0.204913122500869
"Multiannual","Between","COSTA RICA_NEW CALEDONIA",0.0684302497506209
"Multiannual","Between","COSTA RICA_PARAGUAY",0.310964161520208
"Multiannual","Between","COSTA RICA_PERU",0.153672334287879
"Multiannual","Between","COSTA RICA_VANUATU",0.130023833871031
"Multiannual","Between","DOMINICAN REPUBLIC_ECUADOR",0.254612967535428
"Multiannual","Between","DOMINICAN REPUBLIC_FIJI",0.215591067521786
"Multiannual","Between","DOMINICAN REPUBLIC_FRENCH POLYNESIA",0.319000777593109
"Multiannual","Between","DOMINICAN REPUBLIC_MALDIVES",0.268279875618217
"Multiannual","Between","DOMINICAN REPUBLIC_NEW CALEDONIA",0.265033741378001
"Multiannual","Between","DOMINICAN REPUBLIC_PARAGUAY",0.234535698481612
"Multiannual","Between","DOMINICAN REPUBLIC_PERU",0.178075448650498
"Multiannual","Between","DOMINICAN REPUBLIC_VANUATU",0.165950562102832
"Multiannual","Between","ECUADOR_EL SALVADOR",0.372104442944239
"Multiannual","Between","ECUADOR_FRENCH GUIANA",0.234284327932582
"Multiannual","Between","ECUADOR_GUADELOUPE",0.294995290857637
"Multiannual","Between","ECUADOR_GUATEMALA",0.344738934864591
"Multiannual","Between","ECUADOR_GUYANA",0.230192784442018
"Multiannual","Between","ECUADOR_HONDURAS",0.296971976920394
"Multiannual","Between","ECUADOR_INDIA",0.231199936158014
"Multiannual","Between","ECUADOR_INDONESIA",0.234909806480527
"Multiannual","Between","ECUADOR_JAMAICA",0.201502564647896
"Multiannual","Between","ECUADOR_LAO PEOPLE'S DEMOCRATIC REPUBLIC",0.170842886451129
"Multiannual","Between","ECUADOR_MALAYSIA",0.237811471655471
"Multiannual","Between","ECUADOR_MARTINIQUE",0.244724643230317
"Multiannual","Between","ECUADOR_MEXICO",0.277132276142833
"Multiannual","Between","ECUADOR_MYANMAR",0.161746352332033
"Multiannual","Between","ECUADOR_NICARAGUA",0.280352918914982
"Multiannual","Between","ECUADOR_PANAMA",0.228511337984979
"Multiannual","Between","ECUADOR_PHILIPPINES",0.193671773760515
"Multiannual","Between","ECUADOR_PUERTO RICO",0.28953952789431
"Multiannual","Between","ECUADOR_SINGAPORE",0.145698556468401
"Multiannual","Between","ECUADOR_SRI LANKA",0.305776641057093
"Multiannual","Between","ECUADOR_SURINAME",0.224722673567388
"Multiannual","Between","ECUADOR_TAIWAN",0.210179438424595
"Multiannual","Between","ECUADOR_THAILAND",0.204342821534798
"Multiannual","Between","ECUADOR_TRINIDAD AND TOBAGO",0.213712566091131
"Multiannual","Between","ECUADOR_VENEZUELA",0.225545895035733
"Multiannual","Between","ECUADOR_VIET NAM",0.167293869513051
"Multiannual","Between","EL SALVADOR_FIJI",0.223247438257807
"Multiannual","Between","EL SALVADOR_FRENCH POLYNESIA",0.259682960753752
"Multiannual","Between","EL SALVADOR_MALDIVES",0.357234930654394
"Multiannual","Between","EL SALVADOR_NEW CALEDONIA",0.181291984026213
"Multiannual","Between","EL SALVADOR_PARAGUAY",0.279542054600078
"Multiannual","Between","EL SALVADOR_PERU",0.17916108461073
"Multiannual","Between","EL SALVADOR_VANUATU",0.203670676913827
"Multiannual","Between","FIJI_FRENCH GUIANA",0.104974256428183
"Multiannual","Between","FIJI_GUADELOUPE",0.106229655641177
"Multiannual","Between","FIJI_GUATEMALA",0.143428818944399
"Multiannual","Between","FIJI_GUYANA",0.238980681912804
"Multiannual","Between","FIJI_HONDURAS",0.214347069189535
"Multiannual","Between","FIJI_INDIA",0.168855434105651
"Multiannual","Between","FIJI_INDONESIA",0.198631937779843
"Multiannual","Between","FIJI_JAMAICA",0.260456616500929
"Multiannual","Between","FIJI_LAO PEOPLE'S DEMOCRATIC REPUBLIC",0.236973584978759
"Multiannual","Between","FIJI_MALAYSIA",0.252238559821067
"Multiannual","Between","FIJI_MARTINIQUE",0.0884676538171974
"Multiannual","Between","FIJI_MEXICO",0.136473855032182
"Multiannual","Between","FIJI_MYANMAR",0.273793064735114
"Multiannual","Between","FIJI_NICARAGUA",0.239596036846447
"Multiannual","Between","FIJI_PANAMA",0.17727402138401
"Multiannual","Between","FIJI_PHILIPPINES",0.234810432267904
"Multiannual","Between","FIJI_PUERTO RICO",0.213500364408713
"Multiannual","Between","FIJI_SINGAPORE",0.235619222720944
"Multiannual","Between","FIJI_SRI LANKA",0.125728877089983
"Multiannual","Between","FIJI_SURINAME",0.219556289305649
"Multiannual","Between","FIJI_TAIWAN",0.228659990702853
"Multiannual","Between","FIJI_THAILAND",0.252338414245879
"Multiannual","Between","FIJI_TRINIDAD AND TOBAGO",0.177253163222481
"Multiannual","Between","FIJI_VENEZUELA",0.162248237919719
"Multiannual","Between","FIJI_VIET NAM",0.273093256106721
"Multiannual","Between","FRENCH GUIANA_FRENCH POLYNESIA",0.356852594346977
"Multiannual","Between","FRENCH GUIANA_MALDIVES",0.112185192770798
"Multiannual","Between","FRENCH GUIANA_NEW CALEDONIA",0.246720366125287
"Multiannual","Between","FRENCH GUIANA_PARAGUAY",0.235260692197117
"Multiannual","Between","FRENCH GUIANA_PERU",0.280038766771171
"Multiannual","Between","FRENCH GUIANA_VANUATU",0.122054095456616
"Multiannual","Between","FRENCH POLYNESIA_GUADELOUPE",0.278260862503568
"Multiannual","Between","FRENCH POLYNESIA_GUATEMALA",0.250027410323971
"Multiannual","Between","FRENCH POLYNESIA_GUYANA",0.271233729290567
"Multiannual","Between","FRENCH POLYNESIA_HONDURAS",0.266791073720848
"Multiannual","Between","FRENCH POLYNESIA_INDIA",0.219747737348015
"Multiannual","Between","FRENCH POLYNESIA_INDONESIA",0.380608422543961
"Multiannual","Between","FRENCH POLYNESIA_JAMAICA",0.223652958745443
"Multiannual","Between","FRENCH POLYNESIA_LAO PEOPLE'S DEMOCRATIC REPUBLIC",0.247523647648757
"Multiannual","Between","FRENCH POLYNESIA_MALAYSIA",0.336533493902973
"Multiannual","Between","FRENCH POLYNESIA_MARTINIQUE",0.365870296380832
"Multiannual","Between","FRENCH POLYNESIA_MEXICO",0.328518458424116
"Multiannual","Between","FRENCH POLYNESIA_MYANMAR",0.240932912501449
"Multiannual","Between","FRENCH POLYNESIA_NICARAGUA",0.263469943951437
"Multiannual","Between","FRENCH POLYNESIA_PANAMA",0.256097911629876
"Multiannual","Between","FRENCH POLYNESIA_PHILIPPINES",0.326917806223971
"Multiannual","Between","FRENCH POLYNESIA_PUERTO RICO",0.269507910308089
"Multiannual","Between","FRENCH POLYNESIA_SINGAPORE",0.396725563433548
"Multiannual","Between","FRENCH POLYNESIA_SRI LANKA",0.200340713592119
"Multiannual","Between","FRENCH POLYNESIA_SURINAME",0.196363236009012
"Multiannual","Between","FRENCH POLYNESIA_TAIWAN",0.195944805081527
"Multiannual","Between","FRENCH POLYNESIA_THAILAND",0.345207275784533
"Multiannual","Between","FRENCH POLYNESIA_TRINIDAD AND TOBAGO",0.23671492229061
"Multiannual","Between","FRENCH POLYNESIA_VENEZUELA",0.32650822631163
"Multiannual","Between","FRENCH POLYNESIA_VIET NAM",0.295453452631598
"Multiannual","Between","GUADELOUPE_MALDIVES",0.120458257262727
"Multiannual","Between","GUADELOUPE_NEW CALEDONIA",0.204149063800135
"Multiannual","Between","GUADELOUPE_PARAGUAY",0.351046292347681
"Multiannual","Between","GUADELOUPE_PERU",0.191055270019977
"Multiannual","Between","GUADELOUPE_VANUATU",0.185287557155887
"Multiannual","Between","GUATEMALA_MALDIVES",0.181829721603883
"Multiannual","Between","GUATEMALA_NEW CALEDONIA",0.212535464090526
"Multiannual","Between","GUATEMALA_PARAGUAY",0.267542965707535
"Multiannual","Between","GUATEMALA_PERU",0.164173532070701
"Multiannual","Between","GUATEMALA_VANUATU",0.124589000874403
"Multiannual","Between","GUYANA_MALDIVES",0.350075741133557
"Multiannual","Between","GUYANA_NEW CALEDONIA",0.119077582362019
"Multiannual","Between","GUYANA_PARAGUAY",0.274530547872191
"Multiannual","Between","GUYANA_PERU",0.202759346214942
"Multiannual","Between","GUYANA_VANUATU",0.152004173763729
"Multiannual","Between","HONDURAS_MALDIVES",0.228823785954446
"Multiannual","Between","HONDURAS_NEW CALEDONIA",0.250837809974679
"Multiannual","Between","HONDURAS_PARAGUAY",0.27906970790737
"Multiannual","Between","HONDURAS_PERU",0.147838381135814
"Multiannual","Between","HONDURAS_VANUATU",0.202136036775275
"Multiannual","Between","INDIA_MALDIVES",0.20733174294419
"Multiannual","Between","INDIA_NEW CALEDONIA",0.281692172668455
"Multiannual","Between","INDIA_PARAGUAY",0.159741568191456
"Multiannual","Between","INDIA_PERU",0.245874822110034
"Multiannual","Between","INDIA_VANUATU",0.187148235873728
"Multiannual","Between","INDONESIA_MALDIVES",0.277096632220154
"Multiannual","Between","INDONESIA_NEW CALEDONIA",0.198633334330863
"Multiannual","Between","INDONESIA_PARAGUAY",0.208777654921077
"Multiannual","Between","INDONESIA_PERU",0.228663272276135
"Multiannual","Between","INDONESIA_VANUATU",0.161474985563756
"Multiannual","Between","JAMAICA_MALDIVES",0.279675469459104
"Multiannual","Between","JAMAICA_NEW CALEDONIA",0.237631380671141
"Multiannual","Between","JAMAICA_PARAGUAY",0.283275427226907
"Multiannual","Between","JAMAICA_PERU",0.161384538181032
"Multiannual","Between","JAMAICA_VANUATU",0.167962092888092
"Multiannual","Between","LAO PEOPLE'S DEMOCRATIC REPUBLIC_MALDIVES",0.214205789490395
"Multiannual","Between","LAO PEOPLE'S DEMOCRATIC REPUBLIC_NEW CALEDONIA",0.355114089798884
"Multiannual","Between","LAO PEOPLE'S DEMOCRATIC REPUBLIC_PARAGUAY",0.17911129053558
"Multiannual","Between","LAO PEOPLE'S DEMOCRATIC REPUBLIC_PERU",0.175348608843663
"Multiannual","Between","LAO PEOPLE'S DEMOCRATIC REPUBLIC_VANUATU",0.301263849015607
"Multiannual","Between","MALAYSIA_MALDIVES",0.281760220465897
"Multiannual","Between","MALAYSIA_NEW CALEDONIA",0.166941796669329
"Multiannual","Between","MALAYSIA_PARAGUAY",0.136049681536048
"Multiannual","Between","MALAYSIA_PERU",0.238897946174244
"Multiannual","Between","MALAYSIA_VANUATU",0.264706707134894
"Multiannual","Between","MALDIVES_MARTINIQUE",0.0866485377659262
"Multiannual","Between","MALDIVES_MEXICO",0.16075777426992
"Multiannual","Between","MALDIVES_MYANMAR",0.184933925215125
"Multiannual","Between","MALDIVES_NICARAGUA",0.366685289585728
"Multiannual","Between","MALDIVES_PANAMA",0.305180790135795
"Multiannual","Between","MALDIVES_PHILIPPINES",0.396515661312427
"Multiannual","Between","MALDIVES_PUERTO RICO",0.157547809601543
"Multiannual","Between","MALDIVES_SINGAPORE",0.272981059533852
"Multiannual","Between","MALDIVES_SRI LANKA",0.224624556562161
"Multiannual","Between","MALDIVES_SURINAME",0.316195083937234
"Multiannual","Between","MALDIVES_TAIWAN",0.303283965099553
"Multiannual","Between","MALDIVES_THAILAND",0.327075124179196
"Multiannual","Between","MALDIVES_TRINIDAD AND TOBAGO",0.244674150731558
"Multiannual","Between","MALDIVES_VENEZUELA",0.204653440892366
"Multiannual","Between","MALDIVES_VIET NAM",0.351280265934318
"Multiannual","Between","MARTINIQUE_NEW CALEDONIA",0.168357301849002
"Multiannual","Between","MARTINIQUE_PARAGUAY",0.288596921165614
"Multiannual","Between","MARTINIQUE_PERU",0.276242513882991
"Multiannual","Between","MARTINIQUE_VANUATU",0.165947794140642
"Multiannual","Between","MEXICO_NEW CALEDONIA",0.193386998019085
"Multiannual","Between","MEXICO_PARAGUAY",0.325301211400262
"Multiannual","Between","MEXICO_PERU",0.276761476878269
"Multiannual","Between","MEXICO_VANUATU",0.0933629289564191
"Multiannual","Between","MYANMAR_NEW CALEDONIA",0.284669556337888
"Multiannual","Between","MYANMAR_PARAGUAY",0.121977323122035
"Multiannual","Between","MYANMAR_PERU",0.136314735889564
"Multiannual","Between","MYANMAR_VANUATU",0.363734724662408
"Multiannual","Between","NEW CALEDONIA_NICARAGUA",0.239906758276428
"Multiannual","Between","NEW CALEDONIA_PANAMA",0.158124914050758
"Multiannual","Between","NEW CALEDONIA_PHILIPPINES",0.199972640222991
"Multiannual","Between","NEW CALEDONIA_PUERTO RICO",0.130513558106111
"Multiannual","Between","NEW CALEDONIA_SINGAPORE",0.159040094316765
"Multiannual","Between","NEW CALEDONIA_SRI LANKA",0.194453454115357
"Multiannual","Between","NEW CALEDONIA_SURINAME",0.172769944921126
"Multiannual","Between","NEW CALEDONIA_TAIWAN",0.164039166717332
"Multiannual","Between","NEW CALEDONIA_THAILAND",0.22021461875788
"Multiannual","Between","NEW CALEDONIA_TRINIDAD AND TOBAGO",0.184842147190979
"Multiannual","Between","NEW CALEDONIA_VENEZUELA",0.205274632973133
"Multiannual","Between","NEW CALEDONIA_VIET NAM",0.352188691173987
"Multiannual","Between","NICARAGUA_PARAGUAY",0.264356116474794
"Multiannual","Between","NICARAGUA_PERU",0.194715299850645
"Multiannual","Between","NICARAGUA_VANUATU",0.240849341536456
"Multiannual","Between","PANAMA_PARAGUAY",0.25532920740878
"Multiannual","Between","PANAMA_PERU",0.163271065615327
"Multiannual","Between","PANAMA_VANUATU",0.263048895015806
"Multiannual","Between","PARAGUAY_PHILIPPINES",0.187940644585049
"Multiannual","Between","PARAGUAY_PUERTO RICO",0.180518473997378
"Multiannual","Between","PARAGUAY_SINGAPORE",0.127257929350317
"Multiannual","Between","PARAGUAY_SRI LANKA",0.157860654066644
"Multiannual","Between","PARAGUAY_SURINAME",0.329086637350154
"Multiannual","Between","PARAGUAY_TAIWAN",0.379238040886134
"Multiannual","Between","PARAGUAY_THAILAND",0.211414891936212
"Multiannual","Between","PARAGUAY_TRINIDAD AND TOBAGO",0.13437957270216
"Multiannual","Between","PARAGUAY_VENEZUELA",0.119364888542146
"Multiannual","Between","PARAGUAY_VIET NAM",0.108932409911878
"Multiannual","Between","PERU_PHILIPPINES",0.152882438988326
"Multiannual","Between","PERU_PUERTO RICO",0.187324243867936
"Multiannual","Between","PERU_SINGAPORE",0.208391721343616
"Multiannual","Between","PERU_SRI LANKA",0.31320415836359
"Multiannual","Between","PERU_SURINAME",0.244007631028138
"Multiannual","Between","PERU_TAIWAN",0.157844141759516
"Multiannual","Between","PERU_THAILAND",0.200580306390788
"Multiannual","Between","PERU_TRINIDAD AND TOBAGO",0.217600039944913
"Multiannual","Between","PERU_VENEZUELA",0.075264080600571
"Multiannual","Between","PERU_VIET NAM",0.250258336488373
"Multiannual","Between","PHILIPPINES_VANUATU",0.160699801452164
"Multiannual","Between","PUERTO RICO_VANUATU",0.230420542931021
"Multiannual","Between","SINGAPORE_VANUATU",0.19176296694914
"Multiannual","Between","SRI LANKA_VANUATU",0.176030286516355
"Multiannual","Between","SURINAME_VANUATU",0.112750533620477
"Multiannual","Between","TAIWAN_VANUATU",0.23749193842558
"Multiannual","Between","THAILAND_VANUATU",0.214102849633353
"Multiannual","Between","TRINIDAD AND TOBAGO_VANUATU",0.180984706410567
"Multiannual","Between","VANUATU_VENEZUELA",0.237956137235504
"Multiannual","Between","VANUATU_VIET NAM",0.181160447221633
"Multiannual","Within","ARGENTINA_AUSTRALIA",0.223940906440144
"Multiannual","Within","ARGENTINA_BOLIVIA",0.331956890914738
"Multiannual","Within","ARGENTINA_BRAZIL",0.185523650740082
"Multiannual","Within","ARGENTINA_ECUADOR",0.275813974111792
"Multiannual","Within","ARGENTINA_FIJI",0.225908011916701
"Multiannual","Within","ARGENTINA_FRENCH POLYNESIA",0.24687060620804
"Multiannual","Within","ARGENTINA_MALDIVES",0.321082290556245
"Multiannual","Within","ARGENTINA_NEW CALEDONIA",0.209982820401593
"Multiannual","Within","ARGENTINA_PARAGUAY",0.351288726474704
"Multiannual","Within","ARGENTINA_PERU",0.182788797372943
"Multiannual","Within","ARGENTINA_VANUATU",0.0924699857824437
"Multiannual","Within","AUSTRALIA_BOLIVIA",0.236020530989217
"Multiannual","Within","AUSTRALIA_BRAZIL",0.234918662551646
"Multiannual","Within","AUSTRALIA_ECUADOR",0.183891838982641
"Multiannual","Within","AUSTRALIA_FIJI",0.269324228355599
"Multiannual","Within","AUSTRALIA_FRENCH POLYNESIA",0.293689836087369
"Multiannual","Within","AUSTRALIA_MALDIVES",0.350358279781915
"Multiannual","Within","AUSTRALIA_NEW CALEDONIA",0.271648301156582
"Multiannual","Within","AUSTRALIA_PARAGUAY",0.188335607758822
"Multiannual","Within","AUSTRALIA_PERU",0.172860168369495
"Multiannual","Within","AUSTRALIA_VANUATU",0.300929148618892
"Multiannual","Within","BANGLADESH_BARBADOS",0.0857238047893517
"Multiannual","Within","BANGLADESH_CAMBODIA",0.279945329707725
"Multiannual","Within","BANGLADESH_CHINA",0.328197659629796
"Multiannual","Within","BANGLADESH_COLOMBIA",0.220957791905224
"Multiannual","Within","BANGLADESH_COSTA RICA",0.279051990675002
"Multiannual","Within","BANGLADESH_DOMINICAN REPUBLIC",0.26346615832725
"Multiannual","Within","BANGLADESH_EL SALVADOR",0.26024985992697
"Multiannual","Within","BANGLADESH_FRENCH GUIANA",0.183635765064874
"Multiannual","Within","BANGLADESH_GUADELOUPE",0.24271126425226
"Multiannual","Within","BANGLADESH_GUATEMALA",0.246734180642571
"Multiannual","Within","BANGLADESH_GUYANA",0.230617157509498
"Multiannual","Within","BANGLADESH_HONDURAS",0.231247463205919
"Multiannual","Within","BANGLADESH_INDIA",0.259694678574177
"Multiannual","Within","BANGLADESH_INDONESIA",0.252716824826767
"Multiannual","Within","BANGLADESH_JAMAICA",0.24116491911979
"Multiannual","Within","BANGLADESH_LAO PEOPLE'S DEMOCRATIC REPUBLIC",0.270772615330492
"Multiannual","Within","BANGLADESH_MALAYSIA",0.224615329216066
"Multiannual","Within","BANGLADESH_MARTINIQUE",0.241542039631497
"Multiannual","Within","BANGLADESH_MEXICO",0.312893670172149
"Multiannual","Within","BANGLADESH_MYANMAR",0.110131804159693
"Multiannual","Within","BANGLADESH_NICARAGUA",0.342235727272156
"Multiannual","Within","BANGLADESH_PANAMA",0.357810411064707
"Multiannual","Within","BANGLADESH_PHILIPPINES",0.280579196925167
"Multiannual","Within","BANGLADESH_PUERTO RICO",0.0789435407403764
"Multiannual","Within","BANGLADESH_SINGAPORE",0.207551265610275
"Multiannual","Within","BANGLADESH_SRI LANKA",0.397945816996113
"Multiannual","Within","BANGLADESH_SURINAME",0.24913252490206
"Multiannual","Within","BANGLADESH_TAIWAN",0.233789062159697
"Multiannual","Within","BANGLADESH_THAILAND",0.233283942199938
"Multiannual","Within","BANGLADESH_TRINIDAD AND TOBAGO",0.114460783069929
"Multiannual","Within","BANGLADESH_VENEZUELA",0.0936710865481493
"Multiannual","Within","BANGLADESH_VIET NAM",0.217649699824861
"Multiannual","Within","BARBADOS_CAMBODIA",0.262861346774329
"Multiannual","Within","BARBADOS_CHINA",0.222735526706575
"Multiannual","Within","BARBADOS_COLOMBIA",0.357055198465566
"Multiannual","Within","BARBADOS_COSTA RICA",0.250968634157071
"Multiannual","Within","BARBADOS_DOMINICAN REPUBLIC",0.274572630789461
"Multiannual","Within","BARBADOS_EL SALVADOR",0.255846672982948
"Multiannual","Within","BARBADOS_FRENCH GUIANA",0.381265641701135
"Multiannual","Within","BARBADOS_GUADELOUPE",0.348253837830001
"Multiannual","Within","BARBADOS_GUATEMALA",0.277003990253867
"Multiannual","Within","BARBADOS_GUYANA",0.17650644660465
"Multiannual","Within","BARBADOS_HONDURAS",0.350034554138668
"Multiannual","Within","BARBADOS_INDIA",0.201005269571266
"Multiannual","Within","BARBADOS_INDONESIA",0.282569697993837
"Multiannual","Within","BARBADOS_JAMAICA",0.359560426050686
"Multiannual","Within","BARBADOS_LAO PEOPLE'S DEMOCRATIC REPUBLIC",0.292891161525656
"Multiannual","Within","BARBADOS_MALAYSIA",0.252148218757303
"Multiannual","Within","BARBADOS_MARTINIQUE",0.383310495698091
"Multiannual","Within","BARBADOS_MEXICO",0.269252258592679
"Multiannual","Within","BARBADOS_MYANMAR",0.184468159355882
"Multiannual","Within","BARBADOS_NICARAGUA",0.37636432242766
"Multiannual","Within","BARBADOS_PANAMA",0.184841130012273
"Multiannual","Within","BARBADOS_PHILIPPINES",0.130498271565825
"Multiannual","Within","BARBADOS_PUERTO RICO",0.302963619753657
"Multiannual","Within","BARBADOS_SINGAPORE",0.306473488346859
"Multiannual","Within","BARBADOS_SRI LANKA",0.121731145970774
"Multiannual","Within","BARBADOS_SURINAME",0.292381005178848
"Multiannual","Within","BARBADOS_TAIWAN",0.159331918833506
"Multiannual","Within","BARBADOS_THAILAND",0.234986781282238
"Multiannual","Within","BARBADOS_TRINIDAD AND TOBAGO",0.374160760069292
"Multiannual","Within","BARBADOS_VENEZUELA",0.269446762242896
"Multiannual","Within","BARBADOS_VIET NAM",0.209860018229376
"Multiannual","Within","BOLIVIA_BRAZIL",0.271007419232439
"Multiannual","Within","BOLIVIA_ECUADOR",0.268822463194273
"Multiannual","Within","BOLIVIA_FIJI",0.182990171721054
"Multiannual","Within","BOLIVIA_FRENCH POLYNESIA",0.192067999522081
"Multiannual","Within","BOLIVIA_MALDIVES",0.219075652123161
"Multiannual","Within","BOLIVIA_NEW CALEDONIA",0.134991716858528
"Multiannual","Within","BOLIVIA_PARAGUAY",0.189820485939618
"Multiannual","Within","BOLIVIA_PERU",0.176034677195575
"Multiannual","Within","BOLIVIA_VANUATU",0.168567668944669
"Multiannual","Within","BRAZIL_ECUADOR",0.369808167145654
"Multiannual","Within","BRAZIL_FIJI",0.107386747073658
"Multiannual","Within","BRAZIL_FRENCH POLYNESIA",0.288436465532128
"Multiannual","Within","BRAZIL_MALDIVES",0.254314684805529
"Multiannual","Within","BRAZIL_NEW CALEDONIA",0.128813728013409
"Multiannual","Within","BRAZIL_PARAGUAY",0.277006060916334
"Multiannual","Within","BRAZIL_PERU",0.19506332171751
"Multiannual","Within","BRAZIL_VANUATU",0.1352616641386
"Multiannual","Within","CAMBODIA_CHINA",0.284034640997811
"Multiannual","Within","CAMBODIA_COLOMBIA",0.408685378771438
"Multiannual","Within","CAMBODIA_COSTA RICA",0.223041687087885
"Multiannual","Within","CAMBODIA_DOMINICAN REPUBLIC",0.445017712936504
"Multiannual","Within","CAMBODIA_EL SALVADOR",0.256642559601301
"Multiannual","Within","CAMBODIA_FRENCH GUIANA",0.275999815657515
"Multiannual","Within","CAMBODIA_GUADELOUPE",0.285878478316169
"Multiannual","Within","CAMBODIA_GUATEMALA",0.23313142201217
"Multiannual","Within","CAMBODIA_GUYANA",0.265698171759119
"Multiannual","Within","CAMBODIA_HONDURAS",0.272491086668767
"Multiannual","Within","CAMBODIA_INDIA",0.257721508135305
"Multiannual","Within","CAMBODIA_INDONESIA",0.340983730402787
"Multiannual","Within","CAMBODIA_JAMAICA",0.495926538789226
"Multiannual","Within","CAMBODIA_LAO PEOPLE'S DEMOCRATIC REPUBLIC",0.409098025448788
"Multiannual","Within","CAMBODIA_MALAYSIA",0.359005277502631
"Multiannual","Within","CAMBODIA_MARTINIQUE",0.389804279507951
"Multiannual","Within","CAMBODIA_MEXICO",0.355739534003797
"Multiannual","Within","CAMBODIA_MYANMAR",0.167382338114011
"Multiannual","Within","CAMBODIA_NICARAGUA",0.317162434742502
"Multiannual","Within","CAMBODIA_PANAMA",0.191506816255462
"Multiannual","Within","CAMBODIA_PHILIPPINES",0.374280911736956
"Multiannual","Within","CAMBODIA_PUERTO RICO",0.190994878806586
"Multiannual","Within","CAMBODIA_SINGAPORE",0.358011048148434
"Multiannual","Within","CAMBODIA_SRI LANKA",0.231230473157316
"Multiannual","Within","CAMBODIA_SURINAME",0.356548480344782
"Multiannual","Within","CAMBODIA_TAIWAN",0.285809827936034
"Multiannual","Within","CAMBODIA_THAILAND",0.439948915906026
"Multiannual","Within","CAMBODIA_TRINIDAD AND TOBAGO",0.198594533020704
"Multiannual","Within","CAMBODIA_VENEZUELA",0.186279509934654
"Multiannual","Within","CAMBODIA_VIET NAM",0.509345634259186
"Multiannual","Within","CHINA_COLOMBIA",0.34462084356873
"Multiannual","Within","CHINA_COSTA RICA",0.200732989563565
"Multiannual","Within","CHINA_DOMINICAN REPUBLIC",0.302689892107949
"Multiannual","Within","CHINA_EL SALVADOR",0.347134745297265
"Multiannual","Within","CHINA_FRENCH GUIANA",0.183826181882096
"Multiannual","Within","CHINA_GUADELOUPE",0.351132451882059
"Multiannual","Within","CHINA_GUATEMALA",0.372329335653285
"Multiannual","Within","CHINA_GUYANA",0.243233042611309
"Multiannual","Within","CHINA_HONDURAS",0.420117397598766
"Multiannual","Within","CHINA_INDIA",0.228834442844372
"Multiannual","Within","CHINA_INDONESIA",0.23316297189756
"Multiannual","Within","CHINA_JAMAICA",0.374348455447092
"Multiannual","Within","CHINA_LAO PEOPLE'S DEMOCRATIC REPUBLIC",0.342028824179644
"Multiannual","Within","CHINA_MALAYSIA",0.325218894338708
"Multiannual","Within","CHINA_MARTINIQUE",0.222125742432656
"Multiannual","Within","CHINA_MEXICO",0.302837789924628
"Multiannual","Within","CHINA_MYANMAR",0.269178451931737
"Multiannual","Within","CHINA_NICARAGUA",0.303766201810896
"Multiannual","Within","CHINA_PANAMA",0.33744312777319
"Multiannual","Within","CHINA_PHILIPPINES",0.221197601514605
"Multiannual","Within","CHINA_PUERTO RICO",0.173152178399436
"Multiannual","Within","CHINA_SINGAPORE",0.201940321363744
"Multiannual","Within","CHINA_SRI LANKA",0.293578628938102
"Multiannual","Within","CHINA_SURINAME",0.25451196646925
"Multiannual","Within","CHINA_TAIWAN",0.384155623325027
"Multiannual","Within","CHINA_THAILAND",0.351078997114538
"Multiannual","Within","CHINA_TRINIDAD AND TOBAGO",0.21180141696182
"Multiannual","Within","CHINA_VENEZUELA",0.219603833218593
"Multiannual","Within","CHINA_VIET NAM",0.204699739216466
"Multiannual","Within","COLOMBIA_COSTA RICA",0.27765324925079
"Multiannual","Within","COLOMBIA_DOMINICAN REPUBLIC",0.548735896539491
"Multiannual","Within","COLOMBIA_EL SALVADOR",0.323850156557487
"Multiannual","Within","COLOMBIA_FRENCH GUIANA",0.309826763925793
"Multiannual","Within","COLOMBIA_GUADELOUPE",0.401212278926492
"Multiannual","Within","COLOMBIA_GUATEMALA",0.411138796202889
"Multiannual","Within","COLOMBIA_GUYANA",0.318193065728384
"Multiannual","Within","COLOMBIA_HONDURAS",0.47874391554888
"Multiannual","Within","COLOMBIA_INDIA",0.245619212194822
"Multiannual","Within","COLOMBIA_INDONESIA",0.483677133308501
"Multiannual","Within","COLOMBIA_JAMAICA",0.486917936139193
"Multiannual","Within","COLOMBIA_LAO PEOPLE'S DEMOCRATIC REPUBLIC",0.347005834551289
"Multiannual","Within","COLOMBIA_MALAYSIA",0.453485938836106
"Multiannual","Within","COLOMBIA_MARTINIQUE",0.400203753308568
"Multiannual","Within","COLOMBIA_MEXICO",0.431258749790178
"Multiannual","Within","COLOMBIA_MYANMAR",0.181915853053478
"Multiannual","Within","COLOMBIA_NICARAGUA",0.361560430677683
"Multiannual","Within","COLOMBIA_PANAMA",0.269967406365607
"Multiannual","Within","COLOMBIA_PHILIPPINES",0.398572782850905
"Multiannual","Within","COLOMBIA_PUERTO RICO",0.25879613168025
"Multiannual","Within","COLOMBIA_SINGAPORE",0.375504558373609
"Multiannual","Within","COLOMBIA_SRI LANKA",0.190397053141996
"Multiannual","Within","COLOMBIA_SURINAME",0.305611030010989
"Multiannual","Within","COLOMBIA_TAIWAN",0.310388554064132
"Multiannual","Within","COLOMBIA_THAILAND",0.331951613293992
"Multiannual","Within","COLOMBIA_TRINIDAD AND TOBAGO",0.390578134974238
"Multiannual","Within","COLOMBIA_VENEZUELA",0.214622649620426
"Multiannual","Within","COLOMBIA_VIET NAM",0.346300149498665
"Multiannual","Within","COSTA RICA_DOMINICAN REPUBLIC",0.285820160488248
"Multiannual","Within","COSTA RICA_EL SALVADOR",0.308983732195486
"Multiannual","Within","COSTA RICA_FRENCH GUIANA",0.234767969676584
"Multiannual","Within","COSTA RICA_GUADELOUPE",0.279578679917766
"Multiannual","Within","COSTA RICA_GUATEMALA",0.294110259154563
"Multiannual","Within","COSTA RICA_GUYANA",0.26841187086236
"Multiannual","Within","COSTA RICA_HONDURAS",0.264164645380882
"Multiannual","Within","COSTA RICA_INDIA",0.197676698230019
"Multiannual","Within","COSTA RICA_INDONESIA",0.301799813947276
"Multiannual","Within","COSTA RICA_JAMAICA",0.276010444802369
"Multiannual","Within","COSTA RICA_LAO PEOPLE'S DEMOCRATIC REPUBLIC",0.303948040974572
"Multiannual","Within","COSTA RICA_MALAYSIA",0.293857978049719
"Multiannual","Within","COSTA RICA_MARTINIQUE",0.315683276450068
"Multiannual","Within","COSTA RICA_MEXICO",0.275626098995533
"Multiannual","Within","COSTA RICA_MYANMAR",0.20230661370943
"Multiannual","Within","COSTA RICA_NICARAGUA",0.313354813111542
"Multiannual","Within","COSTA RICA_PANAMA",0.346511967838186
"Multiannual","Within","COSTA RICA_PHILIPPINES",0.285835696789694
"Multiannual","Within","COSTA RICA_PUERTO RICO",0.236230500752377
"Multiannual","Within","COSTA RICA_SINGAPORE",0.286373114119234
"Multiannual","Within","COSTA RICA_SRI LANKA",0.231320821482328
"Multiannual","Within","COSTA RICA_SURINAME",0.17000075128119
"Multiannual","Within","COSTA RICA_TAIWAN",0.207463504823524
"Multiannual","Within","COSTA RICA_THAILAND",0.291050168571854
"Multiannual","Within","COSTA RICA_TRINIDAD AND TOBAGO",0.135939954031087
"Multiannual","Within","COSTA RICA_VENEZUELA",0.269349569044202
"Multiannual","Within","COSTA RICA_VIET NAM",0.19366544836112
"Multiannual","Within","DOMINICAN REPUBLIC_EL SALVADOR",0.365206066859222
"Multiannual","Within","DOMINICAN REPUBLIC_FRENCH GUIANA",0.312755866541214
"Multiannual","Within","DOMINICAN REPUBLIC_GUADELOUPE",0.303620337890069
"Multiannual","Within","DOMINICAN REPUBLIC_GUATEMALA",0.369416046302824
"Multiannual","Within","DOMINICAN REPUBLIC_GUYANA",0.309874223111696
"Multiannual","Within","DOMINICAN REPUBLIC_HONDURAS",0.442701976654492
"Multiannual","Within","DOMINICAN REPUBLIC_INDIA",0.187113899218701
"Multiannual","Within","DOMINICAN REPUBLIC_INDONESIA",0.420179907457031
"Multiannual","Within","DOMINICAN REPUBLIC_JAMAICA",0.465366614175746
"Multiannual","Within","DOMINICAN REPUBLIC_LAO PEOPLE'S DEMOCRATIC REPUBLIC",0.406384205102278
"Multiannual","Within","DOMINICAN REPUBLIC_MALAYSIA",0.393162416984763
"Multiannual","Within","DOMINICAN REPUBLIC_MARTINIQUE",0.357756250429459
"Multiannual","Within","DOMINICAN REPUBLIC_MEXICO",0.399093885291158
"Multiannual","Within","DOMINICAN REPUBLIC_MYANMAR",0.209915304196119
"Multiannual","Within","DOMINICAN REPUBLIC_NICARAGUA",0.370567857612589
"Multiannual","Within","DOMINICAN REPUBLIC_PANAMA",0.242234371168979
"Multiannual","Within","DOMINICAN REPUBLIC_PHILIPPINES",0.453028462791123
"Multiannual","Within","DOMINICAN REPUBLIC_PUERTO RICO",0.258032165357304
"Multiannual","Within","DOMINICAN REPUBLIC_SINGAPORE",0.360292125648228
"Multiannual","Within","DOMINICAN REPUBLIC_SRI LANKA",0.234246482250432
"Multiannual","Within","DOMINICAN REPUBLIC_SURINAME",0.240905997481738
"Multiannual","Within","DOMINICAN REPUBLIC_TAIWAN",0.317043052673218
"Multiannual","Within","DOMINICAN REPUBLIC_THAILAND",0.334608628520052
"Multiannual","Within","DOMINICAN REPUBLIC_TRINIDAD AND TOBAGO",0.238393665433692
"Multiannual","Within","DOMINICAN REPUBLIC_VENEZUELA",0.222156240957433
"Multiannual","Within","DOMINICAN REPUBLIC_VIET NAM",0.373785558091367
"Multiannual","Within","ECUADOR_FIJI",0.101184253444874
"Multiannual","Within","ECUADOR_FRENCH POLYNESIA",0.156109593130838
"Multiannual","Within","ECUADOR_MALDIVES",0.210443044399696
"Multiannual","Within","ECUADOR_NEW CALEDONIA",0.0977169917949911
"Multiannual","Within","ECUADOR_PARAGUAY",0.319183611524644
"Multiannual","Within","ECUADOR_PERU",0.314460240385164
"Multiannual","Within","ECUADOR_VANUATU",0.0933711070140857
"Multiannual","Within","EL SALVADOR_FRENCH GUIANA",0.169384762609508
"Multiannual","Within","EL SALVADOR_GUADELOUPE",0.256637927848935
"Multiannual","Within","EL SALVADOR_GUATEMALA",0.353528602572553
"Multiannual","Within","EL SALVADOR_GUYANA",0.313784902683462
"Multiannual","Within","EL SALVADOR_HONDURAS",0.40979244253438
"Multiannual","Within","EL SALVADOR_INDIA",0.180666286688355
"Multiannual","Within","EL SALVADOR_INDONESIA",0.309501802865158
"Multiannual","Within","EL SALVADOR_JAMAICA",0.270365437794417
"Multiannual","Within","EL SALVADOR_LAO PEOPLE'S DEMOCRATIC REPUBLIC",0.238309013602845
"Multiannual","Within","EL SALVADOR_MALAYSIA",0.335063950139517
"Multiannual","Within","EL SALVADOR_MARTINIQUE",0.203239793980821
"Multiannual","Within","EL SALVADOR_MEXICO",0.275309886298173
"Multiannual","Within","EL SALVADOR_MYANMAR",0.268343278340231
"Multiannual","Within","EL SALVADOR_NICARAGUA",0.384311085401124
"Multiannual","Within","EL SALVADOR_PANAMA",0.375831177583613
"Multiannual","Within","EL SALVADOR_PHILIPPINES",0.29374555493212
"Multiannual","Within","EL SALVADOR_PUERTO RICO",0.250561499231682
"Multiannual","Within","EL SALVADOR_SINGAPORE",0.211542367909154
"Multiannual","Within","EL SALVADOR_SRI LANKA",0.251907702335503
"Multiannual","Within","EL SALVADOR_SURINAME",0.249265050113251
"Multiannual","Within","EL SALVADOR_TAIWAN",0.389374369033515
"Multiannual","Within","EL SALVADOR_THAILAND",0.268381892923003
"Multiannual","Within","EL SALVADOR_TRINIDAD AND TOBAGO",0.239197305923678
"Multiannual","Within","EL SALVADOR_VENEZUELA",0.354954342805877
"Multiannual","Within","EL SALVADOR_VIET NAM",0.299695485166257
"Multiannual","Within","FIJI_FRENCH POLYNESIA",0.149442543248914
"Multiannual","Within","FIJI_MALDIVES",0.332601009429162
"Multiannual","Within","FIJI_NEW CALEDONIA",0.3821150697505
"Multiannual","Within","FIJI_PARAGUAY",0.0620251641908865
"Multiannual","Within","FIJI_PERU",0.152898800651567
"Multiannual","Within","FIJI_VANUATU",0.459800981766417
"Multiannual","Within","FRENCH GUIANA_GUADELOUPE",0.386817493369245
"Multiannual","Within","FRENCH GUIANA_GUATEMALA",0.251555261984881
"Multiannual","Within","FRENCH GUIANA_GUYANA",0.265939894626717
"Multiannual","Within","FRENCH GUIANA_HONDURAS",0.230779549599271
"Multiannual","Within","FRENCH GUIANA_INDIA",0.196812223214772
"Multiannual","Within","FRENCH GUIANA_INDONESIA",0.293775921595183
"Multiannual","Within","FRENCH GUIANA_JAMAICA",0.208038681241742
"Multiannual","Within","FRENCH GUIANA_LAO PEOPLE'S DEMOCRATIC REPUBLIC",0.294042243300879
"Multiannual","Within","FRENCH GUIANA_MALAYSIA",0.261264876984819
"Multiannual","Within","FRENCH GUIANA_MARTINIQUE",0.514190430812657
"Multiannual","Within","FRENCH GUIANA_MEXICO",0.371245308185028
"Multiannual","Within","FRENCH GUIANA_MYANMAR",0.198223840575593
"Multiannual","Within","FRENCH GUIANA_NICARAGUA",0.235874959693393
"Multiannual","Within","FRENCH GUIANA_PANAMA",0.173498219740749
"Multiannual","Within","FRENCH GUIANA_PHILIPPINES",0.244077560123592
"Multiannual","Within","FRENCH GUIANA_PUERTO RICO",0.259496671967941
"Multiannual","Within","FRENCH GUIANA_SINGAPORE",0.27540555563899
"Multiannual","Within","FRENCH GUIANA_SRI LANKA",0.207293366533769
"Multiannual","Within","FRENCH GUIANA_SURINAME",0.343767431951837
"Multiannual","Within","FRENCH GUIANA_TAIWAN",0.191190872509956
"Multiannual","Within","FRENCH GUIANA_THAILAND",0.303194286518348
"Multiannual","Within","FRENCH GUIANA_TRINIDAD AND TOBAGO",0.201510519088888
"Multiannual","Within","FRENCH GUIANA_VENEZUELA",0.208624875273035
"Multiannual","Within","FRENCH GUIANA_VIET NAM",0.278782439853581
"Multiannual","Within","FRENCH POLYNESIA_MALDIVES",0.181521602913594
"Multiannual","Within","FRENCH POLYNESIA_NEW CALEDONIA",0.254237627584488
"Multiannual","Within","FRENCH POLYNESIA_PARAGUAY",0.176448684099677
"Multiannual","Within","FRENCH POLYNESIA_PERU",0.23034394051813
"Multiannual","Within","FRENCH POLYNESIA_VANUATU",0.224872389503117
"Multiannual","Within","GUADELOUPE_GUATEMALA",0.306590112173836
"Multiannual","Within","GUADELOUPE_GUYANA",0.25075007649815
"Multiannual","Within","GUADELOUPE_HONDURAS",0.325207917983808
"Multiannual","Within","GUADELOUPE_INDIA",0.256542442500471
"Multiannual","Within","GUADELOUPE_INDONESIA",0.275863214624571
"Multiannual","Within","GUADELOUPE_JAMAICA",0.284703183167648
"Multiannual","Within","GUADELOUPE_LAO PEOPLE'S DEMOCRATIC REPUBLIC",0.461292425478176
"Multiannual","Within","GUADELOUPE_MALAYSIA",0.310453608149336
"Multiannual","Within","GUADELOUPE_MARTINIQUE",0.585461529200078
"Multiannual","Within","GUADELOUPE_MEXICO",0.391867744044537
"Multiannual","Within","GUADELOUPE_MYANMAR",0.245608724659749
"Multiannual","Within","GUADELOUPE_NICARAGUA",0.323877412012016
"Multiannual","Within","GUADELOUPE_PANAMA",0.25679101803287
"Multiannual","Within","GUADELOUPE_PHILIPPINES",0.217968844441474
"Multiannual","Within","GUADELOUPE_PUERTO RICO",0.296027078754331
"Multiannual","Within","GUADELOUPE_SINGAPORE",0.264997676272806
"Multiannual","Within","GUADELOUPE_SRI LANKA",0.250060810441734
"Multiannual","Within","GUADELOUPE_SURINAME",0.385628941211895
"Multiannual","Within","GUADELOUPE_TAIWAN",0.275635209851752
"Multiannual","Within","GUADELOUPE_THAILAND",0.255209055154045
"Multiannual","Within","GUADELOUPE_TRINIDAD AND TOBAGO",0.222253878167152
"Multiannual","Within","GUADELOUPE_VENEZUELA",0.172881680617455
"Multiannual","Within","GUADELOUPE_VIET NAM",0.258033767558094
"Multiannual","Within","GUATEMALA_GUYANA",0.255198884163411
"Multiannual","Within","GUATEMALA_HONDURAS",0.504938963432774
"Multiannual","Within","GUATEMALA_INDIA",0.235317693732462
"Multiannual","Within","GUATEMALA_INDONESIA",0.349807816734549
"Multiannual","Within","GUATEMALA_JAMAICA",0.3020053187829
"Multiannual","Within","GUATEMALA_LAO PEOPLE'S DEMOCRATIC REPUBLIC",0.294774602800143
"Multiannual","Within","GUATEMALA_MALAYSIA",0.314590948783688
"Multiannual","Within","GUATEMALA_MARTINIQUE",0.21353622206627
"Multiannual","Within","GUATEMALA_MEXICO",0.377337042953563
"Multiannual","Within","GUATEMALA_MYANMAR",0.263417798732911
"Multiannual","Within","GUATEMALA_NICARAGUA",0.326301651983331
"Multiannual","Within","GUATEMALA_PANAMA",0.314871990132058
"Multiannual","Within","GUATEMALA_PHILIPPINES",0.298761737047875
"Multiannual","Within","GUATEMALA_PUERTO RICO",0.274246843982716
"Multiannual","Within","GUATEMALA_SINGAPORE",0.262596511271184
"Multiannual","Within","GUATEMALA_SRI LANKA",0.25235406466104
"Multiannual","Within","GUATEMALA_SURINAME",0.247839538439093
"Multiannual","Within","GUATEMALA_TAIWAN",0.286836034120239
"Multiannual","Within","GUATEMALA_THAILAND",0.277115467317182
"Multiannual","Within","GUATEMALA_TRINIDAD AND TOBAGO",0.225031384222719
"Multiannual","Within","GUATEMALA_VENEZUELA",0.230556795728066
"Multiannual","Within","GUATEMALA_VIET NAM",0.259128612929219
"Multiannual","Within","GUYANA_HONDURAS",0.278313332951124
"Multiannual","Within","GUYANA_INDIA",0.185918508993763
"Multiannual","Within","GUYANA_INDONESIA",0.395864742868136
"Multiannual","Within","GUYANA_JAMAICA",0.297421836736494
"Multiannual","Within","GUYANA_LAO PEOPLE'S DEMOCRATIC REPUBLIC",0.24353519363474
"Multiannual","Within","GUYANA_MALAYSIA",0.393814090612319
"Multiannual","Within","GUYANA_MARTINIQUE",0.260912018717231
"Multiannual","Within","GUYANA_MEXICO",0.278186198146877
"Multiannual","Within","GUYANA_MYANMAR",0.25053277146211
"Multiannual","Within","GUYANA_NICARAGUA",0.242887173342392
"Multiannual","Within","GUYANA_PANAMA",0.281942476848623
"Multiannual","Within","GUYANA_PHILIPPINES",0.304145713685785
"Multiannual","Within","GUYANA_PUERTO RICO",0.262883641683205
"Multiannual","Within","GUYANA_SINGAPORE",0.300128793365373
"Multiannual","Within","GUYANA_SRI LANKA",0.21302685840946
"Multiannual","Within","GUYANA_SURINAME",0.34411542670502
"Multiannual","Within","GUYANA_TAIWAN",0.392237779609825
"Multiannual","Within","GUYANA_THAILAND",0.324268243202639
"Multiannual","Within","GUYANA_TRINIDAD AND TOBAGO",0.203288377490738
"Multiannual","Within","GUYANA_VENEZUELA",0.233044238899475
"Multiannual","Within","GUYANA_VIET NAM",0.21130872491191
"Multiannual","Within","HONDURAS_INDIA",0.186164188649507
"Multiannual","Within","HONDURAS_INDONESIA",0.360679025213737
"Multiannual","Within","HONDURAS_JAMAICA",0.425948147385634
"Multiannual","Within","HONDURAS_LAO PEOPLE'S DEMOCRATIC REPUBLIC",0.383322057738179
"Multiannual","Within","HONDURAS_MALAYSIA",0.392368227722409
"Multiannual","Within","HONDURAS_MARTINIQUE",0.245337662524559
"Multiannual","Within","HONDURAS_MEXICO",0.340994705371772
"Multiannual","Within","HONDURAS_MYANMAR",0.287344706051177
"Multiannual","Within","HONDURAS_NICARAGUA",0.372820245111262
"Multiannual","Within","HONDURAS_PANAMA",0.28768187805341
"Multiannual","Within","HONDURAS_PHILIPPINES",0.350857749901062
"Multiannual","Within","HONDURAS_PUERTO RICO",0.319949470449639
"Multiannual","Within","HONDURAS_SINGAPORE",0.372960491202991
"Multiannual","Within","HONDURAS_SRI LANKA",0.202673211088048
"Multiannual","Within","HONDURAS_SURINAME",0.218224866402381
"Multiannual","Within","HONDURAS_TAIWAN",0.374694031525766
"Multiannual","Within","HONDURAS_THAILAND",0.33887028294074
"Multiannual","Within","HONDURAS_TRINIDAD AND TOBAGO",0.325670718745553
"Multiannual","Within","HONDURAS_VENEZUELA",0.30373157204807
"Multiannual","Within","HONDURAS_VIET NAM",0.287729005546211
"Multiannual","Within","INDIA_INDONESIA",0.215812124223879
"Multiannual","Within","INDIA_JAMAICA",0.19444473655174
"Multiannual","Within","INDIA_LAO PEOPLE'S DEMOCRATIC REPUBLIC",0.288960566864554
"Multiannual","Within","INDIA_MALAYSIA",0.155620729795643
"Multiannual","Within","INDIA_MARTINIQUE",0.246715195020324
"Multiannual","Within","INDIA_MEXICO",0.215920552215886
"Multiannual","Within","INDIA_MYANMAR",0.190147537439644
"Multiannual","Within","INDIA_NICARAGUA",0.218988528190507
"Multiannual","Within","INDIA_PANAMA",0.257831004649137
"Multiannual","Within","INDIA_PHILIPPINES",0.216837119102246
"Multiannual","Within","INDIA_PUERTO RICO",0.105848777845836
"Multiannual","Within","INDIA_SINGAPORE",0.104383551936556
"Multiannual","Within","INDIA_SRI LANKA",0.305864488557678
"Multiannual","Within","INDIA_SURINAME",0.223535435522675
"Multiannual","Within","INDIA_TAIWAN",0.117980658565862
"Multiannual","Within","INDIA_THAILAND",0.181933835487696
"Multiannual","Within","INDIA_TRINIDAD AND TOBAGO",0.234430320633856
"Multiannual","Within","INDIA_VENEZUELA",0.139108484236238
"Multiannual","Within","INDIA_VIET NAM",0.24275067784894
"Multiannual","Within","INDONESIA_JAMAICA",0.39579410157395
"Multiannual","Within","INDONESIA_LAO PEOPLE'S DEMOCRATIC REPUBLIC",0.312750982529995
"Multiannual","Within","INDONESIA_MALAYSIA",0.379863142028252
"Multiannual","Within","INDONESIA_MARTINIQUE",0.2906930674118
"Multiannual","Within","INDONESIA_MEXICO",0.331951649812767
"Multiannual","Within","INDONESIA_MYANMAR",0.218647365922958
"Multiannual","Within","INDONESIA_NICARAGUA",0.331227751870854
"Multiannual","Within","INDONESIA_PANAMA",0.249177320197624
"Multiannual","Within","INDONESIA_PHILIPPINES",0.360217625416463
"Multiannual","Within","INDONESIA_PUERTO RICO",0.227470412369995
"Multiannual","Within","INDONESIA_SINGAPORE",0.366144864451975
"Multiannual","Within","INDONESIA_SRI LANKA",0.25193454317849
"Multiannual","Within","INDONESIA_SURINAME",0.29281546793106
"Multiannual","Within","INDONESIA_TAIWAN",0.281379579921592
"Multiannual","Within","INDONESIA_THAILAND",0.294482820301961
"Multiannual","Within","INDONESIA_TRINIDAD AND TOBAGO",0.257633118673088
"Multiannual","Within","INDONESIA_VENEZUELA",0.233038250987507
"Multiannual","Within","INDONESIA_VIET NAM",0.364460012337876
"Multiannual","Within","JAMAICA_LAO PEOPLE'S DEMOCRATIC REPUBLIC",0.369487877258463
"Multiannual","Within","JAMAICA_MALAYSIA",0.337717637362751
"Multiannual","Within","JAMAICA_MARTINIQUE",0.317891620410738
"Multiannual","Within","JAMAICA_MEXICO",0.330118862414442
"Multiannual","Within","JAMAICA_MYANMAR",0.161837099245547
"Multiannual","Within","JAMAICA_NICARAGUA",0.325424921834687
"Multiannual","Within","JAMAICA_PANAMA",0.235931873987444
"Multiannual","Within","JAMAICA_PHILIPPINES",0.410983679251808
"Multiannual","Within","JAMAICA_PUERTO RICO",0.267819097381747
"Multiannual","Within","JAMAICA_SINGAPORE",0.326962582571256
"Multiannual","Within","JAMAICA_SRI LANKA",0.20215670724972
"Multiannual","Within","JAMAICA_SURINAME",0.324051978319996
"Multiannual","Within","JAMAICA_TAIWAN",0.388092483297932
"Multiannual","Within","JAMAICA_THAILAND",0.437237413228338
"Multiannual","Within","JAMAICA_TRINIDAD AND TOBAGO",0.309304058968999
"Multiannual","Within","JAMAICA_VENEZUELA",0.219870543466777
"Multiannual","Within","JAMAICA_VIET NAM",0.34963026115158
"Multiannual","Within","LAO PEOPLE'S DEMOCRATIC REPUBLIC_MALAYSIA",0.322886770532123
"Multiannual","Within","LAO PEOPLE'S DEMOCRATIC REPUBLIC_MARTINIQUE",0.422844435290588
"Multiannual","Within","LAO PEOPLE'S DEMOCRATIC REPUBLIC_MEXICO",0.298537946534737
"Multiannual","Within","LAO PEOPLE'S DEMOCRATIC REPUBLIC_MYANMAR",0.322885523823957
"Multiannual","Within","LAO PEOPLE'S DEMOCRATIC REPUBLIC_NICARAGUA",0.396265884912218
"Multiannual","Within","LAO PEOPLE'S DEMOCRATIC REPUBLIC_PANAMA",0.367719612802165
"Multiannual","Within","LAO PEOPLE'S DEMOCRATIC REPUBLIC_PHILIPPINES",0.420130337292376
"Multiannual","Within","LAO PEOPLE'S DEMOCRATIC REPUBLIC_PUERTO RICO",0.236867196607079
"Multiannual","Within","LAO PEOPLE'S DEMOCRATIC REPUBLIC_SINGAPORE",0.351203559702678
"Multiannual","Within","LAO PEOPLE'S DEMOCRATIC REPUBLIC_SRI LANKA",0.253855251312444
"Multiannual","Within","LAO PEOPLE'S DEMOCRATIC REPUBLIC_SURINAME",0.226052251873888
"Multiannual","Within","LAO PEOPLE'S DEMOCRATIC REPUBLIC_TAIWAN",0.238644684398671
"Multiannual","Within","LAO PEOPLE'S DEMOCRATIC REPUBLIC_THAILAND",0.353965039583292
"Multiannual","Within","LAO PEOPLE'S DEMOCRATIC REPUBLIC_TRINIDAD AND TOBAGO",0.145249469335745
"Multiannual","Within","LAO PEOPLE'S DEMOCRATIC REPUBLIC_VENEZUELA",0.250425275961341
"Multiannual","Within","LAO PEOPLE'S DEMOCRATIC REPUBLIC_VIET NAM",0.4568366062412
"Multiannual","Within","MALAYSIA_MARTINIQUE",0.380353990977288
"Multiannual","Within","MALAYSIA_MEXICO",0.296437638399584
"Multiannual","Within","MALAYSIA_MYANMAR",0.30853317377858
"Multiannual","Within","MALAYSIA_NICARAGUA",0.268531704136249
"Multiannual","Within","MALAYSIA_PANAMA",0.191953118817841
"Multiannual","Within","MALAYSIA_PHILIPPINES",0.421769800423967
"Multiannual","Within","MALAYSIA_PUERTO RICO",0.275030544767813
"Multiannual","Within","MALAYSIA_SINGAPORE",0.49946290167855
"Multiannual","Within","MALAYSIA_SRI LANKA",0.200454475937001
"Multiannual","Within","MALAYSIA_SURINAME",0.266278859879472
"Multiannual","Within","MALAYSIA_TAIWAN",0.395929106579203
"Multiannual","Within","MALAYSIA_THAILAND",0.416634205020098
"Multiannual","Within","MALAYSIA_TRINIDAD AND TOBAGO",0.290613231605254
"Multiannual","Within","MALAYSIA_VENEZUELA",0.207712120813709
"Multiannual","Within","MALAYSIA_VIET NAM",0.335397414237827
"Multiannual","Within","MALDIVES_NEW CALEDONIA",0.148523982710917
"Multiannual","Within","MALDIVES_PARAGUAY",0.270584941348759
"Multiannual","Within","MALDIVES_PERU",0.171947581697342
"Multiannual","Within","MALDIVES_VANUATU",0.168664591682343
"Multiannual","Within","MARTINIQUE_MEXICO",0.401406337896901
"Multiannual","Within","MARTINIQUE_MYANMAR",0.225570748769517
"Multiannual","Within","MARTINIQUE_NICARAGUA",0.320736563584333
"Multiannual","Within","MARTINIQUE_PANAMA",0.237395628900236
"Multiannual","Within","MARTINIQUE_PHILIPPINES",0.291044576985677
"Multiannual","Within","MARTINIQUE_PUERTO RICO",0.258122359246784
"Multiannual","Within","MARTINIQUE_SINGAPORE",0.376564146393797
"Multiannual","Within","MARTINIQUE_SRI LANKA",0.189226296140118
"Multiannual","Within","MARTINIQUE_SURINAME",0.387391319437652
"Multiannual","Within","MARTINIQUE_TAIWAN",0.268005096850775
"Multiannual","Within","MARTINIQUE_THAILAND",0.381306782729303
"Multiannual","Within","MARTINIQUE_TRINIDAD AND TOBAGO",0.21092570347632
"Multiannual","Within","MARTINIQUE_VENEZUELA",0.172613533118695
"Multiannual","Within","MARTINIQUE_VIET NAM",0.25567931776236
"Multiannual","Within","MEXICO_MYANMAR",0.185963150557945
"Multiannual","Within","MEXICO_NICARAGUA",0.327927296573313
"Multiannual","Within","MEXICO_PANAMA",0.347147542068275
"Multiannual","Within","MEXICO_PHILIPPINES",0.248184960497199
"Multiannual","Within","MEXICO_PUERTO RICO",0.247604319174399
"Multiannual","Within","MEXICO_SINGAPORE",0.283528885464763
"Multiannual","Within","MEXICO_SRI LANKA",0.262531961576315
"Multiannual","Within","MEXICO_SURINAME",0.335277635796698
"Multiannual","Within","MEXICO_TAIWAN",0.242060438149136
"Multiannual","Within","MEXICO_THAILAND",0.255897050139425
"Multiannual","Within","MEXICO_TRINIDAD AND TOBAGO",0.216091116558567
"Multiannual","Within","MEXICO_VENEZUELA",0.170899869857688
"Multiannual","Within","MEXICO_VIET NAM",0.241403133877804
"Multiannual","Within","MYANMAR_NICARAGUA",0.25004050735043
"Multiannual","Within","MYANMAR_PANAMA",0.375412432944773
"Multiannual","Within","MYANMAR_PHILIPPINES",0.266001697391936
"Multiannual","Within","MYANMAR_PUERTO RICO",0.296833182990725
"Multiannual","Within","MYANMAR_SINGAPORE",0.278690047157636
"Multiannual","Within","MYANMAR_SRI LANKA",0.232732415527293
"Multiannual","Within","MYANMAR_SURINAME",0.148576603399424
"Multiannual","Within","MYANMAR_TAIWAN",0.305915015435274
"Multiannual","Within","MYANMAR_THAILAND",0.336813305675293
"Multiannual","Within","MYANMAR_TRINIDAD AND TOBAGO",0.135102507548325
"Multiannual","Within","MYANMAR_VENEZUELA",0.273690149546605
"Multiannual","Within","MYANMAR_VIET NAM",0.249502208708131
"Multiannual","Within","NEW CALEDONIA_PARAGUAY",0.0475204695728945
"Multiannual","Within","NEW CALEDONIA_PERU",0.107575154661083
"Multiannual","Within","NEW CALEDONIA_VANUATU",0.32950620202922
"Multiannual","Within","NICARAGUA_PANAMA",0.411857832382093
"Multiannual","Within","NICARAGUA_PHILIPPINES",0.304627541972328
"Multiannual","Within","NICARAGUA_PUERTO RICO",0.24771068704295
"Multiannual","Within","NICARAGUA_SINGAPORE",0.262263984438946
"Multiannual","Within","NICARAGUA_SRI LANKA",0.320849552652287
"Multiannual","Within","NICARAGUA_SURINAME",0.271901330169047
"Multiannual","Within","NICARAGUA_TAIWAN",0.183585484066488
"Multiannual","Within","NICARAGUA_THAILAND",0.238427989253456
"Multiannual","Within","NICARAGUA_TRINIDAD AND TOBAGO",0.184782794099498
"Multiannual","Within","NICARAGUA_VENEZUELA",0.242043643715493
"Multiannual","Within","NICARAGUA_VIET NAM",0.411162851930365
"Multiannual","Within","PANAMA_PHILIPPINES",0.259223396559442
"Multiannual","Within","PANAMA_PUERTO RICO",0.263123974737032
"Multiannual","Within","PANAMA_SINGAPORE",0.271955332796409
"Multiannual","Within","PANAMA_SRI LANKA",0.365386733312888
"Multiannual","Within","PANAMA_SURINAME",0.219730261296984
"Multiannual","Within","PANAMA_TAIWAN",0.208658688410154
"Multiannual","Within","PANAMA_THAILAND",0.209632392458301
"Multiannual","Within","PANAMA_TRINIDAD AND TOBAGO",0.103139720234284
"Multiannual","Within","PANAMA_VENEZUELA",0.254882542846984
"Multiannual","Within","PANAMA_VIET NAM",0.218657049446652
"Multiannual","Within","PARAGUAY_PERU",0.179962941443267
"Multiannual","Within","PARAGUAY_VANUATU",0.0633694179265291
"Multiannual","Within","PERU_VANUATU",0.142799782901963
"Multiannual","Within","PHILIPPINES_PUERTO RICO",0.220900742081852
"Multiannual","Within","PHILIPPINES_SINGAPORE",0.404853369755271
"Multiannual","Within","PHILIPPINES_SRI LANKA",0.259182126699502
"Multiannual","Within","PHILIPPINES_SURINAME",0.193845068198373
"Multiannual","Within","PHILIPPINES_TAIWAN",0.282196176100381
"Multiannual","Within","PHILIPPINES_THAILAND",0.398924763340203
"Multiannual","Within","PHILIPPINES_TRINIDAD AND TOBAGO",0.172829569393913
"Multiannual","Within","PHILIPPINES_VENEZUELA",0.241971364080743
"Multiannual","Within","PHILIPPINES_VIET NAM",0.471315081062296
"Multiannual","Within","PUERTO RICO_SINGAPORE",0.390749246106403
"Multiannual","Within","PUERTO RICO_SRI LANKA",0.165463573284021
"Multiannual","Within","PUERTO RICO_SURINAME",0.189334450964198
"Multiannual","Within","PUERTO RICO_TAIWAN",0.276730143111825
"Multiannual","Within","PUERTO RICO_THAILAND",0.327874423098533
"Multiannual","Within","PUERTO RICO_TRINIDAD AND TOBAGO",0.197413901265435
"Multiannual","Within","PUERTO RICO_VENEZUELA",0.334928872541645
"Multiannual","Within","PUERTO RICO_VIET NAM",0.220605271606635
"Multiannual","Within","SINGAPORE_SRI LANKA",0.126843753246871
"Multiannual","Within","SINGAPORE_SURINAME",0.190022264465465
"Multiannual","Within","SINGAPORE_TAIWAN",0.319057041838155
"Multiannual","Within","SINGAPORE_THAILAND",0.442465538370584
"Multiannual","Within","SINGAPORE_TRINIDAD AND TOBAGO",0.251047647964453
"Multiannual","Within","SINGAPORE_VENEZUELA",0.298343082512125
"Multiannual","Within","SINGAPORE_VIET NAM",0.353297177127701
"Multiannual","Within","SRI LANKA_SURINAME",0.198568371913005
"Multiannual","Within","SRI LANKA_TAIWAN",0.163301874693
"Multiannual","Within","SRI LANKA_THAILAND",0.178718676617926
"Multiannual","Within","SRI LANKA_TRINIDAD AND TOBAGO",0.0790699777102375
"Multiannual","Within","SRI LANKA_VENEZUELA",0.180895262325016
"Multiannual","Within","SRI LANKA_VIET NAM",0.282067986063277
"Multiannual","Within","SURINAME_TAIWAN",0.300173639526361
"Multiannual","Within","SURINAME_THAILAND",0.223826939133594
"Multiannual","Within","SURINAME_TRINIDAD AND TOBAGO",0.237796542807713
"Multiannual","Within","SURINAME_VENEZUELA",0.116854673859523
"Multiannual","Within","SURINAME_VIET NAM",0.215676777538186
"Multiannual","Within","TAIWAN_THAILAND",0.427287215187523
"Multiannual","Within","TAIWAN_TRINIDAD AND TOBAGO",0.26175591643899
"Multiannual","Within","TAIWAN_VENEZUELA",0.237648948554316
"Multiannual","Within","TAIWAN_VIET NAM",0.216367656020347
"Multiannual","Within","THAILAND_TRINIDAD AND TOBAGO",0.231788439372029
"Multiannual","Within","THAILAND_VENEZUELA",0.254903574648181
"Multiannual","Within","THAILAND_VIET NAM",0.36424612037077
"Multiannual","Within","TRINIDAD AND TOBAGO_VENEZUELA",0.202244217223709
"Multiannual","Within","TRINIDAD AND TOBAGO_VIET NAM",0.171707291321334
"Multiannual","Within","VENEZUELA_VIET NAM",0.254786004996204
