"Cycle","pair_id","ref_prov","other_prov","hemi_type","mean_sync","sd_across_datasets","m"
"Annual","ARGENTINA_AUSTRALIA","ARGENTINA","AUSTRALIA","Within",0.360171960169327,NA,50
"Annual","ARGENTINA_BANGLADESH","ARGENTINA","BANGLADESH","Between",0.154101917317963,NA,50
"Annual","ARGENTINA_BARBADOS","ARGENTINA","BARBADOS","Between",0.142615834633951,NA,50
"Annual","ARGENTINA_BOLIVIA","ARGENTINA","BOLIVIA","Within",0.430644673020516,NA,50
"Annual","ARGENTINA_BRAZIL","ARGENTINA","BRAZIL","Within",0.54019282220247,NA,50
"Annual","ARGENTINA_CAMBODIA","ARGENTINA","CAMBODIA","Between",0.159287806851007,NA,50
"Annual","ARGENTINA_CHINA","ARGENTINA","CHINA","Between",0.0564447009631246,NA,50
"Annual","ARGENTINA_COLOMBIA","ARGENTINA","COLOMBIA","Between",0.224887295182035,NA,50
"Annual","ARGENTINA_COSTA RICA","ARGENTINA","COSTA RICA","Between",0.0983263858892823,NA,50
"Annual","ARGENTINA_DOMINICAN REPUBLIC","ARGENTINA","DOMINICAN REPUBLIC","Between",0.112627616661086,NA,50
"Annual","ARGENTINA_ECUADOR","ARGENTINA","ECUADOR","Within",0.354235824011342,NA,50
"Annual","ARGENTINA_EL SALVADOR","ARGENTINA","EL SALVADOR","Between",0.133166539752107,NA,50
"Annual","ARGENTINA_FIJI","ARGENTINA","FIJI","Within",0.366620181439823,NA,50
"Annual","ARGENTINA_FRENCH GUIANA","ARGENTINA","FRENCH GUIANA","Between",0.339832806102567,NA,50
"Annual","ARGENTINA_FRENCH POLYNESIA","ARGENTINA","FRENCH POLYNESIA","Within",0.210147130030918,NA,50
"Annual","ARGENTINA_GUADELOUPE","ARGENTINA","GUADELOUPE","Between",0.175618677993198,NA,50
"Annual","ARGENTINA_GUATEMALA","ARGENTINA","GUATEMALA","Between",0.0965833775578604,NA,50
"Annual","ARGENTINA_GUYANA","ARGENTINA","GUYANA","Between",0.331242015787117,NA,50
"Annual","ARGENTINA_HONDURAS","ARGENTINA","HONDURAS","Between",0.134481648821943,NA,50
"Annual","ARGENTINA_INDIA","ARGENTINA","INDIA","Between",0.0647840455206108,NA,50
"Annual","ARGENTINA_INDONESIA","ARGENTINA","INDONESIA","Between",0.423455231597704,NA,50
"Annual","ARGENTINA_JAMAICA","ARGENTINA","JAMAICA","Between",0.14158928081324,NA,50
"Annual","ARGENTINA_LAO PEOPLE'S DEMOCRATIC REPUBLIC","ARGENTINA","LAO PEOPLE'S DEMOCRATIC REPUBLIC","Between",0.13625047437079,NA,50
"Annual","ARGENTINA_MALAYSIA","ARGENTINA","MALAYSIA","Between",0.134445592889485,NA,50
"Annual","ARGENTINA_MALDIVES","ARGENTINA","MALDIVES","Within",0.316791416376109,NA,50
"Annual","ARGENTINA_MARTINIQUE","ARGENTINA","MARTINIQUE","Between",0.195835857675801,NA,50
"Annual","ARGENTINA_MEXICO","ARGENTINA","MEXICO","Between",0.0630071328856101,NA,50
"Annual","ARGENTINA_MYANMAR","ARGENTINA","MYANMAR","Between",0.184847634962983,NA,50
"Annual","ARGENTINA_NEW CALEDONIA","ARGENTINA","NEW CALEDONIA","Within",0.343856221375528,NA,50
"Annual","ARGENTINA_NICARAGUA","ARGENTINA","NICARAGUA","Between",0.0693291040798403,NA,50
"Annual","ARGENTINA_PALAU","ARGENTINA","PALAU","Between",0.141727263752733,NA,50
"Annual","ARGENTINA_PANAMA","ARGENTINA","PANAMA","Between",0.0816197329791973,NA,50
"Annual","ARGENTINA_PARAGUAY","ARGENTINA","PARAGUAY","Within",0.438893339509447,NA,50
"Annual","ARGENTINA_PERU","ARGENTINA","PERU","Within",0.406792318228621,NA,50
"Annual","ARGENTINA_PHILIPPINES","ARGENTINA","PHILIPPINES","Between",0.0939935717724006,NA,50
"Annual","ARGENTINA_PUERTO RICO","ARGENTINA","PUERTO RICO","Between",0.130605577366463,NA,50
"Annual","ARGENTINA_SINGAPORE","ARGENTINA","SINGAPORE","Between",0.133451182257652,NA,50
"Annual","ARGENTINA_SRI LANKA","ARGENTINA","SRI LANKA","Between",0.13893157695088,NA,50
"Annual","ARGENTINA_SURINAME","ARGENTINA","SURINAME","Between",0.243251891979712,NA,50
"Annual","ARGENTINA_TAIWAN","ARGENTINA","TAIWAN","Between",0.0466369973762272,NA,50
"Annual","ARGENTINA_THAILAND","ARGENTINA","THAILAND","Between",0.157526575192032,NA,50
"Annual","ARGENTINA_TRINIDAD AND TOBAGO","ARGENTINA","TRINIDAD AND TOBAGO","Between",0.0876014569283814,NA,50
"Annual","ARGENTINA_VANUATU","ARGENTINA","VANUATU","Within",0.258550019080805,NA,50
"Annual","ARGENTINA_VENEZUELA","ARGENTINA","VENEZUELA","Between",0.15507212087835,NA,50
"Annual","ARGENTINA_VIET NAM","ARGENTINA","VIET NAM","Between",0.0518835257595992,NA,50
"Annual","AUSTRALIA_BANGLADESH","AUSTRALIA","BANGLADESH","Between",0.0610301768986734,NA,50
"Annual","AUSTRALIA_BARBADOS","AUSTRALIA","BARBADOS","Between",0.207893025589646,NA,50
"Annual","AUSTRALIA_BOLIVIA","AUSTRALIA","BOLIVIA","Within",0.419522724958777,NA,50
"Annual","AUSTRALIA_BRAZIL","AUSTRALIA","BRAZIL","Within",0.393782620848065,NA,50
"Annual","AUSTRALIA_CAMBODIA","AUSTRALIA","CAMBODIA","Between",0.0999929220956709,NA,50
"Annual","AUSTRALIA_CHINA","AUSTRALIA","CHINA","Between",0.0715801970836988,NA,50
"Annual","AUSTRALIA_COLOMBIA","AUSTRALIA","COLOMBIA","Between",0.264251219105536,NA,50
"Annual","AUSTRALIA_COSTA RICA","AUSTRALIA","COSTA RICA","Between",0.110692679779858,NA,50
"Annual","AUSTRALIA_DOMINICAN REPUBLIC","AUSTRALIA","DOMINICAN REPUBLIC","Between",0.170978402253327,NA,50
"Annual","AUSTRALIA_ECUADOR","AUSTRALIA","ECUADOR","Within",0.356520505406368,NA,50
"Annual","AUSTRALIA_EL SALVADOR","AUSTRALIA","EL SALVADOR","Between",0.0884888043511399,NA,50
"Annual","AUSTRALIA_FIJI","AUSTRALIA","FIJI","Within",0.265885458410213,NA,50
"Annual","AUSTRALIA_FRENCH GUIANA","AUSTRALIA","FRENCH GUIANA","Between",0.304640762572863,NA,50
"Annual","AUSTRALIA_FRENCH POLYNESIA","AUSTRALIA","FRENCH POLYNESIA","Within",0.261556677483917,NA,50
"Annual","AUSTRALIA_GUADELOUPE","AUSTRALIA","GUADELOUPE","Between",0.208435852782436,NA,50
"Annual","AUSTRALIA_GUATEMALA","AUSTRALIA","GUATEMALA","Between",0.10983432817697,NA,50
"Annual","AUSTRALIA_GUYANA","AUSTRALIA","GUYANA","Between",0.173772892433316,NA,50
"Annual","AUSTRALIA_HONDURAS","AUSTRALIA","HONDURAS","Between",0.123498556747006,NA,50
"Annual","AUSTRALIA_INDIA","AUSTRALIA","INDIA","Between",0.143928972464166,NA,50
"Annual","AUSTRALIA_INDONESIA","AUSTRALIA","INDONESIA","Between",0.407430114828957,NA,50
"Annual","AUSTRALIA_JAMAICA","AUSTRALIA","JAMAICA","Between",0.2058281369624,NA,50
"Annual","AUSTRALIA_LAO PEOPLE'S DEMOCRATIC REPUBLIC","AUSTRALIA","LAO PEOPLE'S DEMOCRATIC REPUBLIC","Between",0.0910327972241182,NA,50
"Annual","AUSTRALIA_MALAYSIA","AUSTRALIA","MALAYSIA","Between",0.18128890609862,NA,50
"Annual","AUSTRALIA_MALDIVES","AUSTRALIA","MALDIVES","Within",0.1784545521338,NA,50
"Annual","AUSTRALIA_MARTINIQUE","AUSTRALIA","MARTINIQUE","Between",0.26090150750838,NA,50
"Annual","AUSTRALIA_MEXICO","AUSTRALIA","MEXICO","Between",0.0963690720568398,NA,50
"Annual","AUSTRALIA_MYANMAR","AUSTRALIA","MYANMAR","Between",0.104197107000894,NA,50
"Annual","AUSTRALIA_NEW CALEDONIA","AUSTRALIA","NEW CALEDONIA","Within",0.299865967996311,NA,50
"Annual","AUSTRALIA_NICARAGUA","AUSTRALIA","NICARAGUA","Between",0.115978808228561,NA,50
"Annual","AUSTRALIA_PALAU","AUSTRALIA","PALAU","Between",0.168292290608107,NA,50
"Annual","AUSTRALIA_PANAMA","AUSTRALIA","PANAMA","Between",0.194357649069021,NA,50
"Annual","AUSTRALIA_PARAGUAY","AUSTRALIA","PARAGUAY","Within",0.302003794990432,NA,50
"Annual","AUSTRALIA_PERU","AUSTRALIA","PERU","Within",0.335158765714061,NA,50
"Annual","AUSTRALIA_PHILIPPINES","AUSTRALIA","PHILIPPINES","Between",0.119634503150058,NA,50
"Annual","AUSTRALIA_PUERTO RICO","AUSTRALIA","PUERTO RICO","Between",0.197534142875797,NA,50
"Annual","AUSTRALIA_SINGAPORE","AUSTRALIA","SINGAPORE","Between",0.0922213605840364,NA,50
"Annual","AUSTRALIA_SRI LANKA","AUSTRALIA","SRI LANKA","Between",0.205284251931646,NA,50
"Annual","AUSTRALIA_SURINAME","AUSTRALIA","SURINAME","Between",0.233454481958773,NA,50
"Annual","AUSTRALIA_TAIWAN","AUSTRALIA","TAIWAN","Between",0.0933416945539216,NA,50
"Annual","AUSTRALIA_THAILAND","AUSTRALIA","THAILAND","Between",0.0848485642608483,NA,50
"Annual","AUSTRALIA_TRINIDAD AND TOBAGO","AUSTRALIA","TRINIDAD AND TOBAGO","Between",0.140758193599257,NA,50
"Annual","AUSTRALIA_VANUATU","AUSTRALIA","VANUATU","Within",0.283617376173339,NA,50
"Annual","AUSTRALIA_VENEZUELA","AUSTRALIA","VENEZUELA","Between",0.189683752295397,NA,50
"Annual","AUSTRALIA_VIET NAM","AUSTRALIA","VIET NAM","Between",0.110037953164436,NA,50
"Annual","BANGLADESH_BARBADOS","BANGLADESH","BARBADOS","Within",0.199288975369681,NA,50
"Annual","BANGLADESH_BOLIVIA","BANGLADESH","BOLIVIA","Between",0.0548944668502054,NA,50
"Annual","BANGLADESH_BRAZIL","BANGLADESH","BRAZIL","Between",0.072015635993103,NA,50
"Annual","BANGLADESH_CAMBODIA","BANGLADESH","CAMBODIA","Within",0.447962172753515,NA,50
"Annual","BANGLADESH_CHINA","BANGLADESH","CHINA","Within",0.489402041273482,NA,50
"Annual","BANGLADESH_COLOMBIA","BANGLADESH","COLOMBIA","Within",0.103100569316024,NA,50
"Annual","BANGLADESH_COSTA RICA","BANGLADESH","COSTA RICA","Within",0.382476817597417,NA,50
"Annual","BANGLADESH_DOMINICAN REPUBLIC","BANGLADESH","DOMINICAN REPUBLIC","Within",0.337616184880043,NA,50
"Annual","BANGLADESH_ECUADOR","BANGLADESH","ECUADOR","Between",0.120207051388681,NA,50
"Annual","BANGLADESH_EL SALVADOR","BANGLADESH","EL SALVADOR","Within",0.401979787742953,NA,50
"Annual","BANGLADESH_FIJI","BANGLADESH","FIJI","Between",0.0555332700048954,NA,50
"Annual","BANGLADESH_FRENCH GUIANA","BANGLADESH","FRENCH GUIANA","Within",0.0877172668320851,NA,50
"Annual","BANGLADESH_FRENCH POLYNESIA","BANGLADESH","FRENCH POLYNESIA","Between",0.0622698452260561,NA,50
"Annual","BANGLADESH_GUADELOUPE","BANGLADESH","GUADELOUPE","Within",0.267938920345829,NA,50
"Annual","BANGLADESH_GUATEMALA","BANGLADESH","GUATEMALA","Within",0.379411174868133,NA,50
"Annual","BANGLADESH_GUYANA","BANGLADESH","GUYANA","Within",0.303172201285853,NA,50
"Annual","BANGLADESH_HONDURAS","BANGLADESH","HONDURAS","Within",0.307022526626431,NA,50
"Annual","BANGLADESH_INDIA","BANGLADESH","INDIA","Within",0.401683923601033,NA,50
"Annual","BANGLADESH_INDONESIA","BANGLADESH","INDONESIA","Within",0.041667661507103,NA,50
"Annual","BANGLADESH_JAMAICA","BANGLADESH","JAMAICA","Within",0.225545811812398,NA,50
"Annual","BANGLADESH_LAO PEOPLE'S DEMOCRATIC REPUBLIC","BANGLADESH","LAO PEOPLE'S DEMOCRATIC REPUBLIC","Within",0.486976456143336,NA,50
"Annual","BANGLADESH_MALAYSIA","BANGLADESH","MALAYSIA","Within",0.149152732477733,NA,50
"Annual","BANGLADESH_MALDIVES","BANGLADESH","MALDIVES","Between",0.378217155385877,NA,50
"Annual","BANGLADESH_MARTINIQUE","BANGLADESH","MARTINIQUE","Within",0.135936627717686,NA,50
"Annual","BANGLADESH_MEXICO","BANGLADESH","MEXICO","Within",0.517862749925107,NA,50
"Annual","BANGLADESH_MYANMAR","BANGLADESH","MYANMAR","Within",0.437341625863229,NA,50
"Annual","BANGLADESH_NEW CALEDONIA","BANGLADESH","NEW CALEDONIA","Between",0.0545933305654536,NA,50
"Annual","BANGLADESH_NICARAGUA","BANGLADESH","NICARAGUA","Within",0.505167092755365,NA,50
"Annual","BANGLADESH_PALAU","BANGLADESH","PALAU","Within",0.184104678398688,NA,50
"Annual","BANGLADESH_PANAMA","BANGLADESH","PANAMA","Within",0.410780464027958,NA,50
"Annual","BANGLADESH_PARAGUAY","BANGLADESH","PARAGUAY","Between",0.18780415173811,NA,50
"Annual","BANGLADESH_PERU","BANGLADESH","PERU","Between",0.0441290507059675,NA,50
"Annual","BANGLADESH_PHILIPPINES","BANGLADESH","PHILIPPINES","Within",0.468524658608338,NA,50
"Annual","BANGLADESH_PUERTO RICO","BANGLADESH","PUERTO RICO","Within",0.263986064906715,NA,50
"Annual","BANGLADESH_SINGAPORE","BANGLADESH","SINGAPORE","Within",0.265895288626435,NA,50
"Annual","BANGLADESH_SRI LANKA","BANGLADESH","SRI LANKA","Within",0.133283713439579,NA,50
"Annual","BANGLADESH_SURINAME","BANGLADESH","SURINAME","Within",0.171050122571064,NA,50
"Annual","BANGLADESH_TAIWAN","BANGLADESH","TAIWAN","Within",0.471392861921979,NA,50
"Annual","BANGLADESH_THAILAND","BANGLADESH","THAILAND","Within",0.432202695580479,NA,50
"Annual","BANGLADESH_TRINIDAD AND TOBAGO","BANGLADESH","TRINIDAD AND TOBAGO","Within",0.37800436908596,NA,50
"Annual","BANGLADESH_VANUATU","BANGLADESH","VANUATU","Between",0.072499539175031,NA,50
"Annual","BANGLADESH_VENEZUELA","BANGLADESH","VENEZUELA","Within",0.180552664727681,NA,50
"Annual","BANGLADESH_VIET NAM","BANGLADESH","VIET NAM","Within",0.466173548034932,NA,50
"Annual","BARBADOS_BOLIVIA","BARBADOS","BOLIVIA","Between",0.154147373127453,NA,50
"Annual","BARBADOS_BRAZIL","BARBADOS","BRAZIL","Between",0.118465884852464,NA,50
"Annual","BARBADOS_CAMBODIA","BARBADOS","CAMBODIA","Within",0.205876017516042,NA,50
"Annual","BARBADOS_CHINA","BARBADOS","CHINA","Within",0.282280288880192,NA,50
"Annual","BARBADOS_COLOMBIA","BARBADOS","COLOMBIA","Within",0.254583241780827,NA,50
"Annual","BARBADOS_COSTA RICA","BARBADOS","COSTA RICA","Within",0.22393856463123,NA,50
"Annual","BARBADOS_DOMINICAN REPUBLIC","BARBADOS","DOMINICAN REPUBLIC","Within",0.330701108967486,NA,50
"Annual","BARBADOS_ECUADOR","BARBADOS","ECUADOR","Between",0.10818505300405,NA,50
"Annual","BARBADOS_EL SALVADOR","BARBADOS","EL SALVADOR","Within",0.214881119132543,NA,50
"Annual","BARBADOS_FIJI","BARBADOS","FIJI","Between",0.140876247928208,NA,50
"Annual","BARBADOS_FRENCH GUIANA","BARBADOS","FRENCH GUIANA","Within",0.208119121479204,NA,50
"Annual","BARBADOS_FRENCH POLYNESIA","BARBADOS","FRENCH POLYNESIA","Between",0.228986376195747,NA,50
"Annual","BARBADOS_GUADELOUPE","BARBADOS","GUADELOUPE","Within",0.366215200302425,NA,50
"Annual","BARBADOS_GUATEMALA","BARBADOS","GUATEMALA","Within",0.242827684993574,NA,50
"Annual","BARBADOS_GUYANA","BARBADOS","GUYANA","Within",0.172418442136046,NA,50
"Annual","BARBADOS_HONDURAS","BARBADOS","HONDURAS","Within",0.230988304048138,NA,50
"Annual","BARBADOS_INDIA","BARBADOS","INDIA","Within",0.249285820635785,NA,50
"Annual","BARBADOS_INDONESIA","BARBADOS","INDONESIA","Within",0.174011508213561,NA,50
"Annual","BARBADOS_JAMAICA","BARBADOS","JAMAICA","Within",0.380147801345544,NA,50
"Annual","BARBADOS_LAO PEOPLE'S DEMOCRATIC REPUBLIC","BARBADOS","LAO PEOPLE'S DEMOCRATIC REPUBLIC","Within",0.194840823646154,NA,50
"Annual","BARBADOS_MALAYSIA","BARBADOS","MALAYSIA","Within",0.281562113060248,NA,50
"Annual","BARBADOS_MALDIVES","BARBADOS","MALDIVES","Between",0.134657378261859,NA,50
"Annual","BARBADOS_MARTINIQUE","BARBADOS","MARTINIQUE","Within",0.293432523609317,NA,50
"Annual","BARBADOS_MEXICO","BARBADOS","MEXICO","Within",0.243575511321819,NA,50
"Annual","BARBADOS_MYANMAR","BARBADOS","MYANMAR","Within",0.15358328569383,NA,50
"Annual","BARBADOS_NEW CALEDONIA","BARBADOS","NEW CALEDONIA","Between",0.169310346439904,NA,50
"Annual","BARBADOS_NICARAGUA","BARBADOS","NICARAGUA","Within",0.282224250949882,NA,50
"Annual","BARBADOS_PALAU","BARBADOS","PALAU","Within",0.233137698000402,NA,50
"Annual","BARBADOS_PANAMA","BARBADOS","PANAMA","Within",0.237888547567183,NA,50
"Annual","BARBADOS_PARAGUAY","BARBADOS","PARAGUAY","Between",0.198415803389833,NA,50
"Annual","BARBADOS_PERU","BARBADOS","PERU","Between",0.159701727073721,NA,50
"Annual","BARBADOS_PHILIPPINES","BARBADOS","PHILIPPINES","Within",0.233854690999172,NA,50
"Annual","BARBADOS_PUERTO RICO","BARBADOS","PUERTO RICO","Within",0.308772666378276,NA,50
"Annual","BARBADOS_SINGAPORE","BARBADOS","SINGAPORE","Within",0.243906162852926,NA,50
"Annual","BARBADOS_SRI LANKA","BARBADOS","SRI LANKA","Within",0.215620147491287,NA,50
"Annual","BARBADOS_SURINAME","BARBADOS","SURINAME","Within",0.280675490677364,NA,50
"Annual","BARBADOS_TAIWAN","BARBADOS","TAIWAN","Within",0.280634818108329,NA,50
"Annual","BARBADOS_THAILAND","BARBADOS","THAILAND","Within",0.188822842759487,NA,50
"Annual","BARBADOS_TRINIDAD AND TOBAGO","BARBADOS","TRINIDAD AND TOBAGO","Within",0.312652050225437,NA,50
"Annual","BARBADOS_VANUATU","BARBADOS","VANUATU","Between",0.15521431338881,NA,50
"Annual","BARBADOS_VENEZUELA","BARBADOS","VENEZUELA","Within",0.252695234970935,NA,50
"Annual","BARBADOS_VIET NAM","BARBADOS","VIET NAM","Within",0.260841070351131,NA,50
"Annual","BOLIVIA_BRAZIL","BOLIVIA","BRAZIL","Within",0.499479158193068,NA,50
"Annual","BOLIVIA_CAMBODIA","BOLIVIA","CAMBODIA","Between",0.0774838719395331,NA,50
"Annual","BOLIVIA_CHINA","BOLIVIA","CHINA","Between",0.0881032560087386,NA,50
"Annual","BOLIVIA_COLOMBIA","BOLIVIA","COLOMBIA","Between",0.196701042002216,NA,50
"Annual","BOLIVIA_COSTA RICA","BOLIVIA","COSTA RICA","Between",0.0773441993998631,NA,50
"Annual","BOLIVIA_DOMINICAN REPUBLIC","BOLIVIA","DOMINICAN REPUBLIC","Between",0.140564480793683,NA,50
"Annual","BOLIVIA_ECUADOR","BOLIVIA","ECUADOR","Within",0.373305162995327,NA,50
"Annual","BOLIVIA_EL SALVADOR","BOLIVIA","EL SALVADOR","Between",0.071851502946517,NA,50
"Annual","BOLIVIA_FIJI","BOLIVIA","FIJI","Within",0.340828264797833,NA,50
"Annual","BOLIVIA_FRENCH GUIANA","BOLIVIA","FRENCH GUIANA","Between",0.317406465917633,NA,50
"Annual","BOLIVIA_FRENCH POLYNESIA","BOLIVIA","FRENCH POLYNESIA","Within",0.243246483279071,NA,50
"Annual","BOLIVIA_GUADELOUPE","BOLIVIA","GUADELOUPE","Between",0.177171374846543,NA,50
"Annual","BOLIVIA_GUATEMALA","BOLIVIA","GUATEMALA","Between",0.0592415317102645,NA,50
"Annual","BOLIVIA_GUYANA","BOLIVIA","GUYANA","Between",0.144961136110836,NA,50
"Annual","BOLIVIA_HONDURAS","BOLIVIA","HONDURAS","Between",0.0920947917468941,NA,50
"Annual","BOLIVIA_INDIA","BOLIVIA","INDIA","Between",0.119013205624279,NA,50
"Annual","BOLIVIA_INDONESIA","BOLIVIA","INDONESIA","Between",0.414350632204816,NA,50
"Annual","BOLIVIA_JAMAICA","BOLIVIA","JAMAICA","Between",0.162528906372032,NA,50
"Annual","BOLIVIA_LAO PEOPLE'S DEMOCRATIC REPUBLIC","BOLIVIA","LAO PEOPLE'S DEMOCRATIC REPUBLIC","Between",0.0512359634939528,NA,50
"Annual","BOLIVIA_MALAYSIA","BOLIVIA","MALAYSIA","Between",0.15355612102862,NA,50
"Annual","BOLIVIA_MALDIVES","BOLIVIA","MALDIVES","Within",0.10460067530509,NA,50
"Annual","BOLIVIA_MARTINIQUE","BOLIVIA","MARTINIQUE","Between",0.260005883879016,NA,50
"Annual","BOLIVIA_MEXICO","BOLIVIA","MEXICO","Between",0.0771207505074095,NA,50
"Annual","BOLIVIA_MYANMAR","BOLIVIA","MYANMAR","Between",0.0887341152034902,NA,50
"Annual","BOLIVIA_NEW CALEDONIA","BOLIVIA","NEW CALEDONIA","Within",0.338095514704619,NA,50
"Annual","BOLIVIA_NICARAGUA","BOLIVIA","NICARAGUA","Between",0.0851202901160417,NA,50
"Annual","BOLIVIA_PALAU","BOLIVIA","PALAU","Between",0.117675149727708,NA,50
"Annual","BOLIVIA_PANAMA","BOLIVIA","PANAMA","Between",0.175138186348559,NA,50
"Annual","BOLIVIA_PARAGUAY","BOLIVIA","PARAGUAY","Within",0.343982924961821,NA,50
"Annual","BOLIVIA_PERU","BOLIVIA","PERU","Within",0.445698316519613,NA,50
"Annual","BOLIVIA_PHILIPPINES","BOLIVIA","PHILIPPINES","Between",0.0618703870334001,NA,50
"Annual","BOLIVIA_PUERTO RICO","BOLIVIA","PUERTO RICO","Between",0.211124422125311,NA,50
"Annual","BOLIVIA_SINGAPORE","BOLIVIA","SINGAPORE","Between",0.0900811820462855,NA,50
"Annual","BOLIVIA_SRI LANKA","BOLIVIA","SRI LANKA","Between",0.144437105901565,NA,50
"Annual","BOLIVIA_SURINAME","BOLIVIA","SURINAME","Between",0.250098748915934,NA,50
"Annual","BOLIVIA_TAIWAN","BOLIVIA","TAIWAN","Between",0.110087022294789,NA,50
"Annual","BOLIVIA_THAILAND","BOLIVIA","THAILAND","Between",0.0806173088144283,NA,50
"Annual","BOLIVIA_TRINIDAD AND TOBAGO","BOLIVIA","TRINIDAD AND TOBAGO","Between",0.131272804583005,NA,50
"Annual","BOLIVIA_VANUATU","BOLIVIA","VANUATU","Within",0.268403654909223,NA,50
"Annual","BOLIVIA_VENEZUELA","BOLIVIA","VENEZUELA","Between",0.231236911586329,NA,50
"Annual","BOLIVIA_VIET NAM","BOLIVIA","VIET NAM","Between",0.0755696564202892,NA,50
"Annual","BRAZIL_CAMBODIA","BRAZIL","CAMBODIA","Between",0.20000108709099,NA,50
"Annual","BRAZIL_CHINA","BRAZIL","CHINA","Between",0.0257138336114596,NA,50
"Annual","BRAZIL_COLOMBIA","BRAZIL","COLOMBIA","Between",0.214053581964046,NA,50
"Annual","BRAZIL_COSTA RICA","BRAZIL","COSTA RICA","Between",0.124942211313755,NA,50
"Annual","BRAZIL_DOMINICAN REPUBLIC","BRAZIL","DOMINICAN REPUBLIC","Between",0.0691132393118953,NA,50
"Annual","BRAZIL_ECUADOR","BRAZIL","ECUADOR","Within",0.467816032787071,NA,50
"Annual","BRAZIL_EL SALVADOR","BRAZIL","EL SALVADOR","Between",0.141952136511023,NA,50
"Annual","BRAZIL_FIJI","BRAZIL","FIJI","Within",0.398287975292853,NA,50
"Annual","BRAZIL_FRENCH GUIANA","BRAZIL","FRENCH GUIANA","Between",0.344022304444157,NA,50
"Annual","BRAZIL_FRENCH POLYNESIA","BRAZIL","FRENCH POLYNESIA","Within",0.190052189328365,NA,50
"Annual","BRAZIL_GUADELOUPE","BRAZIL","GUADELOUPE","Between",0.123338711663263,NA,50
"Annual","BRAZIL_GUATEMALA","BRAZIL","GUATEMALA","Between",0.112003713626691,NA,50
"Annual","BRAZIL_GUYANA","BRAZIL","GUYANA","Between",0.167378288161808,NA,50
"Annual","BRAZIL_HONDURAS","BRAZIL","HONDURAS","Between",0.136155451170037,NA,50
"Annual","BRAZIL_INDIA","BRAZIL","INDIA","Between",0.0674613697823283,NA,50
"Annual","BRAZIL_INDONESIA","BRAZIL","INDONESIA","Between",0.503920949715295,NA,50
"Annual","BRAZIL_JAMAICA","BRAZIL","JAMAICA","Between",0.0980810122617236,NA,50
"Annual","BRAZIL_LAO PEOPLE'S DEMOCRATIC REPUBLIC","BRAZIL","LAO PEOPLE'S DEMOCRATIC REPUBLIC","Between",0.16620026210592,NA,50
"Annual","BRAZIL_MALAYSIA","BRAZIL","MALAYSIA","Between",0.130244424039367,NA,50
"Annual","BRAZIL_MALDIVES","BRAZIL","MALDIVES","Within",0.131847654260833,NA,50
"Annual","BRAZIL_MARTINIQUE","BRAZIL","MARTINIQUE","Between",0.226433170239974,NA,50
"Annual","BRAZIL_MEXICO","BRAZIL","MEXICO","Between",0.0522288224119468,NA,50
"Annual","BRAZIL_MYANMAR","BRAZIL","MYANMAR","Between",0.21729383314161,NA,50
"Annual","BRAZIL_NEW CALEDONIA","BRAZIL","NEW CALEDONIA","Within",0.405901117027233,NA,50
"Annual","BRAZIL_NICARAGUA","BRAZIL","NICARAGUA","Between",0.058970476399624,NA,50
"Annual","BRAZIL_PALAU","BRAZIL","PALAU","Between",0.160220254368742,NA,50
"Annual","BRAZIL_PANAMA","BRAZIL","PANAMA","Between",0.0874984908040653,NA,50
"Annual","BRAZIL_PARAGUAY","BRAZIL","PARAGUAY","Within",0.289586423273414,NA,50
"Annual","BRAZIL_PERU","BRAZIL","PERU","Within",0.542598268061502,NA,50
"Annual","BRAZIL_PHILIPPINES","BRAZIL","PHILIPPINES","Between",0.0811111804594568,NA,50
"Annual","BRAZIL_PUERTO RICO","BRAZIL","PUERTO RICO","Between",0.121487032490763,NA,50
"Annual","BRAZIL_SINGAPORE","BRAZIL","SINGAPORE","Between",0.135267036222631,NA,50
"Annual","BRAZIL_SRI LANKA","BRAZIL","SRI LANKA","Between",0.142467530666827,NA,50
"Annual","BRAZIL_SURINAME","BRAZIL","SURINAME","Between",0.199446971974852,NA,50
"Annual","BRAZIL_TAIWAN","BRAZIL","TAIWAN","Between",0.0437335598895568,NA,50
"Annual","BRAZIL_THAILAND","BRAZIL","THAILAND","Between",0.224253668346237,NA,50
"Annual","BRAZIL_TRINIDAD AND TOBAGO","BRAZIL","TRINIDAD AND TOBAGO","Between",0.0664785136107377,NA,50
"Annual","BRAZIL_VANUATU","BRAZIL","VANUATU","Within",0.26988333664781,NA,50
"Annual","BRAZIL_VENEZUELA","BRAZIL","VENEZUELA","Between",0.171044232452416,NA,50
"Annual","BRAZIL_VIET NAM","BRAZIL","VIET NAM","Between",0.072718963210414,NA,50
"Annual","CAMBODIA_CHINA","CAMBODIA","CHINA","Within",0.478335538125721,NA,50
"Annual","CAMBODIA_COLOMBIA","CAMBODIA","COLOMBIA","Within",0.173342488351753,NA,50
"Annual","CAMBODIA_COSTA RICA","CAMBODIA","COSTA RICA","Within",0.416925287413795,NA,50
"Annual","CAMBODIA_DOMINICAN REPUBLIC","CAMBODIA","DOMINICAN REPUBLIC","Within",0.307316338971595,NA,50
"Annual","CAMBODIA_ECUADOR","CAMBODIA","ECUADOR","Between",0.214994712077233,NA,50
"Annual","CAMBODIA_EL SALVADOR","CAMBODIA","EL SALVADOR","Within",0.463784882739214,NA,50
"Annual","CAMBODIA_FIJI","CAMBODIA","FIJI","Between",0.118819389459324,NA,50
"Annual","CAMBODIA_FRENCH GUIANA","CAMBODIA","FRENCH GUIANA","Within",0.110986966291513,NA,50
"Annual","CAMBODIA_FRENCH POLYNESIA","CAMBODIA","FRENCH POLYNESIA","Between",0.115056257953201,NA,50
"Annual","CAMBODIA_GUADELOUPE","CAMBODIA","GUADELOUPE","Within",0.219788128054162,NA,50
"Annual","CAMBODIA_GUATEMALA","CAMBODIA","GUATEMALA","Within",0.47260787491643,NA,50
"Annual","CAMBODIA_GUYANA","CAMBODIA","GUYANA","Within",0.224838246533735,NA,50
"Annual","CAMBODIA_HONDURAS","CAMBODIA","HONDURAS","Within",0.41072779535996,NA,50
"Annual","CAMBODIA_INDIA","CAMBODIA","INDIA","Within",0.400918160733498,NA,50
"Annual","CAMBODIA_INDONESIA","CAMBODIA","INDONESIA","Within",0.104268168615246,NA,50
"Annual","CAMBODIA_JAMAICA","CAMBODIA","JAMAICA","Within",0.211937429720495,NA,50
"Annual","CAMBODIA_LAO PEOPLE'S DEMOCRATIC REPUBLIC","CAMBODIA","LAO PEOPLE'S DEMOCRATIC REPUBLIC","Within",0.687133625422132,NA,50
"Annual","CAMBODIA_MALAYSIA","CAMBODIA","MALAYSIA","Within",0.253789557729749,NA,50
"Annual","CAMBODIA_MALDIVES","CAMBODIA","MALDIVES","Between",0.28145285023081,NA,50
"Annual","CAMBODIA_MARTINIQUE","CAMBODIA","MARTINIQUE","Within",0.111628257693602,NA,50
"Annual","CAMBODIA_MEXICO","CAMBODIA","MEXICO","Within",0.491315374695406,NA,50
"Annual","CAMBODIA_MYANMAR","CAMBODIA","MYANMAR","Within",0.615076471334963,NA,50
"Annual","CAMBODIA_NEW CALEDONIA","CAMBODIA","NEW CALEDONIA","Between",0.132433193132217,NA,50
"Annual","CAMBODIA_NICARAGUA","CAMBODIA","NICARAGUA","Within",0.435821223546642,NA,50
"Annual","CAMBODIA_PALAU","CAMBODIA","PALAU","Within",0.232497454748576,NA,50
"Annual","CAMBODIA_PANAMA","CAMBODIA","PANAMA","Within",0.311992267207823,NA,50
"Annual","CAMBODIA_PARAGUAY","CAMBODIA","PARAGUAY","Between",0.075158386921975,NA,50
"Annual","CAMBODIA_PERU","CAMBODIA","PERU","Between",0.13499991929691,NA,50
"Annual","CAMBODIA_PHILIPPINES","CAMBODIA","PHILIPPINES","Within",0.517455953446098,NA,50
"Annual","CAMBODIA_PUERTO RICO","CAMBODIA","PUERTO RICO","Within",0.238204424123277,NA,50
"Annual","CAMBODIA_SINGAPORE","CAMBODIA","SINGAPORE","Within",0.475013874662676,NA,50
"Annual","CAMBODIA_SRI LANKA","CAMBODIA","SRI LANKA","Within",0.228753794118863,NA,50
"Annual","CAMBODIA_SURINAME","CAMBODIA","SURINAME","Within",0.0913101135654705,NA,50
"Annual","CAMBODIA_TAIWAN","CAMBODIA","TAIWAN","Within",0.472530960737725,NA,50
"Annual","CAMBODIA_THAILAND","CAMBODIA","THAILAND","Within",0.733490365331718,NA,50
"Annual","CAMBODIA_TRINIDAD AND TOBAGO","CAMBODIA","TRINIDAD AND TOBAGO","Within",0.378434032506171,NA,50
"Annual","CAMBODIA_VANUATU","CAMBODIA","VANUATU","Between",0.143640622405404,NA,50
"Annual","CAMBODIA_VENEZUELA","CAMBODIA","VENEZUELA","Within",0.159607908613255,NA,50
"Annual","CAMBODIA_VIET NAM","CAMBODIA","VIET NAM","Within",0.609376296286937,NA,50
"Annual","CHINA_COLOMBIA","CHINA","COLOMBIA","Within",0.106598097793942,NA,50
"Annual","CHINA_COSTA RICA","CHINA","COSTA RICA","Within",0.393053559123769,NA,50
"Annual","CHINA_DOMINICAN REPUBLIC","CHINA","DOMINICAN REPUBLIC","Within",0.347976959482753,NA,50
"Annual","CHINA_ECUADOR","CHINA","ECUADOR","Between",0.0840315371915074,NA,50
"Annual","CHINA_EL SALVADOR","CHINA","EL SALVADOR","Within",0.39938672397634,NA,50
"Annual","CHINA_FIJI","CHINA","FIJI","Between",0.0581389362718762,NA,50
"Annual","CHINA_FRENCH GUIANA","CHINA","FRENCH GUIANA","Within",0.0632835882420369,NA,50
"Annual","CHINA_FRENCH POLYNESIA","CHINA","FRENCH POLYNESIA","Between",0.111379671053143,NA,50
"Annual","CHINA_GUADELOUPE","CHINA","GUADELOUPE","Within",0.335936156991825,NA,50
"Annual","CHINA_GUATEMALA","CHINA","GUATEMALA","Within",0.439070566309323,NA,50
"Annual","CHINA_GUYANA","CHINA","GUYANA","Within",0.184844106012751,NA,50
"Annual","CHINA_HONDURAS","CHINA","HONDURAS","Within",0.32265098021898,NA,50
"Annual","CHINA_INDIA","CHINA","INDIA","Within",0.526664446627954,NA,50
"Annual","CHINA_INDONESIA","CHINA","INDONESIA","Within",0.0657605265246093,NA,50
"Annual","CHINA_JAMAICA","CHINA","JAMAICA","Within",0.28931197228361,NA,50
"Annual","CHINA_LAO PEOPLE'S DEMOCRATIC REPUBLIC","CHINA","LAO PEOPLE'S DEMOCRATIC REPUBLIC","Within",0.525224571834503,NA,50
"Annual","CHINA_MALAYSIA","CHINA","MALAYSIA","Within",0.23338034894531,NA,50
"Annual","CHINA_MALDIVES","CHINA","MALDIVES","Between",0.203525682944441,NA,50
"Annual","CHINA_MARTINIQUE","CHINA","MARTINIQUE","Within",0.212288900405897,NA,50
"Annual","CHINA_MEXICO","CHINA","MEXICO","Within",0.59745395245236,NA,50
"Annual","CHINA_MYANMAR","CHINA","MYANMAR","Within",0.45436695079431,NA,50
"Annual","CHINA_NEW CALEDONIA","CHINA","NEW CALEDONIA","Between",0.0485836057416548,NA,50
"Annual","CHINA_NICARAGUA","CHINA","NICARAGUA","Within",0.525106568896825,NA,50
"Annual","CHINA_PALAU","CHINA","PALAU","Within",0.151620890099517,NA,50
"Annual","CHINA_PANAMA","CHINA","PANAMA","Within",0.374152434950263,NA,50
"Annual","CHINA_PARAGUAY","CHINA","PARAGUAY","Between",0.0928079787532801,NA,50
"Annual","CHINA_PERU","CHINA","PERU","Between",0.0543156903381378,NA,50
"Annual","CHINA_PHILIPPINES","CHINA","PHILIPPINES","Within",0.525307766977676,NA,50
"Annual","CHINA_PUERTO RICO","CHINA","PUERTO RICO","Within",0.344629437799099,NA,50
"Annual","CHINA_SINGAPORE","CHINA","SINGAPORE","Within",0.355981612289496,NA,50
"Annual","CHINA_SRI LANKA","CHINA","SRI LANKA","Within",0.200045066872783,NA,50
"Annual","CHINA_SURINAME","CHINA","SURINAME","Within",0.16174461827383,NA,50
"Annual","CHINA_TAIWAN","CHINA","TAIWAN","Within",0.629428697547383,NA,50
"Annual","CHINA_THAILAND","CHINA","THAILAND","Within",0.46945942919341,NA,50
"Annual","CHINA_TRINIDAD AND TOBAGO","CHINA","TRINIDAD AND TOBAGO","Within",0.48932578319002,NA,50
"Annual","CHINA_VANUATU","CHINA","VANUATU","Between",0.0902928446754077,NA,50
"Annual","CHINA_VENEZUELA","CHINA","VENEZUELA","Within",0.215767859259626,NA,50
"Annual","CHINA_VIET NAM","CHINA","VIET NAM","Within",0.605453363230956,NA,50
"Annual","COLOMBIA_COSTA RICA","COLOMBIA","COSTA RICA","Within",0.138461981683195,NA,50
"Annual","COLOMBIA_DOMINICAN REPUBLIC","COLOMBIA","DOMINICAN REPUBLIC","Within",0.196186005480517,NA,50
"Annual","COLOMBIA_ECUADOR","COLOMBIA","ECUADOR","Between",0.2094030394086,NA,50
"Annual","COLOMBIA_EL SALVADOR","COLOMBIA","EL SALVADOR","Within",0.142154375012278,NA,50
"Annual","COLOMBIA_FIJI","COLOMBIA","FIJI","Between",0.221796586245819,NA,50
"Annual","COLOMBIA_FRENCH GUIANA","COLOMBIA","FRENCH GUIANA","Within",0.269564938542149,NA,50
"Annual","COLOMBIA_FRENCH POLYNESIA","COLOMBIA","FRENCH POLYNESIA","Between",0.176685296732905,NA,50
"Annual","COLOMBIA_GUADELOUPE","COLOMBIA","GUADELOUPE","Within",0.176169511229603,NA,50
"Annual","COLOMBIA_GUATEMALA","COLOMBIA","GUATEMALA","Within",0.143187635225319,NA,50
"Annual","COLOMBIA_GUYANA","COLOMBIA","GUYANA","Within",0.168385447458575,NA,50
"Annual","COLOMBIA_HONDURAS","COLOMBIA","HONDURAS","Within",0.19862078624186,NA,50
"Annual","COLOMBIA_INDIA","COLOMBIA","INDIA","Within",0.129200060162703,NA,50
"Annual","COLOMBIA_INDONESIA","COLOMBIA","INDONESIA","Within",0.295168044391384,NA,50
"Annual","COLOMBIA_JAMAICA","COLOMBIA","JAMAICA","Within",0.21532222508895,NA,50
"Annual","COLOMBIA_LAO PEOPLE'S DEMOCRATIC REPUBLIC","COLOMBIA","LAO PEOPLE'S DEMOCRATIC REPUBLIC","Within",0.15490197955219,NA,50
"Annual","COLOMBIA_MALAYSIA","COLOMBIA","MALAYSIA","Within",0.191665772244229,NA,50
"Annual","COLOMBIA_MALDIVES","COLOMBIA","MALDIVES","Between",0.16771675700488,NA,50
"Annual","COLOMBIA_MARTINIQUE","COLOMBIA","MARTINIQUE","Within",0.197061314199591,NA,50
"Annual","COLOMBIA_MEXICO","COLOMBIA","MEXICO","Within",0.120791642275804,NA,50
"Annual","COLOMBIA_MYANMAR","COLOMBIA","MYANMAR","Within",0.155059812698738,NA,50
"Annual","COLOMBIA_NEW CALEDONIA","COLOMBIA","NEW CALEDONIA","Between",0.259146635039065,NA,50
"Annual","COLOMBIA_NICARAGUA","COLOMBIA","NICARAGUA","Within",0.120588321640606,NA,50
"Annual","COLOMBIA_PALAU","COLOMBIA","PALAU","Within",0.22249216540336,NA,50
"Annual","COLOMBIA_PANAMA","COLOMBIA","PANAMA","Within",0.125426642942187,NA,50
"Annual","COLOMBIA_PARAGUAY","COLOMBIA","PARAGUAY","Between",0.247195930450303,NA,50
"Annual","COLOMBIA_PERU","COLOMBIA","PERU","Between",0.218134886838379,NA,50
"Annual","COLOMBIA_PHILIPPINES","COLOMBIA","PHILIPPINES","Within",0.159351808774178,NA,50
"Annual","COLOMBIA_PUERTO RICO","COLOMBIA","PUERTO RICO","Within",0.195968391073505,NA,50
"Annual","COLOMBIA_SINGAPORE","COLOMBIA","SINGAPORE","Within",0.225466611682357,NA,50
"Annual","COLOMBIA_SRI LANKA","COLOMBIA","SRI LANKA","Within",0.233743524168369,NA,50
"Annual","COLOMBIA_SURINAME","COLOMBIA","SURINAME","Within",0.192722207859765,NA,50
"Annual","COLOMBIA_TAIWAN","COLOMBIA","TAIWAN","Within",0.0749064918335446,NA,50
"Annual","COLOMBIA_THAILAND","COLOMBIA","THAILAND","Within",0.166474031426525,NA,50
"Annual","COLOMBIA_TRINIDAD AND TOBAGO","COLOMBIA","TRINIDAD AND TOBAGO","Within",0.139865121214992,NA,50
"Annual","COLOMBIA_VANUATU","COLOMBIA","VANUATU","Between",0.197940104956619,NA,50
"Annual","COLOMBIA_VENEZUELA","COLOMBIA","VENEZUELA","Within",0.197012962499813,NA,50
"Annual","COLOMBIA_VIET NAM","COLOMBIA","VIET NAM","Within",0.142072120661757,NA,50
"Annual","COSTA RICA_DOMINICAN REPUBLIC","COSTA RICA","DOMINICAN REPUBLIC","Within",0.297056891369599,NA,50
"Annual","COSTA RICA_ECUADOR","COSTA RICA","ECUADOR","Between",0.213424048483585,NA,50
"Annual","COSTA RICA_EL SALVADOR","COSTA RICA","EL SALVADOR","Within",0.399746125492788,NA,50
"Annual","COSTA RICA_FIJI","COSTA RICA","FIJI","Between",0.0824174626221943,NA,50
"Annual","COSTA RICA_FRENCH GUIANA","COSTA RICA","FRENCH GUIANA","Within",0.0970476174190143,NA,50
"Annual","COSTA RICA_FRENCH POLYNESIA","COSTA RICA","FRENCH POLYNESIA","Between",0.12125907563417,NA,50
"Annual","COSTA RICA_GUADELOUPE","COSTA RICA","GUADELOUPE","Within",0.250708734262995,NA,50
"Annual","COSTA RICA_GUATEMALA","COSTA RICA","GUATEMALA","Within",0.412831469454761,NA,50
"Annual","COSTA RICA_GUYANA","COSTA RICA","GUYANA","Within",0.213726207946059,NA,50
"Annual","COSTA RICA_HONDURAS","COSTA RICA","HONDURAS","Within",0.337085907808847,NA,50
"Annual","COSTA RICA_INDIA","COSTA RICA","INDIA","Within",0.36564456647145,NA,50
"Annual","COSTA RICA_INDONESIA","COSTA RICA","INDONESIA","Within",0.0899924881726753,NA,50
"Annual","COSTA RICA_JAMAICA","COSTA RICA","JAMAICA","Within",0.237942882300533,NA,50
"Annual","COSTA RICA_LAO PEOPLE'S DEMOCRATIC REPUBLIC","COSTA RICA","LAO PEOPLE'S DEMOCRATIC REPUBLIC","Within",0.4697005268428,NA,50
"Annual","COSTA RICA_MALAYSIA","COSTA RICA","MALAYSIA","Within",0.260944668027263,NA,50
"Annual","COSTA RICA_MALDIVES","COSTA RICA","MALDIVES","Between",0.247273847918167,NA,50
"Annual","COSTA RICA_MARTINIQUE","COSTA RICA","MARTINIQUE","Within",0.144393235614859,NA,50
"Annual","COSTA RICA_MEXICO","COSTA RICA","MEXICO","Within",0.415729415772221,NA,50
"Annual","COSTA RICA_MYANMAR","COSTA RICA","MYANMAR","Within",0.405854557220628,NA,50
"Annual","COSTA RICA_NEW CALEDONIA","COSTA RICA","NEW CALEDONIA","Between",0.0962369598065502,NA,50
"Annual","COSTA RICA_NICARAGUA","COSTA RICA","NICARAGUA","Within",0.392198807209022,NA,50
"Annual","COSTA RICA_PALAU","COSTA RICA","PALAU","Within",0.163299062384648,NA,50
"Annual","COSTA RICA_PANAMA","COSTA RICA","PANAMA","Within",0.399893239903071,NA,50
"Annual","COSTA RICA_PARAGUAY","COSTA RICA","PARAGUAY","Between",0.0931015571364216,NA,50
"Annual","COSTA RICA_PERU","COSTA RICA","PERU","Between",0.0844482182532091,NA,50
"Annual","COSTA RICA_PHILIPPINES","COSTA RICA","PHILIPPINES","Within",0.391812822607518,NA,50
"Annual","COSTA RICA_PUERTO RICO","COSTA RICA","PUERTO RICO","Within",0.248918017220204,NA,50
"Annual","COSTA RICA_SINGAPORE","COSTA RICA","SINGAPORE","Within",0.344638607968475,NA,50
"Annual","COSTA RICA_SRI LANKA","COSTA RICA","SRI LANKA","Within",0.196244024374783,NA,50
"Annual","COSTA RICA_SURINAME","COSTA RICA","SURINAME","Within",0.120126154209997,NA,50
"Annual","COSTA RICA_TAIWAN","COSTA RICA","TAIWAN","Within",0.420015018651099,NA,50
"Annual","COSTA RICA_THAILAND","COSTA RICA","THAILAND","Within",0.486550628308336,NA,50
"Annual","COSTA RICA_TRINIDAD AND TOBAGO","COSTA RICA","TRINIDAD AND TOBAGO","Within",0.333786919367157,NA,50
"Annual","COSTA RICA_VANUATU","COSTA RICA","VANUATU","Between",0.164902264171258,NA,50
"Annual","COSTA RICA_VENEZUELA","COSTA RICA","VENEZUELA","Within",0.211568142403656,NA,50
"Annual","COSTA RICA_VIET NAM","COSTA RICA","VIET NAM","Within",0.443070953036168,NA,50
"Annual","DOMINICAN REPUBLIC_ECUADOR","DOMINICAN REPUBLIC","ECUADOR","Between",0.0946760367873959,NA,50
"Annual","DOMINICAN REPUBLIC_EL SALVADOR","DOMINICAN REPUBLIC","EL SALVADOR","Within",0.299540739934176,NA,50
"Annual","DOMINICAN REPUBLIC_FIJI","DOMINICAN REPUBLIC","FIJI","Between",0.120891289765829,NA,50
"Annual","DOMINICAN REPUBLIC_FRENCH GUIANA","DOMINICAN REPUBLIC","FRENCH GUIANA","Within",0.141336141634754,NA,50
"Annual","DOMINICAN REPUBLIC_FRENCH POLYNESIA","DOMINICAN REPUBLIC","FRENCH POLYNESIA","Between",0.142269468970012,NA,50
"Annual","DOMINICAN REPUBLIC_GUADELOUPE","DOMINICAN REPUBLIC","GUADELOUPE","Within",0.300470784263785,NA,50
"Annual","DOMINICAN REPUBLIC_GUATEMALA","DOMINICAN REPUBLIC","GUATEMALA","Within",0.314541900253153,NA,50
"Annual","DOMINICAN REPUBLIC_GUYANA","DOMINICAN REPUBLIC","GUYANA","Within",0.185550761735018,NA,50
"Annual","DOMINICAN REPUBLIC_HONDURAS","DOMINICAN REPUBLIC","HONDURAS","Within",0.284382350779471,NA,50
"Annual","DOMINICAN REPUBLIC_INDIA","DOMINICAN REPUBLIC","INDIA","Within",0.328721522843603,NA,50
"Annual","DOMINICAN REPUBLIC_INDONESIA","DOMINICAN REPUBLIC","INDONESIA","Within",0.13151573198526,NA,50
"Annual","DOMINICAN REPUBLIC_JAMAICA","DOMINICAN REPUBLIC","JAMAICA","Within",0.388310467864312,NA,50
"Annual","DOMINICAN REPUBLIC_LAO PEOPLE'S DEMOCRATIC REPUBLIC","DOMINICAN REPUBLIC","LAO PEOPLE'S DEMOCRATIC REPUBLIC","Within",0.318043196195293,NA,50
"Annual","DOMINICAN REPUBLIC_MALAYSIA","DOMINICAN REPUBLIC","MALAYSIA","Within",0.22370804325797,NA,50
"Annual","DOMINICAN REPUBLIC_MALDIVES","DOMINICAN REPUBLIC","MALDIVES","Between",0.26194566613841,NA,50
"Annual","DOMINICAN REPUBLIC_MARTINIQUE","DOMINICAN REPUBLIC","MARTINIQUE","Within",0.243244519193242,NA,50
"Annual","DOMINICAN REPUBLIC_MEXICO","DOMINICAN REPUBLIC","MEXICO","Within",0.339463415658097,NA,50
"Annual","DOMINICAN REPUBLIC_MYANMAR","DOMINICAN REPUBLIC","MYANMAR","Within",0.272618461820342,NA,50
"Annual","DOMINICAN REPUBLIC_NEW CALEDONIA","DOMINICAN REPUBLIC","NEW CALEDONIA","Between",0.12799582837523,NA,50
"Annual","DOMINICAN REPUBLIC_NICARAGUA","DOMINICAN REPUBLIC","NICARAGUA","Within",0.384232626826991,NA,50
"Annual","DOMINICAN REPUBLIC_PALAU","DOMINICAN REPUBLIC","PALAU","Within",0.239995287512932,NA,50
"Annual","DOMINICAN REPUBLIC_PANAMA","DOMINICAN REPUBLIC","PANAMA","Within",0.345886764034676,NA,50
"Annual","DOMINICAN REPUBLIC_PARAGUAY","DOMINICAN REPUBLIC","PARAGUAY","Between",0.165276415303689,NA,50
"Annual","DOMINICAN REPUBLIC_PERU","DOMINICAN REPUBLIC","PERU","Between",0.0869978803428915,NA,50
"Annual","DOMINICAN REPUBLIC_PHILIPPINES","DOMINICAN REPUBLIC","PHILIPPINES","Within",0.343181339878193,NA,50
"Annual","DOMINICAN REPUBLIC_PUERTO RICO","DOMINICAN REPUBLIC","PUERTO RICO","Within",0.338496681302951,NA,50
"Annual","DOMINICAN REPUBLIC_SINGAPORE","DOMINICAN REPUBLIC","SINGAPORE","Within",0.285399257627318,NA,50
"Annual","DOMINICAN REPUBLIC_SRI LANKA","DOMINICAN REPUBLIC","SRI LANKA","Within",0.180416981363179,NA,50
"Annual","DOMINICAN REPUBLIC_SURINAME","DOMINICAN REPUBLIC","SURINAME","Within",0.226076567129757,NA,50
"Annual","DOMINICAN REPUBLIC_TAIWAN","DOMINICAN REPUBLIC","TAIWAN","Within",0.358484489971596,NA,50
"Annual","DOMINICAN REPUBLIC_THAILAND","DOMINICAN REPUBLIC","THAILAND","Within",0.282342194606677,NA,50
"Annual","DOMINICAN REPUBLIC_TRINIDAD AND TOBAGO","DOMINICAN REPUBLIC","TRINIDAD AND TOBAGO","Within",0.353167569302457,NA,50
"Annual","DOMINICAN REPUBLIC_VANUATU","DOMINICAN REPUBLIC","VANUATU","Between",0.154387371331847,NA,50
"Annual","DOMINICAN REPUBLIC_VENEZUELA","DOMINICAN REPUBLIC","VENEZUELA","Within",0.247411291713172,NA,50
"Annual","DOMINICAN REPUBLIC_VIET NAM","DOMINICAN REPUBLIC","VIET NAM","Within",0.373898156863771,NA,50
"Annual","ECUADOR_EL SALVADOR","ECUADOR","EL SALVADOR","Between",0.231338789384964,NA,50
"Annual","ECUADOR_FIJI","ECUADOR","FIJI","Within",0.308638344434662,NA,50
"Annual","ECUADOR_FRENCH GUIANA","ECUADOR","FRENCH GUIANA","Between",0.314657824611803,NA,50
"Annual","ECUADOR_FRENCH POLYNESIA","ECUADOR","FRENCH POLYNESIA","Within",0.200734129895785,NA,50
"Annual","ECUADOR_GUADELOUPE","ECUADOR","GUADELOUPE","Between",0.110927131643125,NA,50
"Annual","ECUADOR_GUATEMALA","ECUADOR","GUATEMALA","Between",0.182464001721623,NA,50
"Annual","ECUADOR_GUYANA","ECUADOR","GUYANA","Between",0.213131923125723,NA,50
"Annual","ECUADOR_HONDURAS","ECUADOR","HONDURAS","Between",0.185710590590622,NA,50
"Annual","ECUADOR_INDIA","ECUADOR","INDIA","Between",0.0869870506057391,NA,50
"Annual","ECUADOR_INDONESIA","ECUADOR","INDONESIA","Between",0.327842654085432,NA,50
"Annual","ECUADOR_JAMAICA","ECUADOR","JAMAICA","Between",0.0845100332850863,NA,50
"Annual","ECUADOR_LAO PEOPLE'S DEMOCRATIC REPUBLIC","ECUADOR","LAO PEOPLE'S DEMOCRATIC REPUBLIC","Between",0.205882815499813,NA,50
"Annual","ECUADOR_MALAYSIA","ECUADOR","MALAYSIA","Between",0.178284338730952,NA,50
"Annual","ECUADOR_MALDIVES","ECUADOR","MALDIVES","Within",0.191976080620395,NA,50
"Annual","ECUADOR_MARTINIQUE","ECUADOR","MARTINIQUE","Between",0.195755260728292,NA,50
"Annual","ECUADOR_MEXICO","ECUADOR","MEXICO","Between",0.121456784136952,NA,50
"Annual","ECUADOR_MYANMAR","ECUADOR","MYANMAR","Between",0.230672047503953,NA,50
"Annual","ECUADOR_NEW CALEDONIA","ECUADOR","NEW CALEDONIA","Within",0.260019165559779,NA,50
"Annual","ECUADOR_NICARAGUA","ECUADOR","NICARAGUA","Between",0.111851112247963,NA,50
"Annual","ECUADOR_PALAU","ECUADOR","PALAU","Between",0.18994519979029,NA,50
"Annual","ECUADOR_PANAMA","ECUADOR","PANAMA","Between",0.113123226240808,NA,50
"Annual","ECUADOR_PARAGUAY","ECUADOR","PARAGUAY","Within",0.234520729623518,NA,50
"Annual","ECUADOR_PERU","ECUADOR","PERU","Within",0.393725859277825,NA,50
"Annual","ECUADOR_PHILIPPINES","ECUADOR","PHILIPPINES","Between",0.143803334947643,NA,50
"Annual","ECUADOR_PUERTO RICO","ECUADOR","PUERTO RICO","Between",0.0983356891892608,NA,50
"Annual","ECUADOR_SINGAPORE","ECUADOR","SINGAPORE","Between",0.178916297350827,NA,50
"Annual","ECUADOR_SRI LANKA","ECUADOR","SRI LANKA","Between",0.180733468455072,NA,50
"Annual","ECUADOR_SURINAME","ECUADOR","SURINAME","Between",0.176445978677408,NA,50
"Annual","ECUADOR_TAIWAN","ECUADOR","TAIWAN","Between",0.0863977982035805,NA,50
"Annual","ECUADOR_THAILAND","ECUADOR","THAILAND","Between",0.233665078787479,NA,50
"Annual","ECUADOR_TRINIDAD AND TOBAGO","ECUADOR","TRINIDAD AND TOBAGO","Between",0.0645776255500101,NA,50
"Annual","ECUADOR_VANUATU","ECUADOR","VANUATU","Within",0.241065393056265,NA,50
"Annual","ECUADOR_VENEZUELA","ECUADOR","VENEZUELA","Between",0.146880511498135,NA,50
"Annual","ECUADOR_VIET NAM","ECUADOR","VIET NAM","Between",0.114904472371109,NA,50
"Annual","EL SALVADOR_FIJI","EL SALVADOR","FIJI","Between",0.119901104342702,NA,50
"Annual","EL SALVADOR_FRENCH GUIANA","EL SALVADOR","FRENCH GUIANA","Within",0.125033849427139,NA,50
"Annual","EL SALVADOR_FRENCH POLYNESIA","EL SALVADOR","FRENCH POLYNESIA","Between",0.108229198646226,NA,50
"Annual","EL SALVADOR_GUADELOUPE","EL SALVADOR","GUADELOUPE","Within",0.213658439709397,NA,50
"Annual","EL SALVADOR_GUATEMALA","EL SALVADOR","GUATEMALA","Within",0.443525411379377,NA,50
"Annual","EL SALVADOR_GUYANA","EL SALVADOR","GUYANA","Within",0.237363171629923,NA,50
"Annual","EL SALVADOR_HONDURAS","EL SALVADOR","HONDURAS","Within",0.333655740512827,NA,50
"Annual","EL SALVADOR_INDIA","EL SALVADOR","INDIA","Within",0.363208663269429,NA,50
"Annual","EL SALVADOR_INDONESIA","EL SALVADOR","INDONESIA","Within",0.0902250217202086,NA,50
"Annual","EL SALVADOR_JAMAICA","EL SALVADOR","JAMAICA","Within",0.227228529918296,NA,50
"Annual","EL SALVADOR_LAO PEOPLE'S DEMOCRATIC REPUBLIC","EL SALVADOR","LAO PEOPLE'S DEMOCRATIC REPUBLIC","Within",0.483950430494143,NA,50
"Annual","EL SALVADOR_MALAYSIA","EL SALVADOR","MALAYSIA","Within",0.249853080784173,NA,50
"Annual","EL SALVADOR_MALDIVES","EL SALVADOR","MALDIVES","Between",0.284939619533696,NA,50
"Annual","EL SALVADOR_MARTINIQUE","EL SALVADOR","MARTINIQUE","Within",0.089102471952886,NA,50
"Annual","EL SALVADOR_MEXICO","EL SALVADOR","MEXICO","Within",0.446232560735655,NA,50
"Annual","EL SALVADOR_MYANMAR","EL SALVADOR","MYANMAR","Within",0.472522680483612,NA,50
"Annual","EL SALVADOR_NEW CALEDONIA","EL SALVADOR","NEW CALEDONIA","Between",0.0888744485778522,NA,50
"Annual","EL SALVADOR_NICARAGUA","EL SALVADOR","NICARAGUA","Within",0.41188931089706,NA,50
"Annual","EL SALVADOR_PALAU","EL SALVADOR","PALAU","Within",0.187238264469266,NA,50
"Annual","EL SALVADOR_PANAMA","EL SALVADOR","PANAMA","Within",0.326682004348277,NA,50
"Annual","EL SALVADOR_PARAGUAY","EL SALVADOR","PARAGUAY","Between",0.0559934346815439,NA,50
"Annual","EL SALVADOR_PERU","EL SALVADOR","PERU","Between",0.10863660437279,NA,50
"Annual","EL SALVADOR_PHILIPPINES","EL SALVADOR","PHILIPPINES","Within",0.445829021669113,NA,50
"Annual","EL SALVADOR_PUERTO RICO","EL SALVADOR","PUERTO RICO","Within",0.249235523427627,NA,50
"Annual","EL SALVADOR_SINGAPORE","EL SALVADOR","SINGAPORE","Within",0.396603420431601,NA,50
"Annual","EL SALVADOR_SRI LANKA","EL SALVADOR","SRI LANKA","Within",0.229576661839697,NA,50
"Annual","EL SALVADOR_SURINAME","EL SALVADOR","SURINAME","Within",0.122124495663414,NA,50
"Annual","EL SALVADOR_TAIWAN","EL SALVADOR","TAIWAN","Within",0.450045781160744,NA,50
"Annual","EL SALVADOR_THAILAND","EL SALVADOR","THAILAND","Within",0.50329881051952,NA,50
"Annual","EL SALVADOR_TRINIDAD AND TOBAGO","EL SALVADOR","TRINIDAD AND TOBAGO","Within",0.312938694920648,NA,50
"Annual","EL SALVADOR_VANUATU","EL SALVADOR","VANUATU","Between",0.154929865628556,NA,50
"Annual","EL SALVADOR_VENEZUELA","EL SALVADOR","VENEZUELA","Within",0.188224471372916,NA,50
"Annual","EL SALVADOR_VIET NAM","EL SALVADOR","VIET NAM","Within",0.426918877990219,NA,50
"Annual","FIJI_FRENCH GUIANA","FIJI","FRENCH GUIANA","Between",0.307507509637913,NA,50
"Annual","FIJI_FRENCH POLYNESIA","FIJI","FRENCH POLYNESIA","Within",0.199590598491865,NA,50
"Annual","FIJI_GUADELOUPE","FIJI","GUADELOUPE","Between",0.148207116737669,NA,50
"Annual","FIJI_GUATEMALA","FIJI","GUATEMALA","Between",0.112087025022744,NA,50
"Annual","FIJI_GUYANA","FIJI","GUYANA","Between",0.178639493077776,NA,50
"Annual","FIJI_HONDURAS","FIJI","HONDURAS","Between",0.136587134439152,NA,50
"Annual","FIJI_INDIA","FIJI","INDIA","Between",0.0811525169590738,NA,50
"Annual","FIJI_INDONESIA","FIJI","INDONESIA","Between",0.362962486758344,NA,50
"Annual","FIJI_JAMAICA","FIJI","JAMAICA","Between",0.185859120797051,NA,50
"Annual","FIJI_LAO PEOPLE'S DEMOCRATIC REPUBLIC","FIJI","LAO PEOPLE'S DEMOCRATIC REPUBLIC","Between",0.093998669031965,NA,50
"Annual","FIJI_MALAYSIA","FIJI","MALAYSIA","Between",0.136973588755842,NA,50
"Annual","FIJI_MALDIVES","FIJI","MALDIVES","Within",0.206941538924016,NA,50
"Annual","FIJI_MARTINIQUE","FIJI","MARTINIQUE","Between",0.203407021251812,NA,50
"Annual","FIJI_MEXICO","FIJI","MEXICO","Between",0.0623553817957069,NA,50
"Annual","FIJI_MYANMAR","FIJI","MYANMAR","Between",0.125555491546969,NA,50
"Annual","FIJI_NEW CALEDONIA","FIJI","NEW CALEDONIA","Within",0.436707652873232,NA,50
"Annual","FIJI_NICARAGUA","FIJI","NICARAGUA","Between",0.0818418886863269,NA,50
"Annual","FIJI_PALAU","FIJI","PALAU","Between",0.189461108720572,NA,50
"Annual","FIJI_PANAMA","FIJI","PANAMA","Between",0.0703447471167891,NA,50
"Annual","FIJI_PARAGUAY","FIJI","PARAGUAY","Within",0.238676344094418,NA,50
"Annual","FIJI_PERU","FIJI","PERU","Within",0.365237657702226,NA,50
"Annual","FIJI_PHILIPPINES","FIJI","PHILIPPINES","Between",0.0623341338267473,NA,50
"Annual","FIJI_PUERTO RICO","FIJI","PUERTO RICO","Between",0.130751931081744,NA,50
"Annual","FIJI_SINGAPORE","FIJI","SINGAPORE","Between",0.16972278229637,NA,50
"Annual","FIJI_SRI LANKA","FIJI","SRI LANKA","Between",0.14789442606078,NA,50
"Annual","FIJI_SURINAME","FIJI","SURINAME","Between",0.232984245964487,NA,50
"Annual","FIJI_TAIWAN","FIJI","TAIWAN","Between",0.0535854656775429,NA,50
"Annual","FIJI_THAILAND","FIJI","THAILAND","Between",0.122682626241536,NA,50
"Annual","FIJI_TRINIDAD AND TOBAGO","FIJI","TRINIDAD AND TOBAGO","Between",0.0839080213775613,NA,50
"Annual","FIJI_VANUATU","FIJI","VANUATU","Within",0.338916225263452,NA,50
"Annual","FIJI_VENEZUELA","FIJI","VENEZUELA","Between",0.172233372590081,NA,50
"Annual","FIJI_VIET NAM","FIJI","VIET NAM","Between",0.0469325418182536,NA,50
"Annual","FRENCH GUIANA_FRENCH POLYNESIA","FRENCH GUIANA","FRENCH POLYNESIA","Between",0.214435314474034,NA,50
"Annual","FRENCH GUIANA_GUADELOUPE","FRENCH GUIANA","GUADELOUPE","Within",0.215368532244712,NA,50
"Annual","FRENCH GUIANA_GUATEMALA","FRENCH GUIANA","GUATEMALA","Within",0.128048035862009,NA,50
"Annual","FRENCH GUIANA_GUYANA","FRENCH GUIANA","GUYANA","Within",0.196046175956105,NA,50
"Annual","FRENCH GUIANA_HONDURAS","FRENCH GUIANA","HONDURAS","Within",0.138047310674165,NA,50
"Annual","FRENCH GUIANA_INDIA","FRENCH GUIANA","INDIA","Within",0.0867529022312104,NA,50
"Annual","FRENCH GUIANA_INDONESIA","FRENCH GUIANA","INDONESIA","Within",0.314816611877645,NA,50
"Annual","FRENCH GUIANA_JAMAICA","FRENCH GUIANA","JAMAICA","Within",0.159920029721629,NA,50
"Annual","FRENCH GUIANA_LAO PEOPLE'S DEMOCRATIC REPUBLIC","FRENCH GUIANA","LAO PEOPLE'S DEMOCRATIC REPUBLIC","Within",0.108710422037623,NA,50
"Annual","FRENCH GUIANA_MALAYSIA","FRENCH GUIANA","MALAYSIA","Within",0.180858082711408,NA,50
"Annual","FRENCH GUIANA_MALDIVES","FRENCH GUIANA","MALDIVES","Between",0.18403541738584,NA,50
"Annual","FRENCH GUIANA_MARTINIQUE","FRENCH GUIANA","MARTINIQUE","Within",0.309579389309705,NA,50
"Annual","FRENCH GUIANA_MEXICO","FRENCH GUIANA","MEXICO","Within",0.0703583680438505,NA,50
"Annual","FRENCH GUIANA_MYANMAR","FRENCH GUIANA","MYANMAR","Within",0.122947264973895,NA,50
"Annual","FRENCH GUIANA_NEW CALEDONIA","FRENCH GUIANA","NEW CALEDONIA","Between",0.341389685221478,NA,50
"Annual","FRENCH GUIANA_NICARAGUA","FRENCH GUIANA","NICARAGUA","Within",0.098981961944372,NA,50
"Annual","FRENCH GUIANA_PALAU","FRENCH GUIANA","PALAU","Within",0.237419215936099,NA,50
"Annual","FRENCH GUIANA_PANAMA","FRENCH GUIANA","PANAMA","Within",0.0851184557631602,NA,50
"Annual","FRENCH GUIANA_PARAGUAY","FRENCH GUIANA","PARAGUAY","Between",0.268340537261689,NA,50
"Annual","FRENCH GUIANA_PERU","FRENCH GUIANA","PERU","Between",0.323432743287285,NA,50
"Annual","FRENCH GUIANA_PHILIPPINES","FRENCH GUIANA","PHILIPPINES","Within",0.104316474673384,NA,50
"Annual","FRENCH GUIANA_PUERTO RICO","FRENCH GUIANA","PUERTO RICO","Within",0.118261287203818,NA,50
"Annual","FRENCH GUIANA_SINGAPORE","FRENCH GUIANA","SINGAPORE","Within",0.112693298264768,NA,50
"Annual","FRENCH GUIANA_SRI LANKA","FRENCH GUIANA","SRI LANKA","Within",0.189634430312455,NA,50
"Annual","FRENCH GUIANA_SURINAME","FRENCH GUIANA","SURINAME","Within",0.269052674469136,NA,50
"Annual","FRENCH GUIANA_TAIWAN","FRENCH GUIANA","TAIWAN","Within",0.0678655444110055,NA,50
"Annual","FRENCH GUIANA_THAILAND","FRENCH GUIANA","THAILAND","Within",0.121827152787683,NA,50
"Annual","FRENCH GUIANA_TRINIDAD AND TOBAGO","FRENCH GUIANA","TRINIDAD AND TOBAGO","Within",0.0902471304564871,NA,50
"Annual","FRENCH GUIANA_VANUATU","FRENCH GUIANA","VANUATU","Between",0.19330230330964,NA,50
"Annual","FRENCH GUIANA_VENEZUELA","FRENCH GUIANA","VENEZUELA","Within",0.186893947317781,NA,50
"Annual","FRENCH GUIANA_VIET NAM","FRENCH GUIANA","VIET NAM","Within",0.0732369603222635,NA,50
"Annual","FRENCH POLYNESIA_GUADELOUPE","FRENCH POLYNESIA","GUADELOUPE","Between",0.239416069447072,NA,50
"Annual","FRENCH POLYNESIA_GUATEMALA","FRENCH POLYNESIA","GUATEMALA","Between",0.131046807382145,NA,50
"Annual","FRENCH POLYNESIA_GUYANA","FRENCH POLYNESIA","GUYANA","Between",0.143940330573083,NA,50
"Annual","FRENCH POLYNESIA_HONDURAS","FRENCH POLYNESIA","HONDURAS","Between",0.156931787170825,NA,50
"Annual","FRENCH POLYNESIA_INDIA","FRENCH POLYNESIA","INDIA","Between",0.142012965509856,NA,50
"Annual","FRENCH POLYNESIA_INDONESIA","FRENCH POLYNESIA","INDONESIA","Between",0.209258542271905,NA,50
"Annual","FRENCH POLYNESIA_JAMAICA","FRENCH POLYNESIA","JAMAICA","Between",0.208754108859081,NA,50
"Annual","FRENCH POLYNESIA_LAO PEOPLE'S DEMOCRATIC REPUBLIC","FRENCH POLYNESIA","LAO PEOPLE'S DEMOCRATIC REPUBLIC","Between",0.0963507596064816,NA,50
"Annual","FRENCH POLYNESIA_MALAYSIA","FRENCH POLYNESIA","MALAYSIA","Between",0.203279341979459,NA,50
"Annual","FRENCH POLYNESIA_MALDIVES","FRENCH POLYNESIA","MALDIVES","Within",0.101379718241925,NA,50
"Annual","FRENCH POLYNESIA_MARTINIQUE","FRENCH POLYNESIA","MARTINIQUE","Between",0.277211435801736,NA,50
"Annual","FRENCH POLYNESIA_MEXICO","FRENCH POLYNESIA","MEXICO","Between",0.100322201619727,NA,50
"Annual","FRENCH POLYNESIA_MYANMAR","FRENCH POLYNESIA","MYANMAR","Between",0.104357920268186,NA,50
"Annual","FRENCH POLYNESIA_NEW CALEDONIA","FRENCH POLYNESIA","NEW CALEDONIA","Within",0.243601419039332,NA,50
"Annual","FRENCH POLYNESIA_NICARAGUA","FRENCH POLYNESIA","NICARAGUA","Between",0.115009486200273,NA,50
"Annual","FRENCH POLYNESIA_PALAU","FRENCH POLYNESIA","PALAU","Between",0.189746409143582,NA,50
"Annual","FRENCH POLYNESIA_PANAMA","FRENCH POLYNESIA","PANAMA","Between",0.146521101674652,NA,50
"Annual","FRENCH POLYNESIA_PARAGUAY","FRENCH POLYNESIA","PARAGUAY","Within",0.18055842539049,NA,50
"Annual","FRENCH POLYNESIA_PERU","FRENCH POLYNESIA","PERU","Within",0.243822560824809,NA,50
"Annual","FRENCH POLYNESIA_PHILIPPINES","FRENCH POLYNESIA","PHILIPPINES","Between",0.127796251222113,NA,50
"Annual","FRENCH POLYNESIA_PUERTO RICO","FRENCH POLYNESIA","PUERTO RICO","Between",0.192469694239366,NA,50
"Annual","FRENCH POLYNESIA_SINGAPORE","FRENCH POLYNESIA","SINGAPORE","Between",0.197846987734437,NA,50
"Annual","FRENCH POLYNESIA_SRI LANKA","FRENCH POLYNESIA","SRI LANKA","Between",0.190593879180736,NA,50
"Annual","FRENCH POLYNESIA_SURINAME","FRENCH POLYNESIA","SURINAME","Between",0.203598571652443,NA,50
"Annual","FRENCH POLYNESIA_TAIWAN","FRENCH POLYNESIA","TAIWAN","Between",0.116873836575425,NA,50
"Annual","FRENCH POLYNESIA_THAILAND","FRENCH POLYNESIA","THAILAND","Between",0.100590587145428,NA,50
"Annual","FRENCH POLYNESIA_TRINIDAD AND TOBAGO","FRENCH POLYNESIA","TRINIDAD AND TOBAGO","Between",0.173915476817161,NA,50
"Annual","FRENCH POLYNESIA_VANUATU","FRENCH POLYNESIA","VANUATU","Within",0.236307315291141,NA,50
"Annual","FRENCH POLYNESIA_VENEZUELA","FRENCH POLYNESIA","VENEZUELA","Between",0.176368710169596,NA,50
"Annual","FRENCH POLYNESIA_VIET NAM","FRENCH POLYNESIA","VIET NAM","Between",0.113783161466884,NA,50
"Annual","GUADELOUPE_GUATEMALA","GUADELOUPE","GUATEMALA","Within",0.213567727947595,NA,50
"Annual","GUADELOUPE_GUYANA","GUADELOUPE","GUYANA","Within",0.191549671739155,NA,50
"Annual","GUADELOUPE_HONDURAS","GUADELOUPE","HONDURAS","Within",0.210354835132098,NA,50
"Annual","GUADELOUPE_INDIA","GUADELOUPE","INDIA","Within",0.320930111216302,NA,50
"Annual","GUADELOUPE_INDONESIA","GUADELOUPE","INDONESIA","Within",0.171295768884908,NA,50
"Annual","GUADELOUPE_JAMAICA","GUADELOUPE","JAMAICA","Within",0.360650686251607,NA,50
"Annual","GUADELOUPE_LAO PEOPLE'S DEMOCRATIC REPUBLIC","GUADELOUPE","LAO PEOPLE'S DEMOCRATIC REPUBLIC","Within",0.230720662385237,NA,50
"Annual","GUADELOUPE_MALAYSIA","GUADELOUPE","MALAYSIA","Within",0.228126829182725,NA,50
"Annual","GUADELOUPE_MALDIVES","GUADELOUPE","MALDIVES","Between",0.148690177475162,NA,50
"Annual","GUADELOUPE_MARTINIQUE","GUADELOUPE","MARTINIQUE","Within",0.421113082694763,NA,50
"Annual","GUADELOUPE_MEXICO","GUADELOUPE","MEXICO","Within",0.300878997239864,NA,50
"Annual","GUADELOUPE_MYANMAR","GUADELOUPE","MYANMAR","Within",0.182383668186225,NA,50
"Annual","GUADELOUPE_NEW CALEDONIA","GUADELOUPE","NEW CALEDONIA","Between",0.145405181355677,NA,50
"Annual","GUADELOUPE_NICARAGUA","GUADELOUPE","NICARAGUA","Within",0.266346298768551,NA,50
"Annual","GUADELOUPE_PALAU","GUADELOUPE","PALAU","Within",0.193615025785641,NA,50
"Annual","GUADELOUPE_PANAMA","GUADELOUPE","PANAMA","Within",0.320894373573377,NA,50
"Annual","GUADELOUPE_PARAGUAY","GUADELOUPE","PARAGUAY","Between",0.246951809259508,NA,50
"Annual","GUADELOUPE_PERU","GUADELOUPE","PERU","Between",0.178336177181462,NA,50
"Annual","GUADELOUPE_PHILIPPINES","GUADELOUPE","PHILIPPINES","Within",0.266209482274167,NA,50
"Annual","GUADELOUPE_PUERTO RICO","GUADELOUPE","PUERTO RICO","Within",0.330148598380278,NA,50
"Annual","GUADELOUPE_SINGAPORE","GUADELOUPE","SINGAPORE","Within",0.197397322060058,NA,50
"Annual","GUADELOUPE_SRI LANKA","GUADELOUPE","SRI LANKA","Within",0.201332019525816,NA,50
"Annual","GUADELOUPE_SURINAME","GUADELOUPE","SURINAME","Within",0.343340922954943,NA,50
"Annual","GUADELOUPE_TAIWAN","GUADELOUPE","TAIWAN","Within",0.30395246431258,NA,50
"Annual","GUADELOUPE_THAILAND","GUADELOUPE","THAILAND","Within",0.199389876502061,NA,50
"Annual","GUADELOUPE_TRINIDAD AND TOBAGO","GUADELOUPE","TRINIDAD AND TOBAGO","Within",0.375993082026161,NA,50
"Annual","GUADELOUPE_VANUATU","GUADELOUPE","VANUATU","Between",0.130922680018069,NA,50
"Annual","GUADELOUPE_VENEZUELA","GUADELOUPE","VENEZUELA","Within",0.212997232907257,NA,50
"Annual","GUADELOUPE_VIET NAM","GUADELOUPE","VIET NAM","Within",0.298326368914516,NA,50
"Annual","GUATEMALA_GUYANA","GUATEMALA","GUYANA","Within",0.222525948028339,NA,50
"Annual","GUATEMALA_HONDURAS","GUATEMALA","HONDURAS","Within",0.394597716192948,NA,50
"Annual","GUATEMALA_INDIA","GUATEMALA","INDIA","Within",0.383579575906872,NA,50
"Annual","GUATEMALA_INDONESIA","GUATEMALA","INDONESIA","Within",0.0888410439396405,NA,50
"Annual","GUATEMALA_JAMAICA","GUATEMALA","JAMAICA","Within",0.249920419569403,NA,50
"Annual","GUATEMALA_LAO PEOPLE'S DEMOCRATIC REPUBLIC","GUATEMALA","LAO PEOPLE'S DEMOCRATIC REPUBLIC","Within",0.492543947837806,NA,50
"Annual","GUATEMALA_MALAYSIA","GUATEMALA","MALAYSIA","Within",0.238116448707106,NA,50
"Annual","GUATEMALA_MALDIVES","GUATEMALA","MALDIVES","Between",0.269139590276841,NA,50
"Annual","GUATEMALA_MARTINIQUE","GUATEMALA","MARTINIQUE","Within",0.113749916817714,NA,50
"Annual","GUATEMALA_MEXICO","GUATEMALA","MEXICO","Within",0.465229655683413,NA,50
"Annual","GUATEMALA_MYANMAR","GUATEMALA","MYANMAR","Within",0.437817369167644,NA,50
"Annual","GUATEMALA_NEW CALEDONIA","GUATEMALA","NEW CALEDONIA","Between",0.090388784743366,NA,50
"Annual","GUATEMALA_NICARAGUA","GUATEMALA","NICARAGUA","Within",0.449563742253507,NA,50
"Annual","GUATEMALA_PALAU","GUATEMALA","PALAU","Within",0.184642286642886,NA,50
"Annual","GUATEMALA_PANAMA","GUATEMALA","PANAMA","Within",0.362252333527733,NA,50
"Annual","GUATEMALA_PARAGUAY","GUATEMALA","PARAGUAY","Between",0.0751644828618461,NA,50
"Annual","GUATEMALA_PERU","GUATEMALA","PERU","Between",0.0926620185420577,NA,50
"Annual","GUATEMALA_PHILIPPINES","GUATEMALA","PHILIPPINES","Within",0.435835754748339,NA,50
"Annual","GUATEMALA_PUERTO RICO","GUATEMALA","PUERTO RICO","Within",0.2642259377555,NA,50
"Annual","GUATEMALA_SINGAPORE","GUATEMALA","SINGAPORE","Within",0.38064301255102,NA,50
"Annual","GUATEMALA_SRI LANKA","GUATEMALA","SRI LANKA","Within",0.216063997232625,NA,50
"Annual","GUATEMALA_SURINAME","GUATEMALA","SURINAME","Within",0.125767463916506,NA,50
"Annual","GUATEMALA_TAIWAN","GUATEMALA","TAIWAN","Within",0.410710793586347,NA,50
"Annual","GUATEMALA_THAILAND","GUATEMALA","THAILAND","Within",0.485783203523136,NA,50
"Annual","GUATEMALA_TRINIDAD AND TOBAGO","GUATEMALA","TRINIDAD AND TOBAGO","Within",0.35913488027512,NA,50
"Annual","GUATEMALA_VANUATU","GUATEMALA","VANUATU","Between",0.126854640451851,NA,50
"Annual","GUATEMALA_VENEZUELA","GUATEMALA","VENEZUELA","Within",0.200199379111398,NA,50
"Annual","GUATEMALA_VIET NAM","GUATEMALA","VIET NAM","Within",0.463613785415993,NA,50
"Annual","GUYANA_HONDURAS","GUYANA","HONDURAS","Within",0.21988813583082,NA,50
"Annual","GUYANA_INDIA","GUYANA","INDIA","Within",0.166415532843269,NA,50
"Annual","GUYANA_INDONESIA","GUYANA","INDONESIA","Within",0.180020761166046,NA,50
"Annual","GUYANA_JAMAICA","GUYANA","JAMAICA","Within",0.175877421778424,NA,50
"Annual","GUYANA_LAO PEOPLE'S DEMOCRATIC REPUBLIC","GUYANA","LAO PEOPLE'S DEMOCRATIC REPUBLIC","Within",0.225621969705627,NA,50
"Annual","GUYANA_MALAYSIA","GUYANA","MALAYSIA","Within",0.171212129356026,NA,50
"Annual","GUYANA_MALDIVES","GUYANA","MALDIVES","Between",0.37471841296843,NA,50
"Annual","GUYANA_MARTINIQUE","GUYANA","MARTINIQUE","Within",0.141917574724579,NA,50
"Annual","GUYANA_MEXICO","GUYANA","MEXICO","Within",0.195942788528403,NA,50
"Annual","GUYANA_MYANMAR","GUYANA","MYANMAR","Within",0.234991160908782,NA,50
"Annual","GUYANA_NEW CALEDONIA","GUYANA","NEW CALEDONIA","Between",0.141021432535063,NA,50
"Annual","GUYANA_NICARAGUA","GUYANA","NICARAGUA","Within",0.204479556211908,NA,50
"Annual","GUYANA_PALAU","GUYANA","PALAU","Within",0.155846526892691,NA,50
"Annual","GUYANA_PANAMA","GUYANA","PANAMA","Within",0.197187903055309,NA,50
"Annual","GUYANA_PARAGUAY","GUYANA","PARAGUAY","Between",0.248240261520501,NA,50
"Annual","GUYANA_PERU","GUYANA","PERU","Between",0.152912675369696,NA,50
"Annual","GUYANA_PHILIPPINES","GUYANA","PHILIPPINES","Within",0.221995514485326,NA,50
"Annual","GUYANA_PUERTO RICO","GUYANA","PUERTO RICO","Within",0.153193545006996,NA,50
"Annual","GUYANA_SINGAPORE","GUYANA","SINGAPORE","Within",0.240396600378396,NA,50
"Annual","GUYANA_SRI LANKA","GUYANA","SRI LANKA","Within",0.163247785374051,NA,50
"Annual","GUYANA_SURINAME","GUYANA","SURINAME","Within",0.1971215810826,NA,50
"Annual","GUYANA_TAIWAN","GUYANA","TAIWAN","Within",0.17670930466788,NA,50
"Annual","GUYANA_THAILAND","GUYANA","THAILAND","Within",0.227770039414001,NA,50
"Annual","GUYANA_TRINIDAD AND TOBAGO","GUYANA","TRINIDAD AND TOBAGO","Within",0.168677694051656,NA,50
"Annual","GUYANA_VANUATU","GUYANA","VANUATU","Between",0.14167357925493,NA,50
"Annual","GUYANA_VENEZUELA","GUYANA","VENEZUELA","Within",0.13452666047832,NA,50
"Annual","GUYANA_VIET NAM","GUYANA","VIET NAM","Within",0.19205158513188,NA,50
"Annual","HONDURAS_INDIA","HONDURAS","INDIA","Within",0.29750348361189,NA,50
"Annual","HONDURAS_INDONESIA","HONDURAS","INDONESIA","Within",0.118603963798185,NA,50
"Annual","HONDURAS_JAMAICA","HONDURAS","JAMAICA","Within",0.275860704185947,NA,50
"Annual","HONDURAS_LAO PEOPLE'S DEMOCRATIC REPUBLIC","HONDURAS","LAO PEOPLE'S DEMOCRATIC REPUBLIC","Within",0.399109735876925,NA,50
"Annual","HONDURAS_MALAYSIA","HONDURAS","MALAYSIA","Within",0.24171140372877,NA,50
"Annual","HONDURAS_MALDIVES","HONDURAS","MALDIVES","Between",0.26286211153426,NA,50
"Annual","HONDURAS_MARTINIQUE","HONDURAS","MARTINIQUE","Within",0.127371569361204,NA,50
"Annual","HONDURAS_MEXICO","HONDURAS","MEXICO","Within",0.358924418765385,NA,50
"Annual","HONDURAS_MYANMAR","HONDURAS","MYANMAR","Within",0.374730981436887,NA,50
"Annual","HONDURAS_NEW CALEDONIA","HONDURAS","NEW CALEDONIA","Between",0.116705615047132,NA,50
"Annual","HONDURAS_NICARAGUA","HONDURAS","NICARAGUA","Within",0.346921833331347,NA,50
"Annual","HONDURAS_PALAU","HONDURAS","PALAU","Within",0.196328818436248,NA,50
"Annual","HONDURAS_PANAMA","HONDURAS","PANAMA","Within",0.296946936894634,NA,50
"Annual","HONDURAS_PARAGUAY","HONDURAS","PARAGUAY","Between",0.112558561543402,NA,50
"Annual","HONDURAS_PERU","HONDURAS","PERU","Between",0.109359731367316,NA,50
"Annual","HONDURAS_PHILIPPINES","HONDURAS","PHILIPPINES","Within",0.353944475402143,NA,50
"Annual","HONDURAS_PUERTO RICO","HONDURAS","PUERTO RICO","Within",0.218381142155518,NA,50
"Annual","HONDURAS_SINGAPORE","HONDURAS","SINGAPORE","Within",0.365116680853939,NA,50
"Annual","HONDURAS_SRI LANKA","HONDURAS","SRI LANKA","Within",0.227844302676353,NA,50
"Annual","HONDURAS_SURINAME","HONDURAS","SURINAME","Within",0.115919857030884,NA,50
"Annual","HONDURAS_TAIWAN","HONDURAS","TAIWAN","Within",0.284758438573717,NA,50
"Annual","HONDURAS_THAILAND","HONDURAS","THAILAND","Within",0.37821716814947,NA,50
"Annual","HONDURAS_TRINIDAD AND TOBAGO","HONDURAS","TRINIDAD AND TOBAGO","Within",0.293540184726475,NA,50
"Annual","HONDURAS_VANUATU","HONDURAS","VANUATU","Between",0.161742506838758,NA,50
"Annual","HONDURAS_VENEZUELA","HONDURAS","VENEZUELA","Within",0.167639804448815,NA,50
"Annual","HONDURAS_VIET NAM","HONDURAS","VIET NAM","Within",0.355645199510637,NA,50
"Annual","INDIA_INDONESIA","INDIA","INDONESIA","Within",0.097737213854763,NA,50
"Annual","INDIA_JAMAICA","INDIA","JAMAICA","Within",0.278051916911347,NA,50
"Annual","INDIA_LAO PEOPLE'S DEMOCRATIC REPUBLIC","INDIA","LAO PEOPLE'S DEMOCRATIC REPUBLIC","Within",0.441094172043037,NA,50
"Annual","INDIA_MALAYSIA","INDIA","MALAYSIA","Within",0.241357793545274,NA,50
"Annual","INDIA_MALDIVES","INDIA","MALDIVES","Between",0.201414950113141,NA,50
"Annual","INDIA_MARTINIQUE","INDIA","MARTINIQUE","Within",0.227504265381474,NA,50
"Annual","INDIA_MEXICO","INDIA","MEXICO","Within",0.505785598418099,NA,50
"Annual","INDIA_MYANMAR","INDIA","MYANMAR","Within",0.38746790850497,NA,50
"Annual","INDIA_NEW CALEDONIA","INDIA","NEW CALEDONIA","Between",0.0902682328323822,NA,50
"Annual","INDIA_NICARAGUA","INDIA","NICARAGUA","Within",0.443923720734934,NA,50
"Annual","INDIA_PALAU","INDIA","PALAU","Within",0.142039331806372,NA,50
"Annual","INDIA_PANAMA","INDIA","PANAMA","Within",0.396209857095749,NA,50
"Annual","INDIA_PARAGUAY","INDIA","PARAGUAY","Between",0.120232302610564,NA,50
"Annual","INDIA_PERU","INDIA","PERU","Between",0.0924912418429804,NA,50
"Annual","INDIA_PHILIPPINES","INDIA","PHILIPPINES","Within",0.437158246193003,NA,50
"Annual","INDIA_PUERTO RICO","INDIA","PUERTO RICO","Within",0.353835680690534,NA,50
"Annual","INDIA_SINGAPORE","INDIA","SINGAPORE","Within",0.323298327124244,NA,50
"Annual","INDIA_SRI LANKA","INDIA","SRI LANKA","Within",0.197834828465859,NA,50
"Annual","INDIA_SURINAME","INDIA","SURINAME","Within",0.175053610513333,NA,50
"Annual","INDIA_TAIWAN","INDIA","TAIWAN","Within",0.476483088552205,NA,50
"Annual","INDIA_THAILAND","INDIA","THAILAND","Within",0.403096044893328,NA,50
"Annual","INDIA_TRINIDAD AND TOBAGO","INDIA","TRINIDAD AND TOBAGO","Within",0.456278556874441,NA,50
"Annual","INDIA_VANUATU","INDIA","VANUATU","Between",0.0995662065770539,NA,50
"Annual","INDIA_VENEZUELA","INDIA","VENEZUELA","Within",0.222941140307064,NA,50
"Annual","INDIA_VIET NAM","INDIA","VIET NAM","Within",0.493650909516153,NA,50
"Annual","INDONESIA_JAMAICA","INDONESIA","JAMAICA","Within",0.187507991834188,NA,50
"Annual","INDONESIA_LAO PEOPLE'S DEMOCRATIC REPUBLIC","INDONESIA","LAO PEOPLE'S DEMOCRATIC REPUBLIC","Within",0.088106104184535,NA,50
"Annual","INDONESIA_MALAYSIA","INDONESIA","MALAYSIA","Within",0.156669859439616,NA,50
"Annual","INDONESIA_MALDIVES","INDONESIA","MALDIVES","Between",0.115643163859521,NA,50
"Annual","INDONESIA_MARTINIQUE","INDONESIA","MARTINIQUE","Within",0.255208419246147,NA,50
"Annual","INDONESIA_MEXICO","INDONESIA","MEXICO","Within",0.055282612042083,NA,50
"Annual","INDONESIA_MYANMAR","INDONESIA","MYANMAR","Within",0.136464330688085,NA,50
"Annual","INDONESIA_NEW CALEDONIA","INDONESIA","NEW CALEDONIA","Between",0.366276944968547,NA,50
"Annual","INDONESIA_NICARAGUA","INDONESIA","NICARAGUA","Within",0.0648198898164002,NA,50
"Annual","INDONESIA_PALAU","INDONESIA","PALAU","Within",0.152078942773733,NA,50
"Annual","INDONESIA_PANAMA","INDONESIA","PANAMA","Within",0.12378195777813,NA,50
"Annual","INDONESIA_PARAGUAY","INDONESIA","PARAGUAY","Between",0.317286771195188,NA,50
"Annual","INDONESIA_PERU","INDONESIA","PERU","Between",0.401017901344184,NA,50
"Annual","INDONESIA_PHILIPPINES","INDONESIA","PHILIPPINES","Within",0.0703268434256808,NA,50
"Annual","INDONESIA_PUERTO RICO","INDONESIA","PUERTO RICO","Within",0.166347283095023,NA,50
"Annual","INDONESIA_SINGAPORE","INDONESIA","SINGAPORE","Within",0.117373892126195,NA,50
"Annual","INDONESIA_SRI LANKA","INDONESIA","SRI LANKA","Within",0.167341364008835,NA,50
"Annual","INDONESIA_SURINAME","INDONESIA","SURINAME","Within",0.234491416113333,NA,50
"Annual","INDONESIA_TAIWAN","INDONESIA","TAIWAN","Within",0.0791628143891284,NA,50
"Annual","INDONESIA_THAILAND","INDONESIA","THAILAND","Within",0.097930597692509,NA,50
"Annual","INDONESIA_TRINIDAD AND TOBAGO","INDONESIA","TRINIDAD AND TOBAGO","Within",0.121777913201708,NA,50
"Annual","INDONESIA_VANUATU","INDONESIA","VANUATU","Between",0.237542073950303,NA,50
"Annual","INDONESIA_VENEZUELA","INDONESIA","VENEZUELA","Within",0.197092493717287,NA,50
"Annual","INDONESIA_VIET NAM","INDONESIA","VIET NAM","Within",0.0792019594109457,NA,50
"Annual","JAMAICA_LAO PEOPLE'S DEMOCRATIC REPUBLIC","JAMAICA","LAO PEOPLE'S DEMOCRATIC REPUBLIC","Within",0.211883271081866,NA,50
"Annual","JAMAICA_MALAYSIA","JAMAICA","MALAYSIA","Within",0.275537209548664,NA,50
"Annual","JAMAICA_MALDIVES","JAMAICA","MALDIVES","Between",0.16972918062619,NA,50
"Annual","JAMAICA_MARTINIQUE","JAMAICA","MARTINIQUE","Within",0.331736169114769,NA,50
"Annual","JAMAICA_MEXICO","JAMAICA","MEXICO","Within",0.270592018487228,NA,50
"Annual","JAMAICA_MYANMAR","JAMAICA","MYANMAR","Within",0.181306554924841,NA,50
"Annual","JAMAICA_NEW CALEDONIA","JAMAICA","NEW CALEDONIA","Between",0.140705569153786,NA,50
"Annual","JAMAICA_NICARAGUA","JAMAICA","NICARAGUA","Within",0.320252917996139,NA,50
"Annual","JAMAICA_PALAU","JAMAICA","PALAU","Within",0.207918849616996,NA,50
"Annual","JAMAICA_PANAMA","JAMAICA","PANAMA","Within",0.293500734929257,NA,50
"Annual","JAMAICA_PARAGUAY","JAMAICA","PARAGUAY","Between",0.214044454693502,NA,50
"Annual","JAMAICA_PERU","JAMAICA","PERU","Between",0.169563067541705,NA,50
"Annual","JAMAICA_PHILIPPINES","JAMAICA","PHILIPPINES","Within",0.284696419671033,NA,50
"Annual","JAMAICA_PUERTO RICO","JAMAICA","PUERTO RICO","Within",0.353745362910429,NA,50
"Annual","JAMAICA_SINGAPORE","JAMAICA","SINGAPORE","Within",0.249935040966797,NA,50
"Annual","JAMAICA_SRI LANKA","JAMAICA","SRI LANKA","Within",0.202574982961469,NA,50
"Annual","JAMAICA_SURINAME","JAMAICA","SURINAME","Within",0.27355117618022,NA,50
"Annual","JAMAICA_TAIWAN","JAMAICA","TAIWAN","Within",0.312759427217861,NA,50
"Annual","JAMAICA_THAILAND","JAMAICA","THAILAND","Within",0.200802829967103,NA,50
"Annual","JAMAICA_TRINIDAD AND TOBAGO","JAMAICA","TRINIDAD AND TOBAGO","Within",0.352181277360914,NA,50
"Annual","JAMAICA_VANUATU","JAMAICA","VANUATU","Between",0.157750684300722,NA,50
"Annual","JAMAICA_VENEZUELA","JAMAICA","VENEZUELA","Within",0.250754364780054,NA,50
"Annual","JAMAICA_VIET NAM","JAMAICA","VIET NAM","Within",0.29109939713353,NA,50
"Annual","LAO PEOPLE'S DEMOCRATIC REPUBLIC_MALAYSIA","LAO PEOPLE'S DEMOCRATIC REPUBLIC","MALAYSIA","Within",0.235660070994928,NA,50
"Annual","LAO PEOPLE'S DEMOCRATIC REPUBLIC_MALDIVES","LAO PEOPLE'S DEMOCRATIC REPUBLIC","MALDIVES","Between",0.295486779905439,NA,50
"Annual","LAO PEOPLE'S DEMOCRATIC REPUBLIC_MARTINIQUE","LAO PEOPLE'S DEMOCRATIC REPUBLIC","MARTINIQUE","Within",0.115348108993621,NA,50
"Annual","LAO PEOPLE'S DEMOCRATIC REPUBLIC_MEXICO","LAO PEOPLE'S DEMOCRATIC REPUBLIC","MEXICO","Within",0.547199790655568,NA,50
"Annual","LAO PEOPLE'S DEMOCRATIC REPUBLIC_MYANMAR","LAO PEOPLE'S DEMOCRATIC REPUBLIC","MYANMAR","Within",0.623570237126271,NA,50
"Annual","LAO PEOPLE'S DEMOCRATIC REPUBLIC_NEW CALEDONIA","LAO PEOPLE'S DEMOCRATIC REPUBLIC","NEW CALEDONIA","Between",0.113300420372615,NA,50
"Annual","LAO PEOPLE'S DEMOCRATIC REPUBLIC_NICARAGUA","LAO PEOPLE'S DEMOCRATIC REPUBLIC","NICARAGUA","Within",0.462146873882579,NA,50
"Annual","LAO PEOPLE'S DEMOCRATIC REPUBLIC_PALAU","LAO PEOPLE'S DEMOCRATIC REPUBLIC","PALAU","Within",0.188831976637215,NA,50
"Annual","LAO PEOPLE'S DEMOCRATIC REPUBLIC_PANAMA","LAO PEOPLE'S DEMOCRATIC REPUBLIC","PANAMA","Within",0.385708898457577,NA,50
"Annual","LAO PEOPLE'S DEMOCRATIC REPUBLIC_PARAGUAY","LAO PEOPLE'S DEMOCRATIC REPUBLIC","PARAGUAY","Between",0.0638608574147088,NA,50
"Annual","LAO PEOPLE'S DEMOCRATIC REPUBLIC_PERU","LAO PEOPLE'S DEMOCRATIC REPUBLIC","PERU","Between",0.0991876430655111,NA,50
"Annual","LAO PEOPLE'S DEMOCRATIC REPUBLIC_PHILIPPINES","LAO PEOPLE'S DEMOCRATIC REPUBLIC","PHILIPPINES","Within",0.579313358385941,NA,50
"Annual","LAO PEOPLE'S DEMOCRATIC REPUBLIC_PUERTO RICO","LAO PEOPLE'S DEMOCRATIC REPUBLIC","PUERTO RICO","Within",0.260165101116794,NA,50
"Annual","LAO PEOPLE'S DEMOCRATIC REPUBLIC_SINGAPORE","LAO PEOPLE'S DEMOCRATIC REPUBLIC","SINGAPORE","Within",0.442958125406328,NA,50
"Annual","LAO PEOPLE'S DEMOCRATIC REPUBLIC_SRI LANKA","LAO PEOPLE'S DEMOCRATIC REPUBLIC","SRI LANKA","Within",0.201199625878491,NA,50
"Annual","LAO PEOPLE'S DEMOCRATIC REPUBLIC_SURINAME","LAO PEOPLE'S DEMOCRATIC REPUBLIC","SURINAME","Within",0.0980067339830792,NA,50
"Annual","LAO PEOPLE'S DEMOCRATIC REPUBLIC_TAIWAN","LAO PEOPLE'S DEMOCRATIC REPUBLIC","TAIWAN","Within",0.473245106305557,NA,50
"Annual","LAO PEOPLE'S DEMOCRATIC REPUBLIC_THAILAND","LAO PEOPLE'S DEMOCRATIC REPUBLIC","THAILAND","Within",0.676887186485943,NA,50
"Annual","LAO PEOPLE'S DEMOCRATIC REPUBLIC_TRINIDAD AND TOBAGO","LAO PEOPLE'S DEMOCRATIC REPUBLIC","TRINIDAD AND TOBAGO","Within",0.382423553431383,NA,50
"Annual","LAO PEOPLE'S DEMOCRATIC REPUBLIC_VANUATU","LAO PEOPLE'S DEMOCRATIC REPUBLIC","VANUATU","Between",0.142424903610746,NA,50
"Annual","LAO PEOPLE'S DEMOCRATIC REPUBLIC_VENEZUELA","LAO PEOPLE'S DEMOCRATIC REPUBLIC","VENEZUELA","Within",0.158960948500872,NA,50
"Annual","LAO PEOPLE'S DEMOCRATIC REPUBLIC_VIET NAM","LAO PEOPLE'S DEMOCRATIC REPUBLIC","VIET NAM","Within",0.600912027930098,NA,50
"Annual","MALAYSIA_MALDIVES","MALAYSIA","MALDIVES","Between",0.143268369612769,NA,50
"Annual","MALAYSIA_MARTINIQUE","MALAYSIA","MARTINIQUE","Within",0.22133897690932,NA,50
"Annual","MALAYSIA_MEXICO","MALAYSIA","MEXICO","Within",0.235056475400686,NA,50
"Annual","MALAYSIA_MYANMAR","MALAYSIA","MYANMAR","Within",0.225652939309007,NA,50
"Annual","MALAYSIA_NEW CALEDONIA","MALAYSIA","NEW CALEDONIA","Between",0.170489217248085,NA,50
"Annual","MALAYSIA_NICARAGUA","MALAYSIA","NICARAGUA","Within",0.2472139245072,NA,50
"Annual","MALAYSIA_PALAU","MALAYSIA","PALAU","Within",0.176155840726141,NA,50
"Annual","MALAYSIA_PANAMA","MALAYSIA","PANAMA","Within",0.216278991898473,NA,50
"Annual","MALAYSIA_PARAGUAY","MALAYSIA","PARAGUAY","Between",0.15843646594788,NA,50
"Annual","MALAYSIA_PERU","MALAYSIA","PERU","Between",0.154965821112557,NA,50
"Annual","MALAYSIA_PHILIPPINES","MALAYSIA","PHILIPPINES","Within",0.250930376833506,NA,50
"Annual","MALAYSIA_PUERTO RICO","MALAYSIA","PUERTO RICO","Within",0.253936144136085,NA,50
"Annual","MALAYSIA_SINGAPORE","MALAYSIA","SINGAPORE","Within",0.323110708961173,NA,50
"Annual","MALAYSIA_SRI LANKA","MALAYSIA","SRI LANKA","Within",0.202640470329278,NA,50
"Annual","MALAYSIA_SURINAME","MALAYSIA","SURINAME","Within",0.186271774654511,NA,50
"Annual","MALAYSIA_TAIWAN","MALAYSIA","TAIWAN","Within",0.285015376384704,NA,50
"Annual","MALAYSIA_THAILAND","MALAYSIA","THAILAND","Within",0.238272480543148,NA,50
"Annual","MALAYSIA_TRINIDAD AND TOBAGO","MALAYSIA","TRINIDAD AND TOBAGO","Within",0.226213914577342,NA,50
"Annual","MALAYSIA_VANUATU","MALAYSIA","VANUATU","Between",0.182900999257599,NA,50
"Annual","MALAYSIA_VENEZUELA","MALAYSIA","VENEZUELA","Within",0.225372029587073,NA,50
"Annual","MALAYSIA_VIET NAM","MALAYSIA","VIET NAM","Within",0.295419666955351,NA,50
"Annual","MALDIVES_MARTINIQUE","MALDIVES","MARTINIQUE","Between",0.0898747795443985,NA,50
"Annual","MALDIVES_MEXICO","MALDIVES","MEXICO","Between",0.23128407906109,NA,50
"Annual","MALDIVES_MYANMAR","MALDIVES","MYANMAR","Between",0.285194774644507,NA,50
"Annual","MALDIVES_NEW CALEDONIA","MALDIVES","NEW CALEDONIA","Within",0.132586489362406,NA,50
"Annual","MALDIVES_NICARAGUA","MALDIVES","NICARAGUA","Between",0.283909493022156,NA,50
"Annual","MALDIVES_PALAU","MALDIVES","PALAU","Between",0.237511367624621,NA,50
"Annual","MALDIVES_PANAMA","MALDIVES","PANAMA","Between",0.252057031585001,NA,50
"Annual","MALDIVES_PARAGUAY","MALDIVES","PARAGUAY","Within",0.185962214050214,NA,50
"Annual","MALDIVES_PERU","MALDIVES","PERU","Within",0.135212224102022,NA,50
"Annual","MALDIVES_PHILIPPINES","MALDIVES","PHILIPPINES","Between",0.268409296162243,NA,50
"Annual","MALDIVES_PUERTO RICO","MALDIVES","PUERTO RICO","Between",0.170118832987038,NA,50
"Annual","MALDIVES_SINGAPORE","MALDIVES","SINGAPORE","Between",0.214663945611249,NA,50
"Annual","MALDIVES_SRI LANKA","MALDIVES","SRI LANKA","Between",0.18484283886718,NA,50
"Annual","MALDIVES_SURINAME","MALDIVES","SURINAME","Between",0.177136350292664,NA,50
"Annual","MALDIVES_TAIWAN","MALDIVES","TAIWAN","Between",0.187248620214541,NA,50
"Annual","MALDIVES_THAILAND","MALDIVES","THAILAND","Between",0.278300615442219,NA,50
"Annual","MALDIVES_TRINIDAD AND TOBAGO","MALDIVES","TRINIDAD AND TOBAGO","Between",0.176260931345404,NA,50
"Annual","MALDIVES_VANUATU","MALDIVES","VANUATU","Within",0.191276589313702,NA,50
"Annual","MALDIVES_VENEZUELA","MALDIVES","VENEZUELA","Between",0.143794427462784,NA,50
"Annual","MALDIVES_VIET NAM","MALDIVES","VIET NAM","Between",0.215792399499792,NA,50
"Annual","MARTINIQUE_MEXICO","MARTINIQUE","MEXICO","Within",0.168508427502811,NA,50
"Annual","MARTINIQUE_MYANMAR","MARTINIQUE","MYANMAR","Within",0.0859264677658686,NA,50
"Annual","MARTINIQUE_NEW CALEDONIA","MARTINIQUE","NEW CALEDONIA","Between",0.193845219155216,NA,50
"Annual","MARTINIQUE_NICARAGUA","MARTINIQUE","NICARAGUA","Within",0.181602477954278,NA,50
"Annual","MARTINIQUE_PALAU","MARTINIQUE","PALAU","Within",0.180042454531802,NA,50
"Annual","MARTINIQUE_PANAMA","MARTINIQUE","PANAMA","Within",0.201024720328055,NA,50
"Annual","MARTINIQUE_PARAGUAY","MARTINIQUE","PARAGUAY","Between",0.243883126964973,NA,50
"Annual","MARTINIQUE_PERU","MARTINIQUE","PERU","Between",0.288977534485043,NA,50
"Annual","MARTINIQUE_PHILIPPINES","MARTINIQUE","PHILIPPINES","Within",0.148290956712505,NA,50
"Annual","MARTINIQUE_PUERTO RICO","MARTINIQUE","PUERTO RICO","Within",0.263493667795715,NA,50
"Annual","MARTINIQUE_SINGAPORE","MARTINIQUE","SINGAPORE","Within",0.135536278161181,NA,50
"Annual","MARTINIQUE_SRI LANKA","MARTINIQUE","SRI LANKA","Within",0.177526532477259,NA,50
"Annual","MARTINIQUE_SURINAME","MARTINIQUE","SURINAME","Within",0.328161124207158,NA,50
"Annual","MARTINIQUE_TAIWAN","MARTINIQUE","TAIWAN","Within",0.179061378632135,NA,50
"Annual","MARTINIQUE_THAILAND","MARTINIQUE","THAILAND","Within",0.0893487684258986,NA,50
"Annual","MARTINIQUE_TRINIDAD AND TOBAGO","MARTINIQUE","TRINIDAD AND TOBAGO","Within",0.270128968261516,NA,50
"Annual","MARTINIQUE_VANUATU","MARTINIQUE","VANUATU","Between",0.152122277453295,NA,50
"Annual","MARTINIQUE_VENEZUELA","MARTINIQUE","VENEZUELA","Within",0.190628096652296,NA,50
"Annual","MARTINIQUE_VIET NAM","MARTINIQUE","VIET NAM","Within",0.185674223100944,NA,50
"Annual","MEXICO_MYANMAR","MEXICO","MYANMAR","Within",0.477702650067448,NA,50
"Annual","MEXICO_NEW CALEDONIA","MEXICO","NEW CALEDONIA","Between",0.052450312106466,NA,50
"Annual","MEXICO_NICARAGUA","MEXICO","NICARAGUA","Within",0.487250678607581,NA,50
"Annual","MEXICO_PALAU","MEXICO","PALAU","Within",0.14370235319749,NA,50
"Annual","MEXICO_PANAMA","MEXICO","PANAMA","Within",0.414190019164655,NA,50
"Annual","MEXICO_PARAGUAY","MEXICO","PARAGUAY","Between",0.0924745187133978,NA,50
"Annual","MEXICO_PERU","MEXICO","PERU","Between",0.056164933438958,NA,50
"Annual","MEXICO_PHILIPPINES","MEXICO","PHILIPPINES","Within",0.514190206280115,NA,50
"Annual","MEXICO_PUERTO RICO","MEXICO","PUERTO RICO","Within",0.316759139455293,NA,50
"Annual","MEXICO_SINGAPORE","MEXICO","SINGAPORE","Within",0.342904913666393,NA,50
"Annual","MEXICO_SRI LANKA","MEXICO","SRI LANKA","Within",0.176077437199729,NA,50
"Annual","MEXICO_SURINAME","MEXICO","SURINAME","Within",0.161971410511981,NA,50
"Annual","MEXICO_TAIWAN","MEXICO","TAIWAN","Within",0.497434543330414,NA,50
"Annual","MEXICO_THAILAND","MEXICO","THAILAND","Within",0.497309288559651,NA,50
"Annual","MEXICO_TRINIDAD AND TOBAGO","MEXICO","TRINIDAD AND TOBAGO","Within",0.484696506406635,NA,50
"Annual","MEXICO_VANUATU","MEXICO","VANUATU","Between",0.0678389708402925,NA,50
"Annual","MEXICO_VENEZUELA","MEXICO","VENEZUELA","Within",0.188736356766426,NA,50
"Annual","MEXICO_VIET NAM","MEXICO","VIET NAM","Within",0.561230659072081,NA,50
"Annual","MYANMAR_NEW CALEDONIA","MYANMAR","NEW CALEDONIA","Between",0.135433534165459,NA,50
"Annual","MYANMAR_NICARAGUA","MYANMAR","NICARAGUA","Within",0.417512180826755,NA,50
"Annual","MYANMAR_PALAU","MYANMAR","PALAU","Within",0.183707120357789,NA,50
"Annual","MYANMAR_PANAMA","MYANMAR","PANAMA","Within",0.316754987950362,NA,50
"Annual","MYANMAR_PARAGUAY","MYANMAR","PARAGUAY","Between",0.0699209994875168,NA,50
"Annual","MYANMAR_PERU","MYANMAR","PERU","Between",0.130450700625043,NA,50
"Annual","MYANMAR_PHILIPPINES","MYANMAR","PHILIPPINES","Within",0.469648619832354,NA,50
"Annual","MYANMAR_PUERTO RICO","MYANMAR","PUERTO RICO","Within",0.233967121136898,NA,50
"Annual","MYANMAR_SINGAPORE","MYANMAR","SINGAPORE","Within",0.412821461941605,NA,50
"Annual","MYANMAR_SRI LANKA","MYANMAR","SRI LANKA","Within",0.176926706414659,NA,50
"Annual","MYANMAR_SURINAME","MYANMAR","SURINAME","Within",0.0887982630891556,NA,50
"Annual","MYANMAR_TAIWAN","MYANMAR","TAIWAN","Within",0.437287001192932,NA,50
"Annual","MYANMAR_THAILAND","MYANMAR","THAILAND","Within",0.625249296252008,NA,50
"Annual","MYANMAR_TRINIDAD AND TOBAGO","MYANMAR","TRINIDAD AND TOBAGO","Within",0.320106828539013,NA,50
"Annual","MYANMAR_VANUATU","MYANMAR","VANUATU","Between",0.154900526365982,NA,50
"Annual","MYANMAR_VENEZUELA","MYANMAR","VENEZUELA","Within",0.14630606961932,NA,50
"Annual","MYANMAR_VIET NAM","MYANMAR","VIET NAM","Within",0.497679738873754,NA,50
"Annual","NEW CALEDONIA_NICARAGUA","NEW CALEDONIA","NICARAGUA","Between",0.073697619167533,NA,50
"Annual","NEW CALEDONIA_PALAU","NEW CALEDONIA","PALAU","Between",0.260465525990329,NA,50
"Annual","NEW CALEDONIA_PANAMA","NEW CALEDONIA","PANAMA","Between",0.0814554201968331,NA,50
"Annual","NEW CALEDONIA_PARAGUAY","NEW CALEDONIA","PARAGUAY","Within",0.259969737252857,NA,50
"Annual","NEW CALEDONIA_PERU","NEW CALEDONIA","PERU","Within",0.316212048443275,NA,50
"Annual","NEW CALEDONIA_PHILIPPINES","NEW CALEDONIA","PHILIPPINES","Between",0.0718945980317322,NA,50
"Annual","NEW CALEDONIA_PUERTO RICO","NEW CALEDONIA","PUERTO RICO","Between",0.155340806893925,NA,50
"Annual","NEW CALEDONIA_SINGAPORE","NEW CALEDONIA","SINGAPORE","Between",0.104459277653281,NA,50
"Annual","NEW CALEDONIA_SRI LANKA","NEW CALEDONIA","SRI LANKA","Between",0.145607982362995,NA,50
"Annual","NEW CALEDONIA_SURINAME","NEW CALEDONIA","SURINAME","Between",0.253523133353238,NA,50
"Annual","NEW CALEDONIA_TAIWAN","NEW CALEDONIA","TAIWAN","Between",0.0820168710280094,NA,50
"Annual","NEW CALEDONIA_THAILAND","NEW CALEDONIA","THAILAND","Between",0.149682918231368,NA,50
"Annual","NEW CALEDONIA_TRINIDAD AND TOBAGO","NEW CALEDONIA","TRINIDAD AND TOBAGO","Between",0.0771988858170095,NA,50
"Annual","NEW CALEDONIA_VANUATU","NEW CALEDONIA","VANUATU","Within",0.39919187809418,NA,50
"Annual","NEW CALEDONIA_VENEZUELA","NEW CALEDONIA","VENEZUELA","Between",0.142166834155741,NA,50
"Annual","NEW CALEDONIA_VIET NAM","NEW CALEDONIA","VIET NAM","Between",0.0690149851780311,NA,50
"Annual","NICARAGUA_PALAU","NICARAGUA","PALAU","Within",0.197918230167652,NA,50
"Annual","NICARAGUA_PANAMA","NICARAGUA","PANAMA","Within",0.414717108266266,NA,50
"Annual","NICARAGUA_PARAGUAY","NICARAGUA","PARAGUAY","Between",0.109768798228644,NA,50
"Annual","NICARAGUA_PERU","NICARAGUA","PERU","Between",0.0689426479165864,NA,50
"Annual","NICARAGUA_PHILIPPINES","NICARAGUA","PHILIPPINES","Within",0.483099574861531,NA,50
"Annual","NICARAGUA_PUERTO RICO","NICARAGUA","PUERTO RICO","Within",0.335830025217142,NA,50
"Annual","NICARAGUA_SINGAPORE","NICARAGUA","SINGAPORE","Within",0.342990986849983,NA,50
"Annual","NICARAGUA_SRI LANKA","NICARAGUA","SRI LANKA","Within",0.22314466148054,NA,50
"Annual","NICARAGUA_SURINAME","NICARAGUA","SURINAME","Within",0.184029612869448,NA,50
"Annual","NICARAGUA_TAIWAN","NICARAGUA","TAIWAN","Within",0.530588366736269,NA,50
"Annual","NICARAGUA_THAILAND","NICARAGUA","THAILAND","Within",0.422749962940392,NA,50
"Annual","NICARAGUA_TRINIDAD AND TOBAGO","NICARAGUA","TRINIDAD AND TOBAGO","Within",0.418558068638023,NA,50
"Annual","NICARAGUA_VANUATU","NICARAGUA","VANUATU","Between",0.11396862181786,NA,50
"Annual","NICARAGUA_VENEZUELA","NICARAGUA","VENEZUELA","Within",0.241367784925145,NA,50
"Annual","NICARAGUA_VIET NAM","NICARAGUA","VIET NAM","Within",0.517552863068559,NA,50
"Annual","PALAU_PANAMA","PALAU","PANAMA","Within",0.15961282182608,NA,50
"Annual","PALAU_PARAGUAY","PALAU","PARAGUAY","Between",0.163977438536916,NA,50
"Annual","PALAU_PERU","PALAU","PERU","Between",0.183082173835056,NA,50
"Annual","PALAU_PHILIPPINES","PALAU","PHILIPPINES","Within",0.182737144185812,NA,50
"Annual","PALAU_PUERTO RICO","PALAU","PUERTO RICO","Within",0.143987575336855,NA,50
"Annual","PALAU_SINGAPORE","PALAU","SINGAPORE","Within",0.168907389051324,NA,50
"Annual","PALAU_SRI LANKA","PALAU","SRI LANKA","Within",0.209565655041475,NA,50
"Annual","PALAU_SURINAME","PALAU","SURINAME","Within",0.262048122580709,NA,50
"Annual","PALAU_TAIWAN","PALAU","TAIWAN","Within",0.184779240547069,NA,50
"Annual","PALAU_THAILAND","PALAU","THAILAND","Within",0.198935388679681,NA,50
"Annual","PALAU_TRINIDAD AND TOBAGO","PALAU","TRINIDAD AND TOBAGO","Within",0.1772211539299,NA,50
"Annual","PALAU_VANUATU","PALAU","VANUATU","Between",0.219386401983317,NA,50
"Annual","PALAU_VENEZUELA","PALAU","VENEZUELA","Within",0.17471361636839,NA,50
"Annual","PALAU_VIET NAM","PALAU","VIET NAM","Within",0.181554498344426,NA,50
"Annual","PANAMA_PARAGUAY","PANAMA","PARAGUAY","Between",0.137755028959925,NA,50
"Annual","PANAMA_PERU","PANAMA","PERU","Between",0.0739386550689303,NA,50
"Annual","PANAMA_PHILIPPINES","PANAMA","PHILIPPINES","Within",0.40316196735591,NA,50
"Annual","PANAMA_PUERTO RICO","PANAMA","PUERTO RICO","Within",0.333625643239584,NA,50
"Annual","PANAMA_SINGAPORE","PANAMA","SINGAPORE","Within",0.265172332297931,NA,50
"Annual","PANAMA_SRI LANKA","PANAMA","SRI LANKA","Within",0.171034447435666,NA,50
"Annual","PANAMA_SURINAME","PANAMA","SURINAME","Within",0.207678662664006,NA,50
"Annual","PANAMA_TAIWAN","PANAMA","TAIWAN","Within",0.401226770355908,NA,50
"Annual","PANAMA_THAILAND","PANAMA","THAILAND","Within",0.326944784398381,NA,50
"Annual","PANAMA_TRINIDAD AND TOBAGO","PANAMA","TRINIDAD AND TOBAGO","Within",0.417414858906183,NA,50
"Annual","PANAMA_VANUATU","PANAMA","VANUATU","Between",0.162732403605687,NA,50
"Annual","PANAMA_VENEZUELA","PANAMA","VENEZUELA","Within",0.235600283614761,NA,50
"Annual","PANAMA_VIET NAM","PANAMA","VIET NAM","Within",0.421419512346197,NA,50
"Annual","PARAGUAY_PERU","PARAGUAY","PERU","Within",0.322679978289168,NA,50
"Annual","PARAGUAY_PHILIPPINES","PARAGUAY","PHILIPPINES","Between",0.0867443001139027,NA,50
"Annual","PARAGUAY_PUERTO RICO","PARAGUAY","PUERTO RICO","Between",0.189103843803176,NA,50
"Annual","PARAGUAY_SINGAPORE","PARAGUAY","SINGAPORE","Between",0.0585354295037339,NA,50
"Annual","PARAGUAY_SRI LANKA","PARAGUAY","SRI LANKA","Between",0.138718400972265,NA,50
"Annual","PARAGUAY_SURINAME","PARAGUAY","SURINAME","Between",0.305576665300813,NA,50
"Annual","PARAGUAY_TAIWAN","PARAGUAY","TAIWAN","Between",0.0911520722636543,NA,50
"Annual","PARAGUAY_THAILAND","PARAGUAY","THAILAND","Between",0.0893620062019118,NA,50
"Annual","PARAGUAY_TRINIDAD AND TOBAGO","PARAGUAY","TRINIDAD AND TOBAGO","Between",0.131284718067838,NA,50
"Annual","PARAGUAY_VANUATU","PARAGUAY","VANUATU","Within",0.207537512745383,NA,50
"Annual","PARAGUAY_VENEZUELA","PARAGUAY","VENEZUELA","Between",0.208509240640546,NA,50
"Annual","PARAGUAY_VIET NAM","PARAGUAY","VIET NAM","Between",0.0823926234697913,NA,50
"Annual","PERU_PHILIPPINES","PERU","PHILIPPINES","Between",0.0624227047994522,NA,50
"Annual","PERU_PUERTO RICO","PERU","PUERTO RICO","Between",0.136986002243067,NA,50
"Annual","PERU_SINGAPORE","PERU","SINGAPORE","Between",0.0998388099284312,NA,50
"Annual","PERU_SRI LANKA","PERU","SRI LANKA","Between",0.168847307990401,NA,50
"Annual","PERU_SURINAME","PERU","SURINAME","Between",0.255336173917591,NA,50
"Annual","PERU_TAIWAN","PERU","TAIWAN","Between",0.0847403641712963,NA,50
"Annual","PERU_THAILAND","PERU","THAILAND","Between",0.13525209784656,NA,50
"Annual","PERU_TRINIDAD AND TOBAGO","PERU","TRINIDAD AND TOBAGO","Between",0.112986801697137,NA,50
"Annual","PERU_VANUATU","PERU","VANUATU","Within",0.260086786187356,NA,50
"Annual","PERU_VENEZUELA","PERU","VENEZUELA","Between",0.181692510870125,NA,50
"Annual","PERU_VIET NAM","PERU","VIET NAM","Between",0.0541099417512997,NA,50
"Annual","PHILIPPINES_PUERTO RICO","PHILIPPINES","PUERTO RICO","Within",0.283984921137463,NA,50
"Annual","PHILIPPINES_SINGAPORE","PHILIPPINES","SINGAPORE","Within",0.419858909252019,NA,50
"Annual","PHILIPPINES_SRI LANKA","PHILIPPINES","SRI LANKA","Within",0.239981701638562,NA,50
"Annual","PHILIPPINES_SURINAME","PHILIPPINES","SURINAME","Within",0.146888523800954,NA,50
"Annual","PHILIPPINES_TAIWAN","PHILIPPINES","TAIWAN","Within",0.490792947912823,NA,50
"Annual","PHILIPPINES_THAILAND","PHILIPPINES","THAILAND","Within",0.49920871734624,NA,50
"Annual","PHILIPPINES_TRINIDAD AND TOBAGO","PHILIPPINES","TRINIDAD AND TOBAGO","Within",0.416810506257978,NA,50
"Annual","PHILIPPINES_VANUATU","PHILIPPINES","VANUATU","Between",0.116928044105075,NA,50
"Annual","PHILIPPINES_VENEZUELA","PHILIPPINES","VENEZUELA","Within",0.20592023644748,NA,50
"Annual","PHILIPPINES_VIET NAM","PHILIPPINES","VIET NAM","Within",0.5734470511494,NA,50
"Annual","PUERTO RICO_SINGAPORE","PUERTO RICO","SINGAPORE","Within",0.237456724408725,NA,50
"Annual","PUERTO RICO_SRI LANKA","PUERTO RICO","SRI LANKA","Within",0.155802559692274,NA,50
"Annual","PUERTO RICO_SURINAME","PUERTO RICO","SURINAME","Within",0.241924505033032,NA,50
"Annual","PUERTO RICO_TAIWAN","PUERTO RICO","TAIWAN","Within",0.369917822629095,NA,50
"Annual","PUERTO RICO_THAILAND","PUERTO RICO","THAILAND","Within",0.226987235298039,NA,50
"Annual","PUERTO RICO_TRINIDAD AND TOBAGO","PUERTO RICO","TRINIDAD AND TOBAGO","Within",0.351635350874816,NA,50
"Annual","PUERTO RICO_VANUATU","PUERTO RICO","VANUATU","Between",0.133407203399815,NA,50
"Annual","PUERTO RICO_VENEZUELA","PUERTO RICO","VENEZUELA","Within",0.241821855802178,NA,50
"Annual","PUERTO RICO_VIET NAM","PUERTO RICO","VIET NAM","Within",0.344568603498489,NA,50
"Annual","SINGAPORE_SRI LANKA","SINGAPORE","SRI LANKA","Within",0.233738472492631,NA,50
"Annual","SINGAPORE_SURINAME","SINGAPORE","SURINAME","Within",0.101074901445645,NA,50
"Annual","SINGAPORE_TAIWAN","SINGAPORE","TAIWAN","Within",0.361155495110412,NA,50
"Annual","SINGAPORE_THAILAND","SINGAPORE","THAILAND","Within",0.467752910518638,NA,50
"Annual","SINGAPORE_TRINIDAD AND TOBAGO","SINGAPORE","TRINIDAD AND TOBAGO","Within",0.327019031329293,NA,50
"Annual","SINGAPORE_VANUATU","SINGAPORE","VANUATU","Between",0.182844201533317,NA,50
"Annual","SINGAPORE_VENEZUELA","SINGAPORE","VENEZUELA","Within",0.192898085354091,NA,50
"Annual","SINGAPORE_VIET NAM","SINGAPORE","VIET NAM","Within",0.447877464503615,NA,50
"Annual","SRI LANKA_SURINAME","SRI LANKA","SURINAME","Within",0.174516018759431,NA,50
"Annual","SRI LANKA_TAIWAN","SRI LANKA","TAIWAN","Within",0.168540264622136,NA,50
"Annual","SRI LANKA_THAILAND","SRI LANKA","THAILAND","Within",0.207584476646467,NA,50
"Annual","SRI LANKA_TRINIDAD AND TOBAGO","SRI LANKA","TRINIDAD AND TOBAGO","Within",0.191342442862819,NA,50
"Annual","SRI LANKA_VANUATU","SRI LANKA","VANUATU","Between",0.169047417885294,NA,50
"Annual","SRI LANKA_VENEZUELA","SRI LANKA","VENEZUELA","Within",0.183067869590541,NA,50
"Annual","SRI LANKA_VIET NAM","SRI LANKA","VIET NAM","Within",0.218506664765781,NA,50
"Annual","SURINAME_TAIWAN","SURINAME","TAIWAN","Within",0.156998062906795,NA,50
"Annual","SURINAME_THAILAND","SURINAME","THAILAND","Within",0.0773252483560027,NA,50
"Annual","SURINAME_TRINIDAD AND TOBAGO","SURINAME","TRINIDAD AND TOBAGO","Within",0.205274489106109,NA,50
"Annual","SURINAME_VANUATU","SURINAME","VANUATU","Between",0.157737205648946,NA,50
"Annual","SURINAME_VENEZUELA","SURINAME","VENEZUELA","Within",0.196285845168791,NA,50
"Annual","SURINAME_VIET NAM","SURINAME","VIET NAM","Within",0.127734040599821,NA,50
"Annual","TAIWAN_THAILAND","TAIWAN","THAILAND","Within",0.455710210308761,NA,50
"Annual","TAIWAN_TRINIDAD AND TOBAGO","TAIWAN","TRINIDAD AND TOBAGO","Within",0.458030834101727,NA,50
"Annual","TAIWAN_VANUATU","TAIWAN","VANUATU","Between",0.141587508720908,NA,50
"Annual","TAIWAN_VENEZUELA","TAIWAN","VENEZUELA","Within",0.255058730721541,NA,50
"Annual","TAIWAN_VIET NAM","TAIWAN","VIET NAM","Within",0.580624737036438,NA,50
"Annual","THAILAND_TRINIDAD AND TOBAGO","THAILAND","TRINIDAD AND TOBAGO","Within",0.367592321451734,NA,50
"Annual","THAILAND_VANUATU","THAILAND","VANUATU","Between",0.162817028773878,NA,50
"Annual","THAILAND_VENEZUELA","THAILAND","VENEZUELA","Within",0.154937997298034,NA,50
"Annual","THAILAND_VIET NAM","THAILAND","VIET NAM","Within",0.574401112004887,NA,50
"Annual","TRINIDAD AND TOBAGO_VANUATU","TRINIDAD AND TOBAGO","VANUATU","Between",0.110817267931644,NA,50
"Annual","TRINIDAD AND TOBAGO_VENEZUELA","TRINIDAD AND TOBAGO","VENEZUELA","Within",0.251826784707624,NA,50
"Annual","TRINIDAD AND TOBAGO_VIET NAM","TRINIDAD AND TOBAGO","VIET NAM","Within",0.498534370096309,NA,50
"Annual","VANUATU_VENEZUELA","VANUATU","VENEZUELA","Between",0.165003089454088,NA,50
"Annual","VANUATU_VIET NAM","VANUATU","VIET NAM","Between",0.0917330303749081,NA,50
"Annual","VENEZUELA_VIET NAM","VENEZUELA","VIET NAM","Within",0.222397946268421,NA,50
"Multiannual","ARGENTINA_AUSTRALIA","ARGENTINA","AUSTRALIA","Within",0.223940906440144,NA,50
"Multiannual","ARGENTINA_BANGLADESH","ARGENTINA","BANGLADESH","Between",0.27010994406274,NA,50
"Multiannual","ARGENTINA_BARBADOS","ARGENTINA","BARBADOS","Between",0.28094272680604,NA,50
"Multiannual","ARGENTINA_BOLIVIA","ARGENTINA","BOLIVIA","Within",0.331956890914738,NA,50
"Multiannual","ARGENTINA_BRAZIL","ARGENTINA","BRAZIL","Within",0.185523650740082,NA,50
"Multiannual","ARGENTINA_CAMBODIA","ARGENTINA","CAMBODIA","Between",0.33993405339976,NA,50
"Multiannual","ARGENTINA_CHINA","ARGENTINA","CHINA","Between",0.191540361256114,NA,50
"Multiannual","ARGENTINA_COLOMBIA","ARGENTINA","COLOMBIA","Between",0.313029668175308,NA,50
"Multiannual","ARGENTINA_COSTA RICA","ARGENTINA","COSTA RICA","Between",0.280305038244753,NA,50
"Multiannual","ARGENTINA_DOMINICAN REPUBLIC","ARGENTINA","DOMINICAN REPUBLIC","Between",0.363635543418779,NA,50
"Multiannual","ARGENTINA_ECUADOR","ARGENTINA","ECUADOR","Within",0.275813974111792,NA,50
"Multiannual","ARGENTINA_EL SALVADOR","ARGENTINA","EL SALVADOR","Between",0.255794474627534,NA,50
"Multiannual","ARGENTINA_FIJI","ARGENTINA","FIJI","Within",0.225908011916701,NA,50
"Multiannual","ARGENTINA_FRENCH GUIANA","ARGENTINA","FRENCH GUIANA","Between",0.347530256269322,NA,50
"Multiannual","ARGENTINA_FRENCH POLYNESIA","ARGENTINA","FRENCH POLYNESIA","Within",0.24687060620804,NA,50
"Multiannual","ARGENTINA_GUADELOUPE","ARGENTINA","GUADELOUPE","Between",0.217539314427013,NA,50
"Multiannual","ARGENTINA_GUATEMALA","ARGENTINA","GUATEMALA","Between",0.329402495574543,NA,50
"Multiannual","ARGENTINA_GUYANA","ARGENTINA","GUYANA","Between",0.373466621967027,NA,50
"Multiannual","ARGENTINA_HONDURAS","ARGENTINA","HONDURAS","Between",0.314318447036969,NA,50
"Multiannual","ARGENTINA_INDIA","ARGENTINA","INDIA","Between",0.145242767062378,NA,50
"Multiannual","ARGENTINA_INDONESIA","ARGENTINA","INDONESIA","Between",0.410652548037333,NA,50
"Multiannual","ARGENTINA_JAMAICA","ARGENTINA","JAMAICA","Between",0.297162199252293,NA,50
"Multiannual","ARGENTINA_LAO PEOPLE'S DEMOCRATIC REPUBLIC","ARGENTINA","LAO PEOPLE'S DEMOCRATIC REPUBLIC","Between",0.16124045673485,NA,50
"Multiannual","ARGENTINA_MALAYSIA","ARGENTINA","MALAYSIA","Between",0.2958911706005,NA,50
"Multiannual","ARGENTINA_MALDIVES","ARGENTINA","MALDIVES","Within",0.321082290556245,NA,50
"Multiannual","ARGENTINA_MARTINIQUE","ARGENTINA","MARTINIQUE","Between",0.207097670842708,NA,50
"Multiannual","ARGENTINA_MEXICO","ARGENTINA","MEXICO","Between",0.333592787651325,NA,50
"Multiannual","ARGENTINA_MYANMAR","ARGENTINA","MYANMAR","Between",0.131940058565372,NA,50
"Multiannual","ARGENTINA_NEW CALEDONIA","ARGENTINA","NEW CALEDONIA","Within",0.209982820401593,NA,50
"Multiannual","ARGENTINA_NICARAGUA","ARGENTINA","NICARAGUA","Between",0.386207165008216,NA,50
"Multiannual","ARGENTINA_PANAMA","ARGENTINA","PANAMA","Between",0.19329356577615,NA,50
"Multiannual","ARGENTINA_PARAGUAY","ARGENTINA","PARAGUAY","Within",0.351288726474704,NA,50
"Multiannual","ARGENTINA_PERU","ARGENTINA","PERU","Within",0.182788797372943,NA,50
"Multiannual","ARGENTINA_PHILIPPINES","ARGENTINA","PHILIPPINES","Between",0.228052179962869,NA,50
"Multiannual","ARGENTINA_PUERTO RICO","ARGENTINA","PUERTO RICO","Between",0.25602104080761,NA,50
"Multiannual","ARGENTINA_SINGAPORE","ARGENTINA","SINGAPORE","Between",0.308057015558213,NA,50
"Multiannual","ARGENTINA_SRI LANKA","ARGENTINA","SRI LANKA","Between",0.215237121806101,NA,50
"Multiannual","ARGENTINA_SURINAME","ARGENTINA","SURINAME","Between",0.316598798776478,NA,50
"Multiannual","ARGENTINA_TAIWAN","ARGENTINA","TAIWAN","Between",0.223026945059752,NA,50
"Multiannual","ARGENTINA_THAILAND","ARGENTINA","THAILAND","Between",0.181874471936224,NA,50
"Multiannual","ARGENTINA_TRINIDAD AND TOBAGO","ARGENTINA","TRINIDAD AND TOBAGO","Between",0.133750318002083,NA,50
"Multiannual","ARGENTINA_VANUATU","ARGENTINA","VANUATU","Within",0.0924699857824437,NA,50
"Multiannual","ARGENTINA_VENEZUELA","ARGENTINA","VENEZUELA","Between",0.162257239183949,NA,50
"Multiannual","ARGENTINA_VIET NAM","ARGENTINA","VIET NAM","Between",0.264826486537392,NA,50
"Multiannual","AUSTRALIA_BANGLADESH","AUSTRALIA","BANGLADESH","Between",0.279090608112561,NA,50
"Multiannual","AUSTRALIA_BARBADOS","AUSTRALIA","BARBADOS","Between",0.177797131644831,NA,50
"Multiannual","AUSTRALIA_BOLIVIA","AUSTRALIA","BOLIVIA","Within",0.236020530989217,NA,50
"Multiannual","AUSTRALIA_BRAZIL","AUSTRALIA","BRAZIL","Within",0.234918662551646,NA,50
"Multiannual","AUSTRALIA_CAMBODIA","AUSTRALIA","CAMBODIA","Between",0.419801177049779,NA,50
"Multiannual","AUSTRALIA_CHINA","AUSTRALIA","CHINA","Between",0.320299994766207,NA,50
"Multiannual","AUSTRALIA_COLOMBIA","AUSTRALIA","COLOMBIA","Between",0.486705000178904,NA,50
"Multiannual","AUSTRALIA_COSTA RICA","AUSTRALIA","COSTA RICA","Between",0.226604057966549,NA,50
"Multiannual","AUSTRALIA_DOMINICAN REPUBLIC","AUSTRALIA","DOMINICAN REPUBLIC","Between",0.470755783708947,NA,50
"Multiannual","AUSTRALIA_ECUADOR","AUSTRALIA","ECUADOR","Within",0.183891838982641,NA,50
"Multiannual","AUSTRALIA_EL SALVADOR","AUSTRALIA","EL SALVADOR","Between",0.344139303327238,NA,50
"Multiannual","AUSTRALIA_FIJI","AUSTRALIA","FIJI","Within",0.269324228355599,NA,50
"Multiannual","AUSTRALIA_FRENCH GUIANA","AUSTRALIA","FRENCH GUIANA","Between",0.268362991852018,NA,50
"Multiannual","AUSTRALIA_FRENCH POLYNESIA","AUSTRALIA","FRENCH POLYNESIA","Within",0.293689836087369,NA,50
"Multiannual","AUSTRALIA_GUADELOUPE","AUSTRALIA","GUADELOUPE","Between",0.29289980779597,NA,50
"Multiannual","AUSTRALIA_GUATEMALA","AUSTRALIA","GUATEMALA","Between",0.283682475418374,NA,50
"Multiannual","AUSTRALIA_GUYANA","AUSTRALIA","GUYANA","Between",0.256404648926617,NA,50
"Multiannual","AUSTRALIA_HONDURAS","AUSTRALIA","HONDURAS","Between",0.349073250622528,NA,50
"Multiannual","AUSTRALIA_INDIA","AUSTRALIA","INDIA","Between",0.26588994261095,NA,50
"Multiannual","AUSTRALIA_INDONESIA","AUSTRALIA","INDONESIA","Between",0.310758751816128,NA,50
"Multiannual","AUSTRALIA_JAMAICA","AUSTRALIA","JAMAICA","Between",0.392059064448601,NA,50
"Multiannual","AUSTRALIA_LAO PEOPLE'S DEMOCRATIC REPUBLIC","AUSTRALIA","LAO PEOPLE'S DEMOCRATIC REPUBLIC","Between",0.364115941732571,NA,50
"Multiannual","AUSTRALIA_MALAYSIA","AUSTRALIA","MALAYSIA","Between",0.421240916522215,NA,50
"Multiannual","AUSTRALIA_MALDIVES","AUSTRALIA","MALDIVES","Within",0.350358279781915,NA,50
"Multiannual","AUSTRALIA_MARTINIQUE","AUSTRALIA","MARTINIQUE","Between",0.274013520033367,NA,50
"Multiannual","AUSTRALIA_MEXICO","AUSTRALIA","MEXICO","Between",0.281198659000691,NA,50
"Multiannual","AUSTRALIA_MYANMAR","AUSTRALIA","MYANMAR","Between",0.203881760922829,NA,50
"Multiannual","AUSTRALIA_NEW CALEDONIA","AUSTRALIA","NEW CALEDONIA","Within",0.271648301156582,NA,50
"Multiannual","AUSTRALIA_NICARAGUA","AUSTRALIA","NICARAGUA","Between",0.383692675284803,NA,50
"Multiannual","AUSTRALIA_PANAMA","AUSTRALIA","PANAMA","Between",0.281116313778434,NA,50
"Multiannual","AUSTRALIA_PARAGUAY","AUSTRALIA","PARAGUAY","Within",0.188335607758822,NA,50
"Multiannual","AUSTRALIA_PERU","AUSTRALIA","PERU","Within",0.172860168369495,NA,50
"Multiannual","AUSTRALIA_PHILIPPINES","AUSTRALIA","PHILIPPINES","Between",0.436631292848731,NA,50
"Multiannual","AUSTRALIA_PUERTO RICO","AUSTRALIA","PUERTO RICO","Between",0.175563765112928,NA,50
"Multiannual","AUSTRALIA_SINGAPORE","AUSTRALIA","SINGAPORE","Between",0.256841875318627,NA,50
"Multiannual","AUSTRALIA_SRI LANKA","AUSTRALIA","SRI LANKA","Between",0.339574785940906,NA,50
"Multiannual","AUSTRALIA_SURINAME","AUSTRALIA","SURINAME","Between",0.250053075651023,NA,50
"Multiannual","AUSTRALIA_TAIWAN","AUSTRALIA","TAIWAN","Between",0.0972952265055589,NA,50
"Multiannual","AUSTRALIA_THAILAND","AUSTRALIA","THAILAND","Between",0.290406568960851,NA,50
"Multiannual","AUSTRALIA_TRINIDAD AND TOBAGO","AUSTRALIA","TRINIDAD AND TOBAGO","Between",0.242570834686478,NA,50
"Multiannual","AUSTRALIA_VANUATU","AUSTRALIA","VANUATU","Within",0.300929148618892,NA,50
"Multiannual","AUSTRALIA_VENEZUELA","AUSTRALIA","VENEZUELA","Between",0.223926500011362,NA,50
"Multiannual","AUSTRALIA_VIET NAM","AUSTRALIA","VIET NAM","Between",0.377240908753023,NA,50
"Multiannual","BANGLADESH_BARBADOS","BANGLADESH","BARBADOS","Within",0.0857238047893517,NA,50
"Multiannual","BANGLADESH_BOLIVIA","BANGLADESH","BOLIVIA","Between",0.189293669250872,NA,50
"Multiannual","BANGLADESH_BRAZIL","BANGLADESH","BRAZIL","Between",0.258312761047414,NA,50
"Multiannual","BANGLADESH_CAMBODIA","BANGLADESH","CAMBODIA","Within",0.279945329707725,NA,50
"Multiannual","BANGLADESH_CHINA","BANGLADESH","CHINA","Within",0.328197659629796,NA,50
"Multiannual","BANGLADESH_COLOMBIA","BANGLADESH","COLOMBIA","Within",0.220957791905224,NA,50
"Multiannual","BANGLADESH_COSTA RICA","BANGLADESH","COSTA RICA","Within",0.279051990675002,NA,50
"Multiannual","BANGLADESH_DOMINICAN REPUBLIC","BANGLADESH","DOMINICAN REPUBLIC","Within",0.26346615832725,NA,50
"Multiannual","BANGLADESH_ECUADOR","BANGLADESH","ECUADOR","Between",0.247168560923041,NA,50
"Multiannual","BANGLADESH_EL SALVADOR","BANGLADESH","EL SALVADOR","Within",0.26024985992697,NA,50
"Multiannual","BANGLADESH_FIJI","BANGLADESH","FIJI","Between",0.0719768287514583,NA,50
"Multiannual","BANGLADESH_FRENCH GUIANA","BANGLADESH","FRENCH GUIANA","Within",0.183635765064874,NA,50
"Multiannual","BANGLADESH_FRENCH POLYNESIA","BANGLADESH","FRENCH POLYNESIA","Between",0.216680729014256,NA,50
"Multiannual","BANGLADESH_GUADELOUPE","BANGLADESH","GUADELOUPE","Within",0.24271126425226,NA,50
"Multiannual","BANGLADESH_GUATEMALA","BANGLADESH","GUATEMALA","Within",0.246734180642571,NA,50
"Multiannual","BANGLADESH_GUYANA","BANGLADESH","GUYANA","Within",0.230617157509498,NA,50
"Multiannual","BANGLADESH_HONDURAS","BANGLADESH","HONDURAS","Within",0.231247463205919,NA,50
"Multiannual","BANGLADESH_INDIA","BANGLADESH","INDIA","Within",0.259694678574177,NA,50
"Multiannual","BANGLADESH_INDONESIA","BANGLADESH","INDONESIA","Within",0.252716824826767,NA,50
"Multiannual","BANGLADESH_JAMAICA","BANGLADESH","JAMAICA","Within",0.24116491911979,NA,50
"Multiannual","BANGLADESH_LAO PEOPLE'S DEMOCRATIC REPUBLIC","BANGLADESH","LAO PEOPLE'S DEMOCRATIC REPUBLIC","Within",0.270772615330492,NA,50
"Multiannual","BANGLADESH_MALAYSIA","BANGLADESH","MALAYSIA","Within",0.224615329216066,NA,50
"Multiannual","BANGLADESH_MALDIVES","BANGLADESH","MALDIVES","Between",0.363232384261521,NA,50
"Multiannual","BANGLADESH_MARTINIQUE","BANGLADESH","MARTINIQUE","Within",0.241542039631497,NA,50
"Multiannual","BANGLADESH_MEXICO","BANGLADESH","MEXICO","Within",0.312893670172149,NA,50
"Multiannual","BANGLADESH_MYANMAR","BANGLADESH","MYANMAR","Within",0.110131804159693,NA,50
"Multiannual","BANGLADESH_NEW CALEDONIA","BANGLADESH","NEW CALEDONIA","Between",0.0712731986713703,NA,50
"Multiannual","BANGLADESH_NICARAGUA","BANGLADESH","NICARAGUA","Within",0.342235727272156,NA,50
"Multiannual","BANGLADESH_PANAMA","BANGLADESH","PANAMA","Within",0.357810411064707,NA,50
"Multiannual","BANGLADESH_PARAGUAY","BANGLADESH","PARAGUAY","Between",0.471028002165304,NA,50
"Multiannual","BANGLADESH_PERU","BANGLADESH","PERU","Between",0.293634426612183,NA,50
"Multiannual","BANGLADESH_PHILIPPINES","BANGLADESH","PHILIPPINES","Within",0.280579196925167,NA,50
"Multiannual","BANGLADESH_PUERTO RICO","BANGLADESH","PUERTO RICO","Within",0.0789435407403764,NA,50
"Multiannual","BANGLADESH_SINGAPORE","BANGLADESH","SINGAPORE","Within",0.207551265610275,NA,50
"Multiannual","BANGLADESH_SRI LANKA","BANGLADESH","SRI LANKA","Within",0.397945816996113,NA,50
"Multiannual","BANGLADESH_SURINAME","BANGLADESH","SURINAME","Within",0.24913252490206,NA,50
"Multiannual","BANGLADESH_TAIWAN","BANGLADESH","TAIWAN","Within",0.233789062159697,NA,50
"Multiannual","BANGLADESH_THAILAND","BANGLADESH","THAILAND","Within",0.233283942199938,NA,50
"Multiannual","BANGLADESH_TRINIDAD AND TOBAGO","BANGLADESH","TRINIDAD AND TOBAGO","Within",0.114460783069929,NA,50
"Multiannual","BANGLADESH_VANUATU","BANGLADESH","VANUATU","Between",0.0565309682165124,NA,50
"Multiannual","BANGLADESH_VENEZUELA","BANGLADESH","VENEZUELA","Within",0.0936710865481493,NA,50
"Multiannual","BANGLADESH_VIET NAM","BANGLADESH","VIET NAM","Within",0.217649699824861,NA,50
"Multiannual","BARBADOS_BOLIVIA","BARBADOS","BOLIVIA","Between",0.173801117761052,NA,50
"Multiannual","BARBADOS_BRAZIL","BARBADOS","BRAZIL","Between",0.230238210757962,NA,50
"Multiannual","BARBADOS_CAMBODIA","BARBADOS","CAMBODIA","Within",0.262861346774329,NA,50
"Multiannual","BARBADOS_CHINA","BARBADOS","CHINA","Within",0.222735526706575,NA,50
"Multiannual","BARBADOS_COLOMBIA","BARBADOS","COLOMBIA","Within",0.357055198465566,NA,50
"Multiannual","BARBADOS_COSTA RICA","BARBADOS","COSTA RICA","Within",0.250968634157071,NA,50
"Multiannual","BARBADOS_DOMINICAN REPUBLIC","BARBADOS","DOMINICAN REPUBLIC","Within",0.274572630789461,NA,50
"Multiannual","BARBADOS_ECUADOR","BARBADOS","ECUADOR","Between",0.284812346313207,NA,50
"Multiannual","BARBADOS_EL SALVADOR","BARBADOS","EL SALVADOR","Within",0.255846672982948,NA,50
"Multiannual","BARBADOS_FIJI","BARBADOS","FIJI","Between",0.196150333409836,NA,50
"Multiannual","BARBADOS_FRENCH GUIANA","BARBADOS","FRENCH GUIANA","Within",0.381265641701135,NA,50
"Multiannual","BARBADOS_FRENCH POLYNESIA","BARBADOS","FRENCH POLYNESIA","Between",0.221961207090406,NA,50
"Multiannual","BARBADOS_GUADELOUPE","BARBADOS","GUADELOUPE","Within",0.348253837830001,NA,50
"Multiannual","BARBADOS_GUATEMALA","BARBADOS","GUATEMALA","Within",0.277003990253867,NA,50
"Multiannual","BARBADOS_GUYANA","BARBADOS","GUYANA","Within",0.17650644660465,NA,50
"Multiannual","BARBADOS_HONDURAS","BARBADOS","HONDURAS","Within",0.350034554138668,NA,50
"Multiannual","BARBADOS_INDIA","BARBADOS","INDIA","Within",0.201005269571266,NA,50
"Multiannual","BARBADOS_INDONESIA","BARBADOS","INDONESIA","Within",0.282569697993837,NA,50
"Multiannual","BARBADOS_JAMAICA","BARBADOS","JAMAICA","Within",0.359560426050686,NA,50
"Multiannual","BARBADOS_LAO PEOPLE'S DEMOCRATIC REPUBLIC","BARBADOS","LAO PEOPLE'S DEMOCRATIC REPUBLIC","Within",0.292891161525656,NA,50
"Multiannual","BARBADOS_MALAYSIA","BARBADOS","MALAYSIA","Within",0.252148218757303,NA,50
"Multiannual","BARBADOS_MALDIVES","BARBADOS","MALDIVES","Between",0.139659188467614,NA,50
"Multiannual","BARBADOS_MARTINIQUE","BARBADOS","MARTINIQUE","Within",0.383310495698091,NA,50
"Multiannual","BARBADOS_MEXICO","BARBADOS","MEXICO","Within",0.269252258592679,NA,50
"Multiannual","BARBADOS_MYANMAR","BARBADOS","MYANMAR","Within",0.184468159355882,NA,50
"Multiannual","BARBADOS_NEW CALEDONIA","BARBADOS","NEW CALEDONIA","Between",0.247469754739859,NA,50
"Multiannual","BARBADOS_NICARAGUA","BARBADOS","NICARAGUA","Within",0.37636432242766,NA,50
"Multiannual","BARBADOS_PANAMA","BARBADOS","PANAMA","Within",0.184841130012273,NA,50
"Multiannual","BARBADOS_PARAGUAY","BARBADOS","PARAGUAY","Between",0.113071670845102,NA,50
"Multiannual","BARBADOS_PERU","BARBADOS","PERU","Between",0.221651684604774,NA,50
"Multiannual","BARBADOS_PHILIPPINES","BARBADOS","PHILIPPINES","Within",0.130498271565825,NA,50
"Multiannual","BARBADOS_PUERTO RICO","BARBADOS","PUERTO RICO","Within",0.302963619753657,NA,50
"Multiannual","BARBADOS_SINGAPORE","BARBADOS","SINGAPORE","Within",0.306473488346859,NA,50
"Multiannual","BARBADOS_SRI LANKA","BARBADOS","SRI LANKA","Within",0.121731145970774,NA,50
"Multiannual","BARBADOS_SURINAME","BARBADOS","SURINAME","Within",0.292381005178848,NA,50
"Multiannual","BARBADOS_TAIWAN","BARBADOS","TAIWAN","Within",0.159331918833506,NA,50
"Multiannual","BARBADOS_THAILAND","BARBADOS","THAILAND","Within",0.234986781282238,NA,50
"Multiannual","BARBADOS_TRINIDAD AND TOBAGO","BARBADOS","TRINIDAD AND TOBAGO","Within",0.374160760069292,NA,50
"Multiannual","BARBADOS_VANUATU","BARBADOS","VANUATU","Between",0.271624481130567,NA,50
"Multiannual","BARBADOS_VENEZUELA","BARBADOS","VENEZUELA","Within",0.269446762242896,NA,50
"Multiannual","BARBADOS_VIET NAM","BARBADOS","VIET NAM","Within",0.209860018229376,NA,50
"Multiannual","BOLIVIA_BRAZIL","BOLIVIA","BRAZIL","Within",0.271007419232439,NA,50
"Multiannual","BOLIVIA_CAMBODIA","BOLIVIA","CAMBODIA","Between",0.257603530356067,NA,50
"Multiannual","BOLIVIA_CHINA","BOLIVIA","CHINA","Between",0.163638653116501,NA,50
"Multiannual","BOLIVIA_COLOMBIA","BOLIVIA","COLOMBIA","Between",0.203350793363128,NA,50
"Multiannual","BOLIVIA_COSTA RICA","BOLIVIA","COSTA RICA","Between",0.269032184551298,NA,50
"Multiannual","BOLIVIA_DOMINICAN REPUBLIC","BOLIVIA","DOMINICAN REPUBLIC","Between",0.2463828879232,NA,50
"Multiannual","BOLIVIA_ECUADOR","BOLIVIA","ECUADOR","Within",0.268822463194273,NA,50
"Multiannual","BOLIVIA_EL SALVADOR","BOLIVIA","EL SALVADOR","Between",0.234566298680387,NA,50
"Multiannual","BOLIVIA_FIJI","BOLIVIA","FIJI","Within",0.182990171721054,NA,50
"Multiannual","BOLIVIA_FRENCH GUIANA","BOLIVIA","FRENCH GUIANA","Between",0.179162686145038,NA,50
"Multiannual","BOLIVIA_FRENCH POLYNESIA","BOLIVIA","FRENCH POLYNESIA","Within",0.192067999522081,NA,50
"Multiannual","BOLIVIA_GUADELOUPE","BOLIVIA","GUADELOUPE","Between",0.16524506472381,NA,50
"Multiannual","BOLIVIA_GUATEMALA","BOLIVIA","GUATEMALA","Between",0.327819160776237,NA,50
"Multiannual","BOLIVIA_GUYANA","BOLIVIA","GUYANA","Between",0.189606771372205,NA,50
"Multiannual","BOLIVIA_HONDURAS","BOLIVIA","HONDURAS","Between",0.237153649370126,NA,50
"Multiannual","BOLIVIA_INDIA","BOLIVIA","INDIA","Between",0.158136856465193,NA,50
"Multiannual","BOLIVIA_INDONESIA","BOLIVIA","INDONESIA","Between",0.267555605767622,NA,50
"Multiannual","BOLIVIA_JAMAICA","BOLIVIA","JAMAICA","Between",0.151405819437275,NA,50
"Multiannual","BOLIVIA_LAO PEOPLE'S DEMOCRATIC REPUBLIC","BOLIVIA","LAO PEOPLE'S DEMOCRATIC REPUBLIC","Between",0.192176016722105,NA,50
"Multiannual","BOLIVIA_MALAYSIA","BOLIVIA","MALAYSIA","Between",0.2841663952961,NA,50
"Multiannual","BOLIVIA_MALDIVES","BOLIVIA","MALDIVES","Within",0.219075652123161,NA,50
"Multiannual","BOLIVIA_MARTINIQUE","BOLIVIA","MARTINIQUE","Between",0.167904257113422,NA,50
"Multiannual","BOLIVIA_MEXICO","BOLIVIA","MEXICO","Between",0.28922040348876,NA,50
"Multiannual","BOLIVIA_MYANMAR","BOLIVIA","MYANMAR","Between",0.281339240154178,NA,50
"Multiannual","BOLIVIA_NEW CALEDONIA","BOLIVIA","NEW CALEDONIA","Within",0.134991716858528,NA,50
"Multiannual","BOLIVIA_NICARAGUA","BOLIVIA","NICARAGUA","Between",0.303420384209421,NA,50
"Multiannual","BOLIVIA_PANAMA","BOLIVIA","PANAMA","Between",0.324496229532376,NA,50
"Multiannual","BOLIVIA_PARAGUAY","BOLIVIA","PARAGUAY","Within",0.189820485939618,NA,50
"Multiannual","BOLIVIA_PERU","BOLIVIA","PERU","Within",0.176034677195575,NA,50
"Multiannual","BOLIVIA_PHILIPPINES","BOLIVIA","PHILIPPINES","Between",0.231764041902415,NA,50
"Multiannual","BOLIVIA_PUERTO RICO","BOLIVIA","PUERTO RICO","Between",0.309107268371346,NA,50
"Multiannual","BOLIVIA_SINGAPORE","BOLIVIA","SINGAPORE","Between",0.336442354812085,NA,50
"Multiannual","BOLIVIA_SRI LANKA","BOLIVIA","SRI LANKA","Between",0.252378316895794,NA,50
"Multiannual","BOLIVIA_SURINAME","BOLIVIA","SURINAME","Between",0.250009000386504,NA,50
"Multiannual","BOLIVIA_TAIWAN","BOLIVIA","TAIWAN","Between",0.208791436987371,NA,50
"Multiannual","BOLIVIA_THAILAND","BOLIVIA","THAILAND","Between",0.249566769253272,NA,50
"Multiannual","BOLIVIA_TRINIDAD AND TOBAGO","BOLIVIA","TRINIDAD AND TOBAGO","Between",0.131297129850841,NA,50
"Multiannual","BOLIVIA_VANUATU","BOLIVIA","VANUATU","Within",0.168567668944669,NA,50
"Multiannual","BOLIVIA_VENEZUELA","BOLIVIA","VENEZUELA","Between",0.187155923244611,NA,50
"Multiannual","BOLIVIA_VIET NAM","BOLIVIA","VIET NAM","Between",0.267835652570099,NA,50
"Multiannual","BRAZIL_CAMBODIA","BRAZIL","CAMBODIA","Between",0.271234853695575,NA,50
"Multiannual","BRAZIL_CHINA","BRAZIL","CHINA","Between",0.299988755997683,NA,50
"Multiannual","BRAZIL_COLOMBIA","BRAZIL","COLOMBIA","Between",0.377676449083548,NA,50
"Multiannual","BRAZIL_COSTA RICA","BRAZIL","COSTA RICA","Between",0.419052016155433,NA,50
"Multiannual","BRAZIL_DOMINICAN REPUBLIC","BRAZIL","DOMINICAN REPUBLIC","Between",0.320206508184379,NA,50
"Multiannual","BRAZIL_ECUADOR","BRAZIL","ECUADOR","Within",0.369808167145654,NA,50
"Multiannual","BRAZIL_EL SALVADOR","BRAZIL","EL SALVADOR","Between",0.383414223121642,NA,50
"Multiannual","BRAZIL_FIJI","BRAZIL","FIJI","Within",0.107386747073658,NA,50
"Multiannual","BRAZIL_FRENCH GUIANA","BRAZIL","FRENCH GUIANA","Between",0.224612819145512,NA,50
"Multiannual","BRAZIL_FRENCH POLYNESIA","BRAZIL","FRENCH POLYNESIA","Within",0.288436465532128,NA,50
"Multiannual","BRAZIL_GUADELOUPE","BRAZIL","GUADELOUPE","Between",0.269296470522732,NA,50
"Multiannual","BRAZIL_GUATEMALA","BRAZIL","GUATEMALA","Between",0.423895104233733,NA,50
"Multiannual","BRAZIL_GUYANA","BRAZIL","GUYANA","Between",0.305613292906986,NA,50
"Multiannual","BRAZIL_HONDURAS","BRAZIL","HONDURAS","Between",0.373177555130403,NA,50
"Multiannual","BRAZIL_INDIA","BRAZIL","INDIA","Between",0.278703241832083,NA,50
"Multiannual","BRAZIL_INDONESIA","BRAZIL","INDONESIA","Between",0.35525958451845,NA,50
"Multiannual","BRAZIL_JAMAICA","BRAZIL","JAMAICA","Between",0.33596016403758,NA,50
"Multiannual","BRAZIL_LAO PEOPLE'S DEMOCRATIC REPUBLIC","BRAZIL","LAO PEOPLE'S DEMOCRATIC REPUBLIC","Between",0.289583148879268,NA,50
"Multiannual","BRAZIL_MALAYSIA","BRAZIL","MALAYSIA","Between",0.306037628067132,NA,50
"Multiannual","BRAZIL_MALDIVES","BRAZIL","MALDIVES","Within",0.254314684805529,NA,50
"Multiannual","BRAZIL_MARTINIQUE","BRAZIL","MARTINIQUE","Between",0.301232653792239,NA,50
"Multiannual","BRAZIL_MEXICO","BRAZIL","MEXICO","Between",0.298345602026628,NA,50
"Multiannual","BRAZIL_MYANMAR","BRAZIL","MYANMAR","Between",0.282409160209491,NA,50
"Multiannual","BRAZIL_NEW CALEDONIA","BRAZIL","NEW CALEDONIA","Within",0.128813728013409,NA,50
"Multiannual","BRAZIL_NICARAGUA","BRAZIL","NICARAGUA","Between",0.297996544148094,NA,50
"Multiannual","BRAZIL_PANAMA","BRAZIL","PANAMA","Between",0.377549481548097,NA,50
"Multiannual","BRAZIL_PARAGUAY","BRAZIL","PARAGUAY","Within",0.277006060916334,NA,50
"Multiannual","BRAZIL_PERU","BRAZIL","PERU","Within",0.19506332171751,NA,50
"Multiannual","BRAZIL_PHILIPPINES","BRAZIL","PHILIPPINES","Between",0.343667036649475,NA,50
"Multiannual","BRAZIL_PUERTO RICO","BRAZIL","PUERTO RICO","Between",0.224639603915332,NA,50
"Multiannual","BRAZIL_SINGAPORE","BRAZIL","SINGAPORE","Between",0.277999426574683,NA,50
"Multiannual","BRAZIL_SRI LANKA","BRAZIL","SRI LANKA","Between",0.222337581624513,NA,50
"Multiannual","BRAZIL_SURINAME","BRAZIL","SURINAME","Between",0.201299632230693,NA,50
"Multiannual","BRAZIL_TAIWAN","BRAZIL","TAIWAN","Between",0.422223290375954,NA,50
"Multiannual","BRAZIL_THAILAND","BRAZIL","THAILAND","Between",0.332317256021582,NA,50
"Multiannual","BRAZIL_TRINIDAD AND TOBAGO","BRAZIL","TRINIDAD AND TOBAGO","Between",0.217900488475954,NA,50
"Multiannual","BRAZIL_VANUATU","BRAZIL","VANUATU","Within",0.1352616641386,NA,50
"Multiannual","BRAZIL_VENEZUELA","BRAZIL","VENEZUELA","Between",0.269558592486406,NA,50
"Multiannual","BRAZIL_VIET NAM","BRAZIL","VIET NAM","Between",0.23970620312073,NA,50
"Multiannual","CAMBODIA_CHINA","CAMBODIA","CHINA","Within",0.284034640997811,NA,50
"Multiannual","CAMBODIA_COLOMBIA","CAMBODIA","COLOMBIA","Within",0.408685378771438,NA,50
"Multiannual","CAMBODIA_COSTA RICA","CAMBODIA","COSTA RICA","Within",0.223041687087885,NA,50
"Multiannual","CAMBODIA_DOMINICAN REPUBLIC","CAMBODIA","DOMINICAN REPUBLIC","Within",0.445017712936504,NA,50
"Multiannual","CAMBODIA_ECUADOR","CAMBODIA","ECUADOR","Between",0.17445484815606,NA,50
"Multiannual","CAMBODIA_EL SALVADOR","CAMBODIA","EL SALVADOR","Within",0.256642559601301,NA,50
"Multiannual","CAMBODIA_FIJI","CAMBODIA","FIJI","Between",0.311664404980672,NA,50
"Multiannual","CAMBODIA_FRENCH GUIANA","CAMBODIA","FRENCH GUIANA","Within",0.275999815657515,NA,50
"Multiannual","CAMBODIA_FRENCH POLYNESIA","CAMBODIA","FRENCH POLYNESIA","Between",0.33896154908687,NA,50
"Multiannual","CAMBODIA_GUADELOUPE","CAMBODIA","GUADELOUPE","Within",0.285878478316169,NA,50
"Multiannual","CAMBODIA_GUATEMALA","CAMBODIA","GUATEMALA","Within",0.23313142201217,NA,50
"Multiannual","CAMBODIA_GUYANA","CAMBODIA","GUYANA","Within",0.265698171759119,NA,50
"Multiannual","CAMBODIA_HONDURAS","CAMBODIA","HONDURAS","Within",0.272491086668767,NA,50
"Multiannual","CAMBODIA_INDIA","CAMBODIA","INDIA","Within",0.257721508135305,NA,50
"Multiannual","CAMBODIA_INDONESIA","CAMBODIA","INDONESIA","Within",0.340983730402787,NA,50
"Multiannual","CAMBODIA_JAMAICA","CAMBODIA","JAMAICA","Within",0.495926538789226,NA,50
"Multiannual","CAMBODIA_LAO PEOPLE'S DEMOCRATIC REPUBLIC","CAMBODIA","LAO PEOPLE'S DEMOCRATIC REPUBLIC","Within",0.409098025448788,NA,50
"Multiannual","CAMBODIA_MALAYSIA","CAMBODIA","MALAYSIA","Within",0.359005277502631,NA,50
"Multiannual","CAMBODIA_MALDIVES","CAMBODIA","MALDIVES","Between",0.337299596124423,NA,50
"Multiannual","CAMBODIA_MARTINIQUE","CAMBODIA","MARTINIQUE","Within",0.389804279507951,NA,50
"Multiannual","CAMBODIA_MEXICO","CAMBODIA","MEXICO","Within",0.355739534003797,NA,50
"Multiannual","CAMBODIA_MYANMAR","CAMBODIA","MYANMAR","Within",0.167382338114011,NA,50
"Multiannual","CAMBODIA_NEW CALEDONIA","CAMBODIA","NEW CALEDONIA","Between",0.342494978232096,NA,50
"Multiannual","CAMBODIA_NICARAGUA","CAMBODIA","NICARAGUA","Within",0.317162434742502,NA,50
"Multiannual","CAMBODIA_PANAMA","CAMBODIA","PANAMA","Within",0.191506816255462,NA,50
"Multiannual","CAMBODIA_PARAGUAY","CAMBODIA","PARAGUAY","Between",0.186585797814766,NA,50
"Multiannual","CAMBODIA_PERU","CAMBODIA","PERU","Between",0.195556390919567,NA,50
"Multiannual","CAMBODIA_PHILIPPINES","CAMBODIA","PHILIPPINES","Within",0.374280911736956,NA,50
"Multiannual","CAMBODIA_PUERTO RICO","CAMBODIA","PUERTO RICO","Within",0.190994878806586,NA,50
"Multiannual","CAMBODIA_SINGAPORE","CAMBODIA","SINGAPORE","Within",0.358011048148434,NA,50
"Multiannual","CAMBODIA_SRI LANKA","CAMBODIA","SRI LANKA","Within",0.231230473157316,NA,50
"Multiannual","CAMBODIA_SURINAME","CAMBODIA","SURINAME","Within",0.356548480344782,NA,50
"Multiannual","CAMBODIA_TAIWAN","CAMBODIA","TAIWAN","Within",0.285809827936034,NA,50
"Multiannual","CAMBODIA_THAILAND","CAMBODIA","THAILAND","Within",0.439948915906026,NA,50
"Multiannual","CAMBODIA_TRINIDAD AND TOBAGO","CAMBODIA","TRINIDAD AND TOBAGO","Within",0.198594533020704,NA,50
"Multiannual","CAMBODIA_VANUATU","CAMBODIA","VANUATU","Between",0.142494307915728,NA,50
"Multiannual","CAMBODIA_VENEZUELA","CAMBODIA","VENEZUELA","Within",0.186279509934654,NA,50
"Multiannual","CAMBODIA_VIET NAM","CAMBODIA","VIET NAM","Within",0.509345634259186,NA,50
"Multiannual","CHINA_COLOMBIA","CHINA","COLOMBIA","Within",0.34462084356873,NA,50
"Multiannual","CHINA_COSTA RICA","CHINA","COSTA RICA","Within",0.200732989563565,NA,50
"Multiannual","CHINA_DOMINICAN REPUBLIC","CHINA","DOMINICAN REPUBLIC","Within",0.302689892107949,NA,50
"Multiannual","CHINA_ECUADOR","CHINA","ECUADOR","Between",0.201085917654861,NA,50
"Multiannual","CHINA_EL SALVADOR","CHINA","EL SALVADOR","Within",0.347134745297265,NA,50
"Multiannual","CHINA_FIJI","CHINA","FIJI","Between",0.202514305084955,NA,50
"Multiannual","CHINA_FRENCH GUIANA","CHINA","FRENCH GUIANA","Within",0.183826181882096,NA,50
"Multiannual","CHINA_FRENCH POLYNESIA","CHINA","FRENCH POLYNESIA","Between",0.191371842347585,NA,50
"Multiannual","CHINA_GUADELOUPE","CHINA","GUADELOUPE","Within",0.351132451882059,NA,50
"Multiannual","CHINA_GUATEMALA","CHINA","GUATEMALA","Within",0.372329335653285,NA,50
"Multiannual","CHINA_GUYANA","CHINA","GUYANA","Within",0.243233042611309,NA,50
"Multiannual","CHINA_HONDURAS","CHINA","HONDURAS","Within",0.420117397598766,NA,50
"Multiannual","CHINA_INDIA","CHINA","INDIA","Within",0.228834442844372,NA,50
"Multiannual","CHINA_INDONESIA","CHINA","INDONESIA","Within",0.23316297189756,NA,50
"Multiannual","CHINA_JAMAICA","CHINA","JAMAICA","Within",0.374348455447092,NA,50
"Multiannual","CHINA_LAO PEOPLE'S DEMOCRATIC REPUBLIC","CHINA","LAO PEOPLE'S DEMOCRATIC REPUBLIC","Within",0.342028824179644,NA,50
"Multiannual","CHINA_MALAYSIA","CHINA","MALAYSIA","Within",0.325218894338708,NA,50
"Multiannual","CHINA_MALDIVES","CHINA","MALDIVES","Between",0.233386599361168,NA,50
"Multiannual","CHINA_MARTINIQUE","CHINA","MARTINIQUE","Within",0.222125742432656,NA,50
"Multiannual","CHINA_MEXICO","CHINA","MEXICO","Within",0.302837789924628,NA,50
"Multiannual","CHINA_MYANMAR","CHINA","MYANMAR","Within",0.269178451931737,NA,50
"Multiannual","CHINA_NEW CALEDONIA","CHINA","NEW CALEDONIA","Between",0.288230508162968,NA,50
"Multiannual","CHINA_NICARAGUA","CHINA","NICARAGUA","Within",0.303766201810896,NA,50
"Multiannual","CHINA_PANAMA","CHINA","PANAMA","Within",0.33744312777319,NA,50
"Multiannual","CHINA_PARAGUAY","CHINA","PARAGUAY","Between",0.282184064061808,NA,50
"Multiannual","CHINA_PERU","CHINA","PERU","Between",0.150852306559839,NA,50
"Multiannual","CHINA_PHILIPPINES","CHINA","PHILIPPINES","Within",0.221197601514605,NA,50
"Multiannual","CHINA_PUERTO RICO","CHINA","PUERTO RICO","Within",0.173152178399436,NA,50
"Multiannual","CHINA_SINGAPORE","CHINA","SINGAPORE","Within",0.201940321363744,NA,50
"Multiannual","CHINA_SRI LANKA","CHINA","SRI LANKA","Within",0.293578628938102,NA,50
"Multiannual","CHINA_SURINAME","CHINA","SURINAME","Within",0.25451196646925,NA,50
"Multiannual","CHINA_TAIWAN","CHINA","TAIWAN","Within",0.384155623325027,NA,50
"Multiannual","CHINA_THAILAND","CHINA","THAILAND","Within",0.351078997114538,NA,50
"Multiannual","CHINA_TRINIDAD AND TOBAGO","CHINA","TRINIDAD AND TOBAGO","Within",0.21180141696182,NA,50
"Multiannual","CHINA_VANUATU","CHINA","VANUATU","Between",0.243390080251576,NA,50
"Multiannual","CHINA_VENEZUELA","CHINA","VENEZUELA","Within",0.219603833218593,NA,50
"Multiannual","CHINA_VIET NAM","CHINA","VIET NAM","Within",0.204699739216466,NA,50
"Multiannual","COLOMBIA_COSTA RICA","COLOMBIA","COSTA RICA","Within",0.27765324925079,NA,50
"Multiannual","COLOMBIA_DOMINICAN REPUBLIC","COLOMBIA","DOMINICAN REPUBLIC","Within",0.548735896539491,NA,50
"Multiannual","COLOMBIA_ECUADOR","COLOMBIA","ECUADOR","Between",0.244564865580611,NA,50
"Multiannual","COLOMBIA_EL SALVADOR","COLOMBIA","EL SALVADOR","Within",0.323850156557487,NA,50
"Multiannual","COLOMBIA_FIJI","COLOMBIA","FIJI","Between",0.178492528867425,NA,50
"Multiannual","COLOMBIA_FRENCH GUIANA","COLOMBIA","FRENCH GUIANA","Within",0.309826763925793,NA,50
"Multiannual","COLOMBIA_FRENCH POLYNESIA","COLOMBIA","FRENCH POLYNESIA","Between",0.394233523994499,NA,50
"Multiannual","COLOMBIA_GUADELOUPE","COLOMBIA","GUADELOUPE","Within",0.401212278926492,NA,50
"Multiannual","COLOMBIA_GUATEMALA","COLOMBIA","GUATEMALA","Within",0.411138796202889,NA,50
"Multiannual","COLOMBIA_GUYANA","COLOMBIA","GUYANA","Within",0.318193065728384,NA,50
"Multiannual","COLOMBIA_HONDURAS","COLOMBIA","HONDURAS","Within",0.47874391554888,NA,50
"Multiannual","COLOMBIA_INDIA","COLOMBIA","INDIA","Within",0.245619212194822,NA,50
"Multiannual","COLOMBIA_INDONESIA","COLOMBIA","INDONESIA","Within",0.483677133308501,NA,50
"Multiannual","COLOMBIA_JAMAICA","COLOMBIA","JAMAICA","Within",0.486917936139193,NA,50
"Multiannual","COLOMBIA_LAO PEOPLE'S DEMOCRATIC REPUBLIC","COLOMBIA","LAO PEOPLE'S DEMOCRATIC REPUBLIC","Within",0.347005834551289,NA,50
"Multiannual","COLOMBIA_MALAYSIA","COLOMBIA","MALAYSIA","Within",0.453485938836106,NA,50
"Multiannual","COLOMBIA_MALDIVES","COLOMBIA","MALDIVES","Between",0.209773517002963,NA,50
"Multiannual","COLOMBIA_MARTINIQUE","COLOMBIA","MARTINIQUE","Within",0.400203753308568,NA,50
"Multiannual","COLOMBIA_MEXICO","COLOMBIA","MEXICO","Within",0.431258749790178,NA,50
"Multiannual","COLOMBIA_MYANMAR","COLOMBIA","MYANMAR","Within",0.181915853053478,NA,50
"Multiannual","COLOMBIA_NEW CALEDONIA","COLOMBIA","NEW CALEDONIA","Between",0.244844278788004,NA,50
"Multiannual","COLOMBIA_NICARAGUA","COLOMBIA","NICARAGUA","Within",0.361560430677683,NA,50
"Multiannual","COLOMBIA_PANAMA","COLOMBIA","PANAMA","Within",0.269967406365607,NA,50
"Multiannual","COLOMBIA_PARAGUAY","COLOMBIA","PARAGUAY","Between",0.217509707749373,NA,50
"Multiannual","COLOMBIA_PERU","COLOMBIA","PERU","Between",0.167060565286423,NA,50
"Multiannual","COLOMBIA_PHILIPPINES","COLOMBIA","PHILIPPINES","Within",0.398572782850905,NA,50
"Multiannual","COLOMBIA_PUERTO RICO","COLOMBIA","PUERTO RICO","Within",0.25879613168025,NA,50
"Multiannual","COLOMBIA_SINGAPORE","COLOMBIA","SINGAPORE","Within",0.375504558373609,NA,50
"Multiannual","COLOMBIA_SRI LANKA","COLOMBIA","SRI LANKA","Within",0.190397053141996,NA,50
"Multiannual","COLOMBIA_SURINAME","COLOMBIA","SURINAME","Within",0.305611030010989,NA,50
"Multiannual","COLOMBIA_TAIWAN","COLOMBIA","TAIWAN","Within",0.310388554064132,NA,50
"Multiannual","COLOMBIA_THAILAND","COLOMBIA","THAILAND","Within",0.331951613293992,NA,50
"Multiannual","COLOMBIA_TRINIDAD AND TOBAGO","COLOMBIA","TRINIDAD AND TOBAGO","Within",0.390578134974238,NA,50
"Multiannual","COLOMBIA_VANUATU","COLOMBIA","VANUATU","Between",0.1309519094927,NA,50
"Multiannual","COLOMBIA_VENEZUELA","COLOMBIA","VENEZUELA","Within",0.214622649620426,NA,50
"Multiannual","COLOMBIA_VIET NAM","COLOMBIA","VIET NAM","Within",0.346300149498665,NA,50
"Multiannual","COSTA RICA_DOMINICAN REPUBLIC","COSTA RICA","DOMINICAN REPUBLIC","Within",0.285820160488248,NA,50
"Multiannual","COSTA RICA_ECUADOR","COSTA RICA","ECUADOR","Between",0.418168646293304,NA,50
"Multiannual","COSTA RICA_EL SALVADOR","COSTA RICA","EL SALVADOR","Within",0.308983732195486,NA,50
"Multiannual","COSTA RICA_FIJI","COSTA RICA","FIJI","Between",0.0810740339709141,NA,50
"Multiannual","COSTA RICA_FRENCH GUIANA","COSTA RICA","FRENCH GUIANA","Within",0.234767969676584,NA,50
"Multiannual","COSTA RICA_FRENCH POLYNESIA","COSTA RICA","FRENCH POLYNESIA","Between",0.22866826676066,NA,50
"Multiannual","COSTA RICA_GUADELOUPE","COSTA RICA","GUADELOUPE","Within",0.279578679917766,NA,50
"Multiannual","COSTA RICA_GUATEMALA","COSTA RICA","GUATEMALA","Within",0.294110259154563,NA,50
"Multiannual","COSTA RICA_GUYANA","COSTA RICA","GUYANA","Within",0.26841187086236,NA,50
"Multiannual","COSTA RICA_HONDURAS","COSTA RICA","HONDURAS","Within",0.264164645380882,NA,50
"Multiannual","COSTA RICA_INDIA","COSTA RICA","INDIA","Within",0.197676698230019,NA,50
"Multiannual","COSTA RICA_INDONESIA","COSTA RICA","INDONESIA","Within",0.301799813947276,NA,50
"Multiannual","COSTA RICA_JAMAICA","COSTA RICA","JAMAICA","Within",0.276010444802369,NA,50
"Multiannual","COSTA RICA_LAO PEOPLE'S DEMOCRATIC REPUBLIC","COSTA RICA","LAO PEOPLE'S DEMOCRATIC REPUBLIC","Within",0.303948040974572,NA,50
"Multiannual","COSTA RICA_MALAYSIA","COSTA RICA","MALAYSIA","Within",0.293857978049719,NA,50
"Multiannual","COSTA RICA_MALDIVES","COSTA RICA","MALDIVES","Between",0.204913122500869,NA,50
"Multiannual","COSTA RICA_MARTINIQUE","COSTA RICA","MARTINIQUE","Within",0.315683276450068,NA,50
"Multiannual","COSTA RICA_MEXICO","COSTA RICA","MEXICO","Within",0.275626098995533,NA,50
"Multiannual","COSTA RICA_MYANMAR","COSTA RICA","MYANMAR","Within",0.20230661370943,NA,50
"Multiannual","COSTA RICA_NEW CALEDONIA","COSTA RICA","NEW CALEDONIA","Between",0.0684302497506209,NA,50
"Multiannual","COSTA RICA_NICARAGUA","COSTA RICA","NICARAGUA","Within",0.313354813111542,NA,50
"Multiannual","COSTA RICA_PANAMA","COSTA RICA","PANAMA","Within",0.346511967838186,NA,50
"Multiannual","COSTA RICA_PARAGUAY","COSTA RICA","PARAGUAY","Between",0.310964161520208,NA,50
"Multiannual","COSTA RICA_PERU","COSTA RICA","PERU","Between",0.153672334287879,NA,50
"Multiannual","COSTA RICA_PHILIPPINES","COSTA RICA","PHILIPPINES","Within",0.285835696789694,NA,50
"Multiannual","COSTA RICA_PUERTO RICO","COSTA RICA","PUERTO RICO","Within",0.236230500752377,NA,50
"Multiannual","COSTA RICA_SINGAPORE","COSTA RICA","SINGAPORE","Within",0.286373114119234,NA,50
"Multiannual","COSTA RICA_SRI LANKA","COSTA RICA","SRI LANKA","Within",0.231320821482328,NA,50
"Multiannual","COSTA RICA_SURINAME","COSTA RICA","SURINAME","Within",0.17000075128119,NA,50
"Multiannual","COSTA RICA_TAIWAN","COSTA RICA","TAIWAN","Within",0.207463504823524,NA,50
"Multiannual","COSTA RICA_THAILAND","COSTA RICA","THAILAND","Within",0.291050168571854,NA,50
"Multiannual","COSTA RICA_TRINIDAD AND TOBAGO","COSTA RICA","TRINIDAD AND TOBAGO","Within",0.135939954031087,NA,50
"Multiannual","COSTA RICA_VANUATU","COSTA RICA","VANUATU","Between",0.130023833871031,NA,50
"Multiannual","COSTA RICA_VENEZUELA","COSTA RICA","VENEZUELA","Within",0.269349569044202,NA,50
"Multiannual","COSTA RICA_VIET NAM","COSTA RICA","VIET NAM","Within",0.19366544836112,NA,50
"Multiannual","DOMINICAN REPUBLIC_ECUADOR","DOMINICAN REPUBLIC","ECUADOR","Between",0.254612967535428,NA,50
"Multiannual","DOMINICAN REPUBLIC_EL SALVADOR","DOMINICAN REPUBLIC","EL SALVADOR","Within",0.365206066859222,NA,50
"Multiannual","DOMINICAN REPUBLIC_FIJI","DOMINICAN REPUBLIC","FIJI","Between",0.215591067521786,NA,50
"Multiannual","DOMINICAN REPUBLIC_FRENCH GUIANA","DOMINICAN REPUBLIC","FRENCH GUIANA","Within",0.312755866541214,NA,50
"Multiannual","DOMINICAN REPUBLIC_FRENCH POLYNESIA","DOMINICAN REPUBLIC","FRENCH POLYNESIA","Between",0.319000777593109,NA,50
"Multiannual","DOMINICAN REPUBLIC_GUADELOUPE","DOMINICAN REPUBLIC","GUADELOUPE","Within",0.303620337890069,NA,50
"Multiannual","DOMINICAN REPUBLIC_GUATEMALA","DOMINICAN REPUBLIC","GUATEMALA","Within",0.369416046302824,NA,50
"Multiannual","DOMINICAN REPUBLIC_GUYANA","DOMINICAN REPUBLIC","GUYANA","Within",0.309874223111696,NA,50
"Multiannual","DOMINICAN REPUBLIC_HONDURAS","DOMINICAN REPUBLIC","HONDURAS","Within",0.442701976654492,NA,50
"Multiannual","DOMINICAN REPUBLIC_INDIA","DOMINICAN REPUBLIC","INDIA","Within",0.187113899218701,NA,50
"Multiannual","DOMINICAN REPUBLIC_INDONESIA","DOMINICAN REPUBLIC","INDONESIA","Within",0.420179907457031,NA,50
"Multiannual","DOMINICAN REPUBLIC_JAMAICA","DOMINICAN REPUBLIC","JAMAICA","Within",0.465366614175746,NA,50
"Multiannual","DOMINICAN REPUBLIC_LAO PEOPLE'S DEMOCRATIC REPUBLIC","DOMINICAN REPUBLIC","LAO PEOPLE'S DEMOCRATIC REPUBLIC","Within",0.406384205102278,NA,50
"Multiannual","DOMINICAN REPUBLIC_MALAYSIA","DOMINICAN REPUBLIC","MALAYSIA","Within",0.393162416984763,NA,50
"Multiannual","DOMINICAN REPUBLIC_MALDIVES","DOMINICAN REPUBLIC","MALDIVES","Between",0.268279875618217,NA,50
"Multiannual","DOMINICAN REPUBLIC_MARTINIQUE","DOMINICAN REPUBLIC","MARTINIQUE","Within",0.357756250429459,NA,50
"Multiannual","DOMINICAN REPUBLIC_MEXICO","DOMINICAN REPUBLIC","MEXICO","Within",0.399093885291158,NA,50
"Multiannual","DOMINICAN REPUBLIC_MYANMAR","DOMINICAN REPUBLIC","MYANMAR","Within",0.209915304196119,NA,50
"Multiannual","DOMINICAN REPUBLIC_NEW CALEDONIA","DOMINICAN REPUBLIC","NEW CALEDONIA","Between",0.265033741378001,NA,50
"Multiannual","DOMINICAN REPUBLIC_NICARAGUA","DOMINICAN REPUBLIC","NICARAGUA","Within",0.370567857612589,NA,50
"Multiannual","DOMINICAN REPUBLIC_PANAMA","DOMINICAN REPUBLIC","PANAMA","Within",0.242234371168979,NA,50
"Multiannual","DOMINICAN REPUBLIC_PARAGUAY","DOMINICAN REPUBLIC","PARAGUAY","Between",0.234535698481612,NA,50
"Multiannual","DOMINICAN REPUBLIC_PERU","DOMINICAN REPUBLIC","PERU","Between",0.178075448650498,NA,50
"Multiannual","DOMINICAN REPUBLIC_PHILIPPINES","DOMINICAN REPUBLIC","PHILIPPINES","Within",0.453028462791123,NA,50
"Multiannual","DOMINICAN REPUBLIC_PUERTO RICO","DOMINICAN REPUBLIC","PUERTO RICO","Within",0.258032165357304,NA,50
"Multiannual","DOMINICAN REPUBLIC_SINGAPORE","DOMINICAN REPUBLIC","SINGAPORE","Within",0.360292125648228,NA,50
"Multiannual","DOMINICAN REPUBLIC_SRI LANKA","DOMINICAN REPUBLIC","SRI LANKA","Within",0.234246482250432,NA,50
"Multiannual","DOMINICAN REPUBLIC_SURINAME","DOMINICAN REPUBLIC","SURINAME","Within",0.240905997481738,NA,50
"Multiannual","DOMINICAN REPUBLIC_TAIWAN","DOMINICAN REPUBLIC","TAIWAN","Within",0.317043052673218,NA,50
"Multiannual","DOMINICAN REPUBLIC_THAILAND","DOMINICAN REPUBLIC","THAILAND","Within",0.334608628520052,NA,50
"Multiannual","DOMINICAN REPUBLIC_TRINIDAD AND TOBAGO","DOMINICAN REPUBLIC","TRINIDAD AND TOBAGO","Within",0.238393665433692,NA,50
"Multiannual","DOMINICAN REPUBLIC_VANUATU","DOMINICAN REPUBLIC","VANUATU","Between",0.165950562102832,NA,50
"Multiannual","DOMINICAN REPUBLIC_VENEZUELA","DOMINICAN REPUBLIC","VENEZUELA","Within",0.222156240957433,NA,50
"Multiannual","DOMINICAN REPUBLIC_VIET NAM","DOMINICAN REPUBLIC","VIET NAM","Within",0.373785558091367,NA,50
"Multiannual","ECUADOR_EL SALVADOR","ECUADOR","EL SALVADOR","Between",0.372104442944239,NA,50
"Multiannual","ECUADOR_FIJI","ECUADOR","FIJI","Within",0.101184253444874,NA,50
"Multiannual","ECUADOR_FRENCH GUIANA","ECUADOR","FRENCH GUIANA","Between",0.234284327932582,NA,50
"Multiannual","ECUADOR_FRENCH POLYNESIA","ECUADOR","FRENCH POLYNESIA","Within",0.156109593130838,NA,50
"Multiannual","ECUADOR_GUADELOUPE","ECUADOR","GUADELOUPE","Between",0.294995290857637,NA,50
"Multiannual","ECUADOR_GUATEMALA","ECUADOR","GUATEMALA","Between",0.344738934864591,NA,50
"Multiannual","ECUADOR_GUYANA","ECUADOR","GUYANA","Between",0.230192784442018,NA,50
"Multiannual","ECUADOR_HONDURAS","ECUADOR","HONDURAS","Between",0.296971976920394,NA,50
"Multiannual","ECUADOR_INDIA","ECUADOR","INDIA","Between",0.231199936158014,NA,50
"Multiannual","ECUADOR_INDONESIA","ECUADOR","INDONESIA","Between",0.234909806480527,NA,50
"Multiannual","ECUADOR_JAMAICA","ECUADOR","JAMAICA","Between",0.201502564647896,NA,50
"Multiannual","ECUADOR_LAO PEOPLE'S DEMOCRATIC REPUBLIC","ECUADOR","LAO PEOPLE'S DEMOCRATIC REPUBLIC","Between",0.170842886451129,NA,50
"Multiannual","ECUADOR_MALAYSIA","ECUADOR","MALAYSIA","Between",0.237811471655471,NA,50
"Multiannual","ECUADOR_MALDIVES","ECUADOR","MALDIVES","Within",0.210443044399696,NA,50
"Multiannual","ECUADOR_MARTINIQUE","ECUADOR","MARTINIQUE","Between",0.244724643230317,NA,50
"Multiannual","ECUADOR_MEXICO","ECUADOR","MEXICO","Between",0.277132276142833,NA,50
"Multiannual","ECUADOR_MYANMAR","ECUADOR","MYANMAR","Between",0.161746352332033,NA,50
"Multiannual","ECUADOR_NEW CALEDONIA","ECUADOR","NEW CALEDONIA","Within",0.0977169917949911,NA,50
"Multiannual","ECUADOR_NICARAGUA","ECUADOR","NICARAGUA","Between",0.280352918914982,NA,50
"Multiannual","ECUADOR_PANAMA","ECUADOR","PANAMA","Between",0.228511337984979,NA,50
"Multiannual","ECUADOR_PARAGUAY","ECUADOR","PARAGUAY","Within",0.319183611524644,NA,50
"Multiannual","ECUADOR_PERU","ECUADOR","PERU","Within",0.314460240385164,NA,50
"Multiannual","ECUADOR_PHILIPPINES","ECUADOR","PHILIPPINES","Between",0.193671773760515,NA,50
"Multiannual","ECUADOR_PUERTO RICO","ECUADOR","PUERTO RICO","Between",0.28953952789431,NA,50
"Multiannual","ECUADOR_SINGAPORE","ECUADOR","SINGAPORE","Between",0.145698556468401,NA,50
"Multiannual","ECUADOR_SRI LANKA","ECUADOR","SRI LANKA","Between",0.305776641057093,NA,50
"Multiannual","ECUADOR_SURINAME","ECUADOR","SURINAME","Between",0.224722673567388,NA,50
"Multiannual","ECUADOR_TAIWAN","ECUADOR","TAIWAN","Between",0.210179438424595,NA,50
"Multiannual","ECUADOR_THAILAND","ECUADOR","THAILAND","Between",0.204342821534798,NA,50
"Multiannual","ECUADOR_TRINIDAD AND TOBAGO","ECUADOR","TRINIDAD AND TOBAGO","Between",0.213712566091131,NA,50
"Multiannual","ECUADOR_VANUATU","ECUADOR","VANUATU","Within",0.0933711070140857,NA,50
"Multiannual","ECUADOR_VENEZUELA","ECUADOR","VENEZUELA","Between",0.225545895035733,NA,50
"Multiannual","ECUADOR_VIET NAM","ECUADOR","VIET NAM","Between",0.167293869513051,NA,50
"Multiannual","EL SALVADOR_FIJI","EL SALVADOR","FIJI","Between",0.223247438257807,NA,50
"Multiannual","EL SALVADOR_FRENCH GUIANA","EL SALVADOR","FRENCH GUIANA","Within",0.169384762609508,NA,50
"Multiannual","EL SALVADOR_FRENCH POLYNESIA","EL SALVADOR","FRENCH POLYNESIA","Between",0.259682960753752,NA,50
"Multiannual","EL SALVADOR_GUADELOUPE","EL SALVADOR","GUADELOUPE","Within",0.256637927848935,NA,50
"Multiannual","EL SALVADOR_GUATEMALA","EL SALVADOR","GUATEMALA","Within",0.353528602572553,NA,50
"Multiannual","EL SALVADOR_GUYANA","EL SALVADOR","GUYANA","Within",0.313784902683462,NA,50
"Multiannual","EL SALVADOR_HONDURAS","EL SALVADOR","HONDURAS","Within",0.40979244253438,NA,50
"Multiannual","EL SALVADOR_INDIA","EL SALVADOR","INDIA","Within",0.180666286688355,NA,50
"Multiannual","EL SALVADOR_INDONESIA","EL SALVADOR","INDONESIA","Within",0.309501802865158,NA,50
"Multiannual","EL SALVADOR_JAMAICA","EL SALVADOR","JAMAICA","Within",0.270365437794417,NA,50
"Multiannual","EL SALVADOR_LAO PEOPLE'S DEMOCRATIC REPUBLIC","EL SALVADOR","LAO PEOPLE'S DEMOCRATIC REPUBLIC","Within",0.238309013602845,NA,50
"Multiannual","EL SALVADOR_MALAYSIA","EL SALVADOR","MALAYSIA","Within",0.335063950139517,NA,50
"Multiannual","EL SALVADOR_MALDIVES","EL SALVADOR","MALDIVES","Between",0.357234930654394,NA,50
"Multiannual","EL SALVADOR_MARTINIQUE","EL SALVADOR","MARTINIQUE","Within",0.203239793980821,NA,50
"Multiannual","EL SALVADOR_MEXICO","EL SALVADOR","MEXICO","Within",0.275309886298173,NA,50
"Multiannual","EL SALVADOR_MYANMAR","EL SALVADOR","MYANMAR","Within",0.268343278340231,NA,50
"Multiannual","EL SALVADOR_NEW CALEDONIA","EL SALVADOR","NEW CALEDONIA","Between",0.181291984026213,NA,50
"Multiannual","EL SALVADOR_NICARAGUA","EL SALVADOR","NICARAGUA","Within",0.384311085401124,NA,50
"Multiannual","EL SALVADOR_PANAMA","EL SALVADOR","PANAMA","Within",0.375831177583613,NA,50
"Multiannual","EL SALVADOR_PARAGUAY","EL SALVADOR","PARAGUAY","Between",0.279542054600078,NA,50
"Multiannual","EL SALVADOR_PERU","EL SALVADOR","PERU","Between",0.17916108461073,NA,50
"Multiannual","EL SALVADOR_PHILIPPINES","EL SALVADOR","PHILIPPINES","Within",0.29374555493212,NA,50
"Multiannual","EL SALVADOR_PUERTO RICO","EL SALVADOR","PUERTO RICO","Within",0.250561499231682,NA,50
"Multiannual","EL SALVADOR_SINGAPORE","EL SALVADOR","SINGAPORE","Within",0.211542367909154,NA,50
"Multiannual","EL SALVADOR_SRI LANKA","EL SALVADOR","SRI LANKA","Within",0.251907702335503,NA,50
"Multiannual","EL SALVADOR_SURINAME","EL SALVADOR","SURINAME","Within",0.249265050113251,NA,50
"Multiannual","EL SALVADOR_TAIWAN","EL SALVADOR","TAIWAN","Within",0.389374369033515,NA,50
"Multiannual","EL SALVADOR_THAILAND","EL SALVADOR","THAILAND","Within",0.268381892923003,NA,50
"Multiannual","EL SALVADOR_TRINIDAD AND TOBAGO","EL SALVADOR","TRINIDAD AND TOBAGO","Within",0.239197305923678,NA,50
"Multiannual","EL SALVADOR_VANUATU","EL SALVADOR","VANUATU","Between",0.203670676913827,NA,50
"Multiannual","EL SALVADOR_VENEZUELA","EL SALVADOR","VENEZUELA","Within",0.354954342805877,NA,50
"Multiannual","EL SALVADOR_VIET NAM","EL SALVADOR","VIET NAM","Within",0.299695485166257,NA,50
"Multiannual","FIJI_FRENCH GUIANA","FIJI","FRENCH GUIANA","Between",0.104974256428183,NA,50
"Multiannual","FIJI_FRENCH POLYNESIA","FIJI","FRENCH POLYNESIA","Within",0.149442543248914,NA,50
"Multiannual","FIJI_GUADELOUPE","FIJI","GUADELOUPE","Between",0.106229655641177,NA,50
"Multiannual","FIJI_GUATEMALA","FIJI","GUATEMALA","Between",0.143428818944399,NA,50
"Multiannual","FIJI_GUYANA","FIJI","GUYANA","Between",0.238980681912804,NA,50
"Multiannual","FIJI_HONDURAS","FIJI","HONDURAS","Between",0.214347069189535,NA,50
"Multiannual","FIJI_INDIA","FIJI","INDIA","Between",0.168855434105651,NA,50
"Multiannual","FIJI_INDONESIA","FIJI","INDONESIA","Between",0.198631937779843,NA,50
"Multiannual","FIJI_JAMAICA","FIJI","JAMAICA","Between",0.260456616500929,NA,50
"Multiannual","FIJI_LAO PEOPLE'S DEMOCRATIC REPUBLIC","FIJI","LAO PEOPLE'S DEMOCRATIC REPUBLIC","Between",0.236973584978759,NA,50
"Multiannual","FIJI_MALAYSIA","FIJI","MALAYSIA","Between",0.252238559821067,NA,50
"Multiannual","FIJI_MALDIVES","FIJI","MALDIVES","Within",0.332601009429162,NA,50
"Multiannual","FIJI_MARTINIQUE","FIJI","MARTINIQUE","Between",0.0884676538171974,NA,50
"Multiannual","FIJI_MEXICO","FIJI","MEXICO","Between",0.136473855032182,NA,50
"Multiannual","FIJI_MYANMAR","FIJI","MYANMAR","Between",0.273793064735114,NA,50
"Multiannual","FIJI_NEW CALEDONIA","FIJI","NEW CALEDONIA","Within",0.3821150697505,NA,50
"Multiannual","FIJI_NICARAGUA","FIJI","NICARAGUA","Between",0.239596036846447,NA,50
"Multiannual","FIJI_PANAMA","FIJI","PANAMA","Between",0.17727402138401,NA,50
"Multiannual","FIJI_PARAGUAY","FIJI","PARAGUAY","Within",0.0620251641908865,NA,50
"Multiannual","FIJI_PERU","FIJI","PERU","Within",0.152898800651567,NA,50
"Multiannual","FIJI_PHILIPPINES","FIJI","PHILIPPINES","Between",0.234810432267904,NA,50
"Multiannual","FIJI_PUERTO RICO","FIJI","PUERTO RICO","Between",0.213500364408713,NA,50
"Multiannual","FIJI_SINGAPORE","FIJI","SINGAPORE","Between",0.235619222720944,NA,50
"Multiannual","FIJI_SRI LANKA","FIJI","SRI LANKA","Between",0.125728877089983,NA,50
"Multiannual","FIJI_SURINAME","FIJI","SURINAME","Between",0.219556289305649,NA,50
"Multiannual","FIJI_TAIWAN","FIJI","TAIWAN","Between",0.228659990702853,NA,50
"Multiannual","FIJI_THAILAND","FIJI","THAILAND","Between",0.252338414245879,NA,50
"Multiannual","FIJI_TRINIDAD AND TOBAGO","FIJI","TRINIDAD AND TOBAGO","Between",0.177253163222481,NA,50
"Multiannual","FIJI_VANUATU","FIJI","VANUATU","Within",0.459800981766417,NA,50
"Multiannual","FIJI_VENEZUELA","FIJI","VENEZUELA","Between",0.162248237919719,NA,50
"Multiannual","FIJI_VIET NAM","FIJI","VIET NAM","Between",0.273093256106721,NA,50
"Multiannual","FRENCH GUIANA_FRENCH POLYNESIA","FRENCH GUIANA","FRENCH POLYNESIA","Between",0.356852594346977,NA,50
"Multiannual","FRENCH GUIANA_GUADELOUPE","FRENCH GUIANA","GUADELOUPE","Within",0.386817493369245,NA,50
"Multiannual","FRENCH GUIANA_GUATEMALA","FRENCH GUIANA","GUATEMALA","Within",0.251555261984881,NA,50
"Multiannual","FRENCH GUIANA_GUYANA","FRENCH GUIANA","GUYANA","Within",0.265939894626717,NA,50
"Multiannual","FRENCH GUIANA_HONDURAS","FRENCH GUIANA","HONDURAS","Within",0.230779549599271,NA,50
"Multiannual","FRENCH GUIANA_INDIA","FRENCH GUIANA","INDIA","Within",0.196812223214772,NA,50
"Multiannual","FRENCH GUIANA_INDONESIA","FRENCH GUIANA","INDONESIA","Within",0.293775921595183,NA,50
"Multiannual","FRENCH GUIANA_JAMAICA","FRENCH GUIANA","JAMAICA","Within",0.208038681241742,NA,50
"Multiannual","FRENCH GUIANA_LAO PEOPLE'S DEMOCRATIC REPUBLIC","FRENCH GUIANA","LAO PEOPLE'S DEMOCRATIC REPUBLIC","Within",0.294042243300879,NA,50
"Multiannual","FRENCH GUIANA_MALAYSIA","FRENCH GUIANA","MALAYSIA","Within",0.261264876984819,NA,50
"Multiannual","FRENCH GUIANA_MALDIVES","FRENCH GUIANA","MALDIVES","Between",0.112185192770798,NA,50
"Multiannual","FRENCH GUIANA_MARTINIQUE","FRENCH GUIANA","MARTINIQUE","Within",0.514190430812657,NA,50
"Multiannual","FRENCH GUIANA_MEXICO","FRENCH GUIANA","MEXICO","Within",0.371245308185028,NA,50
"Multiannual","FRENCH GUIANA_MYANMAR","FRENCH GUIANA","MYANMAR","Within",0.198223840575593,NA,50
"Multiannual","FRENCH GUIANA_NEW CALEDONIA","FRENCH GUIANA","NEW CALEDONIA","Between",0.246720366125287,NA,50
"Multiannual","FRENCH GUIANA_NICARAGUA","FRENCH GUIANA","NICARAGUA","Within",0.235874959693393,NA,50
"Multiannual","FRENCH GUIANA_PANAMA","FRENCH GUIANA","PANAMA","Within",0.173498219740749,NA,50
"Multiannual","FRENCH GUIANA_PARAGUAY","FRENCH GUIANA","PARAGUAY","Between",0.235260692197117,NA,50
"Multiannual","FRENCH GUIANA_PERU","FRENCH GUIANA","PERU","Between",0.280038766771171,NA,50
"Multiannual","FRENCH GUIANA_PHILIPPINES","FRENCH GUIANA","PHILIPPINES","Within",0.244077560123592,NA,50
"Multiannual","FRENCH GUIANA_PUERTO RICO","FRENCH GUIANA","PUERTO RICO","Within",0.259496671967941,NA,50
"Multiannual","FRENCH GUIANA_SINGAPORE","FRENCH GUIANA","SINGAPORE","Within",0.27540555563899,NA,50
"Multiannual","FRENCH GUIANA_SRI LANKA","FRENCH GUIANA","SRI LANKA","Within",0.207293366533769,NA,50
"Multiannual","FRENCH GUIANA_SURINAME","FRENCH GUIANA","SURINAME","Within",0.343767431951837,NA,50
"Multiannual","FRENCH GUIANA_TAIWAN","FRENCH GUIANA","TAIWAN","Within",0.191190872509956,NA,50
"Multiannual","FRENCH GUIANA_THAILAND","FRENCH GUIANA","THAILAND","Within",0.303194286518348,NA,50
"Multiannual","FRENCH GUIANA_TRINIDAD AND TOBAGO","FRENCH GUIANA","TRINIDAD AND TOBAGO","Within",0.201510519088888,NA,50
"Multiannual","FRENCH GUIANA_VANUATU","FRENCH GUIANA","VANUATU","Between",0.122054095456616,NA,50
"Multiannual","FRENCH GUIANA_VENEZUELA","FRENCH GUIANA","VENEZUELA","Within",0.208624875273035,NA,50
"Multiannual","FRENCH GUIANA_VIET NAM","FRENCH GUIANA","VIET NAM","Within",0.278782439853581,NA,50
"Multiannual","FRENCH POLYNESIA_GUADELOUPE","FRENCH POLYNESIA","GUADELOUPE","Between",0.278260862503568,NA,50
"Multiannual","FRENCH POLYNESIA_GUATEMALA","FRENCH POLYNESIA","GUATEMALA","Between",0.250027410323971,NA,50
"Multiannual","FRENCH POLYNESIA_GUYANA","FRENCH POLYNESIA","GUYANA","Between",0.271233729290567,NA,50
"Multiannual","FRENCH POLYNESIA_HONDURAS","FRENCH POLYNESIA","HONDURAS","Between",0.266791073720848,NA,50
"Multiannual","FRENCH POLYNESIA_INDIA","FRENCH POLYNESIA","INDIA","Between",0.219747737348015,NA,50
"Multiannual","FRENCH POLYNESIA_INDONESIA","FRENCH POLYNESIA","INDONESIA","Between",0.380608422543961,NA,50
"Multiannual","FRENCH POLYNESIA_JAMAICA","FRENCH POLYNESIA","JAMAICA","Between",0.223652958745443,NA,50
"Multiannual","FRENCH POLYNESIA_LAO PEOPLE'S DEMOCRATIC REPUBLIC","FRENCH POLYNESIA","LAO PEOPLE'S DEMOCRATIC REPUBLIC","Between",0.247523647648757,NA,50
"Multiannual","FRENCH POLYNESIA_MALAYSIA","FRENCH POLYNESIA","MALAYSIA","Between",0.336533493902973,NA,50
"Multiannual","FRENCH POLYNESIA_MALDIVES","FRENCH POLYNESIA","MALDIVES","Within",0.181521602913594,NA,50
"Multiannual","FRENCH POLYNESIA_MARTINIQUE","FRENCH POLYNESIA","MARTINIQUE","Between",0.365870296380832,NA,50
"Multiannual","FRENCH POLYNESIA_MEXICO","FRENCH POLYNESIA","MEXICO","Between",0.328518458424116,NA,50
"Multiannual","FRENCH POLYNESIA_MYANMAR","FRENCH POLYNESIA","MYANMAR","Between",0.240932912501449,NA,50
"Multiannual","FRENCH POLYNESIA_NEW CALEDONIA","FRENCH POLYNESIA","NEW CALEDONIA","Within",0.254237627584488,NA,50
"Multiannual","FRENCH POLYNESIA_NICARAGUA","FRENCH POLYNESIA","NICARAGUA","Between",0.263469943951437,NA,50
"Multiannual","FRENCH POLYNESIA_PANAMA","FRENCH POLYNESIA","PANAMA","Between",0.256097911629876,NA,50
"Multiannual","FRENCH POLYNESIA_PARAGUAY","FRENCH POLYNESIA","PARAGUAY","Within",0.176448684099677,NA,50
"Multiannual","FRENCH POLYNESIA_PERU","FRENCH POLYNESIA","PERU","Within",0.23034394051813,NA,50
"Multiannual","FRENCH POLYNESIA_PHILIPPINES","FRENCH POLYNESIA","PHILIPPINES","Between",0.326917806223971,NA,50
"Multiannual","FRENCH POLYNESIA_PUERTO RICO","FRENCH POLYNESIA","PUERTO RICO","Between",0.269507910308089,NA,50
"Multiannual","FRENCH POLYNESIA_SINGAPORE","FRENCH POLYNESIA","SINGAPORE","Between",0.396725563433548,NA,50
"Multiannual","FRENCH POLYNESIA_SRI LANKA","FRENCH POLYNESIA","SRI LANKA","Between",0.200340713592119,NA,50
"Multiannual","FRENCH POLYNESIA_SURINAME","FRENCH POLYNESIA","SURINAME","Between",0.196363236009012,NA,50
"Multiannual","FRENCH POLYNESIA_TAIWAN","FRENCH POLYNESIA","TAIWAN","Between",0.195944805081527,NA,50
"Multiannual","FRENCH POLYNESIA_THAILAND","FRENCH POLYNESIA","THAILAND","Between",0.345207275784533,NA,50
"Multiannual","FRENCH POLYNESIA_TRINIDAD AND TOBAGO","FRENCH POLYNESIA","TRINIDAD AND TOBAGO","Between",0.23671492229061,NA,50
"Multiannual","FRENCH POLYNESIA_VANUATU","FRENCH POLYNESIA","VANUATU","Within",0.224872389503117,NA,50
"Multiannual","FRENCH POLYNESIA_VENEZUELA","FRENCH POLYNESIA","VENEZUELA","Between",0.32650822631163,NA,50
"Multiannual","FRENCH POLYNESIA_VIET NAM","FRENCH POLYNESIA","VIET NAM","Between",0.295453452631598,NA,50
"Multiannual","GUADELOUPE_GUATEMALA","GUADELOUPE","GUATEMALA","Within",0.306590112173836,NA,50
"Multiannual","GUADELOUPE_GUYANA","GUADELOUPE","GUYANA","Within",0.25075007649815,NA,50
"Multiannual","GUADELOUPE_HONDURAS","GUADELOUPE","HONDURAS","Within",0.325207917983808,NA,50
"Multiannual","GUADELOUPE_INDIA","GUADELOUPE","INDIA","Within",0.256542442500471,NA,50
"Multiannual","GUADELOUPE_INDONESIA","GUADELOUPE","INDONESIA","Within",0.275863214624571,NA,50
"Multiannual","GUADELOUPE_JAMAICA","GUADELOUPE","JAMAICA","Within",0.284703183167648,NA,50
"Multiannual","GUADELOUPE_LAO PEOPLE'S DEMOCRATIC REPUBLIC","GUADELOUPE","LAO PEOPLE'S DEMOCRATIC REPUBLIC","Within",0.461292425478176,NA,50
"Multiannual","GUADELOUPE_MALAYSIA","GUADELOUPE","MALAYSIA","Within",0.310453608149336,NA,50
"Multiannual","GUADELOUPE_MALDIVES","GUADELOUPE","MALDIVES","Between",0.120458257262727,NA,50
"Multiannual","GUADELOUPE_MARTINIQUE","GUADELOUPE","MARTINIQUE","Within",0.585461529200078,NA,50
"Multiannual","GUADELOUPE_MEXICO","GUADELOUPE","MEXICO","Within",0.391867744044537,NA,50
"Multiannual","GUADELOUPE_MYANMAR","GUADELOUPE","MYANMAR","Within",0.245608724659749,NA,50
"Multiannual","GUADELOUPE_NEW CALEDONIA","GUADELOUPE","NEW CALEDONIA","Between",0.204149063800135,NA,50
"Multiannual","GUADELOUPE_NICARAGUA","GUADELOUPE","NICARAGUA","Within",0.323877412012016,NA,50
"Multiannual","GUADELOUPE_PANAMA","GUADELOUPE","PANAMA","Within",0.25679101803287,NA,50
"Multiannual","GUADELOUPE_PARAGUAY","GUADELOUPE","PARAGUAY","Between",0.351046292347681,NA,50
"Multiannual","GUADELOUPE_PERU","GUADELOUPE","PERU","Between",0.191055270019977,NA,50
"Multiannual","GUADELOUPE_PHILIPPINES","GUADELOUPE","PHILIPPINES","Within",0.217968844441474,NA,50
"Multiannual","GUADELOUPE_PUERTO RICO","GUADELOUPE","PUERTO RICO","Within",0.296027078754331,NA,50
"Multiannual","GUADELOUPE_SINGAPORE","GUADELOUPE","SINGAPORE","Within",0.264997676272806,NA,50
"Multiannual","GUADELOUPE_SRI LANKA","GUADELOUPE","SRI LANKA","Within",0.250060810441734,NA,50
"Multiannual","GUADELOUPE_SURINAME","GUADELOUPE","SURINAME","Within",0.385628941211895,NA,50
"Multiannual","GUADELOUPE_TAIWAN","GUADELOUPE","TAIWAN","Within",0.275635209851752,NA,50
"Multiannual","GUADELOUPE_THAILAND","GUADELOUPE","THAILAND","Within",0.255209055154045,NA,50
"Multiannual","GUADELOUPE_TRINIDAD AND TOBAGO","GUADELOUPE","TRINIDAD AND TOBAGO","Within",0.222253878167152,NA,50
"Multiannual","GUADELOUPE_VANUATU","GUADELOUPE","VANUATU","Between",0.185287557155887,NA,50
"Multiannual","GUADELOUPE_VENEZUELA","GUADELOUPE","VENEZUELA","Within",0.172881680617455,NA,50
"Multiannual","GUADELOUPE_VIET NAM","GUADELOUPE","VIET NAM","Within",0.258033767558094,NA,50
"Multiannual","GUATEMALA_GUYANA","GUATEMALA","GUYANA","Within",0.255198884163411,NA,50
"Multiannual","GUATEMALA_HONDURAS","GUATEMALA","HONDURAS","Within",0.504938963432774,NA,50
"Multiannual","GUATEMALA_INDIA","GUATEMALA","INDIA","Within",0.235317693732462,NA,50
"Multiannual","GUATEMALA_INDONESIA","GUATEMALA","INDONESIA","Within",0.349807816734549,NA,50
"Multiannual","GUATEMALA_JAMAICA","GUATEMALA","JAMAICA","Within",0.3020053187829,NA,50
"Multiannual","GUATEMALA_LAO PEOPLE'S DEMOCRATIC REPUBLIC","GUATEMALA","LAO PEOPLE'S DEMOCRATIC REPUBLIC","Within",0.294774602800143,NA,50
"Multiannual","GUATEMALA_MALAYSIA","GUATEMALA","MALAYSIA","Within",0.314590948783688,NA,50
"Multiannual","GUATEMALA_MALDIVES","GUATEMALA","MALDIVES","Between",0.181829721603883,NA,50
"Multiannual","GUATEMALA_MARTINIQUE","GUATEMALA","MARTINIQUE","Within",0.21353622206627,NA,50
"Multiannual","GUATEMALA_MEXICO","GUATEMALA","MEXICO","Within",0.377337042953563,NA,50
"Multiannual","GUATEMALA_MYANMAR","GUATEMALA","MYANMAR","Within",0.263417798732911,NA,50
"Multiannual","GUATEMALA_NEW CALEDONIA","GUATEMALA","NEW CALEDONIA","Between",0.212535464090526,NA,50
"Multiannual","GUATEMALA_NICARAGUA","GUATEMALA","NICARAGUA","Within",0.326301651983331,NA,50
"Multiannual","GUATEMALA_PANAMA","GUATEMALA","PANAMA","Within",0.314871990132058,NA,50
"Multiannual","GUATEMALA_PARAGUAY","GUATEMALA","PARAGUAY","Between",0.267542965707535,NA,50
"Multiannual","GUATEMALA_PERU","GUATEMALA","PERU","Between",0.164173532070701,NA,50
"Multiannual","GUATEMALA_PHILIPPINES","GUATEMALA","PHILIPPINES","Within",0.298761737047875,NA,50
"Multiannual","GUATEMALA_PUERTO RICO","GUATEMALA","PUERTO RICO","Within",0.274246843982716,NA,50
"Multiannual","GUATEMALA_SINGAPORE","GUATEMALA","SINGAPORE","Within",0.262596511271184,NA,50
"Multiannual","GUATEMALA_SRI LANKA","GUATEMALA","SRI LANKA","Within",0.25235406466104,NA,50
"Multiannual","GUATEMALA_SURINAME","GUATEMALA","SURINAME","Within",0.247839538439093,NA,50
"Multiannual","GUATEMALA_TAIWAN","GUATEMALA","TAIWAN","Within",0.286836034120239,NA,50
"Multiannual","GUATEMALA_THAILAND","GUATEMALA","THAILAND","Within",0.277115467317182,NA,50
"Multiannual","GUATEMALA_TRINIDAD AND TOBAGO","GUATEMALA","TRINIDAD AND TOBAGO","Within",0.225031384222719,NA,50
"Multiannual","GUATEMALA_VANUATU","GUATEMALA","VANUATU","Between",0.124589000874403,NA,50
"Multiannual","GUATEMALA_VENEZUELA","GUATEMALA","VENEZUELA","Within",0.230556795728066,NA,50
"Multiannual","GUATEMALA_VIET NAM","GUATEMALA","VIET NAM","Within",0.259128612929219,NA,50
"Multiannual","GUYANA_HONDURAS","GUYANA","HONDURAS","Within",0.278313332951124,NA,50
"Multiannual","GUYANA_INDIA","GUYANA","INDIA","Within",0.185918508993763,NA,50
"Multiannual","GUYANA_INDONESIA","GUYANA","INDONESIA","Within",0.395864742868136,NA,50
"Multiannual","GUYANA_JAMAICA","GUYANA","JAMAICA","Within",0.297421836736494,NA,50
"Multiannual","GUYANA_LAO PEOPLE'S DEMOCRATIC REPUBLIC","GUYANA","LAO PEOPLE'S DEMOCRATIC REPUBLIC","Within",0.24353519363474,NA,50
"Multiannual","GUYANA_MALAYSIA","GUYANA","MALAYSIA","Within",0.393814090612319,NA,50
"Multiannual","GUYANA_MALDIVES","GUYANA","MALDIVES","Between",0.350075741133557,NA,50
"Multiannual","GUYANA_MARTINIQUE","GUYANA","MARTINIQUE","Within",0.260912018717231,NA,50
"Multiannual","GUYANA_MEXICO","GUYANA","MEXICO","Within",0.278186198146877,NA,50
"Multiannual","GUYANA_MYANMAR","GUYANA","MYANMAR","Within",0.25053277146211,NA,50
"Multiannual","GUYANA_NEW CALEDONIA","GUYANA","NEW CALEDONIA","Between",0.119077582362019,NA,50
"Multiannual","GUYANA_NICARAGUA","GUYANA","NICARAGUA","Within",0.242887173342392,NA,50
"Multiannual","GUYANA_PANAMA","GUYANA","PANAMA","Within",0.281942476848623,NA,50
"Multiannual","GUYANA_PARAGUAY","GUYANA","PARAGUAY","Between",0.274530547872191,NA,50
"Multiannual","GUYANA_PERU","GUYANA","PERU","Between",0.202759346214942,NA,50
"Multiannual","GUYANA_PHILIPPINES","GUYANA","PHILIPPINES","Within",0.304145713685785,NA,50
"Multiannual","GUYANA_PUERTO RICO","GUYANA","PUERTO RICO","Within",0.262883641683205,NA,50
"Multiannual","GUYANA_SINGAPORE","GUYANA","SINGAPORE","Within",0.300128793365373,NA,50
"Multiannual","GUYANA_SRI LANKA","GUYANA","SRI LANKA","Within",0.21302685840946,NA,50
"Multiannual","GUYANA_SURINAME","GUYANA","SURINAME","Within",0.34411542670502,NA,50
"Multiannual","GUYANA_TAIWAN","GUYANA","TAIWAN","Within",0.392237779609825,NA,50
"Multiannual","GUYANA_THAILAND","GUYANA","THAILAND","Within",0.324268243202639,NA,50
"Multiannual","GUYANA_TRINIDAD AND TOBAGO","GUYANA","TRINIDAD AND TOBAGO","Within",0.203288377490738,NA,50
"Multiannual","GUYANA_VANUATU","GUYANA","VANUATU","Between",0.152004173763729,NA,50
"Multiannual","GUYANA_VENEZUELA","GUYANA","VENEZUELA","Within",0.233044238899475,NA,50
"Multiannual","GUYANA_VIET NAM","GUYANA","VIET NAM","Within",0.21130872491191,NA,50
"Multiannual","HONDURAS_INDIA","HONDURAS","INDIA","Within",0.186164188649507,NA,50
"Multiannual","HONDURAS_INDONESIA","HONDURAS","INDONESIA","Within",0.360679025213737,NA,50
"Multiannual","HONDURAS_JAMAICA","HONDURAS","JAMAICA","Within",0.425948147385634,NA,50
"Multiannual","HONDURAS_LAO PEOPLE'S DEMOCRATIC REPUBLIC","HONDURAS","LAO PEOPLE'S DEMOCRATIC REPUBLIC","Within",0.383322057738179,NA,50
"Multiannual","HONDURAS_MALAYSIA","HONDURAS","MALAYSIA","Within",0.392368227722409,NA,50
"Multiannual","HONDURAS_MALDIVES","HONDURAS","MALDIVES","Between",0.228823785954446,NA,50
"Multiannual","HONDURAS_MARTINIQUE","HONDURAS","MARTINIQUE","Within",0.245337662524559,NA,50
"Multiannual","HONDURAS_MEXICO","HONDURAS","MEXICO","Within",0.340994705371772,NA,50
"Multiannual","HONDURAS_MYANMAR","HONDURAS","MYANMAR","Within",0.287344706051177,NA,50
"Multiannual","HONDURAS_NEW CALEDONIA","HONDURAS","NEW CALEDONIA","Between",0.250837809974679,NA,50
"Multiannual","HONDURAS_NICARAGUA","HONDURAS","NICARAGUA","Within",0.372820245111262,NA,50
"Multiannual","HONDURAS_PANAMA","HONDURAS","PANAMA","Within",0.28768187805341,NA,50
"Multiannual","HONDURAS_PARAGUAY","HONDURAS","PARAGUAY","Between",0.27906970790737,NA,50
"Multiannual","HONDURAS_PERU","HONDURAS","PERU","Between",0.147838381135814,NA,50
"Multiannual","HONDURAS_PHILIPPINES","HONDURAS","PHILIPPINES","Within",0.350857749901062,NA,50
"Multiannual","HONDURAS_PUERTO RICO","HONDURAS","PUERTO RICO","Within",0.319949470449639,NA,50
"Multiannual","HONDURAS_SINGAPORE","HONDURAS","SINGAPORE","Within",0.372960491202991,NA,50
"Multiannual","HONDURAS_SRI LANKA","HONDURAS","SRI LANKA","Within",0.202673211088048,NA,50
"Multiannual","HONDURAS_SURINAME","HONDURAS","SURINAME","Within",0.218224866402381,NA,50
"Multiannual","HONDURAS_TAIWAN","HONDURAS","TAIWAN","Within",0.374694031525766,NA,50
"Multiannual","HONDURAS_THAILAND","HONDURAS","THAILAND","Within",0.33887028294074,NA,50
"Multiannual","HONDURAS_TRINIDAD AND TOBAGO","HONDURAS","TRINIDAD AND TOBAGO","Within",0.325670718745553,NA,50
"Multiannual","HONDURAS_VANUATU","HONDURAS","VANUATU","Between",0.202136036775275,NA,50
"Multiannual","HONDURAS_VENEZUELA","HONDURAS","VENEZUELA","Within",0.30373157204807,NA,50
"Multiannual","HONDURAS_VIET NAM","HONDURAS","VIET NAM","Within",0.287729005546211,NA,50
"Multiannual","INDIA_INDONESIA","INDIA","INDONESIA","Within",0.215812124223879,NA,50
"Multiannual","INDIA_JAMAICA","INDIA","JAMAICA","Within",0.19444473655174,NA,50
"Multiannual","INDIA_LAO PEOPLE'S DEMOCRATIC REPUBLIC","INDIA","LAO PEOPLE'S DEMOCRATIC REPUBLIC","Within",0.288960566864554,NA,50
"Multiannual","INDIA_MALAYSIA","INDIA","MALAYSIA","Within",0.155620729795643,NA,50
"Multiannual","INDIA_MALDIVES","INDIA","MALDIVES","Between",0.20733174294419,NA,50
"Multiannual","INDIA_MARTINIQUE","INDIA","MARTINIQUE","Within",0.246715195020324,NA,50
"Multiannual","INDIA_MEXICO","INDIA","MEXICO","Within",0.215920552215886,NA,50
"Multiannual","INDIA_MYANMAR","INDIA","MYANMAR","Within",0.190147537439644,NA,50
"Multiannual","INDIA_NEW CALEDONIA","INDIA","NEW CALEDONIA","Between",0.281692172668455,NA,50
"Multiannual","INDIA_NICARAGUA","INDIA","NICARAGUA","Within",0.218988528190507,NA,50
"Multiannual","INDIA_PANAMA","INDIA","PANAMA","Within",0.257831004649137,NA,50
"Multiannual","INDIA_PARAGUAY","INDIA","PARAGUAY","Between",0.159741568191456,NA,50
"Multiannual","INDIA_PERU","INDIA","PERU","Between",0.245874822110034,NA,50
"Multiannual","INDIA_PHILIPPINES","INDIA","PHILIPPINES","Within",0.216837119102246,NA,50
"Multiannual","INDIA_PUERTO RICO","INDIA","PUERTO RICO","Within",0.105848777845836,NA,50
"Multiannual","INDIA_SINGAPORE","INDIA","SINGAPORE","Within",0.104383551936556,NA,50
"Multiannual","INDIA_SRI LANKA","INDIA","SRI LANKA","Within",0.305864488557678,NA,50
"Multiannual","INDIA_SURINAME","INDIA","SURINAME","Within",0.223535435522675,NA,50
"Multiannual","INDIA_TAIWAN","INDIA","TAIWAN","Within",0.117980658565862,NA,50
"Multiannual","INDIA_THAILAND","INDIA","THAILAND","Within",0.181933835487696,NA,50
"Multiannual","INDIA_TRINIDAD AND TOBAGO","INDIA","TRINIDAD AND TOBAGO","Within",0.234430320633856,NA,50
"Multiannual","INDIA_VANUATU","INDIA","VANUATU","Between",0.187148235873728,NA,50
"Multiannual","INDIA_VENEZUELA","INDIA","VENEZUELA","Within",0.139108484236238,NA,50
"Multiannual","INDIA_VIET NAM","INDIA","VIET NAM","Within",0.24275067784894,NA,50
"Multiannual","INDONESIA_JAMAICA","INDONESIA","JAMAICA","Within",0.39579410157395,NA,50
"Multiannual","INDONESIA_LAO PEOPLE'S DEMOCRATIC REPUBLIC","INDONESIA","LAO PEOPLE'S DEMOCRATIC REPUBLIC","Within",0.312750982529995,NA,50
"Multiannual","INDONESIA_MALAYSIA","INDONESIA","MALAYSIA","Within",0.379863142028252,NA,50
"Multiannual","INDONESIA_MALDIVES","INDONESIA","MALDIVES","Between",0.277096632220154,NA,50
"Multiannual","INDONESIA_MARTINIQUE","INDONESIA","MARTINIQUE","Within",0.2906930674118,NA,50
"Multiannual","INDONESIA_MEXICO","INDONESIA","MEXICO","Within",0.331951649812767,NA,50
"Multiannual","INDONESIA_MYANMAR","INDONESIA","MYANMAR","Within",0.218647365922958,NA,50
"Multiannual","INDONESIA_NEW CALEDONIA","INDONESIA","NEW CALEDONIA","Between",0.198633334330863,NA,50
"Multiannual","INDONESIA_NICARAGUA","INDONESIA","NICARAGUA","Within",0.331227751870854,NA,50
"Multiannual","INDONESIA_PANAMA","INDONESIA","PANAMA","Within",0.249177320197624,NA,50
"Multiannual","INDONESIA_PARAGUAY","INDONESIA","PARAGUAY","Between",0.208777654921077,NA,50
"Multiannual","INDONESIA_PERU","INDONESIA","PERU","Between",0.228663272276135,NA,50
"Multiannual","INDONESIA_PHILIPPINES","INDONESIA","PHILIPPINES","Within",0.360217625416463,NA,50
"Multiannual","INDONESIA_PUERTO RICO","INDONESIA","PUERTO RICO","Within",0.227470412369995,NA,50
"Multiannual","INDONESIA_SINGAPORE","INDONESIA","SINGAPORE","Within",0.366144864451975,NA,50
"Multiannual","INDONESIA_SRI LANKA","INDONESIA","SRI LANKA","Within",0.25193454317849,NA,50
"Multiannual","INDONESIA_SURINAME","INDONESIA","SURINAME","Within",0.29281546793106,NA,50
"Multiannual","INDONESIA_TAIWAN","INDONESIA","TAIWAN","Within",0.281379579921592,NA,50
"Multiannual","INDONESIA_THAILAND","INDONESIA","THAILAND","Within",0.294482820301961,NA,50
"Multiannual","INDONESIA_TRINIDAD AND TOBAGO","INDONESIA","TRINIDAD AND TOBAGO","Within",0.257633118673088,NA,50
"Multiannual","INDONESIA_VANUATU","INDONESIA","VANUATU","Between",0.161474985563756,NA,50
"Multiannual","INDONESIA_VENEZUELA","INDONESIA","VENEZUELA","Within",0.233038250987507,NA,50
"Multiannual","INDONESIA_VIET NAM","INDONESIA","VIET NAM","Within",0.364460012337876,NA,50
"Multiannual","JAMAICA_LAO PEOPLE'S DEMOCRATIC REPUBLIC","JAMAICA","LAO PEOPLE'S DEMOCRATIC REPUBLIC","Within",0.369487877258463,NA,50
"Multiannual","JAMAICA_MALAYSIA","JAMAICA","MALAYSIA","Within",0.337717637362751,NA,50
"Multiannual","JAMAICA_MALDIVES","JAMAICA","MALDIVES","Between",0.279675469459104,NA,50
"Multiannual","JAMAICA_MARTINIQUE","JAMAICA","MARTINIQUE","Within",0.317891620410738,NA,50
"Multiannual","JAMAICA_MEXICO","JAMAICA","MEXICO","Within",0.330118862414442,NA,50
"Multiannual","JAMAICA_MYANMAR","JAMAICA","MYANMAR","Within",0.161837099245547,NA,50
"Multiannual","JAMAICA_NEW CALEDONIA","JAMAICA","NEW CALEDONIA","Between",0.237631380671141,NA,50
"Multiannual","JAMAICA_NICARAGUA","JAMAICA","NICARAGUA","Within",0.325424921834687,NA,50
"Multiannual","JAMAICA_PANAMA","JAMAICA","PANAMA","Within",0.235931873987444,NA,50
"Multiannual","JAMAICA_PARAGUAY","JAMAICA","PARAGUAY","Between",0.283275427226907,NA,50
"Multiannual","JAMAICA_PERU","JAMAICA","PERU","Between",0.161384538181032,NA,50
"Multiannual","JAMAICA_PHILIPPINES","JAMAICA","PHILIPPINES","Within",0.410983679251808,NA,50
"Multiannual","JAMAICA_PUERTO RICO","JAMAICA","PUERTO RICO","Within",0.267819097381747,NA,50
"Multiannual","JAMAICA_SINGAPORE","JAMAICA","SINGAPORE","Within",0.326962582571256,NA,50
"Multiannual","JAMAICA_SRI LANKA","JAMAICA","SRI LANKA","Within",0.20215670724972,NA,50
"Multiannual","JAMAICA_SURINAME","JAMAICA","SURINAME","Within",0.324051978319996,NA,50
"Multiannual","JAMAICA_TAIWAN","JAMAICA","TAIWAN","Within",0.388092483297932,NA,50
"Multiannual","JAMAICA_THAILAND","JAMAICA","THAILAND","Within",0.437237413228338,NA,50
"Multiannual","JAMAICA_TRINIDAD AND TOBAGO","JAMAICA","TRINIDAD AND TOBAGO","Within",0.309304058968999,NA,50
"Multiannual","JAMAICA_VANUATU","JAMAICA","VANUATU","Between",0.167962092888092,NA,50
"Multiannual","JAMAICA_VENEZUELA","JAMAICA","VENEZUELA","Within",0.219870543466777,NA,50
"Multiannual","JAMAICA_VIET NAM","JAMAICA","VIET NAM","Within",0.34963026115158,NA,50
"Multiannual","LAO PEOPLE'S DEMOCRATIC REPUBLIC_MALAYSIA","LAO PEOPLE'S DEMOCRATIC REPUBLIC","MALAYSIA","Within",0.322886770532123,NA,50
"Multiannual","LAO PEOPLE'S DEMOCRATIC REPUBLIC_MALDIVES","LAO PEOPLE'S DEMOCRATIC REPUBLIC","MALDIVES","Between",0.214205789490395,NA,50
"Multiannual","LAO PEOPLE'S DEMOCRATIC REPUBLIC_MARTINIQUE","LAO PEOPLE'S DEMOCRATIC REPUBLIC","MARTINIQUE","Within",0.422844435290588,NA,50
"Multiannual","LAO PEOPLE'S DEMOCRATIC REPUBLIC_MEXICO","LAO PEOPLE'S DEMOCRATIC REPUBLIC","MEXICO","Within",0.298537946534737,NA,50
"Multiannual","LAO PEOPLE'S DEMOCRATIC REPUBLIC_MYANMAR","LAO PEOPLE'S DEMOCRATIC REPUBLIC","MYANMAR","Within",0.322885523823957,NA,50
"Multiannual","LAO PEOPLE'S DEMOCRATIC REPUBLIC_NEW CALEDONIA","LAO PEOPLE'S DEMOCRATIC REPUBLIC","NEW CALEDONIA","Between",0.355114089798884,NA,50
"Multiannual","LAO PEOPLE'S DEMOCRATIC REPUBLIC_NICARAGUA","LAO PEOPLE'S DEMOCRATIC REPUBLIC","NICARAGUA","Within",0.396265884912218,NA,50
"Multiannual","LAO PEOPLE'S DEMOCRATIC REPUBLIC_PANAMA","LAO PEOPLE'S DEMOCRATIC REPUBLIC","PANAMA","Within",0.367719612802165,NA,50
"Multiannual","LAO PEOPLE'S DEMOCRATIC REPUBLIC_PARAGUAY","LAO PEOPLE'S DEMOCRATIC REPUBLIC","PARAGUAY","Between",0.17911129053558,NA,50
"Multiannual","LAO PEOPLE'S DEMOCRATIC REPUBLIC_PERU","LAO PEOPLE'S DEMOCRATIC REPUBLIC","PERU","Between",0.175348608843663,NA,50
"Multiannual","LAO PEOPLE'S DEMOCRATIC REPUBLIC_PHILIPPINES","LAO PEOPLE'S DEMOCRATIC REPUBLIC","PHILIPPINES","Within",0.420130337292376,NA,50
"Multiannual","LAO PEOPLE'S DEMOCRATIC REPUBLIC_PUERTO RICO","LAO PEOPLE'S DEMOCRATIC REPUBLIC","PUERTO RICO","Within",0.236867196607079,NA,50
"Multiannual","LAO PEOPLE'S DEMOCRATIC REPUBLIC_SINGAPORE","LAO PEOPLE'S DEMOCRATIC REPUBLIC","SINGAPORE","Within",0.351203559702678,NA,50
"Multiannual","LAO PEOPLE'S DEMOCRATIC REPUBLIC_SRI LANKA","LAO PEOPLE'S DEMOCRATIC REPUBLIC","SRI LANKA","Within",0.253855251312444,NA,50
"Multiannual","LAO PEOPLE'S DEMOCRATIC REPUBLIC_SURINAME","LAO PEOPLE'S DEMOCRATIC REPUBLIC","SURINAME","Within",0.226052251873888,NA,50
"Multiannual","LAO PEOPLE'S DEMOCRATIC REPUBLIC_TAIWAN","LAO PEOPLE'S DEMOCRATIC REPUBLIC","TAIWAN","Within",0.238644684398671,NA,50
"Multiannual","LAO PEOPLE'S DEMOCRATIC REPUBLIC_THAILAND","LAO PEOPLE'S DEMOCRATIC REPUBLIC","THAILAND","Within",0.353965039583292,NA,50
"Multiannual","LAO PEOPLE'S DEMOCRATIC REPUBLIC_TRINIDAD AND TOBAGO","LAO PEOPLE'S DEMOCRATIC REPUBLIC","TRINIDAD AND TOBAGO","Within",0.145249469335745,NA,50
"Multiannual","LAO PEOPLE'S DEMOCRATIC REPUBLIC_VANUATU","LAO PEOPLE'S DEMOCRATIC REPUBLIC","VANUATU","Between",0.301263849015607,NA,50
"Multiannual","LAO PEOPLE'S DEMOCRATIC REPUBLIC_VENEZUELA","LAO PEOPLE'S DEMOCRATIC REPUBLIC","VENEZUELA","Within",0.250425275961341,NA,50
"Multiannual","LAO PEOPLE'S DEMOCRATIC REPUBLIC_VIET NAM","LAO PEOPLE'S DEMOCRATIC REPUBLIC","VIET NAM","Within",0.4568366062412,NA,50
"Multiannual","MALAYSIA_MALDIVES","MALAYSIA","MALDIVES","Between",0.281760220465897,NA,50
"Multiannual","MALAYSIA_MARTINIQUE","MALAYSIA","MARTINIQUE","Within",0.380353990977288,NA,50
"Multiannual","MALAYSIA_MEXICO","MALAYSIA","MEXICO","Within",0.296437638399584,NA,50
"Multiannual","MALAYSIA_MYANMAR","MALAYSIA","MYANMAR","Within",0.30853317377858,NA,50
"Multiannual","MALAYSIA_NEW CALEDONIA","MALAYSIA","NEW CALEDONIA","Between",0.166941796669329,NA,50
"Multiannual","MALAYSIA_NICARAGUA","MALAYSIA","NICARAGUA","Within",0.268531704136249,NA,50
"Multiannual","MALAYSIA_PANAMA","MALAYSIA","PANAMA","Within",0.191953118817841,NA,50
"Multiannual","MALAYSIA_PARAGUAY","MALAYSIA","PARAGUAY","Between",0.136049681536048,NA,50
"Multiannual","MALAYSIA_PERU","MALAYSIA","PERU","Between",0.238897946174244,NA,50
"Multiannual","MALAYSIA_PHILIPPINES","MALAYSIA","PHILIPPINES","Within",0.421769800423967,NA,50
"Multiannual","MALAYSIA_PUERTO RICO","MALAYSIA","PUERTO RICO","Within",0.275030544767813,NA,50
"Multiannual","MALAYSIA_SINGAPORE","MALAYSIA","SINGAPORE","Within",0.49946290167855,NA,50
"Multiannual","MALAYSIA_SRI LANKA","MALAYSIA","SRI LANKA","Within",0.200454475937001,NA,50
"Multiannual","MALAYSIA_SURINAME","MALAYSIA","SURINAME","Within",0.266278859879472,NA,50
"Multiannual","MALAYSIA_TAIWAN","MALAYSIA","TAIWAN","Within",0.395929106579203,NA,50
"Multiannual","MALAYSIA_THAILAND","MALAYSIA","THAILAND","Within",0.416634205020098,NA,50
"Multiannual","MALAYSIA_TRINIDAD AND TOBAGO","MALAYSIA","TRINIDAD AND TOBAGO","Within",0.290613231605254,NA,50
"Multiannual","MALAYSIA_VANUATU","MALAYSIA","VANUATU","Between",0.264706707134894,NA,50
"Multiannual","MALAYSIA_VENEZUELA","MALAYSIA","VENEZUELA","Within",0.207712120813709,NA,50
"Multiannual","MALAYSIA_VIET NAM","MALAYSIA","VIET NAM","Within",0.335397414237827,NA,50
"Multiannual","MALDIVES_MARTINIQUE","MALDIVES","MARTINIQUE","Between",0.0866485377659262,NA,50
"Multiannual","MALDIVES_MEXICO","MALDIVES","MEXICO","Between",0.16075777426992,NA,50
"Multiannual","MALDIVES_MYANMAR","MALDIVES","MYANMAR","Between",0.184933925215125,NA,50
"Multiannual","MALDIVES_NEW CALEDONIA","MALDIVES","NEW CALEDONIA","Within",0.148523982710917,NA,50
"Multiannual","MALDIVES_NICARAGUA","MALDIVES","NICARAGUA","Between",0.366685289585728,NA,50
"Multiannual","MALDIVES_PANAMA","MALDIVES","PANAMA","Between",0.305180790135795,NA,50
"Multiannual","MALDIVES_PARAGUAY","MALDIVES","PARAGUAY","Within",0.270584941348759,NA,50
"Multiannual","MALDIVES_PERU","MALDIVES","PERU","Within",0.171947581697342,NA,50
"Multiannual","MALDIVES_PHILIPPINES","MALDIVES","PHILIPPINES","Between",0.396515661312427,NA,50
"Multiannual","MALDIVES_PUERTO RICO","MALDIVES","PUERTO RICO","Between",0.157547809601543,NA,50
"Multiannual","MALDIVES_SINGAPORE","MALDIVES","SINGAPORE","Between",0.272981059533852,NA,50
"Multiannual","MALDIVES_SRI LANKA","MALDIVES","SRI LANKA","Between",0.224624556562161,NA,50
"Multiannual","MALDIVES_SURINAME","MALDIVES","SURINAME","Between",0.316195083937234,NA,50
"Multiannual","MALDIVES_TAIWAN","MALDIVES","TAIWAN","Between",0.303283965099553,NA,50
"Multiannual","MALDIVES_THAILAND","MALDIVES","THAILAND","Between",0.327075124179196,NA,50
"Multiannual","MALDIVES_TRINIDAD AND TOBAGO","MALDIVES","TRINIDAD AND TOBAGO","Between",0.244674150731558,NA,50
"Multiannual","MALDIVES_VANUATU","MALDIVES","VANUATU","Within",0.168664591682343,NA,50
"Multiannual","MALDIVES_VENEZUELA","MALDIVES","VENEZUELA","Between",0.204653440892366,NA,50
"Multiannual","MALDIVES_VIET NAM","MALDIVES","VIET NAM","Between",0.351280265934318,NA,50
"Multiannual","MARTINIQUE_MEXICO","MARTINIQUE","MEXICO","Within",0.401406337896901,NA,50
"Multiannual","MARTINIQUE_MYANMAR","MARTINIQUE","MYANMAR","Within",0.225570748769517,NA,50
"Multiannual","MARTINIQUE_NEW CALEDONIA","MARTINIQUE","NEW CALEDONIA","Between",0.168357301849002,NA,50
"Multiannual","MARTINIQUE_NICARAGUA","MARTINIQUE","NICARAGUA","Within",0.320736563584333,NA,50
"Multiannual","MARTINIQUE_PANAMA","MARTINIQUE","PANAMA","Within",0.237395628900236,NA,50
"Multiannual","MARTINIQUE_PARAGUAY","MARTINIQUE","PARAGUAY","Between",0.288596921165614,NA,50
"Multiannual","MARTINIQUE_PERU","MARTINIQUE","PERU","Between",0.276242513882991,NA,50
"Multiannual","MARTINIQUE_PHILIPPINES","MARTINIQUE","PHILIPPINES","Within",0.291044576985677,NA,50
"Multiannual","MARTINIQUE_PUERTO RICO","MARTINIQUE","PUERTO RICO","Within",0.258122359246784,NA,50
"Multiannual","MARTINIQUE_SINGAPORE","MARTINIQUE","SINGAPORE","Within",0.376564146393797,NA,50
"Multiannual","MARTINIQUE_SRI LANKA","MARTINIQUE","SRI LANKA","Within",0.189226296140118,NA,50
"Multiannual","MARTINIQUE_SURINAME","MARTINIQUE","SURINAME","Within",0.387391319437652,NA,50
"Multiannual","MARTINIQUE_TAIWAN","MARTINIQUE","TAIWAN","Within",0.268005096850775,NA,50
"Multiannual","MARTINIQUE_THAILAND","MARTINIQUE","THAILAND","Within",0.381306782729303,NA,50
"Multiannual","MARTINIQUE_TRINIDAD AND TOBAGO","MARTINIQUE","TRINIDAD AND TOBAGO","Within",0.21092570347632,NA,50
"Multiannual","MARTINIQUE_VANUATU","MARTINIQUE","VANUATU","Between",0.165947794140642,NA,50
"Multiannual","MARTINIQUE_VENEZUELA","MARTINIQUE","VENEZUELA","Within",0.172613533118695,NA,50
"Multiannual","MARTINIQUE_VIET NAM","MARTINIQUE","VIET NAM","Within",0.25567931776236,NA,50
"Multiannual","MEXICO_MYANMAR","MEXICO","MYANMAR","Within",0.185963150557945,NA,50
"Multiannual","MEXICO_NEW CALEDONIA","MEXICO","NEW CALEDONIA","Between",0.193386998019085,NA,50
"Multiannual","MEXICO_NICARAGUA","MEXICO","NICARAGUA","Within",0.327927296573313,NA,50
"Multiannual","MEXICO_PANAMA","MEXICO","PANAMA","Within",0.347147542068275,NA,50
"Multiannual","MEXICO_PARAGUAY","MEXICO","PARAGUAY","Between",0.325301211400262,NA,50
"Multiannual","MEXICO_PERU","MEXICO","PERU","Between",0.276761476878269,NA,50
"Multiannual","MEXICO_PHILIPPINES","MEXICO","PHILIPPINES","Within",0.248184960497199,NA,50
"Multiannual","MEXICO_PUERTO RICO","MEXICO","PUERTO RICO","Within",0.247604319174399,NA,50
"Multiannual","MEXICO_SINGAPORE","MEXICO","SINGAPORE","Within",0.283528885464763,NA,50
"Multiannual","MEXICO_SRI LANKA","MEXICO","SRI LANKA","Within",0.262531961576315,NA,50
"Multiannual","MEXICO_SURINAME","MEXICO","SURINAME","Within",0.335277635796698,NA,50
"Multiannual","MEXICO_TAIWAN","MEXICO","TAIWAN","Within",0.242060438149136,NA,50
"Multiannual","MEXICO_THAILAND","MEXICO","THAILAND","Within",0.255897050139425,NA,50
"Multiannual","MEXICO_TRINIDAD AND TOBAGO","MEXICO","TRINIDAD AND TOBAGO","Within",0.216091116558567,NA,50
"Multiannual","MEXICO_VANUATU","MEXICO","VANUATU","Between",0.0933629289564191,NA,50
"Multiannual","MEXICO_VENEZUELA","MEXICO","VENEZUELA","Within",0.170899869857688,NA,50
"Multiannual","MEXICO_VIET NAM","MEXICO","VIET NAM","Within",0.241403133877804,NA,50
"Multiannual","MYANMAR_NEW CALEDONIA","MYANMAR","NEW CALEDONIA","Between",0.284669556337888,NA,50
"Multiannual","MYANMAR_NICARAGUA","MYANMAR","NICARAGUA","Within",0.25004050735043,NA,50
"Multiannual","MYANMAR_PANAMA","MYANMAR","PANAMA","Within",0.375412432944773,NA,50
"Multiannual","MYANMAR_PARAGUAY","MYANMAR","PARAGUAY","Between",0.121977323122035,NA,50
"Multiannual","MYANMAR_PERU","MYANMAR","PERU","Between",0.136314735889564,NA,50
"Multiannual","MYANMAR_PHILIPPINES","MYANMAR","PHILIPPINES","Within",0.266001697391936,NA,50
"Multiannual","MYANMAR_PUERTO RICO","MYANMAR","PUERTO RICO","Within",0.296833182990725,NA,50
"Multiannual","MYANMAR_SINGAPORE","MYANMAR","SINGAPORE","Within",0.278690047157636,NA,50
"Multiannual","MYANMAR_SRI LANKA","MYANMAR","SRI LANKA","Within",0.232732415527293,NA,50
"Multiannual","MYANMAR_SURINAME","MYANMAR","SURINAME","Within",0.148576603399424,NA,50
"Multiannual","MYANMAR_TAIWAN","MYANMAR","TAIWAN","Within",0.305915015435274,NA,50
"Multiannual","MYANMAR_THAILAND","MYANMAR","THAILAND","Within",0.336813305675293,NA,50
"Multiannual","MYANMAR_TRINIDAD AND TOBAGO","MYANMAR","TRINIDAD AND TOBAGO","Within",0.135102507548325,NA,50
"Multiannual","MYANMAR_VANUATU","MYANMAR","VANUATU","Between",0.363734724662408,NA,50
"Multiannual","MYANMAR_VENEZUELA","MYANMAR","VENEZUELA","Within",0.273690149546605,NA,50
"Multiannual","MYANMAR_VIET NAM","MYANMAR","VIET NAM","Within",0.249502208708131,NA,50
"Multiannual","NEW CALEDONIA_NICARAGUA","NEW CALEDONIA","NICARAGUA","Between",0.239906758276428,NA,50
"Multiannual","NEW CALEDONIA_PANAMA","NEW CALEDONIA","PANAMA","Between",0.158124914050758,NA,50
"Multiannual","NEW CALEDONIA_PARAGUAY","NEW CALEDONIA","PARAGUAY","Within",0.0475204695728945,NA,50
"Multiannual","NEW CALEDONIA_PERU","NEW CALEDONIA","PERU","Within",0.107575154661083,NA,50
"Multiannual","NEW CALEDONIA_PHILIPPINES","NEW CALEDONIA","PHILIPPINES","Between",0.199972640222991,NA,50
"Multiannual","NEW CALEDONIA_PUERTO RICO","NEW CALEDONIA","PUERTO RICO","Between",0.130513558106111,NA,50
"Multiannual","NEW CALEDONIA_SINGAPORE","NEW CALEDONIA","SINGAPORE","Between",0.159040094316765,NA,50
"Multiannual","NEW CALEDONIA_SRI LANKA","NEW CALEDONIA","SRI LANKA","Between",0.194453454115357,NA,50
"Multiannual","NEW CALEDONIA_SURINAME","NEW CALEDONIA","SURINAME","Between",0.172769944921126,NA,50
"Multiannual","NEW CALEDONIA_TAIWAN","NEW CALEDONIA","TAIWAN","Between",0.164039166717332,NA,50
"Multiannual","NEW CALEDONIA_THAILAND","NEW CALEDONIA","THAILAND","Between",0.22021461875788,NA,50
"Multiannual","NEW CALEDONIA_TRINIDAD AND TOBAGO","NEW CALEDONIA","TRINIDAD AND TOBAGO","Between",0.184842147190979,NA,50
"Multiannual","NEW CALEDONIA_VANUATU","NEW CALEDONIA","VANUATU","Within",0.32950620202922,NA,50
"Multiannual","NEW CALEDONIA_VENEZUELA","NEW CALEDONIA","VENEZUELA","Between",0.205274632973133,NA,50
"Multiannual","NEW CALEDONIA_VIET NAM","NEW CALEDONIA","VIET NAM","Between",0.352188691173987,NA,50
"Multiannual","NICARAGUA_PANAMA","NICARAGUA","PANAMA","Within",0.411857832382093,NA,50
"Multiannual","NICARAGUA_PARAGUAY","NICARAGUA","PARAGUAY","Between",0.264356116474794,NA,50
"Multiannual","NICARAGUA_PERU","NICARAGUA","PERU","Between",0.194715299850645,NA,50
"Multiannual","NICARAGUA_PHILIPPINES","NICARAGUA","PHILIPPINES","Within",0.304627541972328,NA,50
"Multiannual","NICARAGUA_PUERTO RICO","NICARAGUA","PUERTO RICO","Within",0.24771068704295,NA,50
"Multiannual","NICARAGUA_SINGAPORE","NICARAGUA","SINGAPORE","Within",0.262263984438946,NA,50
"Multiannual","NICARAGUA_SRI LANKA","NICARAGUA","SRI LANKA","Within",0.320849552652287,NA,50
"Multiannual","NICARAGUA_SURINAME","NICARAGUA","SURINAME","Within",0.271901330169047,NA,50
"Multiannual","NICARAGUA_TAIWAN","NICARAGUA","TAIWAN","Within",0.183585484066488,NA,50
"Multiannual","NICARAGUA_THAILAND","NICARAGUA","THAILAND","Within",0.238427989253456,NA,50
"Multiannual","NICARAGUA_TRINIDAD AND TOBAGO","NICARAGUA","TRINIDAD AND TOBAGO","Within",0.184782794099498,NA,50
"Multiannual","NICARAGUA_VANUATU","NICARAGUA","VANUATU","Between",0.240849341536456,NA,50
"Multiannual","NICARAGUA_VENEZUELA","NICARAGUA","VENEZUELA","Within",0.242043643715493,NA,50
"Multiannual","NICARAGUA_VIET NAM","NICARAGUA","VIET NAM","Within",0.411162851930365,NA,50
"Multiannual","PANAMA_PARAGUAY","PANAMA","PARAGUAY","Between",0.25532920740878,NA,50
"Multiannual","PANAMA_PERU","PANAMA","PERU","Between",0.163271065615327,NA,50
"Multiannual","PANAMA_PHILIPPINES","PANAMA","PHILIPPINES","Within",0.259223396559442,NA,50
"Multiannual","PANAMA_PUERTO RICO","PANAMA","PUERTO RICO","Within",0.263123974737032,NA,50
"Multiannual","PANAMA_SINGAPORE","PANAMA","SINGAPORE","Within",0.271955332796409,NA,50
"Multiannual","PANAMA_SRI LANKA","PANAMA","SRI LANKA","Within",0.365386733312888,NA,50
"Multiannual","PANAMA_SURINAME","PANAMA","SURINAME","Within",0.219730261296984,NA,50
"Multiannual","PANAMA_TAIWAN","PANAMA","TAIWAN","Within",0.208658688410154,NA,50
"Multiannual","PANAMA_THAILAND","PANAMA","THAILAND","Within",0.209632392458301,NA,50
"Multiannual","PANAMA_TRINIDAD AND TOBAGO","PANAMA","TRINIDAD AND TOBAGO","Within",0.103139720234284,NA,50
"Multiannual","PANAMA_VANUATU","PANAMA","VANUATU","Between",0.263048895015806,NA,50
"Multiannual","PANAMA_VENEZUELA","PANAMA","VENEZUELA","Within",0.254882542846984,NA,50
"Multiannual","PANAMA_VIET NAM","PANAMA","VIET NAM","Within",0.218657049446652,NA,50
"Multiannual","PARAGUAY_PERU","PARAGUAY","PERU","Within",0.179962941443267,NA,50
"Multiannual","PARAGUAY_PHILIPPINES","PARAGUAY","PHILIPPINES","Between",0.187940644585049,NA,50
"Multiannual","PARAGUAY_PUERTO RICO","PARAGUAY","PUERTO RICO","Between",0.180518473997378,NA,50
"Multiannual","PARAGUAY_SINGAPORE","PARAGUAY","SINGAPORE","Between",0.127257929350317,NA,50
"Multiannual","PARAGUAY_SRI LANKA","PARAGUAY","SRI LANKA","Between",0.157860654066644,NA,50
"Multiannual","PARAGUAY_SURINAME","PARAGUAY","SURINAME","Between",0.329086637350154,NA,50
"Multiannual","PARAGUAY_TAIWAN","PARAGUAY","TAIWAN","Between",0.379238040886134,NA,50
"Multiannual","PARAGUAY_THAILAND","PARAGUAY","THAILAND","Between",0.211414891936212,NA,50
"Multiannual","PARAGUAY_TRINIDAD AND TOBAGO","PARAGUAY","TRINIDAD AND TOBAGO","Between",0.13437957270216,NA,50
"Multiannual","PARAGUAY_VANUATU","PARAGUAY","VANUATU","Within",0.0633694179265291,NA,50
"Multiannual","PARAGUAY_VENEZUELA","PARAGUAY","VENEZUELA","Between",0.119364888542146,NA,50
"Multiannual","PARAGUAY_VIET NAM","PARAGUAY","VIET NAM","Between",0.108932409911878,NA,50
"Multiannual","PERU_PHILIPPINES","PERU","PHILIPPINES","Between",0.152882438988326,NA,50
"Multiannual","PERU_PUERTO RICO","PERU","PUERTO RICO","Between",0.187324243867936,NA,50
"Multiannual","PERU_SINGAPORE","PERU","SINGAPORE","Between",0.208391721343616,NA,50
"Multiannual","PERU_SRI LANKA","PERU","SRI LANKA","Between",0.31320415836359,NA,50
"Multiannual","PERU_SURINAME","PERU","SURINAME","Between",0.244007631028138,NA,50
"Multiannual","PERU_TAIWAN","PERU","TAIWAN","Between",0.157844141759516,NA,50
"Multiannual","PERU_THAILAND","PERU","THAILAND","Between",0.200580306390788,NA,50
"Multiannual","PERU_TRINIDAD AND TOBAGO","PERU","TRINIDAD AND TOBAGO","Between",0.217600039944913,NA,50
"Multiannual","PERU_VANUATU","PERU","VANUATU","Within",0.142799782901963,NA,50
"Multiannual","PERU_VENEZUELA","PERU","VENEZUELA","Between",0.075264080600571,NA,50
"Multiannual","PERU_VIET NAM","PERU","VIET NAM","Between",0.250258336488373,NA,50
"Multiannual","PHILIPPINES_PUERTO RICO","PHILIPPINES","PUERTO RICO","Within",0.220900742081852,NA,50
"Multiannual","PHILIPPINES_SINGAPORE","PHILIPPINES","SINGAPORE","Within",0.404853369755271,NA,50
"Multiannual","PHILIPPINES_SRI LANKA","PHILIPPINES","SRI LANKA","Within",0.259182126699502,NA,50
"Multiannual","PHILIPPINES_SURINAME","PHILIPPINES","SURINAME","Within",0.193845068198373,NA,50
"Multiannual","PHILIPPINES_TAIWAN","PHILIPPINES","TAIWAN","Within",0.282196176100381,NA,50
"Multiannual","PHILIPPINES_THAILAND","PHILIPPINES","THAILAND","Within",0.398924763340203,NA,50
"Multiannual","PHILIPPINES_TRINIDAD AND TOBAGO","PHILIPPINES","TRINIDAD AND TOBAGO","Within",0.172829569393913,NA,50
"Multiannual","PHILIPPINES_VANUATU","PHILIPPINES","VANUATU","Between",0.160699801452164,NA,50
"Multiannual","PHILIPPINES_VENEZUELA","PHILIPPINES","VENEZUELA","Within",0.241971364080743,NA,50
"Multiannual","PHILIPPINES_VIET NAM","PHILIPPINES","VIET NAM","Within",0.471315081062296,NA,50
"Multiannual","PUERTO RICO_SINGAPORE","PUERTO RICO","SINGAPORE","Within",0.390749246106403,NA,50
"Multiannual","PUERTO RICO_SRI LANKA","PUERTO RICO","SRI LANKA","Within",0.165463573284021,NA,50
"Multiannual","PUERTO RICO_SURINAME","PUERTO RICO","SURINAME","Within",0.189334450964198,NA,50
"Multiannual","PUERTO RICO_TAIWAN","PUERTO RICO","TAIWAN","Within",0.276730143111825,NA,50
"Multiannual","PUERTO RICO_THAILAND","PUERTO RICO","THAILAND","Within",0.327874423098533,NA,50
"Multiannual","PUERTO RICO_TRINIDAD AND TOBAGO","PUERTO RICO","TRINIDAD AND TOBAGO","Within",0.197413901265435,NA,50
"Multiannual","PUERTO RICO_VANUATU","PUERTO RICO","VANUATU","Between",0.230420542931021,NA,50
"Multiannual","PUERTO RICO_VENEZUELA","PUERTO RICO","VENEZUELA","Within",0.334928872541645,NA,50
"Multiannual","PUERTO RICO_VIET NAM","PUERTO RICO","VIET NAM","Within",0.220605271606635,NA,50
"Multiannual","SINGAPORE_SRI LANKA","SINGAPORE","SRI LANKA","Within",0.126843753246871,NA,50
"Multiannual","SINGAPORE_SURINAME","SINGAPORE","SURINAME","Within",0.190022264465465,NA,50
"Multiannual","SINGAPORE_TAIWAN","SINGAPORE","TAIWAN","Within",0.319057041838155,NA,50
"Multiannual","SINGAPORE_THAILAND","SINGAPORE","THAILAND","Within",0.442465538370584,NA,50
"Multiannual","SINGAPORE_TRINIDAD AND TOBAGO","SINGAPORE","TRINIDAD AND TOBAGO","Within",0.251047647964453,NA,50
"Multiannual","SINGAPORE_VANUATU","SINGAPORE","VANUATU","Between",0.19176296694914,NA,50
"Multiannual","SINGAPORE_VENEZUELA","SINGAPORE","VENEZUELA","Within",0.298343082512125,NA,50
"Multiannual","SINGAPORE_VIET NAM","SINGAPORE","VIET NAM","Within",0.353297177127701,NA,50
"Multiannual","SRI LANKA_SURINAME","SRI LANKA","SURINAME","Within",0.198568371913005,NA,50
"Multiannual","SRI LANKA_TAIWAN","SRI LANKA","TAIWAN","Within",0.163301874693,NA,50
"Multiannual","SRI LANKA_THAILAND","SRI LANKA","THAILAND","Within",0.178718676617926,NA,50
"Multiannual","SRI LANKA_TRINIDAD AND TOBAGO","SRI LANKA","TRINIDAD AND TOBAGO","Within",0.0790699777102375,NA,50
"Multiannual","SRI LANKA_VANUATU","SRI LANKA","VANUATU","Between",0.176030286516355,NA,50
"Multiannual","SRI LANKA_VENEZUELA","SRI LANKA","VENEZUELA","Within",0.180895262325016,NA,50
"Multiannual","SRI LANKA_VIET NAM","SRI LANKA","VIET NAM","Within",0.282067986063277,NA,50
"Multiannual","SURINAME_TAIWAN","SURINAME","TAIWAN","Within",0.300173639526361,NA,50
"Multiannual","SURINAME_THAILAND","SURINAME","THAILAND","Within",0.223826939133594,NA,50
"Multiannual","SURINAME_TRINIDAD AND TOBAGO","SURINAME","TRINIDAD AND TOBAGO","Within",0.237796542807713,NA,50
"Multiannual","SURINAME_VANUATU","SURINAME","VANUATU","Between",0.112750533620477,NA,50
"Multiannual","SURINAME_VENEZUELA","SURINAME","VENEZUELA","Within",0.116854673859523,NA,50
"Multiannual","SURINAME_VIET NAM","SURINAME","VIET NAM","Within",0.215676777538186,NA,50
"Multiannual","TAIWAN_THAILAND","TAIWAN","THAILAND","Within",0.427287215187523,NA,50
"Multiannual","TAIWAN_TRINIDAD AND TOBAGO","TAIWAN","TRINIDAD AND TOBAGO","Within",0.26175591643899,NA,50
"Multiannual","TAIWAN_VANUATU","TAIWAN","VANUATU","Between",0.23749193842558,NA,50
"Multiannual","TAIWAN_VENEZUELA","TAIWAN","VENEZUELA","Within",0.237648948554316,NA,50
"Multiannual","TAIWAN_VIET NAM","TAIWAN","VIET NAM","Within",0.216367656020347,NA,50
"Multiannual","THAILAND_TRINIDAD AND TOBAGO","THAILAND","TRINIDAD AND TOBAGO","Within",0.231788439372029,NA,50
"Multiannual","THAILAND_VANUATU","THAILAND","VANUATU","Between",0.214102849633353,NA,50
"Multiannual","THAILAND_VENEZUELA","THAILAND","VENEZUELA","Within",0.254903574648181,NA,50
"Multiannual","THAILAND_VIET NAM","THAILAND","VIET NAM","Within",0.36424612037077,NA,50
"Multiannual","TRINIDAD AND TOBAGO_VANUATU","TRINIDAD AND TOBAGO","VANUATU","Between",0.180984706410567,NA,50
"Multiannual","TRINIDAD AND TOBAGO_VENEZUELA","TRINIDAD AND TOBAGO","VENEZUELA","Within",0.202244217223709,NA,50
"Multiannual","TRINIDAD AND TOBAGO_VIET NAM","TRINIDAD AND TOBAGO","VIET NAM","Within",0.171707291321334,NA,50
"Multiannual","VANUATU_VENEZUELA","VANUATU","VENEZUELA","Between",0.237956137235504,NA,50
"Multiannual","VANUATU_VIET NAM","VANUATU","VIET NAM","Between",0.181160447221633,NA,50
"Multiannual","VENEZUELA_VIET NAM","VENEZUELA","VIET NAM","Within",0.254786004996204,NA,50
