"adm_0_name","ISO_A0","od_region","Year","dengue_total","lwr","upr"
"AFGHANISTAN","AFG","South Asia",1990,0,0,0
"AFGHANISTAN","AFG","South Asia",1991,0,0,0
"AFGHANISTAN","AFG","South Asia",1992,0,0,0
"AFGHANISTAN","AFG","South Asia",1993,0,0,0
"AFGHANISTAN","AFG","South Asia",1994,0,0,0
"AFGHANISTAN","AFG","South Asia",1995,0,0,0
"AFGHANISTAN","AFG","South Asia",1996,0,0,0
"AFGHANISTAN","AFG","South Asia",1997,0,0,0
"AFGHANISTAN","AFG","South Asia",1998,0,0,0
"AFGHANISTAN","AFG","South Asia",1999,0,0,0
"AFGHANISTAN","AFG","South Asia",2000,0,0,0
"AFGHANISTAN","AFG","South Asia",2001,0,0,0
"AFGHANISTAN","AFG","South Asia",2002,0,0,0
"AFGHANISTAN","AFG","South Asia",2003,0,0,0
"AFGHANISTAN","AFG","South Asia",2004,0,0,0
"AFGHANISTAN","AFG","South Asia",2005,0,0,0
"AFGHANISTAN","AFG","South Asia",2006,0,0,0
"AFGHANISTAN","AFG","South Asia",2007,0,0,0
"AFGHANISTAN","AFG","South Asia",2008,0,0,0
"AFGHANISTAN","AFG","South Asia",2009,0,0,0
"AFGHANISTAN","AFG","South Asia",2010,0,0,0
"AFGHANISTAN","AFG","South Asia",2011,0,0,0
"AFGHANISTAN","AFG","South Asia",2012,0,0,0
"AFGHANISTAN","AFG","South Asia",2013,0,0,0
"AFGHANISTAN","AFG","South Asia",2014,0,0,0
"AFGHANISTAN","AFG","South Asia",2015,0,0,0
"AFGHANISTAN","AFG","South Asia",2016,0,0,0
"AFGHANISTAN","AFG","South Asia",2017,0,0,0
"AFGHANISTAN","AFG","South Asia",2018,0,0,0
"AFGHANISTAN","AFG","South Asia",2019,19,19,19
"AFGHANISTAN","AFG","South Asia",2020,0,0,0
"AFGHANISTAN","AFG","South Asia",2021,775,775,775
"AFGHANISTAN","AFG","South Asia",2022,1341,1341,1341
"AFGHANISTAN","AFG","South Asia",2023,1497,1497,1497
"AFGHANISTAN","AFG","South Asia",2024,4722,4722,4722
"AMERICAN SAMOA","ASM","Pacific Islands",1990,0,0,0
"AMERICAN SAMOA","ASM","Pacific Islands",1991,0,0,0
"AMERICAN SAMOA","ASM","Pacific Islands",1992,0,0,0
"AMERICAN SAMOA","ASM","Pacific Islands",1993,0,0,0
"AMERICAN SAMOA","ASM","Pacific Islands",1994,246,246,246
"AMERICAN SAMOA","ASM","Pacific Islands",1995,246,246,246
"AMERICAN SAMOA","ASM","Pacific Islands",1996,49,49,49
"AMERICAN SAMOA","ASM","Pacific Islands",1997,0,0,0
"AMERICAN SAMOA","ASM","Pacific Islands",1998,205,205,205
"AMERICAN SAMOA","ASM","Pacific Islands",1999,1,1,1
"AMERICAN SAMOA","ASM","Pacific Islands",2000,0,0,0
"AMERICAN SAMOA","ASM","Pacific Islands",2001,500,500,500
"AMERICAN SAMOA","ASM","Pacific Islands",2002,1185,1185,1185
"AMERICAN SAMOA","ASM","Pacific Islands",2003,0,0,0
"AMERICAN SAMOA","ASM","Pacific Islands",2004,0,0,0
"AMERICAN SAMOA","ASM","Pacific Islands",2005,0,0,0
"AMERICAN SAMOA","ASM","Pacific Islands",2006,53,53,53
"AMERICAN SAMOA","ASM","Pacific Islands",2007,126,126,126
"AMERICAN SAMOA","ASM","Pacific Islands",2008,649,649,649
"AMERICAN SAMOA","ASM","Pacific Islands",2009,419,419,419
"AMERICAN SAMOA","ASM","Pacific Islands",2010,51,51,51
"AMERICAN SAMOA","ASM","Pacific Islands",2011,0,0,0
"AMERICAN SAMOA","ASM","Pacific Islands",2012,0,0,0
"AMERICAN SAMOA","ASM","Pacific Islands",2013,0,0,0
"AMERICAN SAMOA","ASM","Pacific Islands",2014,0,0,0
"AMERICAN SAMOA","ASM","Pacific Islands",2015,479,479,479
"AMERICAN SAMOA","ASM","Pacific Islands",2016,0,0,0
"AMERICAN SAMOA","ASM","Pacific Islands",2017,582,144,1606
"AMERICAN SAMOA","ASM","Pacific Islands",2018,91,1,457
"AMERICAN SAMOA","ASM","Pacific Islands",2019,63,1,316
"AMERICAN SAMOA","ASM","Pacific Islands",2020,0,0,0
"AMERICAN SAMOA","ASM","Pacific Islands",2021,0,0,0
"AMERICAN SAMOA","ASM","Pacific Islands",2022,1,1,1
"AMERICAN SAMOA","ASM","Pacific Islands",2023,0,0,0
"AMERICAN SAMOA","ASM","Pacific Islands",2024,1,0,4
"ANGOLA","AGO","Sub-Saharan Africa",1990,0,0,0
"ANGOLA","AGO","Sub-Saharan Africa",1991,0,0,0
"ANGOLA","AGO","Sub-Saharan Africa",1992,0,0,0
"ANGOLA","AGO","Sub-Saharan Africa",1993,0,0,0
"ANGOLA","AGO","Sub-Saharan Africa",1994,0,0,0
"ANGOLA","AGO","Sub-Saharan Africa",1995,0,0,0
"ANGOLA","AGO","Sub-Saharan Africa",1996,0,0,0
"ANGOLA","AGO","Sub-Saharan Africa",1997,0,0,0
"ANGOLA","AGO","Sub-Saharan Africa",1998,0,0,0
"ANGOLA","AGO","Sub-Saharan Africa",1999,0,0,0
"ANGOLA","AGO","Sub-Saharan Africa",2000,0,0,0
"ANGOLA","AGO","Sub-Saharan Africa",2001,0,0,0
"ANGOLA","AGO","Sub-Saharan Africa",2002,0,0,0
"ANGOLA","AGO","Sub-Saharan Africa",2003,0,0,0
"ANGOLA","AGO","Sub-Saharan Africa",2004,0,0,0
"ANGOLA","AGO","Sub-Saharan Africa",2005,0,0,0
"ANGOLA","AGO","Sub-Saharan Africa",2006,0,0,0
"ANGOLA","AGO","Sub-Saharan Africa",2007,0,0,0
"ANGOLA","AGO","Sub-Saharan Africa",2008,0,0,0
"ANGOLA","AGO","Sub-Saharan Africa",2009,0,0,0
"ANGOLA","AGO","Sub-Saharan Africa",2010,0,0,0
"ANGOLA","AGO","Sub-Saharan Africa",2011,0,0,0
"ANGOLA","AGO","Sub-Saharan Africa",2012,0,0,0
"ANGOLA","AGO","Sub-Saharan Africa",2013,1214,1214,1214
"ANGOLA","AGO","Sub-Saharan Africa",2014,0,0,0
"ANGOLA","AGO","Sub-Saharan Africa",2015,0,0,0
"ANGOLA","AGO","Sub-Saharan Africa",2016,0,0,0
"ANGOLA","AGO","Sub-Saharan Africa",2017,401,401,401
"ANGOLA","AGO","Sub-Saharan Africa",2018,0,0,0
"ANGOLA","AGO","Sub-Saharan Africa",2019,0,0,0
"ANGOLA","AGO","Sub-Saharan Africa",2020,0,0,0
"ANGOLA","AGO","Sub-Saharan Africa",2021,86,86,86
"ANGOLA","AGO","Sub-Saharan Africa",2022,0,0,0
"ANGOLA","AGO","Sub-Saharan Africa",2023,3,3,3
"ANGOLA","AGO","Sub-Saharan Africa",2024,86,86,86
"ANGUILLA","AIA","Caribbean",1990,12,12,12
"ANGUILLA","AIA","Caribbean",1991,0,0,0
"ANGUILLA","AIA","Caribbean",1992,0,0,0
"ANGUILLA","AIA","Caribbean",1993,0,0,0
"ANGUILLA","AIA","Caribbean",1994,0,0,0
"ANGUILLA","AIA","Caribbean",1995,4,4,4
"ANGUILLA","AIA","Caribbean",1996,1,1,1
"ANGUILLA","AIA","Caribbean",1997,0,0,0
"ANGUILLA","AIA","Caribbean",1998,0,0,0
"ANGUILLA","AIA","Caribbean",1999,12,12,12
"ANGUILLA","AIA","Caribbean",2000,3,3,3
"ANGUILLA","AIA","Caribbean",2001,25,25,25
"ANGUILLA","AIA","Caribbean",2002,5,5,5
"ANGUILLA","AIA","Caribbean",2003,2,2,2
"ANGUILLA","AIA","Caribbean",2004,0,0,0
"ANGUILLA","AIA","Caribbean",2005,0,0,0
"ANGUILLA","AIA","Caribbean",2006,0,0,0
"ANGUILLA","AIA","Caribbean",2007,0,0,0
"ANGUILLA","AIA","Caribbean",2008,7,7,7
"ANGUILLA","AIA","Caribbean",2009,0,0,0
"ANGUILLA","AIA","Caribbean",2010,1,1,1
"ANGUILLA","AIA","Caribbean",2011,9,9,9
"ANGUILLA","AIA","Caribbean",2012,7,7,7
"ANGUILLA","AIA","Caribbean",2013,8,8,8
"ANGUILLA","AIA","Caribbean",2014,86,86,86
"ANGUILLA","AIA","Caribbean",2015,8,8,8
"ANGUILLA","AIA","Caribbean",2016,50,50,50
"ANGUILLA","AIA","Caribbean",2017,22,22,22
"ANGUILLA","AIA","Caribbean",2018,1,1,1
"ANGUILLA","AIA","Caribbean",2019,6,6,6
"ANGUILLA","AIA","Caribbean",2020,6,6,6
"ANGUILLA","AIA","Caribbean",2021,0,0,0
"ANGUILLA","AIA","Caribbean",2022,0,0,0
"ANGUILLA","AIA","Caribbean",2023,1,1,1
"ANGUILLA","AIA","Caribbean",2024,5,5,5
"ANTIGUA AND BARBUDA","ATG","Caribbean",1990,1,1,1
"ANTIGUA AND BARBUDA","ATG","Caribbean",1991,1,1,1
"ANTIGUA AND BARBUDA","ATG","Caribbean",1992,0,0,0
"ANTIGUA AND BARBUDA","ATG","Caribbean",1993,0,0,0
"ANTIGUA AND BARBUDA","ATG","Caribbean",1994,0,0,0
"ANTIGUA AND BARBUDA","ATG","Caribbean",1995,56,56,56
"ANTIGUA AND BARBUDA","ATG","Caribbean",1996,12,12,12
"ANTIGUA AND BARBUDA","ATG","Caribbean",1997,7,7,7
"ANTIGUA AND BARBUDA","ATG","Caribbean",1998,4,4,4
"ANTIGUA AND BARBUDA","ATG","Caribbean",1999,2,2,2
"ANTIGUA AND BARBUDA","ATG","Caribbean",2000,8,8,8
"ANTIGUA AND BARBUDA","ATG","Caribbean",2001,20,20,20
"ANTIGUA AND BARBUDA","ATG","Caribbean",2002,5,5,5
"ANTIGUA AND BARBUDA","ATG","Caribbean",2003,0,0,0
"ANTIGUA AND BARBUDA","ATG","Caribbean",2004,0,0,0
"ANTIGUA AND BARBUDA","ATG","Caribbean",2005,0,0,0
"ANTIGUA AND BARBUDA","ATG","Caribbean",2006,0,0,0
"ANTIGUA AND BARBUDA","ATG","Caribbean",2007,0,0,0
"ANTIGUA AND BARBUDA","ATG","Caribbean",2008,17,17,17
"ANTIGUA AND BARBUDA","ATG","Caribbean",2009,2,2,2
"ANTIGUA AND BARBUDA","ATG","Caribbean",2010,3,3,3
"ANTIGUA AND BARBUDA","ATG","Caribbean",2011,7,7,7
"ANTIGUA AND BARBUDA","ATG","Caribbean",2012,10,10,10
"ANTIGUA AND BARBUDA","ATG","Caribbean",2013,3,3,3
"ANTIGUA AND BARBUDA","ATG","Caribbean",2014,37,37,37
"ANTIGUA AND BARBUDA","ATG","Caribbean",2015,14,14,14
"ANTIGUA AND BARBUDA","ATG","Caribbean",2016,103,103,103
"ANTIGUA AND BARBUDA","ATG","Caribbean",2017,1,1,1
"ANTIGUA AND BARBUDA","ATG","Caribbean",2018,8,8,8
"ANTIGUA AND BARBUDA","ATG","Caribbean",2019,1223,1223,1223
"ANTIGUA AND BARBUDA","ATG","Caribbean",2020,407,407,407
"ANTIGUA AND BARBUDA","ATG","Caribbean",2021,46,46,46
"ANTIGUA AND BARBUDA","ATG","Caribbean",2022,48,48,48
"ANTIGUA AND BARBUDA","ATG","Caribbean",2023,254,254,254
"ANTIGUA AND BARBUDA","ATG","Caribbean",2024,169,169,169
"ARGENTINA","ARG","South America",1990,0,0,0
"ARGENTINA","ARG","South America",1991,0,0,0
"ARGENTINA","ARG","South America",1992,0,0,0
"ARGENTINA","ARG","South America",1993,0,0,0
"ARGENTINA","ARG","South America",1994,0,0,0
"ARGENTINA","ARG","South America",1995,0,0,0
"ARGENTINA","ARG","South America",1996,0,0,0
"ARGENTINA","ARG","South America",1997,0,0,0
"ARGENTINA","ARG","South America",1998,822,822,822
"ARGENTINA","ARG","South America",1999,3,3,3
"ARGENTINA","ARG","South America",2000,1700,1700,1700
"ARGENTINA","ARG","South America",2001,11,11,11
"ARGENTINA","ARG","South America",2002,214,214,214
"ARGENTINA","ARG","South America",2003,135,135,135
"ARGENTINA","ARG","South America",2004,3284,3284,3284
"ARGENTINA","ARG","South America",2005,34,34,34
"ARGENTINA","ARG","South America",2006,181,181,181
"ARGENTINA","ARG","South America",2007,173,173,173
"ARGENTINA","ARG","South America",2008,40,40,40
"ARGENTINA","ARG","South America",2009,26606,26606,26606
"ARGENTINA","ARG","South America",2010,1185,1185,1185
"ARGENTINA","ARG","South America",2011,213,213,213
"ARGENTINA","ARG","South America",2012,2803,2803,2803
"ARGENTINA","ARG","South America",2013,9294,9294,9294
"ARGENTINA","ARG","South America",2014,3270,3270,3270
"ARGENTINA","ARG","South America",2015,4774,4774,4774
"ARGENTINA","ARG","South America",2016,79455,79455,79455
"ARGENTINA","ARG","South America",2017,557,557,557
"ARGENTINA","ARG","South America",2018,1829,1829,1829
"ARGENTINA","ARG","South America",2019,3220,3220,3220
"ARGENTINA","ARG","South America",2020,59358,59358,59358
"ARGENTINA","ARG","South America",2021,3972,3972,3972
"ARGENTINA","ARG","South America",2022,841,841,841
"ARGENTINA","ARG","South America",2023,146876,146876,146876
"ARGENTINA","ARG","South America",2024,581559,581559,581559
"ARUBA","ABW","Caribbean",1990,0,0,0
"ARUBA","ABW","Caribbean",1991,0,0,0
"ARUBA","ABW","Caribbean",1992,0,0,0
"ARUBA","ABW","Caribbean",1993,0,0,0
"ARUBA","ABW","Caribbean",1994,0,0,0
"ARUBA","ABW","Caribbean",1995,37,37,37
"ARUBA","ABW","Caribbean",1996,10,10,10
"ARUBA","ABW","Caribbean",1997,0,0,0
"ARUBA","ABW","Caribbean",1998,0,0,0
"ARUBA","ABW","Caribbean",1999,130,130,130
"ARUBA","ABW","Caribbean",2000,76,76,76
"ARUBA","ABW","Caribbean",2001,0,0,0
"ARUBA","ABW","Caribbean",2002,25,25,25
"ARUBA","ABW","Caribbean",2003,0,0,0
"ARUBA","ABW","Caribbean",2004,173,173,173
"ARUBA","ABW","Caribbean",2005,0,0,0
"ARUBA","ABW","Caribbean",2006,5,5,5
"ARUBA","ABW","Caribbean",2007,0,0,0
"ARUBA","ABW","Caribbean",2008,0,0,0
"ARUBA","ABW","Caribbean",2009,845,845,845
"ARUBA","ABW","Caribbean",2010,1700,1700,1700
"ARUBA","ABW","Caribbean",2011,3025,3025,3025
"ARUBA","ABW","Caribbean",2012,0,0,0
"ARUBA","ABW","Caribbean",2013,528,528,528
"ARUBA","ABW","Caribbean",2014,400,400,400
"ARUBA","ABW","Caribbean",2015,335,335,335
"ARUBA","ABW","Caribbean",2016,1319,1319,1319
"ARUBA","ABW","Caribbean",2017,1734,1734,1734
"ARUBA","ABW","Caribbean",2018,9,9,9
"ARUBA","ABW","Caribbean",2019,106,106,106
"ARUBA","ABW","Caribbean",2020,11,11,11
"ARUBA","ABW","Caribbean",2021,4,4,4
"ARUBA","ABW","Caribbean",2022,11,11,11
"ARUBA","ABW","Caribbean",2023,22,22,22
"ARUBA","ABW","Caribbean",2024,88,88,88
"AUSTRALIA","AUS","Pacific Islands",1990,84,84,84
"AUSTRALIA","AUS","Pacific Islands",1991,46,46,46
"AUSTRALIA","AUS","Pacific Islands",1992,366,366,366
"AUSTRALIA","AUS","Pacific Islands",1993,690,690,690
"AUSTRALIA","AUS","Pacific Islands",1994,18,18,18
"AUSTRALIA","AUS","Pacific Islands",1995,39,39,39
"AUSTRALIA","AUS","Pacific Islands",1996,123,123,123
"AUSTRALIA","AUS","Pacific Islands",1997,209,209,209
"AUSTRALIA","AUS","Pacific Islands",1998,581,581,581
"AUSTRALIA","AUS","Pacific Islands",1999,185,185,185
"AUSTRALIA","AUS","Pacific Islands",2000,232,232,232
"AUSTRALIA","AUS","Pacific Islands",2001,183,183,183
"AUSTRALIA","AUS","Pacific Islands",2002,224,224,224
"AUSTRALIA","AUS","Pacific Islands",2003,868,868,868
"AUSTRALIA","AUS","Pacific Islands",2004,356,356,356
"AUSTRALIA","AUS","Pacific Islands",2005,219,219,219
"AUSTRALIA","AUS","Pacific Islands",2006,2210,2210,2210
"AUSTRALIA","AUS","Pacific Islands",2007,316,316,316
"AUSTRALIA","AUS","Pacific Islands",2008,563,563,563
"AUSTRALIA","AUS","Pacific Islands",2009,1404,1404,1404
"AUSTRALIA","AUS","Pacific Islands",2010,1228,1228,1228
"AUSTRALIA","AUS","Pacific Islands",2011,821,821,821
"AUSTRALIA","AUS","Pacific Islands",2012,1539,1539,1539
"AUSTRALIA","AUS","Pacific Islands",2013,1841,1841,1841
"AUSTRALIA","AUS","Pacific Islands",2014,1721,1721,1721
"AUSTRALIA","AUS","Pacific Islands",2015,1716,1716,1716
"AUSTRALIA","AUS","Pacific Islands",2016,2239,2239,2239
"AUSTRALIA","AUS","Pacific Islands",2017,1135,1135,1135
"AUSTRALIA","AUS","Pacific Islands",2018,933,933,933
"AUSTRALIA","AUS","Pacific Islands",2019,1469,1469,1469
"AUSTRALIA","AUS","Pacific Islands",2020,224,224,224
"AUSTRALIA","AUS","Pacific Islands",2021,11,11,11
"AUSTRALIA","AUS","Pacific Islands",2022,535,535,535
"AUSTRALIA","AUS","Pacific Islands",2023,1119,1119,1119
"AUSTRALIA","AUS","Pacific Islands",2024,2381,2381,2381
"BAHAMAS","BHS","Caribbean",1990,2,2,2
"BAHAMAS","BHS","Caribbean",1991,0,0,0
"BAHAMAS","BHS","Caribbean",1992,0,0,0
"BAHAMAS","BHS","Caribbean",1993,0,0,0
"BAHAMAS","BHS","Caribbean",1994,0,0,0
"BAHAMAS","BHS","Caribbean",1995,1,1,1
"BAHAMAS","BHS","Caribbean",1996,0,0,0
"BAHAMAS","BHS","Caribbean",1997,0,0,0
"BAHAMAS","BHS","Caribbean",1998,336,336,336
"BAHAMAS","BHS","Caribbean",1999,0,0,0
"BAHAMAS","BHS","Caribbean",2000,0,0,0
"BAHAMAS","BHS","Caribbean",2001,0,0,0
"BAHAMAS","BHS","Caribbean",2002,0,0,0
"BAHAMAS","BHS","Caribbean",2003,180,180,180
"BAHAMAS","BHS","Caribbean",2004,1,1,1
"BAHAMAS","BHS","Caribbean",2005,0,0,0
"BAHAMAS","BHS","Caribbean",2006,1,1,1
"BAHAMAS","BHS","Caribbean",2007,0,0,0
"BAHAMAS","BHS","Caribbean",2008,1,1,1
"BAHAMAS","BHS","Caribbean",2009,1,1,1
"BAHAMAS","BHS","Caribbean",2010,10,10,10
"BAHAMAS","BHS","Caribbean",2011,6997,6997,6997
"BAHAMAS","BHS","Caribbean",2012,3,3,3
"BAHAMAS","BHS","Caribbean",2013,3,3,3
"BAHAMAS","BHS","Caribbean",2014,146,146,146
"BAHAMAS","BHS","Caribbean",2015,10,10,10
"BAHAMAS","BHS","Caribbean",2016,82,82,82
"BAHAMAS","BHS","Caribbean",2017,14,14,14
"BAHAMAS","BHS","Caribbean",2018,10,10,10
"BAHAMAS","BHS","Caribbean",2019,27,27,27
"BAHAMAS","BHS","Caribbean",2020,3,3,3
"BAHAMAS","BHS","Caribbean",2021,0,0,0
"BAHAMAS","BHS","Caribbean",2022,0,0,0
"BAHAMAS","BHS","Caribbean",2023,243,243,243
"BAHAMAS","BHS","Caribbean",2024,0,0,0
"BANGLADESH","BGD","South Asia",1990,0,0,0
"BANGLADESH","BGD","South Asia",1991,0,0,0
"BANGLADESH","BGD","South Asia",1992,0,0,0
"BANGLADESH","BGD","South Asia",1993,0,0,0
"BANGLADESH","BGD","South Asia",1994,0,0,0
"BANGLADESH","BGD","South Asia",1995,0,0,0
"BANGLADESH","BGD","South Asia",1996,0,0,0
"BANGLADESH","BGD","South Asia",1997,0,0,0
"BANGLADESH","BGD","South Asia",1998,0,0,0
"BANGLADESH","BGD","South Asia",1999,273,273,273
"BANGLADESH","BGD","South Asia",2000,5555,5555,5555
"BANGLADESH","BGD","South Asia",2001,2430,2430,2430
"BANGLADESH","BGD","South Asia",2002,6232,6232,6232
"BANGLADESH","BGD","South Asia",2003,486,486,486
"BANGLADESH","BGD","South Asia",2004,3934,3934,3934
"BANGLADESH","BGD","South Asia",2005,1048,1048,1048
"BANGLADESH","BGD","South Asia",2006,2200,2200,2200
"BANGLADESH","BGD","South Asia",2007,466,466,466
"BANGLADESH","BGD","South Asia",2008,1181,1181,1181
"BANGLADESH","BGD","South Asia",2009,474,474,474
"BANGLADESH","BGD","South Asia",2010,409,409,409
"BANGLADESH","BGD","South Asia",2011,1362,1362,1362
"BANGLADESH","BGD","South Asia",2012,671,671,671
"BANGLADESH","BGD","South Asia",2013,1949,1949,1949
"BANGLADESH","BGD","South Asia",2014,375,375,375
"BANGLADESH","BGD","South Asia",2015,3162,3162,3162
"BANGLADESH","BGD","South Asia",2016,6060,6060,6060
"BANGLADESH","BGD","South Asia",2017,2769,2769,2769
"BANGLADESH","BGD","South Asia",2018,10148,10148,10148
"BANGLADESH","BGD","South Asia",2019,104954,104954,104954
"BANGLADESH","BGD","South Asia",2020,1422,1422,1422
"BANGLADESH","BGD","South Asia",2021,28437,28437,28437
"BANGLADESH","BGD","South Asia",2022,62408,62408,62408
"BANGLADESH","BGD","South Asia",2023,321138,321138,321138
"BANGLADESH","BGD","South Asia",2024,101214,101214,101214
"BARBADOS","BRB","Caribbean",1990,236,236,236
"BARBADOS","BRB","Caribbean",1991,21,21,21
"BARBADOS","BRB","Caribbean",1992,4,4,4
"BARBADOS","BRB","Caribbean",1993,1,1,1
"BARBADOS","BRB","Caribbean",1994,0,0,0
"BARBADOS","BRB","Caribbean",1995,974,974,974
"BARBADOS","BRB","Caribbean",1996,130,130,130
"BARBADOS","BRB","Caribbean",1997,196,196,196
"BARBADOS","BRB","Caribbean",1998,852,852,852
"BARBADOS","BRB","Caribbean",1999,688,688,688
"BARBADOS","BRB","Caribbean",2000,744,744,744
"BARBADOS","BRB","Caribbean",2001,1029,1029,1029
"BARBADOS","BRB","Caribbean",2002,740,740,740
"BARBADOS","BRB","Caribbean",2003,557,557,557
"BARBADOS","BRB","Caribbean",2004,349,349,349
"BARBADOS","BRB","Caribbean",2005,320,320,320
"BARBADOS","BRB","Caribbean",2006,1,1,1
"BARBADOS","BRB","Caribbean",2007,0,0,0
"BARBADOS","BRB","Caribbean",2008,1,1,1
"BARBADOS","BRB","Caribbean",2009,55,55,55
"BARBADOS","BRB","Caribbean",2010,2966,2966,2966
"BARBADOS","BRB","Caribbean",2011,739,739,739
"BARBADOS","BRB","Caribbean",2012,912,912,912
"BARBADOS","BRB","Caribbean",2013,2848,2848,2848
"BARBADOS","BRB","Caribbean",2014,2689,2689,2689
"BARBADOS","BRB","Caribbean",2015,503,503,503
"BARBADOS","BRB","Caribbean",2016,1732,1732,1732
"BARBADOS","BRB","Caribbean",2017,597,597,597
"BARBADOS","BRB","Caribbean",2018,67,67,67
"BARBADOS","BRB","Caribbean",2019,117,117,117
"BARBADOS","BRB","Caribbean",2020,1352,1352,1352
"BARBADOS","BRB","Caribbean",2021,448,448,448
"BARBADOS","BRB","Caribbean",2022,339,339,339
"BARBADOS","BRB","Caribbean",2023,771,771,771
"BARBADOS","BRB","Caribbean",2024,1133,1133,1133
"BELIZE","BLZ","North & Central America",1990,2,2,2
"BELIZE","BLZ","North & Central America",1991,0,0,0
"BELIZE","BLZ","North & Central America",1992,0,0,0
"BELIZE","BLZ","North & Central America",1993,0,0,0
"BELIZE","BLZ","North & Central America",1994,0,0,0
"BELIZE","BLZ","North & Central America",1995,107,107,107
"BELIZE","BLZ","North & Central America",1996,0,0,0
"BELIZE","BLZ","North & Central America",1997,141,141,141
"BELIZE","BLZ","North & Central America",1998,7,7,7
"BELIZE","BLZ","North & Central America",1999,3,3,3
"BELIZE","BLZ","North & Central America",2000,4,4,4
"BELIZE","BLZ","North & Central America",2001,3,3,3
"BELIZE","BLZ","North & Central America",2002,41,41,41
"BELIZE","BLZ","North & Central America",2003,0,0,0
"BELIZE","BLZ","North & Central America",2004,2,2,2
"BELIZE","BLZ","North & Central America",2005,380,380,380
"BELIZE","BLZ","North & Central America",2006,9,9,9
"BELIZE","BLZ","North & Central America",2007,40,40,40
"BELIZE","BLZ","North & Central America",2008,23,23,23
"BELIZE","BLZ","North & Central America",2009,1370,1370,1370
"BELIZE","BLZ","North & Central America",2010,1885,1885,1885
"BELIZE","BLZ","North & Central America",2011,466,466,466
"BELIZE","BLZ","North & Central America",2012,1421,1421,1421
"BELIZE","BLZ","North & Central America",2013,2690,2690,2690
"BELIZE","BLZ","North & Central America",2014,5077,5077,5077
"BELIZE","BLZ","North & Central America",2015,5691,5691,5691
"BELIZE","BLZ","North & Central America",2016,4899,4899,4899
"BELIZE","BLZ","North & Central America",2017,3042,3042,3042
"BELIZE","BLZ","North & Central America",2018,2326,2326,2326
"BELIZE","BLZ","North & Central America",2019,13316,13316,13316
"BELIZE","BLZ","North & Central America",2020,2785,2785,2785
"BELIZE","BLZ","North & Central America",2021,3104,3104,3104
"BELIZE","BLZ","North & Central America",2022,5080,5080,5080
"BELIZE","BLZ","North & Central America",2023,1688,1688,1688
"BELIZE","BLZ","North & Central America",2024,1148,1148,1148
"BENIN","BEN","Sub-Saharan Africa",1990,0,0,0
"BENIN","BEN","Sub-Saharan Africa",1991,0,0,0
"BENIN","BEN","Sub-Saharan Africa",1992,0,0,0
"BENIN","BEN","Sub-Saharan Africa",1993,0,0,0
"BENIN","BEN","Sub-Saharan Africa",1994,0,0,0
"BENIN","BEN","Sub-Saharan Africa",1995,0,0,0
"BENIN","BEN","Sub-Saharan Africa",1996,0,0,0
"BENIN","BEN","Sub-Saharan Africa",1997,0,0,0
"BENIN","BEN","Sub-Saharan Africa",1998,0,0,0
"BENIN","BEN","Sub-Saharan Africa",1999,0,0,0
"BENIN","BEN","Sub-Saharan Africa",2000,0,0,0
"BENIN","BEN","Sub-Saharan Africa",2001,0,0,0
"BENIN","BEN","Sub-Saharan Africa",2002,0,0,0
"BENIN","BEN","Sub-Saharan Africa",2003,0,0,0
"BENIN","BEN","Sub-Saharan Africa",2004,0,0,0
"BENIN","BEN","Sub-Saharan Africa",2005,0,0,0
"BENIN","BEN","Sub-Saharan Africa",2006,0,0,0
"BENIN","BEN","Sub-Saharan Africa",2007,0,0,0
"BENIN","BEN","Sub-Saharan Africa",2008,0,0,0
"BENIN","BEN","Sub-Saharan Africa",2009,0,0,0
"BENIN","BEN","Sub-Saharan Africa",2010,0,0,0
"BENIN","BEN","Sub-Saharan Africa",2011,0,0,0
"BENIN","BEN","Sub-Saharan Africa",2012,0,0,0
"BENIN","BEN","Sub-Saharan Africa",2013,0,0,0
"BENIN","BEN","Sub-Saharan Africa",2014,0,0,0
"BENIN","BEN","Sub-Saharan Africa",2015,0,0,0
"BENIN","BEN","Sub-Saharan Africa",2016,0,0,0
"BENIN","BEN","Sub-Saharan Africa",2017,0,0,0
"BENIN","BEN","Sub-Saharan Africa",2018,0,0,0
"BENIN","BEN","Sub-Saharan Africa",2019,26,26,26
"BENIN","BEN","Sub-Saharan Africa",2020,0,0,0
"BENIN","BEN","Sub-Saharan Africa",2021,0,0,0
"BENIN","BEN","Sub-Saharan Africa",2022,0,0,0
"BENIN","BEN","Sub-Saharan Africa",2023,6,6,6
"BENIN","BEN","Sub-Saharan Africa",2024,41,41,41
"BERMUDA","BMU","Caribbean",1990,0,0,0
"BERMUDA","BMU","Caribbean",1991,0,0,0
"BERMUDA","BMU","Caribbean",1992,0,0,0
"BERMUDA","BMU","Caribbean",1993,0,0,0
"BERMUDA","BMU","Caribbean",1994,0,0,0
"BERMUDA","BMU","Caribbean",1995,0,0,0
"BERMUDA","BMU","Caribbean",1996,0,0,0
"BERMUDA","BMU","Caribbean",1997,0,0,0
"BERMUDA","BMU","Caribbean",1998,0,0,0
"BERMUDA","BMU","Caribbean",1999,3,3,3
"BERMUDA","BMU","Caribbean",2000,0,0,0
"BERMUDA","BMU","Caribbean",2001,0,0,0
"BERMUDA","BMU","Caribbean",2002,0,0,0
"BERMUDA","BMU","Caribbean",2003,0,0,0
"BERMUDA","BMU","Caribbean",2004,0,0,0
"BERMUDA","BMU","Caribbean",2005,2,2,2
"BERMUDA","BMU","Caribbean",2006,2,2,2
"BERMUDA","BMU","Caribbean",2007,0,0,0
"BERMUDA","BMU","Caribbean",2008,0,0,0
"BERMUDA","BMU","Caribbean",2009,0,0,0
"BERMUDA","BMU","Caribbean",2010,2,2,2
"BERMUDA","BMU","Caribbean",2011,1,1,1
"BERMUDA","BMU","Caribbean",2012,0,0,0
"BERMUDA","BMU","Caribbean",2013,1,1,1
"BERMUDA","BMU","Caribbean",2014,1,1,1
"BERMUDA","BMU","Caribbean",2015,0,0,0
"BERMUDA","BMU","Caribbean",2016,2,2,2
"BERMUDA","BMU","Caribbean",2017,0,0,0
"BERMUDA","BMU","Caribbean",2018,0,0,0
"BERMUDA","BMU","Caribbean",2019,2,2,2
"BERMUDA","BMU","Caribbean",2020,0,0,0
"BERMUDA","BMU","Caribbean",2021,0,0,0
"BERMUDA","BMU","Caribbean",2022,0,0,0
"BERMUDA","BMU","Caribbean",2023,1,1,1
"BERMUDA","BMU","Caribbean",2024,3,3,3
"BHUTAN","BTN","South Asia",1990,0,0,0
"BHUTAN","BTN","South Asia",1991,0,0,0
"BHUTAN","BTN","South Asia",1992,0,0,0
"BHUTAN","BTN","South Asia",1993,0,0,0
"BHUTAN","BTN","South Asia",1994,0,0,0
"BHUTAN","BTN","South Asia",1995,0,0,0
"BHUTAN","BTN","South Asia",1996,0,0,0
"BHUTAN","BTN","South Asia",1997,0,0,0
"BHUTAN","BTN","South Asia",1998,0,0,0
"BHUTAN","BTN","South Asia",1999,0,0,0
"BHUTAN","BTN","South Asia",2000,0,0,0
"BHUTAN","BTN","South Asia",2001,0,0,0
"BHUTAN","BTN","South Asia",2002,0,0,0
"BHUTAN","BTN","South Asia",2003,0,0,0
"BHUTAN","BTN","South Asia",2004,2651,2651,2651
"BHUTAN","BTN","South Asia",2005,19,19,19
"BHUTAN","BTN","South Asia",2006,480,480,480
"BHUTAN","BTN","South Asia",2007,120,120,120
"BHUTAN","BTN","South Asia",2008,73,73,73
"BHUTAN","BTN","South Asia",2009,351,351,351
"BHUTAN","BTN","South Asia",2010,887,887,887
"BHUTAN","BTN","South Asia",2011,712,712,712
"BHUTAN","BTN","South Asia",2012,1101,1101,1101
"BHUTAN","BTN","South Asia",2013,111,111,111
"BHUTAN","BTN","South Asia",2014,0,0,0
"BHUTAN","BTN","South Asia",2015,0,0,0
"BHUTAN","BTN","South Asia",2016,550,550,550
"BHUTAN","BTN","South Asia",2017,87,87,87
"BHUTAN","BTN","South Asia",2018,28,28,28
"BHUTAN","BTN","South Asia",2019,5480,5480,5480
"BHUTAN","BTN","South Asia",2020,16,16,16
"BHUTAN","BTN","South Asia",2021,5,5,5
"BHUTAN","BTN","South Asia",2022,460,460,460
"BHUTAN","BTN","South Asia",2023,626,626,626
"BHUTAN","BTN","South Asia",2024,214,214,214
"BOLIVIA","BOL","South America",1990,40642,40642,40642
"BOLIVIA","BOL","South America",1991,97397,97397,97397
"BOLIVIA","BOL","South America",1992,3501,3501,3501
"BOLIVIA","BOL","South America",1993,6915,6915,6915
"BOLIVIA","BOL","South America",1994,54453,54453,54453
"BOLIVIA","BOL","South America",1995,7,7,7
"BOLIVIA","BOL","South America",1996,52,52,52
"BOLIVIA","BOL","South America",1997,539,539,539
"BOLIVIA","BOL","South America",1998,49,49,49
"BOLIVIA","BOL","South America",1999,43,43,43
"BOLIVIA","BOL","South America",2000,73,73,73
"BOLIVIA","BOL","South America",2001,176,176,176
"BOLIVIA","BOL","South America",2002,891,891,891
"BOLIVIA","BOL","South America",2003,6501,6501,6501
"BOLIVIA","BOL","South America",2004,7365,7365,7365
"BOLIVIA","BOL","South America",2005,4433,4433,4433
"BOLIVIA","BOL","South America",2006,2039,2039,2039
"BOLIVIA","BOL","South America",2007,7223,7223,7223
"BOLIVIA","BOL","South America",2008,3178,3178,3178
"BOLIVIA","BOL","South America",2009,83849,83849,83849
"BOLIVIA","BOL","South America",2010,9918,9918,9918
"BOLIVIA","BOL","South America",2011,26633,26633,26633
"BOLIVIA","BOL","South America",2012,51694,51694,51694
"BOLIVIA","BOL","South America",2013,13050,13050,13050
"BOLIVIA","BOL","South America",2014,46942,46942,46942
"BOLIVIA","BOL","South America",2015,54198,54198,54198
"BOLIVIA","BOL","South America",2016,64772,64772,64772
"BOLIVIA","BOL","South America",2017,19846,19846,19846
"BOLIVIA","BOL","South America",2018,15194,15194,15194
"BOLIVIA","BOL","South America",2019,19987,19987,19987
"BOLIVIA","BOL","South America",2020,111347,111347,111347
"BOLIVIA","BOL","South America",2021,8947,8947,8947
"BOLIVIA","BOL","South America",2022,20007,20007,20007
"BOLIVIA","BOL","South America",2023,158744,158744,158744
"BOLIVIA","BOL","South America",2024,50439,50439,50439
"BONAIRE, SAINT EUSTATIUS AND SABA","BES","Caribbean",1990,4137,4137,4137
"BONAIRE, SAINT EUSTATIUS AND SABA","BES","Caribbean",1991,1885,1885,1885
"BONAIRE, SAINT EUSTATIUS AND SABA","BES","Caribbean",1992,5495,5495,5495
"BONAIRE, SAINT EUSTATIUS AND SABA","BES","Caribbean",1993,20469,20469,20469
"BONAIRE, SAINT EUSTATIUS AND SABA","BES","Caribbean",1994,0,0,0
"BONAIRE, SAINT EUSTATIUS AND SABA","BES","Caribbean",1995,0,0,0
"BONAIRE, SAINT EUSTATIUS AND SABA","BES","Caribbean",1996,0,0,0
"BONAIRE, SAINT EUSTATIUS AND SABA","BES","Caribbean",1997,0,0,0
"BONAIRE, SAINT EUSTATIUS AND SABA","BES","Caribbean",1998,0,0,0
"BONAIRE, SAINT EUSTATIUS AND SABA","BES","Caribbean",1999,0,0,0
"BONAIRE, SAINT EUSTATIUS AND SABA","BES","Caribbean",2000,0,0,0
"BONAIRE, SAINT EUSTATIUS AND SABA","BES","Caribbean",2001,0,0,0
"BONAIRE, SAINT EUSTATIUS AND SABA","BES","Caribbean",2002,0,0,0
"BONAIRE, SAINT EUSTATIUS AND SABA","BES","Caribbean",2003,0,0,0
"BONAIRE, SAINT EUSTATIUS AND SABA","BES","Caribbean",2004,0,0,0
"BONAIRE, SAINT EUSTATIUS AND SABA","BES","Caribbean",2005,0,0,0
"BONAIRE, SAINT EUSTATIUS AND SABA","BES","Caribbean",2006,0,0,0
"BONAIRE, SAINT EUSTATIUS AND SABA","BES","Caribbean",2007,0,0,0
"BONAIRE, SAINT EUSTATIUS AND SABA","BES","Caribbean",2008,0,0,0
"BONAIRE, SAINT EUSTATIUS AND SABA","BES","Caribbean",2009,0,0,0
"BONAIRE, SAINT EUSTATIUS AND SABA","BES","Caribbean",2010,166,166,166
"BONAIRE, SAINT EUSTATIUS AND SABA","BES","Caribbean",2011,939,939,939
"BONAIRE, SAINT EUSTATIUS AND SABA","BES","Caribbean",2012,121,121,121
"BONAIRE, SAINT EUSTATIUS AND SABA","BES","Caribbean",2013,444,444,444
"BONAIRE, SAINT EUSTATIUS AND SABA","BES","Caribbean",2014,0,0,0
"BONAIRE, SAINT EUSTATIUS AND SABA","BES","Caribbean",2015,0,0,0
"BONAIRE, SAINT EUSTATIUS AND SABA","BES","Caribbean",2016,0,0,0
"BONAIRE, SAINT EUSTATIUS AND SABA","BES","Caribbean",2017,0,0,0
"BONAIRE, SAINT EUSTATIUS AND SABA","BES","Caribbean",2018,0,0,0
"BONAIRE, SAINT EUSTATIUS AND SABA","BES","Caribbean",2019,0,0,0
"BONAIRE, SAINT EUSTATIUS AND SABA","BES","Caribbean",2020,0,0,0
"BONAIRE, SAINT EUSTATIUS AND SABA","BES","Caribbean",2021,0,0,0
"BONAIRE, SAINT EUSTATIUS AND SABA","BES","Caribbean",2022,0,0,0
"BONAIRE, SAINT EUSTATIUS AND SABA","BES","Caribbean",2023,0,0,0
"BONAIRE, SAINT EUSTATIUS AND SABA","BES","Caribbean",2024,207,207,207
"BRAZIL","BRA","South America",1990,40642,40642,40642
"BRAZIL","BRA","South America",1991,103904,103904,103904
"BRAZIL","BRA","South America",1992,3501,3501,3501
"BRAZIL","BRA","South America",1993,6915,6915,6915
"BRAZIL","BRA","South America",1994,65188,65188,65188
"BRAZIL","BRA","South America",1995,129703,129703,129703
"BRAZIL","BRA","South America",1996,175749,175749,175749
"BRAZIL","BRA","South America",1997,254074,254074,254074
"BRAZIL","BRA","South America",1998,535283,535283,535283
"BRAZIL","BRA","South America",1999,204131,204131,204131
"BRAZIL","BRA","South America",2000,231412,231412,231412
"BRAZIL","BRA","South America",2001,412388,412388,412388
"BRAZIL","BRA","South America",2002,778037,778037,778037
"BRAZIL","BRA","South America",2003,341189,341189,341189
"BRAZIL","BRA","South America",2004,112851,112851,112851
"BRAZIL","BRA","South America",2005,203356,203356,203356
"BRAZIL","BRA","South America",2006,345922,345922,345922
"BRAZIL","BRA","South America",2007,558413,558413,558413
"BRAZIL","BRA","South America",2008,724427,724427,724427
"BRAZIL","BRA","South America",2009,520660,520660,520660
"BRAZIL","BRA","South America",2010,994158,994158,994158
"BRAZIL","BRA","South America",2011,753487,753487,753487
"BRAZIL","BRA","South America",2012,597450,597450,597450
"BRAZIL","BRA","South America",2013,1473645,1473645,1473645
"BRAZIL","BRA","South America",2014,593561,593561,593561
"BRAZIL","BRA","South America",2015,1695323,1695323,1695323
"BRAZIL","BRA","South America",2016,2220482,2220482,2220482
"BRAZIL","BRA","South America",2017,505239,505239,505239
"BRAZIL","BRA","South America",2018,462326,462326,462326
"BRAZIL","BRA","South America",2019,2248570,2248570,2248570
"BRAZIL","BRA","South America",2020,1467142,1467142,1467142
"BRAZIL","BRA","South America",2021,975474,975474,975474
"BRAZIL","BRA","South America",2022,2363490,2363490,2363490
"BRAZIL","BRA","South America",2023,3064739,3064739,3064739
"BRAZIL","BRA","South America",2024,10267077,10267077,10267077
"BRUNEI DARUSSALAM","BRN","East & Southeast Asia",1990,0,0,0
"BRUNEI DARUSSALAM","BRN","East & Southeast Asia",1991,0,0,0
"BRUNEI DARUSSALAM","BRN","East & Southeast Asia",1992,0,0,0
"BRUNEI DARUSSALAM","BRN","East & Southeast Asia",1993,0,0,0
"BRUNEI DARUSSALAM","BRN","East & Southeast Asia",1994,38,38,38
"BRUNEI DARUSSALAM","BRN","East & Southeast Asia",1995,3,3,3
"BRUNEI DARUSSALAM","BRN","East & Southeast Asia",1996,2,2,2
"BRUNEI DARUSSALAM","BRN","East & Southeast Asia",1997,2,2,2
"BRUNEI DARUSSALAM","BRN","East & Southeast Asia",1998,2,2,2
"BRUNEI DARUSSALAM","BRN","East & Southeast Asia",1999,8,8,8
"BRUNEI DARUSSALAM","BRN","East & Southeast Asia",2000,0,0,0
"BRUNEI DARUSSALAM","BRN","East & Southeast Asia",2001,0,0,0
"BRUNEI DARUSSALAM","BRN","East & Southeast Asia",2002,26,26,26
"BRUNEI DARUSSALAM","BRN","East & Southeast Asia",2003,160,160,160
"BRUNEI DARUSSALAM","BRN","East & Southeast Asia",2004,36,36,36
"BRUNEI DARUSSALAM","BRN","East & Southeast Asia",2005,68,68,68
"BRUNEI DARUSSALAM","BRN","East & Southeast Asia",2006,68,68,68
"BRUNEI DARUSSALAM","BRN","East & Southeast Asia",2007,18,18,18
"BRUNEI DARUSSALAM","BRN","East & Southeast Asia",2008,32,32,32
"BRUNEI DARUSSALAM","BRN","East & Southeast Asia",2009,33,33,33
"BRUNEI DARUSSALAM","BRN","East & Southeast Asia",2010,299,299,299
"BRUNEI DARUSSALAM","BRN","East & Southeast Asia",2011,25,25,25
"BRUNEI DARUSSALAM","BRN","East & Southeast Asia",2012,290,290,290
"BRUNEI DARUSSALAM","BRN","East & Southeast Asia",2013,2025,2025,2025
"BRUNEI DARUSSALAM","BRN","East & Southeast Asia",2014,436,436,436
"BRUNEI DARUSSALAM","BRN","East & Southeast Asia",2015,317,317,317
"BRUNEI DARUSSALAM","BRN","East & Southeast Asia",2016,84,84,84
"BRUNEI DARUSSALAM","BRN","East & Southeast Asia",2017,75,75,75
"BRUNEI DARUSSALAM","BRN","East & Southeast Asia",2018,220,75,511
"BRUNEI DARUSSALAM","BRN","East & Southeast Asia",2019,243,63,647
"BRUNEI DARUSSALAM","BRN","East & Southeast Asia",2020,260,66,701
"BRUNEI DARUSSALAM","BRN","East & Southeast Asia",2021,247,66,635
"BRUNEI DARUSSALAM","BRN","East & Southeast Asia",2022,328,31,1332
"BRUNEI DARUSSALAM","BRN","East & Southeast Asia",2023,330,35,1365
"BRUNEI DARUSSALAM","BRN","East & Southeast Asia",2024,330,33,1306
"BURKINA FASO","BFA","Sub-Saharan Africa",1990,0,0,0
"BURKINA FASO","BFA","Sub-Saharan Africa",1991,0,0,0
"BURKINA FASO","BFA","Sub-Saharan Africa",1992,0,0,0
"BURKINA FASO","BFA","Sub-Saharan Africa",1993,0,0,0
"BURKINA FASO","BFA","Sub-Saharan Africa",1994,0,0,0
"BURKINA FASO","BFA","Sub-Saharan Africa",1995,0,0,0
"BURKINA FASO","BFA","Sub-Saharan Africa",1996,0,0,0
"BURKINA FASO","BFA","Sub-Saharan Africa",1997,0,0,0
"BURKINA FASO","BFA","Sub-Saharan Africa",1998,0,0,0
"BURKINA FASO","BFA","Sub-Saharan Africa",1999,0,0,0
"BURKINA FASO","BFA","Sub-Saharan Africa",2000,0,0,0
"BURKINA FASO","BFA","Sub-Saharan Africa",2001,0,0,0
"BURKINA FASO","BFA","Sub-Saharan Africa",2002,0,0,0
"BURKINA FASO","BFA","Sub-Saharan Africa",2003,0,0,0
"BURKINA FASO","BFA","Sub-Saharan Africa",2004,0,0,0
"BURKINA FASO","BFA","Sub-Saharan Africa",2005,0,0,0
"BURKINA FASO","BFA","Sub-Saharan Africa",2006,0,0,0
"BURKINA FASO","BFA","Sub-Saharan Africa",2007,0,0,0
"BURKINA FASO","BFA","Sub-Saharan Africa",2008,0,0,0
"BURKINA FASO","BFA","Sub-Saharan Africa",2009,0,0,0
"BURKINA FASO","BFA","Sub-Saharan Africa",2010,0,0,0
"BURKINA FASO","BFA","Sub-Saharan Africa",2011,0,0,0
"BURKINA FASO","BFA","Sub-Saharan Africa",2012,0,0,0
"BURKINA FASO","BFA","Sub-Saharan Africa",2013,0,0,0
"BURKINA FASO","BFA","Sub-Saharan Africa",2014,0,0,0
"BURKINA FASO","BFA","Sub-Saharan Africa",2015,399,399,399
"BURKINA FASO","BFA","Sub-Saharan Africa",2016,1579,1579,1579
"BURKINA FASO","BFA","Sub-Saharan Africa",2017,15164,15164,15164
"BURKINA FASO","BFA","Sub-Saharan Africa",2018,1665,1665,1665
"BURKINA FASO","BFA","Sub-Saharan Africa",2019,5289,5289,5289
"BURKINA FASO","BFA","Sub-Saharan Africa",2020,0,0,0
"BURKINA FASO","BFA","Sub-Saharan Africa",2021,0,0,0
"BURKINA FASO","BFA","Sub-Saharan Africa",2022,0,0,0
"BURKINA FASO","BFA","Sub-Saharan Africa",2023,237291,237291,237291
"BURKINA FASO","BFA","Sub-Saharan Africa",2024,73808,73808,73808
"CABO VERDE","CPV","Sub-Saharan Africa",1990,0,0,0
"CABO VERDE","CPV","Sub-Saharan Africa",1991,0,0,0
"CABO VERDE","CPV","Sub-Saharan Africa",1992,0,0,0
"CABO VERDE","CPV","Sub-Saharan Africa",1993,0,0,0
"CABO VERDE","CPV","Sub-Saharan Africa",1994,0,0,0
"CABO VERDE","CPV","Sub-Saharan Africa",1995,0,0,0
"CABO VERDE","CPV","Sub-Saharan Africa",1996,0,0,0
"CABO VERDE","CPV","Sub-Saharan Africa",1997,0,0,0
"CABO VERDE","CPV","Sub-Saharan Africa",1998,0,0,0
"CABO VERDE","CPV","Sub-Saharan Africa",1999,0,0,0
"CABO VERDE","CPV","Sub-Saharan Africa",2000,0,0,0
"CABO VERDE","CPV","Sub-Saharan Africa",2001,0,0,0
"CABO VERDE","CPV","Sub-Saharan Africa",2002,0,0,0
"CABO VERDE","CPV","Sub-Saharan Africa",2003,0,0,0
"CABO VERDE","CPV","Sub-Saharan Africa",2004,0,0,0
"CABO VERDE","CPV","Sub-Saharan Africa",2005,0,0,0
"CABO VERDE","CPV","Sub-Saharan Africa",2006,0,0,0
"CABO VERDE","CPV","Sub-Saharan Africa",2007,0,0,0
"CABO VERDE","CPV","Sub-Saharan Africa",2008,0,0,0
"CABO VERDE","CPV","Sub-Saharan Africa",2009,21313,21313,21313
"CABO VERDE","CPV","Sub-Saharan Africa",2010,0,0,0
"CABO VERDE","CPV","Sub-Saharan Africa",2011,0,0,0
"CABO VERDE","CPV","Sub-Saharan Africa",2012,0,0,0
"CABO VERDE","CPV","Sub-Saharan Africa",2013,0,0,0
"CABO VERDE","CPV","Sub-Saharan Africa",2014,0,0,0
"CABO VERDE","CPV","Sub-Saharan Africa",2015,0,0,0
"CABO VERDE","CPV","Sub-Saharan Africa",2016,0,0,0
"CABO VERDE","CPV","Sub-Saharan Africa",2017,0,0,0
"CABO VERDE","CPV","Sub-Saharan Africa",2018,0,0,0
"CABO VERDE","CPV","Sub-Saharan Africa",2019,0,0,0
"CABO VERDE","CPV","Sub-Saharan Africa",2020,0,0,0
"CABO VERDE","CPV","Sub-Saharan Africa",2021,0,0,0
"CABO VERDE","CPV","Sub-Saharan Africa",2022,0,0,0
"CABO VERDE","CPV","Sub-Saharan Africa",2023,1060,581,2817
"CABO VERDE","CPV","Sub-Saharan Africa",2024,25290,25290,25290
"CAMBODIA","KHM","East & Southeast Asia",1990,7247,7247,7247
"CAMBODIA","KHM","East & Southeast Asia",1991,1882,1882,1882
"CAMBODIA","KHM","East & Southeast Asia",1992,4809,4809,4809
"CAMBODIA","KHM","East & Southeast Asia",1993,3913,3913,3913
"CAMBODIA","KHM","East & Southeast Asia",1994,1498,1498,1498
"CAMBODIA","KHM","East & Southeast Asia",1995,10428,10428,10428
"CAMBODIA","KHM","East & Southeast Asia",1996,14333,14333,14333
"CAMBODIA","KHM","East & Southeast Asia",1997,4224,4224,4224
"CAMBODIA","KHM","East & Southeast Asia",1998,16248,16248,16248
"CAMBODIA","KHM","East & Southeast Asia",1999,1530,1530,1530
"CAMBODIA","KHM","East & Southeast Asia",2000,3148,3148,3148
"CAMBODIA","KHM","East & Southeast Asia",2001,10569,10569,10569
"CAMBODIA","KHM","East & Southeast Asia",2002,12471,12471,12471
"CAMBODIA","KHM","East & Southeast Asia",2003,12081,12081,12081
"CAMBODIA","KHM","East & Southeast Asia",2004,10049,10049,10049
"CAMBODIA","KHM","East & Southeast Asia",2005,9042,9042,9042
"CAMBODIA","KHM","East & Southeast Asia",2006,16669,16669,16669
"CAMBODIA","KHM","East & Southeast Asia",2007,39851,39851,39851
"CAMBODIA","KHM","East & Southeast Asia",2008,9823,9823,9823
"CAMBODIA","KHM","East & Southeast Asia",2009,11699,11699,11699
"CAMBODIA","KHM","East & Southeast Asia",2010,12500,12500,12500
"CAMBODIA","KHM","East & Southeast Asia",2011,15980,15980,15980
"CAMBODIA","KHM","East & Southeast Asia",2012,42362,42362,42362
"CAMBODIA","KHM","East & Southeast Asia",2013,17533,17533,17533
"CAMBODIA","KHM","East & Southeast Asia",2014,3782,3755,3830
"CAMBODIA","KHM","East & Southeast Asia",2015,15412,15412,15412
"CAMBODIA","KHM","East & Southeast Asia",2016,12843,12843,12843
"CAMBODIA","KHM","East & Southeast Asia",2017,6372,6372,6372
"CAMBODIA","KHM","East & Southeast Asia",2018,24684,24684,24684
"CAMBODIA","KHM","East & Southeast Asia",2019,68657,68657,68657
"CAMBODIA","KHM","East & Southeast Asia",2020,12102,12028,12249
"CAMBODIA","KHM","East & Southeast Asia",2021,1903,1903,1903
"CAMBODIA","KHM","East & Southeast Asia",2022,13015,12735,13591
"CAMBODIA","KHM","East & Southeast Asia",2023,35261,35261,35261
"CAMBODIA","KHM","East & Southeast Asia",2024,19045,19045,19045
"CAMEROON","CMR","Sub-Saharan Africa",1990,0,0,0
"CAMEROON","CMR","Sub-Saharan Africa",1991,0,0,0
"CAMEROON","CMR","Sub-Saharan Africa",1992,0,0,0
"CAMEROON","CMR","Sub-Saharan Africa",1993,0,0,0
"CAMEROON","CMR","Sub-Saharan Africa",1994,0,0,0
"CAMEROON","CMR","Sub-Saharan Africa",1995,0,0,0
"CAMEROON","CMR","Sub-Saharan Africa",1996,0,0,0
"CAMEROON","CMR","Sub-Saharan Africa",1997,0,0,0
"CAMEROON","CMR","Sub-Saharan Africa",1998,0,0,0
"CAMEROON","CMR","Sub-Saharan Africa",1999,0,0,0
"CAMEROON","CMR","Sub-Saharan Africa",2000,0,0,0
"CAMEROON","CMR","Sub-Saharan Africa",2001,0,0,0
"CAMEROON","CMR","Sub-Saharan Africa",2002,0,0,0
"CAMEROON","CMR","Sub-Saharan Africa",2003,0,0,0
"CAMEROON","CMR","Sub-Saharan Africa",2004,0,0,0
"CAMEROON","CMR","Sub-Saharan Africa",2005,0,0,0
"CAMEROON","CMR","Sub-Saharan Africa",2006,0,0,0
"CAMEROON","CMR","Sub-Saharan Africa",2007,0,0,0
"CAMEROON","CMR","Sub-Saharan Africa",2008,0,0,0
"CAMEROON","CMR","Sub-Saharan Africa",2009,0,0,0
"CAMEROON","CMR","Sub-Saharan Africa",2010,0,0,0
"CAMEROON","CMR","Sub-Saharan Africa",2011,0,0,0
"CAMEROON","CMR","Sub-Saharan Africa",2012,0,0,0
"CAMEROON","CMR","Sub-Saharan Africa",2013,0,0,0
"CAMEROON","CMR","Sub-Saharan Africa",2014,0,0,0
"CAMEROON","CMR","Sub-Saharan Africa",2015,349,349,349
"CAMEROON","CMR","Sub-Saharan Africa",2016,0,0,0
"CAMEROON","CMR","Sub-Saharan Africa",2017,791,791,791
"CAMEROON","CMR","Sub-Saharan Africa",2018,0,0,0
"CAMEROON","CMR","Sub-Saharan Africa",2019,310,310,310
"CAMEROON","CMR","Sub-Saharan Africa",2020,320,320,320
"CAMEROON","CMR","Sub-Saharan Africa",2021,0,0,0
"CAMEROON","CMR","Sub-Saharan Africa",2022,0,0,0
"CAMEROON","CMR","Sub-Saharan Africa",2023,0,0,0
"CAMEROON","CMR","Sub-Saharan Africa",2024,57,57,57
"CAYMAN ISLANDS","CYM","Caribbean",1990,0,0,0
"CAYMAN ISLANDS","CYM","Caribbean",1991,0,0,0
"CAYMAN ISLANDS","CYM","Caribbean",1992,0,0,0
"CAYMAN ISLANDS","CYM","Caribbean",1993,0,0,0
"CAYMAN ISLANDS","CYM","Caribbean",1994,0,0,0
"CAYMAN ISLANDS","CYM","Caribbean",1995,1,1,1
"CAYMAN ISLANDS","CYM","Caribbean",1996,0,0,0
"CAYMAN ISLANDS","CYM","Caribbean",1997,0,0,0
"CAYMAN ISLANDS","CYM","Caribbean",1998,2,2,2
"CAYMAN ISLANDS","CYM","Caribbean",1999,1,1,1
"CAYMAN ISLANDS","CYM","Caribbean",2000,0,0,0
"CAYMAN ISLANDS","CYM","Caribbean",2001,0,0,0
"CAYMAN ISLANDS","CYM","Caribbean",2002,1,1,1
"CAYMAN ISLANDS","CYM","Caribbean",2003,1,1,1
"CAYMAN ISLANDS","CYM","Caribbean",2004,0,0,0
"CAYMAN ISLANDS","CYM","Caribbean",2005,1,1,1
"CAYMAN ISLANDS","CYM","Caribbean",2006,0,0,0
"CAYMAN ISLANDS","CYM","Caribbean",2007,9,9,9
"CAYMAN ISLANDS","CYM","Caribbean",2008,1,1,1
"CAYMAN ISLANDS","CYM","Caribbean",2009,0,0,0
"CAYMAN ISLANDS","CYM","Caribbean",2010,8,8,8
"CAYMAN ISLANDS","CYM","Caribbean",2011,2,2,2
"CAYMAN ISLANDS","CYM","Caribbean",2012,53,53,53
"CAYMAN ISLANDS","CYM","Caribbean",2013,69,69,69
"CAYMAN ISLANDS","CYM","Caribbean",2014,124,124,124
"CAYMAN ISLANDS","CYM","Caribbean",2015,40,40,40
"CAYMAN ISLANDS","CYM","Caribbean",2016,150,150,150
"CAYMAN ISLANDS","CYM","Caribbean",2017,31,31,31
"CAYMAN ISLANDS","CYM","Caribbean",2018,24,24,24
"CAYMAN ISLANDS","CYM","Caribbean",2019,133,133,133
"CAYMAN ISLANDS","CYM","Caribbean",2020,35,35,35
"CAYMAN ISLANDS","CYM","Caribbean",2021,1,1,1
"CAYMAN ISLANDS","CYM","Caribbean",2022,2,2,2
"CAYMAN ISLANDS","CYM","Caribbean",2023,42,42,42
"CAYMAN ISLANDS","CYM","Caribbean",2024,9,9,9
"CENTRAL AFRICAN REPUBLIC","CAF","Sub-Saharan Africa",1990,0,0,0
"CENTRAL AFRICAN REPUBLIC","CAF","Sub-Saharan Africa",1991,0,0,0
"CENTRAL AFRICAN REPUBLIC","CAF","Sub-Saharan Africa",1992,0,0,0
"CENTRAL AFRICAN REPUBLIC","CAF","Sub-Saharan Africa",1993,0,0,0
"CENTRAL AFRICAN REPUBLIC","CAF","Sub-Saharan Africa",1994,0,0,0
"CENTRAL AFRICAN REPUBLIC","CAF","Sub-Saharan Africa",1995,0,0,0
"CENTRAL AFRICAN REPUBLIC","CAF","Sub-Saharan Africa",1996,0,0,0
"CENTRAL AFRICAN REPUBLIC","CAF","Sub-Saharan Africa",1997,0,0,0
"CENTRAL AFRICAN REPUBLIC","CAF","Sub-Saharan Africa",1998,0,0,0
"CENTRAL AFRICAN REPUBLIC","CAF","Sub-Saharan Africa",1999,0,0,0
"CENTRAL AFRICAN REPUBLIC","CAF","Sub-Saharan Africa",2000,0,0,0
"CENTRAL AFRICAN REPUBLIC","CAF","Sub-Saharan Africa",2001,0,0,0
"CENTRAL AFRICAN REPUBLIC","CAF","Sub-Saharan Africa",2002,0,0,0
"CENTRAL AFRICAN REPUBLIC","CAF","Sub-Saharan Africa",2003,0,0,0
"CENTRAL AFRICAN REPUBLIC","CAF","Sub-Saharan Africa",2004,0,0,0
"CENTRAL AFRICAN REPUBLIC","CAF","Sub-Saharan Africa",2005,0,0,0
"CENTRAL AFRICAN REPUBLIC","CAF","Sub-Saharan Africa",2006,0,0,0
"CENTRAL AFRICAN REPUBLIC","CAF","Sub-Saharan Africa",2007,0,0,0
"CENTRAL AFRICAN REPUBLIC","CAF","Sub-Saharan Africa",2008,0,0,0
"CENTRAL AFRICAN REPUBLIC","CAF","Sub-Saharan Africa",2009,0,0,0
"CENTRAL AFRICAN REPUBLIC","CAF","Sub-Saharan Africa",2010,0,0,0
"CENTRAL AFRICAN REPUBLIC","CAF","Sub-Saharan Africa",2011,0,0,0
"CENTRAL AFRICAN REPUBLIC","CAF","Sub-Saharan Africa",2012,0,0,0
"CENTRAL AFRICAN REPUBLIC","CAF","Sub-Saharan Africa",2013,0,0,0
"CENTRAL AFRICAN REPUBLIC","CAF","Sub-Saharan Africa",2014,0,0,0
"CENTRAL AFRICAN REPUBLIC","CAF","Sub-Saharan Africa",2015,0,0,0
"CENTRAL AFRICAN REPUBLIC","CAF","Sub-Saharan Africa",2016,0,0,0
"CENTRAL AFRICAN REPUBLIC","CAF","Sub-Saharan Africa",2017,0,0,0
"CENTRAL AFRICAN REPUBLIC","CAF","Sub-Saharan Africa",2018,0,0,0
"CENTRAL AFRICAN REPUBLIC","CAF","Sub-Saharan Africa",2019,0,0,0
"CENTRAL AFRICAN REPUBLIC","CAF","Sub-Saharan Africa",2020,0,0,0
"CENTRAL AFRICAN REPUBLIC","CAF","Sub-Saharan Africa",2021,0,0,0
"CENTRAL AFRICAN REPUBLIC","CAF","Sub-Saharan Africa",2022,0,0,0
"CENTRAL AFRICAN REPUBLIC","CAF","Sub-Saharan Africa",2023,0,0,0
"CENTRAL AFRICAN REPUBLIC","CAF","Sub-Saharan Africa",2024,635,279,1829
"CHAD","TCD","Sub-Saharan Africa",1990,0,0,0
"CHAD","TCD","Sub-Saharan Africa",1991,0,0,0
"CHAD","TCD","Sub-Saharan Africa",1992,0,0,0
"CHAD","TCD","Sub-Saharan Africa",1993,0,0,0
"CHAD","TCD","Sub-Saharan Africa",1994,0,0,0
"CHAD","TCD","Sub-Saharan Africa",1995,0,0,0
"CHAD","TCD","Sub-Saharan Africa",1996,0,0,0
"CHAD","TCD","Sub-Saharan Africa",1997,0,0,0
"CHAD","TCD","Sub-Saharan Africa",1998,0,0,0
"CHAD","TCD","Sub-Saharan Africa",1999,0,0,0
"CHAD","TCD","Sub-Saharan Africa",2000,0,0,0
"CHAD","TCD","Sub-Saharan Africa",2001,0,0,0
"CHAD","TCD","Sub-Saharan Africa",2002,0,0,0
"CHAD","TCD","Sub-Saharan Africa",2003,0,0,0
"CHAD","TCD","Sub-Saharan Africa",2004,0,0,0
"CHAD","TCD","Sub-Saharan Africa",2005,0,0,0
"CHAD","TCD","Sub-Saharan Africa",2006,0,0,0
"CHAD","TCD","Sub-Saharan Africa",2007,0,0,0
"CHAD","TCD","Sub-Saharan Africa",2008,0,0,0
"CHAD","TCD","Sub-Saharan Africa",2009,0,0,0
"CHAD","TCD","Sub-Saharan Africa",2010,0,0,0
"CHAD","TCD","Sub-Saharan Africa",2011,0,0,0
"CHAD","TCD","Sub-Saharan Africa",2012,0,0,0
"CHAD","TCD","Sub-Saharan Africa",2013,0,0,0
"CHAD","TCD","Sub-Saharan Africa",2014,0,0,0
"CHAD","TCD","Sub-Saharan Africa",2015,0,0,0
"CHAD","TCD","Sub-Saharan Africa",2016,0,0,0
"CHAD","TCD","Sub-Saharan Africa",2017,0,0,0
"CHAD","TCD","Sub-Saharan Africa",2018,0,0,0
"CHAD","TCD","Sub-Saharan Africa",2019,0,0,0
"CHAD","TCD","Sub-Saharan Africa",2020,0,0,0
"CHAD","TCD","Sub-Saharan Africa",2021,0,0,0
"CHAD","TCD","Sub-Saharan Africa",2022,0,0,0
"CHAD","TCD","Sub-Saharan Africa",2023,1581,1581,1581
"CHAD","TCD","Sub-Saharan Africa",2024,6,0,37
"CHILE","CHL","South America",1990,0,0,0
"CHILE","CHL","South America",1991,0,0,0
"CHILE","CHL","South America",1992,0,0,0
"CHILE","CHL","South America",1993,0,0,0
"CHILE","CHL","South America",1994,0,0,0
"CHILE","CHL","South America",1995,0,0,0
"CHILE","CHL","South America",1996,0,0,0
"CHILE","CHL","South America",1997,0,0,0
"CHILE","CHL","South America",1998,0,0,0
"CHILE","CHL","South America",1999,0,0,0
"CHILE","CHL","South America",2000,0,0,0
"CHILE","CHL","South America",2001,0,0,0
"CHILE","CHL","South America",2002,636,636,636
"CHILE","CHL","South America",2003,0,0,0
"CHILE","CHL","South America",2004,0,0,0
"CHILE","CHL","South America",2005,0,0,0
"CHILE","CHL","South America",2006,3,3,3
"CHILE","CHL","South America",2007,28,28,28
"CHILE","CHL","South America",2008,25,25,25
"CHILE","CHL","South America",2009,51,51,51
"CHILE","CHL","South America",2010,23,23,23
"CHILE","CHL","South America",2011,1,1,1
"CHILE","CHL","South America",2012,32,32,32
"CHILE","CHL","South America",2013,44,44,44
"CHILE","CHL","South America",2014,30,30,30
"CHILE","CHL","South America",2015,40,40,40
"CHILE","CHL","South America",2016,33,33,33
"CHILE","CHL","South America",2017,10,10,10
"CHILE","CHL","South America",2018,18,18,18
"CHILE","CHL","South America",2019,29,29,29
"CHILE","CHL","South America",2020,9,9,9
"CHILE","CHL","South America",2021,0,0,0
"CHILE","CHL","South America",2022,0,0,0
"CHILE","CHL","South America",2023,0,0,0
"CHILE","CHL","South America",2024,157,157,157
"CHINA","CHN","East & Southeast Asia",1990,376,376,376
"CHINA","CHN","East & Southeast Asia",1991,902,902,902
"CHINA","CHN","East & Southeast Asia",1992,2,2,2
"CHINA","CHN","East & Southeast Asia",1993,359,359,359
"CHINA","CHN","East & Southeast Asia",1994,17,17,17
"CHINA","CHN","East & Southeast Asia",1995,6812,6812,6812
"CHINA","CHN","East & Southeast Asia",1996,8,8,8
"CHINA","CHN","East & Southeast Asia",1997,637,637,637
"CHINA","CHN","East & Southeast Asia",1998,490,490,490
"CHINA","CHN","East & Southeast Asia",1999,1868,1868,1868
"CHINA","CHN","East & Southeast Asia",2000,405,405,405
"CHINA","CHN","East & Southeast Asia",2001,375,375,375
"CHINA","CHN","East & Southeast Asia",2002,1606,1606,1606
"CHINA","CHN","East & Southeast Asia",2003,93,93,93
"CHINA","CHN","East & Southeast Asia",2004,247,247,247
"CHINA","CHN","East & Southeast Asia",2005,40,40,40
"CHINA","CHN","East & Southeast Asia",2006,1315,1315,1315
"CHINA","CHN","East & Southeast Asia",2007,539,539,539
"CHINA","CHN","East & Southeast Asia",2008,203,203,203
"CHINA","CHN","East & Southeast Asia",2009,312,312,312
"CHINA","CHN","East & Southeast Asia",2010,223,223,223
"CHINA","CHN","East & Southeast Asia",2011,58,58,58
"CHINA","CHN","East & Southeast Asia",2012,498,498,498
"CHINA","CHN","East & Southeast Asia",2013,5277,5277,5277
"CHINA","CHN","East & Southeast Asia",2014,47512,47512,47512
"CHINA","CHN","East & Southeast Asia",2015,3858,3858,3858
"CHINA","CHN","East & Southeast Asia",2016,2050,2050,2050
"CHINA","CHN","East & Southeast Asia",2017,5893,5893,5893
"CHINA","CHN","East & Southeast Asia",2018,5136,5136,5136
"CHINA","CHN","East & Southeast Asia",2019,22317,22317,22317
"CHINA","CHN","East & Southeast Asia",2020,616,616,616
"CHINA","CHN","East & Southeast Asia",2021,0,0,0
"CHINA","CHN","East & Southeast Asia",2022,741,546,1244
"CHINA","CHN","East & Southeast Asia",2023,19627,19627,19627
"CHINA","CHN","East & Southeast Asia",2024,24330,24330,24330
"COLOMBIA","COL","South America",1990,17350,17350,17350
"COLOMBIA","COL","South America",1991,15104,15104,15104
"COLOMBIA","COL","South America",1992,59853,59853,59853
"COLOMBIA","COL","South America",1993,8449,8449,8449
"COLOMBIA","COL","South America",1994,774,774,774
"COLOMBIA","COL","South America",1995,50031,50031,50031
"COLOMBIA","COL","South America",1996,31398,31398,31398
"COLOMBIA","COL","South America",1997,20340,20340,20340
"COLOMBIA","COL","South America",1998,58011,58011,58011
"COLOMBIA","COL","South America",1999,19243,19243,19243
"COLOMBIA","COL","South America",2000,20956,20956,20956
"COLOMBIA","COL","South America",2001,48874,48874,48874
"COLOMBIA","COL","South America",2002,71727,71727,71727
"COLOMBIA","COL","South America",2003,55852,55852,55852
"COLOMBIA","COL","South America",2004,27014,27014,27014
"COLOMBIA","COL","South America",2005,40668,40668,40668
"COLOMBIA","COL","South America",2006,36829,36829,36829
"COLOMBIA","COL","South America",2007,40974,40974,40974
"COLOMBIA","COL","South America",2008,36493,36493,36493
"COLOMBIA","COL","South America",2009,51946,51946,51946
"COLOMBIA","COL","South America",2010,155255,155255,155255
"COLOMBIA","COL","South America",2011,31819,31819,31819
"COLOMBIA","COL","South America",2012,53490,53490,53490
"COLOMBIA","COL","South America",2013,126425,126425,126425
"COLOMBIA","COL","South America",2014,107975,107975,107975
"COLOMBIA","COL","South America",2015,96444,96444,96444
"COLOMBIA","COL","South America",2016,101016,101016,101016
"COLOMBIA","COL","South America",2017,25284,25284,25284
"COLOMBIA","COL","South America",2018,44825,44825,44825
"COLOMBIA","COL","South America",2019,127553,127553,127553
"COLOMBIA","COL","South America",2020,78979,78979,78979
"COLOMBIA","COL","South America",2021,53334,53334,53334
"COLOMBIA","COL","South America",2022,69497,69497,69497
"COLOMBIA","COL","South America",2023,131784,131784,131784
"COLOMBIA","COL","South America",2024,320982,320982,320982
"COMOROS","COM","Sub-Saharan Africa",1990,0,0,0
"COMOROS","COM","Sub-Saharan Africa",1991,0,0,0
"COMOROS","COM","Sub-Saharan Africa",1992,0,0,0
"COMOROS","COM","Sub-Saharan Africa",1993,146,146,146
"COMOROS","COM","Sub-Saharan Africa",1994,0,0,0
"COMOROS","COM","Sub-Saharan Africa",1995,0,0,0
"COMOROS","COM","Sub-Saharan Africa",1996,0,0,0
"COMOROS","COM","Sub-Saharan Africa",1997,0,0,0
"COMOROS","COM","Sub-Saharan Africa",1998,0,0,0
"COMOROS","COM","Sub-Saharan Africa",1999,0,0,0
"COMOROS","COM","Sub-Saharan Africa",2000,0,0,0
"COMOROS","COM","Sub-Saharan Africa",2001,0,0,0
"COMOROS","COM","Sub-Saharan Africa",2002,0,0,0
"COMOROS","COM","Sub-Saharan Africa",2003,0,0,0
"COMOROS","COM","Sub-Saharan Africa",2004,0,0,0
"COMOROS","COM","Sub-Saharan Africa",2005,0,0,0
"COMOROS","COM","Sub-Saharan Africa",2006,0,0,0
"COMOROS","COM","Sub-Saharan Africa",2007,0,0,0
"COMOROS","COM","Sub-Saharan Africa",2008,0,0,0
"COMOROS","COM","Sub-Saharan Africa",2009,0,0,0
"COMOROS","COM","Sub-Saharan Africa",2010,0,0,0
"COMOROS","COM","Sub-Saharan Africa",2011,0,0,0
"COMOROS","COM","Sub-Saharan Africa",2012,0,0,0
"COMOROS","COM","Sub-Saharan Africa",2013,0,0,0
"COMOROS","COM","Sub-Saharan Africa",2014,0,0,0
"COMOROS","COM","Sub-Saharan Africa",2015,0,0,0
"COMOROS","COM","Sub-Saharan Africa",2016,0,0,0
"COMOROS","COM","Sub-Saharan Africa",2017,0,0,0
"COMOROS","COM","Sub-Saharan Africa",2018,0,0,0
"COMOROS","COM","Sub-Saharan Africa",2019,0,0,0
"COMOROS","COM","Sub-Saharan Africa",2020,696,696,696
"COMOROS","COM","Sub-Saharan Africa",2021,0,0,0
"COMOROS","COM","Sub-Saharan Africa",2022,0,0,0
"COMOROS","COM","Sub-Saharan Africa",2023,0,0,0
"COMOROS","COM","Sub-Saharan Africa",2024,0,0,0
"COOK ISLANDS","COK","Pacific Islands",1990,5,5,5
"COOK ISLANDS","COK","Pacific Islands",1991,1776,1776,1776
"COOK ISLANDS","COK","Pacific Islands",1992,5,5,5
"COOK ISLANDS","COK","Pacific Islands",1993,0,0,0
"COOK ISLANDS","COK","Pacific Islands",1994,1,1,1
"COOK ISLANDS","COK","Pacific Islands",1995,786,786,786
"COOK ISLANDS","COK","Pacific Islands",1996,2,2,2
"COOK ISLANDS","COK","Pacific Islands",1997,1652,1652,1652
"COOK ISLANDS","COK","Pacific Islands",1998,0,0,0
"COOK ISLANDS","COK","Pacific Islands",1999,0,0,0
"COOK ISLANDS","COK","Pacific Islands",2000,0,0,0
"COOK ISLANDS","COK","Pacific Islands",2001,21,21,21
"COOK ISLANDS","COK","Pacific Islands",2002,2256,2256,2256
"COOK ISLANDS","COK","Pacific Islands",2003,1,1,1
"COOK ISLANDS","COK","Pacific Islands",2004,4,4,4
"COOK ISLANDS","COK","Pacific Islands",2005,0,0,0
"COOK ISLANDS","COK","Pacific Islands",2006,468,468,468
"COOK ISLANDS","COK","Pacific Islands",2007,1424,1424,1424
"COOK ISLANDS","COK","Pacific Islands",2008,11,11,11
"COOK ISLANDS","COK","Pacific Islands",2009,170,170,170
"COOK ISLANDS","COK","Pacific Islands",2010,0,0,0
"COOK ISLANDS","COK","Pacific Islands",2011,0,0,0
"COOK ISLANDS","COK","Pacific Islands",2012,0,0,0
"COOK ISLANDS","COK","Pacific Islands",2013,0,0,0
"COOK ISLANDS","COK","Pacific Islands",2014,946,946,946
"COOK ISLANDS","COK","Pacific Islands",2015,765,765,765
"COOK ISLANDS","COK","Pacific Islands",2016,0,0,0
"COOK ISLANDS","COK","Pacific Islands",2017,4,1,12
"COOK ISLANDS","COK","Pacific Islands",2018,4,3,6
"COOK ISLANDS","COK","Pacific Islands",2019,150,129,197
"COOK ISLANDS","COK","Pacific Islands",2020,422,330,795
"COOK ISLANDS","COK","Pacific Islands",2021,116,3,894
"COOK ISLANDS","COK","Pacific Islands",2022,3,3,5
"COOK ISLANDS","COK","Pacific Islands",2023,1,0,5
"COOK ISLANDS","COK","Pacific Islands",2024,0,0,4
"COSTA RICA","CRI","North & Central America",1990,0,0,0
"COSTA RICA","CRI","North & Central America",1991,0,0,0
"COSTA RICA","CRI","North & Central America",1992,0,0,0
"COSTA RICA","CRI","North & Central America",1993,4612,4612,4612
"COSTA RICA","CRI","North & Central America",1994,13929,13929,13929
"COSTA RICA","CRI","North & Central America",1995,5137,5137,5137
"COSTA RICA","CRI","North & Central America",1996,2309,2309,2309
"COSTA RICA","CRI","North & Central America",1997,14421,14421,14421
"COSTA RICA","CRI","North & Central America",1998,2628,2628,2628
"COSTA RICA","CRI","North & Central America",1999,6041,6041,6041
"COSTA RICA","CRI","North & Central America",2000,4908,4908,4908
"COSTA RICA","CRI","North & Central America",2001,9464,9464,9464
"COSTA RICA","CRI","North & Central America",2002,12251,12251,12251
"COSTA RICA","CRI","North & Central America",2003,19703,19703,19703
"COSTA RICA","CRI","North & Central America",2004,9408,9408,9408
"COSTA RICA","CRI","North & Central America",2005,37798,37798,37798
"COSTA RICA","CRI","North & Central America",2006,12052,12052,12052
"COSTA RICA","CRI","North & Central America",2007,26504,26504,26504
"COSTA RICA","CRI","North & Central America",2008,8212,8212,8212
"COSTA RICA","CRI","North & Central America",2009,7214,7214,7214
"COSTA RICA","CRI","North & Central America",2010,31484,31484,31484
"COSTA RICA","CRI","North & Central America",2011,13838,13838,13838
"COSTA RICA","CRI","North & Central America",2012,22243,22243,22243
"COSTA RICA","CRI","North & Central America",2013,81942,81942,81942
"COSTA RICA","CRI","North & Central America",2014,16742,16742,16742
"COSTA RICA","CRI","North & Central America",2015,25852,25852,25852
"COSTA RICA","CRI","North & Central America",2016,30700,30700,30700
"COSTA RICA","CRI","North & Central America",2017,8340,8340,8340
"COSTA RICA","CRI","North & Central America",2018,4530,4530,4530
"COSTA RICA","CRI","North & Central America",2019,9400,9400,9400
"COSTA RICA","CRI","North & Central America",2020,10056,10056,10056
"COSTA RICA","CRI","North & Central America",2021,5174,5174,5174
"COSTA RICA","CRI","North & Central America",2022,7485,7485,7485
"COSTA RICA","CRI","North & Central America",2023,30649,30649,30649
"COSTA RICA","CRI","North & Central America",2024,31259,31259,31259
"COTE D'IVOIRE","CIV","Sub-Saharan Africa",1990,0,0,0
"COTE D'IVOIRE","CIV","Sub-Saharan Africa",1991,0,0,0
"COTE D'IVOIRE","CIV","Sub-Saharan Africa",1992,0,0,0
"COTE D'IVOIRE","CIV","Sub-Saharan Africa",1993,0,0,0
"COTE D'IVOIRE","CIV","Sub-Saharan Africa",1994,0,0,0
"COTE D'IVOIRE","CIV","Sub-Saharan Africa",1995,0,0,0
"COTE D'IVOIRE","CIV","Sub-Saharan Africa",1996,0,0,0
"COTE D'IVOIRE","CIV","Sub-Saharan Africa",1997,0,0,0
"COTE D'IVOIRE","CIV","Sub-Saharan Africa",1998,0,0,0
"COTE D'IVOIRE","CIV","Sub-Saharan Africa",1999,0,0,0
"COTE D'IVOIRE","CIV","Sub-Saharan Africa",2000,0,0,0
"COTE D'IVOIRE","CIV","Sub-Saharan Africa",2001,0,0,0
"COTE D'IVOIRE","CIV","Sub-Saharan Africa",2002,0,0,0
"COTE D'IVOIRE","CIV","Sub-Saharan Africa",2003,0,0,0
"COTE D'IVOIRE","CIV","Sub-Saharan Africa",2004,0,0,0
"COTE D'IVOIRE","CIV","Sub-Saharan Africa",2005,0,0,0
"COTE D'IVOIRE","CIV","Sub-Saharan Africa",2006,0,0,0
"COTE D'IVOIRE","CIV","Sub-Saharan Africa",2007,0,0,0
"COTE D'IVOIRE","CIV","Sub-Saharan Africa",2008,0,0,0
"COTE D'IVOIRE","CIV","Sub-Saharan Africa",2009,0,0,0
"COTE D'IVOIRE","CIV","Sub-Saharan Africa",2010,7,7,7
"COTE D'IVOIRE","CIV","Sub-Saharan Africa",2011,0,0,0
"COTE D'IVOIRE","CIV","Sub-Saharan Africa",2012,0,0,0
"COTE D'IVOIRE","CIV","Sub-Saharan Africa",2013,0,0,0
"COTE D'IVOIRE","CIV","Sub-Saharan Africa",2014,0,0,0
"COTE D'IVOIRE","CIV","Sub-Saharan Africa",2015,0,0,0
"COTE D'IVOIRE","CIV","Sub-Saharan Africa",2016,0,0,0
"COTE D'IVOIRE","CIV","Sub-Saharan Africa",2017,2849,2849,2849
"COTE D'IVOIRE","CIV","Sub-Saharan Africa",2018,0,0,0
"COTE D'IVOIRE","CIV","Sub-Saharan Africa",2019,3201,3201,3201
"COTE D'IVOIRE","CIV","Sub-Saharan Africa",2020,0,0,0
"COTE D'IVOIRE","CIV","Sub-Saharan Africa",2021,4,4,4
"COTE D'IVOIRE","CIV","Sub-Saharan Africa",2022,11,11,11
"COTE D'IVOIRE","CIV","Sub-Saharan Africa",2023,3922,3922,3922
"COTE D'IVOIRE","CIV","Sub-Saharan Africa",2024,6134,6134,6134
"CROATIA","HRV","Europe, Middle East & North Africa",1990,0,0,0
"CROATIA","HRV","Europe, Middle East & North Africa",1991,0,0,0
"CROATIA","HRV","Europe, Middle East & North Africa",1992,0,0,0
"CROATIA","HRV","Europe, Middle East & North Africa",1993,0,0,0
"CROATIA","HRV","Europe, Middle East & North Africa",1994,0,0,0
"CROATIA","HRV","Europe, Middle East & North Africa",1995,0,0,0
"CROATIA","HRV","Europe, Middle East & North Africa",1996,0,0,0
"CROATIA","HRV","Europe, Middle East & North Africa",1997,0,0,0
"CROATIA","HRV","Europe, Middle East & North Africa",1998,0,0,0
"CROATIA","HRV","Europe, Middle East & North Africa",1999,0,0,0
"CROATIA","HRV","Europe, Middle East & North Africa",2000,0,0,0
"CROATIA","HRV","Europe, Middle East & North Africa",2001,0,0,0
"CROATIA","HRV","Europe, Middle East & North Africa",2002,0,0,0
"CROATIA","HRV","Europe, Middle East & North Africa",2003,0,0,0
"CROATIA","HRV","Europe, Middle East & North Africa",2004,0,0,0
"CROATIA","HRV","Europe, Middle East & North Africa",2005,0,0,0
"CROATIA","HRV","Europe, Middle East & North Africa",2006,0,0,0
"CROATIA","HRV","Europe, Middle East & North Africa",2007,0,0,0
"CROATIA","HRV","Europe, Middle East & North Africa",2008,0,0,0
"CROATIA","HRV","Europe, Middle East & North Africa",2009,0,0,0
"CROATIA","HRV","Europe, Middle East & North Africa",2010,10,10,10
"CROATIA","HRV","Europe, Middle East & North Africa",2011,0,0,0
"CROATIA","HRV","Europe, Middle East & North Africa",2012,0,0,0
"CROATIA","HRV","Europe, Middle East & North Africa",2013,0,0,0
"CROATIA","HRV","Europe, Middle East & North Africa",2014,0,0,0
"CROATIA","HRV","Europe, Middle East & North Africa",2015,0,0,0
"CROATIA","HRV","Europe, Middle East & North Africa",2016,0,0,0
"CROATIA","HRV","Europe, Middle East & North Africa",2017,0,0,0
"CROATIA","HRV","Europe, Middle East & North Africa",2018,0,0,0
"CROATIA","HRV","Europe, Middle East & North Africa",2019,0,0,0
"CROATIA","HRV","Europe, Middle East & North Africa",2020,0,0,0
"CROATIA","HRV","Europe, Middle East & North Africa",2021,0,0,0
"CROATIA","HRV","Europe, Middle East & North Africa",2022,0,0,0
"CROATIA","HRV","Europe, Middle East & North Africa",2023,0,0,0
"CROATIA","HRV","Europe, Middle East & North Africa",2024,0,0,0
"CUBA","CUB","Caribbean",1990,0,0,0
"CUBA","CUB","Caribbean",1991,0,0,0
"CUBA","CUB","Caribbean",1992,0,0,0
"CUBA","CUB","Caribbean",1993,0,0,0
"CUBA","CUB","Caribbean",1994,0,0,0
"CUBA","CUB","Caribbean",1995,0,0,0
"CUBA","CUB","Caribbean",1996,0,0,0
"CUBA","CUB","Caribbean",1997,2807,2807,2807
"CUBA","CUB","Caribbean",1998,0,0,0
"CUBA","CUB","Caribbean",1999,0,0,0
"CUBA","CUB","Caribbean",2000,138,138,138
"CUBA","CUB","Caribbean",2001,11363,11363,11363
"CUBA","CUB","Caribbean",2002,2999,2999,2999
"CUBA","CUB","Caribbean",2003,0,0,0
"CUBA","CUB","Caribbean",2004,0,0,0
"CUBA","CUB","Caribbean",2005,75,75,75
"CUBA","CUB","Caribbean",2006,0,0,0
"CUBA","CUB","Caribbean",2007,28,28,28
"CUBA","CUB","Caribbean",2008,0,0,0
"CUBA","CUB","Caribbean",2009,70,70,70
"CUBA","CUB","Caribbean",2010,0,0,0
"CUBA","CUB","Caribbean",2011,0,0,0
"CUBA","CUB","Caribbean",2012,0,0,0
"CUBA","CUB","Caribbean",2013,0,0,0
"CUBA","CUB","Caribbean",2014,2522,2522,2522
"CUBA","CUB","Caribbean",2015,1691,1691,1691
"CUBA","CUB","Caribbean",2016,1836,1836,1836
"CUBA","CUB","Caribbean",2017,1248,1248,1248
"CUBA","CUB","Caribbean",2018,2128,2128,2128
"CUBA","CUB","Caribbean",2019,3259,3259,3259
"CUBA","CUB","Caribbean",2020,1418,1418,1418
"CUBA","CUB","Caribbean",2021,1160,1160,1160
"CUBA","CUB","Caribbean",2022,3036,3036,3036
"CUBA","CUB","Caribbean",2023,0,0,0
"CUBA","CUB","Caribbean",2024,985,985,985
"CURACAO","CUW","Caribbean",1990,0,0,0
"CURACAO","CUW","Caribbean",1991,0,0,0
"CURACAO","CUW","Caribbean",1992,0,0,0
"CURACAO","CUW","Caribbean",1993,0,0,0
"CURACAO","CUW","Caribbean",1994,0,0,0
"CURACAO","CUW","Caribbean",1995,0,0,0
"CURACAO","CUW","Caribbean",1996,0,0,0
"CURACAO","CUW","Caribbean",1997,0,0,0
"CURACAO","CUW","Caribbean",1998,5,5,5
"CURACAO","CUW","Caribbean",1999,4,4,4
"CURACAO","CUW","Caribbean",2000,10,10,10
"CURACAO","CUW","Caribbean",2001,0,0,0
"CURACAO","CUW","Caribbean",2002,0,0,0
"CURACAO","CUW","Caribbean",2003,0,0,0
"CURACAO","CUW","Caribbean",2004,0,0,0
"CURACAO","CUW","Caribbean",2005,265,265,265
"CURACAO","CUW","Caribbean",2006,0,0,0
"CURACAO","CUW","Caribbean",2007,0,0,0
"CURACAO","CUW","Caribbean",2008,0,0,0
"CURACAO","CUW","Caribbean",2009,0,0,0
"CURACAO","CUW","Caribbean",2010,1722,1722,1722
"CURACAO","CUW","Caribbean",2011,1553,1553,1553
"CURACAO","CUW","Caribbean",2012,524,524,524
"CURACAO","CUW","Caribbean",2013,568,568,568
"CURACAO","CUW","Caribbean",2014,194,194,194
"CURACAO","CUW","Caribbean",2015,0,0,0
"CURACAO","CUW","Caribbean",2016,0,0,0
"CURACAO","CUW","Caribbean",2017,0,0,0
"CURACAO","CUW","Caribbean",2018,0,0,0
"CURACAO","CUW","Caribbean",2019,0,0,0
"CURACAO","CUW","Caribbean",2020,0,0,0
"CURACAO","CUW","Caribbean",2021,0,0,0
"CURACAO","CUW","Caribbean",2022,0,0,0
"CURACAO","CUW","Caribbean",2023,0,0,0
"CURACAO","CUW","Caribbean",2024,262,262,262
"DEMOCRATIC REPUBLIC OF CONGO","COD","Sub-Saharan Africa",1990,0,0,0
"DEMOCRATIC REPUBLIC OF CONGO","COD","Sub-Saharan Africa",1991,0,0,0
"DEMOCRATIC REPUBLIC OF CONGO","COD","Sub-Saharan Africa",1992,0,0,0
"DEMOCRATIC REPUBLIC OF CONGO","COD","Sub-Saharan Africa",1993,0,0,0
"DEMOCRATIC REPUBLIC OF CONGO","COD","Sub-Saharan Africa",1994,0,0,0
"DEMOCRATIC REPUBLIC OF CONGO","COD","Sub-Saharan Africa",1995,0,0,0
"DEMOCRATIC REPUBLIC OF CONGO","COD","Sub-Saharan Africa",1996,0,0,0
"DEMOCRATIC REPUBLIC OF CONGO","COD","Sub-Saharan Africa",1997,0,0,0
"DEMOCRATIC REPUBLIC OF CONGO","COD","Sub-Saharan Africa",1998,0,0,0
"DEMOCRATIC REPUBLIC OF CONGO","COD","Sub-Saharan Africa",1999,0,0,0
"DEMOCRATIC REPUBLIC OF CONGO","COD","Sub-Saharan Africa",2000,0,0,0
"DEMOCRATIC REPUBLIC OF CONGO","COD","Sub-Saharan Africa",2001,0,0,0
"DEMOCRATIC REPUBLIC OF CONGO","COD","Sub-Saharan Africa",2002,0,0,0
"DEMOCRATIC REPUBLIC OF CONGO","COD","Sub-Saharan Africa",2003,0,0,0
"DEMOCRATIC REPUBLIC OF CONGO","COD","Sub-Saharan Africa",2004,0,0,0
"DEMOCRATIC REPUBLIC OF CONGO","COD","Sub-Saharan Africa",2005,0,0,0
"DEMOCRATIC REPUBLIC OF CONGO","COD","Sub-Saharan Africa",2006,0,0,0
"DEMOCRATIC REPUBLIC OF CONGO","COD","Sub-Saharan Africa",2007,0,0,0
"DEMOCRATIC REPUBLIC OF CONGO","COD","Sub-Saharan Africa",2008,0,0,0
"DEMOCRATIC REPUBLIC OF CONGO","COD","Sub-Saharan Africa",2009,0,0,0
"DEMOCRATIC REPUBLIC OF CONGO","COD","Sub-Saharan Africa",2010,0,0,0
"DEMOCRATIC REPUBLIC OF CONGO","COD","Sub-Saharan Africa",2011,0,0,0
"DEMOCRATIC REPUBLIC OF CONGO","COD","Sub-Saharan Africa",2012,0,0,0
"DEMOCRATIC REPUBLIC OF CONGO","COD","Sub-Saharan Africa",2013,0,0,0
"DEMOCRATIC REPUBLIC OF CONGO","COD","Sub-Saharan Africa",2014,0,0,0
"DEMOCRATIC REPUBLIC OF CONGO","COD","Sub-Saharan Africa",2015,0,0,0
"DEMOCRATIC REPUBLIC OF CONGO","COD","Sub-Saharan Africa",2016,253,253,253
"DEMOCRATIC REPUBLIC OF CONGO","COD","Sub-Saharan Africa",2017,0,0,0
"DEMOCRATIC REPUBLIC OF CONGO","COD","Sub-Saharan Africa",2018,0,0,0
"DEMOCRATIC REPUBLIC OF CONGO","COD","Sub-Saharan Africa",2019,0,0,0
"DEMOCRATIC REPUBLIC OF CONGO","COD","Sub-Saharan Africa",2020,0,0,0
"DEMOCRATIC REPUBLIC OF CONGO","COD","Sub-Saharan Africa",2021,0,0,0
"DEMOCRATIC REPUBLIC OF CONGO","COD","Sub-Saharan Africa",2022,0,0,0
"DEMOCRATIC REPUBLIC OF CONGO","COD","Sub-Saharan Africa",2023,0,0,0
"DEMOCRATIC REPUBLIC OF CONGO","COD","Sub-Saharan Africa",2024,0,0,0
"DJIBOUTI","DJI","Sub-Saharan Africa",1990,0,0,0
"DJIBOUTI","DJI","Sub-Saharan Africa",1991,46,46,46
"DJIBOUTI","DJI","Sub-Saharan Africa",1992,0,0,0
"DJIBOUTI","DJI","Sub-Saharan Africa",1993,0,0,0
"DJIBOUTI","DJI","Sub-Saharan Africa",1994,0,0,0
"DJIBOUTI","DJI","Sub-Saharan Africa",1995,0,0,0
"DJIBOUTI","DJI","Sub-Saharan Africa",1996,0,0,0
"DJIBOUTI","DJI","Sub-Saharan Africa",1997,0,0,0
"DJIBOUTI","DJI","Sub-Saharan Africa",1998,0,0,0
"DJIBOUTI","DJI","Sub-Saharan Africa",1999,0,0,0
"DJIBOUTI","DJI","Sub-Saharan Africa",2000,0,0,0
"DJIBOUTI","DJI","Sub-Saharan Africa",2001,0,0,0
"DJIBOUTI","DJI","Sub-Saharan Africa",2002,0,0,0
"DJIBOUTI","DJI","Sub-Saharan Africa",2003,0,0,0
"DJIBOUTI","DJI","Sub-Saharan Africa",2004,0,0,0
"DJIBOUTI","DJI","Sub-Saharan Africa",2005,0,0,0
"DJIBOUTI","DJI","Sub-Saharan Africa",2006,0,0,0
"DJIBOUTI","DJI","Sub-Saharan Africa",2007,0,0,0
"DJIBOUTI","DJI","Sub-Saharan Africa",2008,0,0,0
"DJIBOUTI","DJI","Sub-Saharan Africa",2009,0,0,0
"DJIBOUTI","DJI","Sub-Saharan Africa",2010,0,0,0
"DJIBOUTI","DJI","Sub-Saharan Africa",2011,0,0,0
"DJIBOUTI","DJI","Sub-Saharan Africa",2012,354,354,354
"DJIBOUTI","DJI","Sub-Saharan Africa",2013,0,0,0
"DJIBOUTI","DJI","Sub-Saharan Africa",2014,0,0,0
"DJIBOUTI","DJI","Sub-Saharan Africa",2015,0,0,0
"DJIBOUTI","DJI","Sub-Saharan Africa",2016,0,0,0
"DJIBOUTI","DJI","Sub-Saharan Africa",2017,0,0,0
"DJIBOUTI","DJI","Sub-Saharan Africa",2018,0,0,0
"DJIBOUTI","DJI","Sub-Saharan Africa",2019,0,0,0
"DJIBOUTI","DJI","Sub-Saharan Africa",2020,0,0,0
"DJIBOUTI","DJI","Sub-Saharan Africa",2021,0,0,0
"DJIBOUTI","DJI","Sub-Saharan Africa",2022,0,0,0
"DJIBOUTI","DJI","Sub-Saharan Africa",2023,0,0,0
"DJIBOUTI","DJI","Sub-Saharan Africa",2024,0,0,0
"DOMINICA","DMA","Caribbean",1990,6,6,6
"DOMINICA","DMA","Caribbean",1991,12,12,12
"DOMINICA","DMA","Caribbean",1992,0,0,0
"DOMINICA","DMA","Caribbean",1993,1,1,1
"DOMINICA","DMA","Caribbean",1994,0,0,0
"DOMINICA","DMA","Caribbean",1995,282,282,282
"DOMINICA","DMA","Caribbean",1996,3,3,3
"DOMINICA","DMA","Caribbean",1997,0,0,0
"DOMINICA","DMA","Caribbean",1998,1,1,1
"DOMINICA","DMA","Caribbean",1999,1,1,1
"DOMINICA","DMA","Caribbean",2000,15,15,15
"DOMINICA","DMA","Caribbean",2001,5,5,5
"DOMINICA","DMA","Caribbean",2002,0,0,0
"DOMINICA","DMA","Caribbean",2003,0,0,0
"DOMINICA","DMA","Caribbean",2004,4,4,4
"DOMINICA","DMA","Caribbean",2005,7,7,7
"DOMINICA","DMA","Caribbean",2006,19,19,19
"DOMINICA","DMA","Caribbean",2007,110,110,110
"DOMINICA","DMA","Caribbean",2008,80,80,80
"DOMINICA","DMA","Caribbean",2009,2,2,2
"DOMINICA","DMA","Caribbean",2010,633,633,633
"DOMINICA","DMA","Caribbean",2011,40,40,40
"DOMINICA","DMA","Caribbean",2012,3,3,3
"DOMINICA","DMA","Caribbean",2013,197,197,197
"DOMINICA","DMA","Caribbean",2014,189,189,189
"DOMINICA","DMA","Caribbean",2015,38,38,38
"DOMINICA","DMA","Caribbean",2016,351,351,351
"DOMINICA","DMA","Caribbean",2017,33,33,33
"DOMINICA","DMA","Caribbean",2018,45,45,45
"DOMINICA","DMA","Caribbean",2019,1066,1066,1066
"DOMINICA","DMA","Caribbean",2020,88,88,88
"DOMINICA","DMA","Caribbean",2021,65,65,65
"DOMINICA","DMA","Caribbean",2022,3,3,3
"DOMINICA","DMA","Caribbean",2023,419,419,419
"DOMINICA","DMA","Caribbean",2024,0,0,0
"DOMINICAN REPUBLIC","DOM","Caribbean",1990,39,39,39
"DOMINICAN REPUBLIC","DOM","Caribbean",1991,24,24,24
"DOMINICAN REPUBLIC","DOM","Caribbean",1992,107,107,107
"DOMINICAN REPUBLIC","DOM","Caribbean",1993,0,0,0
"DOMINICAN REPUBLIC","DOM","Caribbean",1994,0,0,0
"DOMINICAN REPUBLIC","DOM","Caribbean",1995,211,211,211
"DOMINICAN REPUBLIC","DOM","Caribbean",1996,72,72,72
"DOMINICAN REPUBLIC","DOM","Caribbean",1997,512,512,512
"DOMINICAN REPUBLIC","DOM","Caribbean",1998,2873,2873,2873
"DOMINICAN REPUBLIC","DOM","Caribbean",1999,1059,1059,1059
"DOMINICAN REPUBLIC","DOM","Caribbean",2000,3404,3404,3404
"DOMINICAN REPUBLIC","DOM","Caribbean",2001,3588,3588,3588
"DOMINICAN REPUBLIC","DOM","Caribbean",2002,3118,3118,3118
"DOMINICAN REPUBLIC","DOM","Caribbean",2003,5911,5911,5911
"DOMINICAN REPUBLIC","DOM","Caribbean",2004,2340,2340,2340
"DOMINICAN REPUBLIC","DOM","Caribbean",2005,2776,2776,2776
"DOMINICAN REPUBLIC","DOM","Caribbean",2006,5913,5913,5913
"DOMINICAN REPUBLIC","DOM","Caribbean",2007,9403,9403,9403
"DOMINICAN REPUBLIC","DOM","Caribbean",2008,4150,4150,4150
"DOMINICAN REPUBLIC","DOM","Caribbean",2009,7297,7297,7297
"DOMINICAN REPUBLIC","DOM","Caribbean",2010,11060,11060,11060
"DOMINICAN REPUBLIC","DOM","Caribbean",2011,2232,2232,2232
"DOMINICAN REPUBLIC","DOM","Caribbean",2012,9556,9515,9615
"DOMINICAN REPUBLIC","DOM","Caribbean",2013,16503,16503,16503
"DOMINICAN REPUBLIC","DOM","Caribbean",2014,6274,6274,6274
"DOMINICAN REPUBLIC","DOM","Caribbean",2015,17048,17048,17048
"DOMINICAN REPUBLIC","DOM","Caribbean",2016,6645,6645,6645
"DOMINICAN REPUBLIC","DOM","Caribbean",2017,1363,1363,1363
"DOMINICAN REPUBLIC","DOM","Caribbean",2018,1558,1558,1558
"DOMINICAN REPUBLIC","DOM","Caribbean",2019,20183,20183,20183
"DOMINICAN REPUBLIC","DOM","Caribbean",2020,3964,3964,3964
"DOMINICAN REPUBLIC","DOM","Caribbean",2021,3746,3746,3746
"DOMINICAN REPUBLIC","DOM","Caribbean",2022,10784,10784,10784
"DOMINICAN REPUBLIC","DOM","Caribbean",2023,27972,27972,27972
"DOMINICAN REPUBLIC","DOM","Caribbean",2024,10251,10251,10251
"ECUADOR","ECU","South America",1990,302,302,302
"ECUADOR","ECU","South America",1991,94,94,94
"ECUADOR","ECU","South America",1992,137,137,137
"ECUADOR","ECU","South America",1993,9015,9015,9015
"ECUADOR","ECU","South America",1994,8145,8145,8145
"ECUADOR","ECU","South America",1995,6607,6607,6607
"ECUADOR","ECU","South America",1996,5189,5189,5189
"ECUADOR","ECU","South America",1997,3871,3871,3871
"ECUADOR","ECU","South America",1998,4606,4606,4606
"ECUADOR","ECU","South America",1999,2901,2901,2901
"ECUADOR","ECU","South America",2000,22934,22934,22934
"ECUADOR","ECU","South America",2001,10864,10864,10864
"ECUADOR","ECU","South America",2002,5675,5675,5675
"ECUADOR","ECU","South America",2003,9903,9903,9903
"ECUADOR","ECU","South America",2004,6101,6101,6101
"ECUADOR","ECU","South America",2005,11797,11797,11797
"ECUADOR","ECU","South America",2006,5871,5871,5871
"ECUADOR","ECU","South America",2007,10253,10253,10253
"ECUADOR","ECU","South America",2008,1879,1879,1879
"ECUADOR","ECU","South America",2009,4400,4400,4400
"ECUADOR","ECU","South America",2010,17516,17516,17516
"ECUADOR","ECU","South America",2011,7567,7567,7567
"ECUADOR","ECU","South America",2012,19367,19367,19367
"ECUADOR","ECU","South America",2013,11662,11662,11662
"ECUADOR","ECU","South America",2014,15531,15531,15531
"ECUADOR","ECU","South America",2015,42473,42473,42473
"ECUADOR","ECU","South America",2016,14159,14159,14159
"ECUADOR","ECU","South America",2017,11387,11387,11387
"ECUADOR","ECU","South America",2018,3099,3099,3099
"ECUADOR","ECU","South America",2019,8416,8416,8416
"ECUADOR","ECU","South America",2020,19950,19950,19950
"ECUADOR","ECU","South America",2021,20829,20829,20829
"ECUADOR","ECU","South America",2022,16017,16017,16017
"ECUADOR","ECU","South America",2023,27838,27838,27838
"ECUADOR","ECU","South America",2024,61329,61329,61329
"EGYPT","EGY","Europe, Middle East & North Africa",1990,0,0,0
"EGYPT","EGY","Europe, Middle East & North Africa",1991,0,0,0
"EGYPT","EGY","Europe, Middle East & North Africa",1992,0,0,0
"EGYPT","EGY","Europe, Middle East & North Africa",1993,0,0,0
"EGYPT","EGY","Europe, Middle East & North Africa",1994,0,0,0
"EGYPT","EGY","Europe, Middle East & North Africa",1995,0,0,0
"EGYPT","EGY","Europe, Middle East & North Africa",1996,0,0,0
"EGYPT","EGY","Europe, Middle East & North Africa",1997,0,0,0
"EGYPT","EGY","Europe, Middle East & North Africa",1998,0,0,0
"EGYPT","EGY","Europe, Middle East & North Africa",1999,0,0,0
"EGYPT","EGY","Europe, Middle East & North Africa",2000,0,0,0
"EGYPT","EGY","Europe, Middle East & North Africa",2001,0,0,0
"EGYPT","EGY","Europe, Middle East & North Africa",2002,0,0,0
"EGYPT","EGY","Europe, Middle East & North Africa",2003,0,0,0
"EGYPT","EGY","Europe, Middle East & North Africa",2004,0,0,0
"EGYPT","EGY","Europe, Middle East & North Africa",2005,0,0,0
"EGYPT","EGY","Europe, Middle East & North Africa",2006,0,0,0
"EGYPT","EGY","Europe, Middle East & North Africa",2007,0,0,0
"EGYPT","EGY","Europe, Middle East & North Africa",2008,0,0,0
"EGYPT","EGY","Europe, Middle East & North Africa",2009,0,0,0
"EGYPT","EGY","Europe, Middle East & North Africa",2010,0,0,0
"EGYPT","EGY","Europe, Middle East & North Africa",2011,0,0,0
"EGYPT","EGY","Europe, Middle East & North Africa",2012,0,0,0
"EGYPT","EGY","Europe, Middle East & North Africa",2013,0,0,0
"EGYPT","EGY","Europe, Middle East & North Africa",2014,0,0,0
"EGYPT","EGY","Europe, Middle East & North Africa",2015,253,253,253
"EGYPT","EGY","Europe, Middle East & North Africa",2016,0,0,0
"EGYPT","EGY","Europe, Middle East & North Africa",2017,144,144,144
"EGYPT","EGY","Europe, Middle East & North Africa",2018,0,0,0
"EGYPT","EGY","Europe, Middle East & North Africa",2019,0,0,0
"EGYPT","EGY","Europe, Middle East & North Africa",2020,0,0,0
"EGYPT","EGY","Europe, Middle East & North Africa",2021,0,0,0
"EGYPT","EGY","Europe, Middle East & North Africa",2022,0,0,0
"EGYPT","EGY","Europe, Middle East & North Africa",2023,578,578,578
"EGYPT","EGY","Europe, Middle East & North Africa",2024,0,0,0
"EL SALVADOR","SLV","North & Central America",1990,2381,2381,2381
"EL SALVADOR","SLV","North & Central America",1991,1273,1273,1273
"EL SALVADOR","SLV","North & Central America",1992,884,884,884
"EL SALVADOR","SLV","North & Central America",1993,9015,9015,9015
"EL SALVADOR","SLV","North & Central America",1994,8145,8145,8145
"EL SALVADOR","SLV","North & Central America",1995,9529,9529,9529
"EL SALVADOR","SLV","North & Central America",1996,789,789,789
"EL SALVADOR","SLV","North & Central America",1997,423,423,423
"EL SALVADOR","SLV","North & Central America",1998,1686,1686,1686
"EL SALVADOR","SLV","North & Central America",1999,556,556,556
"EL SALVADOR","SLV","North & Central America",2000,2837,2837,2837
"EL SALVADOR","SLV","North & Central America",2001,1039,1039,1039
"EL SALVADOR","SLV","North & Central America",2002,17902,17902,17902
"EL SALVADOR","SLV","North & Central America",2003,7298,7298,7298
"EL SALVADOR","SLV","North & Central America",2004,13190,13190,13190
"EL SALVADOR","SLV","North & Central America",2005,15083,15083,15083
"EL SALVADOR","SLV","North & Central America",2006,21843,21843,21843
"EL SALVADOR","SLV","North & Central America",2007,12376,12376,12376
"EL SALVADOR","SLV","North & Central America",2008,5774,5774,5774
"EL SALVADOR","SLV","North & Central America",2009,14928,14928,14928
"EL SALVADOR","SLV","North & Central America",2010,22221,22221,22221
"EL SALVADOR","SLV","North & Central America",2011,20623,20623,20623
"EL SALVADOR","SLV","North & Central America",2012,43163,43163,43163
"EL SALVADOR","SLV","North & Central America",2013,28877,28877,28877
"EL SALVADOR","SLV","North & Central America",2014,53460,53460,53460
"EL SALVADOR","SLV","North & Central America",2015,50169,50169,50169
"EL SALVADOR","SLV","North & Central America",2016,8789,8789,8789
"EL SALVADOR","SLV","North & Central America",2017,4297,4297,4297
"EL SALVADOR","SLV","North & Central America",2018,8448,8448,8448
"EL SALVADOR","SLV","North & Central America",2019,27470,27470,27470
"EL SALVADOR","SLV","North & Central America",2020,5450,5450,5450
"EL SALVADOR","SLV","North & Central America",2021,5752,5752,5752
"EL SALVADOR","SLV","North & Central America",2022,16542,16542,16542
"EL SALVADOR","SLV","North & Central America",2023,5788,5788,5788
"EL SALVADOR","SLV","North & Central America",2024,8552,8552,8552
"ERITREA","ERI","Sub-Saharan Africa",1990,0,0,0
"ERITREA","ERI","Sub-Saharan Africa",1991,0,0,0
"ERITREA","ERI","Sub-Saharan Africa",1992,0,0,0
"ERITREA","ERI","Sub-Saharan Africa",1993,0,0,0
"ERITREA","ERI","Sub-Saharan Africa",1994,0,0,0
"ERITREA","ERI","Sub-Saharan Africa",1995,0,0,0
"ERITREA","ERI","Sub-Saharan Africa",1996,0,0,0
"ERITREA","ERI","Sub-Saharan Africa",1997,0,0,0
"ERITREA","ERI","Sub-Saharan Africa",1998,0,0,0
"ERITREA","ERI","Sub-Saharan Africa",1999,0,0,0
"ERITREA","ERI","Sub-Saharan Africa",2000,0,0,0
"ERITREA","ERI","Sub-Saharan Africa",2001,0,0,0
"ERITREA","ERI","Sub-Saharan Africa",2002,0,0,0
"ERITREA","ERI","Sub-Saharan Africa",2003,0,0,0
"ERITREA","ERI","Sub-Saharan Africa",2004,0,0,0
"ERITREA","ERI","Sub-Saharan Africa",2005,4481,4481,4481
"ERITREA","ERI","Sub-Saharan Africa",2006,388,388,388
"ERITREA","ERI","Sub-Saharan Africa",2007,662,662,662
"ERITREA","ERI","Sub-Saharan Africa",2008,1284,1284,1284
"ERITREA","ERI","Sub-Saharan Africa",2009,2947,2947,2947
"ERITREA","ERI","Sub-Saharan Africa",2010,12946,12946,12946
"ERITREA","ERI","Sub-Saharan Africa",2011,14195,14195,14195
"ERITREA","ERI","Sub-Saharan Africa",2012,12939,12939,12939
"ERITREA","ERI","Sub-Saharan Africa",2013,12503,12503,12503
"ERITREA","ERI","Sub-Saharan Africa",2014,10889,10889,10889
"ERITREA","ERI","Sub-Saharan Africa",2015,6871,6871,6871
"ERITREA","ERI","Sub-Saharan Africa",2016,0,0,0
"ERITREA","ERI","Sub-Saharan Africa",2017,0,0,0
"ERITREA","ERI","Sub-Saharan Africa",2018,0,0,0
"ERITREA","ERI","Sub-Saharan Africa",2019,0,0,0
"ERITREA","ERI","Sub-Saharan Africa",2020,0,0,0
"ERITREA","ERI","Sub-Saharan Africa",2021,0,0,0
"ERITREA","ERI","Sub-Saharan Africa",2022,0,0,0
"ERITREA","ERI","Sub-Saharan Africa",2023,0,0,0
"ERITREA","ERI","Sub-Saharan Africa",2024,14679,14679,14679
"ETHIOPIA","ETH","Sub-Saharan Africa",1990,0,0,0
"ETHIOPIA","ETH","Sub-Saharan Africa",1991,0,0,0
"ETHIOPIA","ETH","Sub-Saharan Africa",1992,0,0,0
"ETHIOPIA","ETH","Sub-Saharan Africa",1993,0,0,0
"ETHIOPIA","ETH","Sub-Saharan Africa",1994,0,0,0
"ETHIOPIA","ETH","Sub-Saharan Africa",1995,0,0,0
"ETHIOPIA","ETH","Sub-Saharan Africa",1996,0,0,0
"ETHIOPIA","ETH","Sub-Saharan Africa",1997,0,0,0
"ETHIOPIA","ETH","Sub-Saharan Africa",1998,0,0,0
"ETHIOPIA","ETH","Sub-Saharan Africa",1999,0,0,0
"ETHIOPIA","ETH","Sub-Saharan Africa",2000,0,0,0
"ETHIOPIA","ETH","Sub-Saharan Africa",2001,0,0,0
"ETHIOPIA","ETH","Sub-Saharan Africa",2002,0,0,0
"ETHIOPIA","ETH","Sub-Saharan Africa",2003,0,0,0
"ETHIOPIA","ETH","Sub-Saharan Africa",2004,0,0,0
"ETHIOPIA","ETH","Sub-Saharan Africa",2005,0,0,0
"ETHIOPIA","ETH","Sub-Saharan Africa",2006,0,0,0
"ETHIOPIA","ETH","Sub-Saharan Africa",2007,0,0,0
"ETHIOPIA","ETH","Sub-Saharan Africa",2008,0,0,0
"ETHIOPIA","ETH","Sub-Saharan Africa",2009,0,0,0
"ETHIOPIA","ETH","Sub-Saharan Africa",2010,0,0,0
"ETHIOPIA","ETH","Sub-Saharan Africa",2011,0,0,0
"ETHIOPIA","ETH","Sub-Saharan Africa",2012,0,0,0
"ETHIOPIA","ETH","Sub-Saharan Africa",2013,11500,11500,11500
"ETHIOPIA","ETH","Sub-Saharan Africa",2014,3160,161,24898
"ETHIOPIA","ETH","Sub-Saharan Africa",2015,0,0,0
"ETHIOPIA","ETH","Sub-Saharan Africa",2016,0,0,0
"ETHIOPIA","ETH","Sub-Saharan Africa",2017,101,101,101
"ETHIOPIA","ETH","Sub-Saharan Africa",2018,0,0,0
"ETHIOPIA","ETH","Sub-Saharan Africa",2019,1251,1251,1251
"ETHIOPIA","ETH","Sub-Saharan Africa",2020,0,0,0
"ETHIOPIA","ETH","Sub-Saharan Africa",2021,0,0,0
"ETHIOPIA","ETH","Sub-Saharan Africa",2022,0,0,0
"ETHIOPIA","ETH","Sub-Saharan Africa",2023,32006,26965,49888
"ETHIOPIA","ETH","Sub-Saharan Africa",2024,4016,4016,4016
"FIJI","FJI","Pacific Islands",1990,1473,1473,1473
"FIJI","FJI","Pacific Islands",1991,65,65,65
"FIJI","FJI","Pacific Islands",1992,358,358,358
"FIJI","FJI","Pacific Islands",1993,39,39,39
"FIJI","FJI","Pacific Islands",1994,17,17,17
"FIJI","FJI","Pacific Islands",1995,31,31,33
"FIJI","FJI","Pacific Islands",1996,2,2,2
"FIJI","FJI","Pacific Islands",1997,0,0,0
"FIJI","FJI","Pacific Islands",1998,24780,24780,24780
"FIJI","FJI","Pacific Islands",1999,430,430,430
"FIJI","FJI","Pacific Islands",2000,14,14,14
"FIJI","FJI","Pacific Islands",2001,3,3,3
"FIJI","FJI","Pacific Islands",2002,0,0,0
"FIJI","FJI","Pacific Islands",2003,16,16,16
"FIJI","FJI","Pacific Islands",2004,2,2,2
"FIJI","FJI","Pacific Islands",2005,0,0,0
"FIJI","FJI","Pacific Islands",2006,25,25,25
"FIJI","FJI","Pacific Islands",2007,100,100,100
"FIJI","FJI","Pacific Islands",2008,2014,2014,2014
"FIJI","FJI","Pacific Islands",2009,374,374,374
"FIJI","FJI","Pacific Islands",2010,8,8,8
"FIJI","FJI","Pacific Islands",2011,245,245,245
"FIJI","FJI","Pacific Islands",2012,1777,1777,1777
"FIJI","FJI","Pacific Islands",2013,355,355,355
"FIJI","FJI","Pacific Islands",2014,26595,26595,26595
"FIJI","FJI","Pacific Islands",2015,1244,1244,1244
"FIJI","FJI","Pacific Islands",2016,800,800,800
"FIJI","FJI","Pacific Islands",2017,6952,4100,12743
"FIJI","FJI","Pacific Islands",2018,7785,6818,8960
"FIJI","FJI","Pacific Islands",2019,5209,3964,8840
"FIJI","FJI","Pacific Islands",2020,5709,2519,16297
"FIJI","FJI","Pacific Islands",2021,16273,2829,65323
"FIJI","FJI","Pacific Islands",2022,10044,9545,10799
"FIJI","FJI","Pacific Islands",2023,9931,7725,16761
"FIJI","FJI","Pacific Islands",2024,6690,6292,7495
"FRANCE","FRA","Europe, Middle East & North Africa",1990,0,0,0
"FRANCE","FRA","Europe, Middle East & North Africa",1991,0,0,0
"FRANCE","FRA","Europe, Middle East & North Africa",1992,0,0,0
"FRANCE","FRA","Europe, Middle East & North Africa",1993,0,0,0
"FRANCE","FRA","Europe, Middle East & North Africa",1994,0,0,0
"FRANCE","FRA","Europe, Middle East & North Africa",1995,0,0,0
"FRANCE","FRA","Europe, Middle East & North Africa",1996,0,0,0
"FRANCE","FRA","Europe, Middle East & North Africa",1997,0,0,0
"FRANCE","FRA","Europe, Middle East & North Africa",1998,0,0,0
"FRANCE","FRA","Europe, Middle East & North Africa",1999,0,0,0
"FRANCE","FRA","Europe, Middle East & North Africa",2000,0,0,0
"FRANCE","FRA","Europe, Middle East & North Africa",2001,0,0,0
"FRANCE","FRA","Europe, Middle East & North Africa",2002,0,0,0
"FRANCE","FRA","Europe, Middle East & North Africa",2003,0,0,0
"FRANCE","FRA","Europe, Middle East & North Africa",2004,0,0,0
"FRANCE","FRA","Europe, Middle East & North Africa",2005,0,0,0
"FRANCE","FRA","Europe, Middle East & North Africa",2006,0,0,0
"FRANCE","FRA","Europe, Middle East & North Africa",2007,0,0,0
"FRANCE","FRA","Europe, Middle East & North Africa",2008,0,0,0
"FRANCE","FRA","Europe, Middle East & North Africa",2009,0,0,0
"FRANCE","FRA","Europe, Middle East & North Africa",2010,2,2,2
"FRANCE","FRA","Europe, Middle East & North Africa",2011,0,0,0
"FRANCE","FRA","Europe, Middle East & North Africa",2012,0,0,0
"FRANCE","FRA","Europe, Middle East & North Africa",2013,1,1,1
"FRANCE","FRA","Europe, Middle East & North Africa",2014,4,4,4
"FRANCE","FRA","Europe, Middle East & North Africa",2015,8,8,8
"FRANCE","FRA","Europe, Middle East & North Africa",2016,0,0,0
"FRANCE","FRA","Europe, Middle East & North Africa",2017,0,0,0
"FRANCE","FRA","Europe, Middle East & North Africa",2018,8,8,8
"FRANCE","FRA","Europe, Middle East & North Africa",2019,9,9,9
"FRANCE","FRA","Europe, Middle East & North Africa",2020,14,14,14
"FRANCE","FRA","Europe, Middle East & North Africa",2021,3,3,3
"FRANCE","FRA","Europe, Middle East & North Africa",2022,65,65,65
"FRANCE","FRA","Europe, Middle East & North Africa",2023,45,45,45
"FRANCE","FRA","Europe, Middle East & North Africa",2024,85,85,85
"FRENCH GUIANA","GUF","South America",1990,0,0,0
"FRENCH GUIANA","GUF","South America",1991,15,15,15
"FRENCH GUIANA","GUF","South America",1992,0,0,0
"FRENCH GUIANA","GUF","South America",1993,0,0,0
"FRENCH GUIANA","GUF","South America",1994,0,0,0
"FRENCH GUIANA","GUF","South America",1995,895,895,895
"FRENCH GUIANA","GUF","South America",1996,358,358,358
"FRENCH GUIANA","GUF","South America",1997,848,848,848
"FRENCH GUIANA","GUF","South America",1998,533,533,533
"FRENCH GUIANA","GUF","South America",1999,88,88,88
"FRENCH GUIANA","GUF","South America",2000,182,182,182
"FRENCH GUIANA","GUF","South America",2001,2830,2830,2830
"FRENCH GUIANA","GUF","South America",2002,280,280,280
"FRENCH GUIANA","GUF","South America",2003,2178,2178,2178
"FRENCH GUIANA","GUF","South America",2004,3147,3147,3147
"FRENCH GUIANA","GUF","South America",2005,4365,4365,4365
"FRENCH GUIANA","GUF","South America",2006,15904,15904,15904
"FRENCH GUIANA","GUF","South America",2007,661,661,661
"FRENCH GUIANA","GUF","South America",2008,460,460,460
"FRENCH GUIANA","GUF","South America",2009,11328,11328,11328
"FRENCH GUIANA","GUF","South America",2010,10488,10488,10488
"FRENCH GUIANA","GUF","South America",2011,663,663,663
"FRENCH GUIANA","GUF","South America",2012,662,662,662
"FRENCH GUIANA","GUF","South America",2013,16263,16263,16263
"FRENCH GUIANA","GUF","South America",2014,1180,1180,1180
"FRENCH GUIANA","GUF","South America",2015,2603,2603,2603
"FRENCH GUIANA","GUF","South America",2016,522,522,522
"FRENCH GUIANA","GUF","South America",2017,625,625,625
"FRENCH GUIANA","GUF","South America",2018,240,240,240
"FRENCH GUIANA","GUF","South America",2019,250,250,250
"FRENCH GUIANA","GUF","South America",2020,8759,8759,8759
"FRENCH GUIANA","GUF","South America",2021,1756,1756,1756
"FRENCH GUIANA","GUF","South America",2022,1,1,1
"FRENCH GUIANA","GUF","South America",2023,2684,2684,2684
"FRENCH GUIANA","GUF","South America",2024,16141,16141,16141
"FRENCH POLYNESIA","PYF","Pacific Islands",1990,3605,3605,3605
"FRENCH POLYNESIA","PYF","Pacific Islands",1991,518,518,518
"FRENCH POLYNESIA","PYF","Pacific Islands",1992,593,593,593
"FRENCH POLYNESIA","PYF","Pacific Islands",1993,355,355,355
"FRENCH POLYNESIA","PYF","Pacific Islands",1994,148,139,178
"FRENCH POLYNESIA","PYF","Pacific Islands",1995,208,208,208
"FRENCH POLYNESIA","PYF","Pacific Islands",1996,577,577,577
"FRENCH POLYNESIA","PYF","Pacific Islands",1997,0,0,0
"FRENCH POLYNESIA","PYF","Pacific Islands",1998,16,16,16
"FRENCH POLYNESIA","PYF","Pacific Islands",1999,33,33,33
"FRENCH POLYNESIA","PYF","Pacific Islands",2000,36,36,36
"FRENCH POLYNESIA","PYF","Pacific Islands",2001,32800,32800,32800
"FRENCH POLYNESIA","PYF","Pacific Islands",2002,230,230,230
"FRENCH POLYNESIA","PYF","Pacific Islands",2003,47,47,47
"FRENCH POLYNESIA","PYF","Pacific Islands",2004,59,59,59
"FRENCH POLYNESIA","PYF","Pacific Islands",2005,50,50,50
"FRENCH POLYNESIA","PYF","Pacific Islands",2006,818,818,818
"FRENCH POLYNESIA","PYF","Pacific Islands",2007,1897,1897,1897
"FRENCH POLYNESIA","PYF","Pacific Islands",2008,189,189,189
"FRENCH POLYNESIA","PYF","Pacific Islands",2009,2479,2479,2479
"FRENCH POLYNESIA","PYF","Pacific Islands",2010,250,250,250
"FRENCH POLYNESIA","PYF","Pacific Islands",2011,12,12,12
"FRENCH POLYNESIA","PYF","Pacific Islands",2012,0,0,0
"FRENCH POLYNESIA","PYF","Pacific Islands",2013,1523,1523,1523
"FRENCH POLYNESIA","PYF","Pacific Islands",2014,2155,2155,2155
"FRENCH POLYNESIA","PYF","Pacific Islands",2015,1012,1012,1012
"FRENCH POLYNESIA","PYF","Pacific Islands",2016,2094,2094,2094
"FRENCH POLYNESIA","PYF","Pacific Islands",2017,45,12,171
"FRENCH POLYNESIA","PYF","Pacific Islands",2018,318,298,332
"FRENCH POLYNESIA","PYF","Pacific Islands",2019,2400,2400,2400
"FRENCH POLYNESIA","PYF","Pacific Islands",2020,640,292,2360
"FRENCH POLYNESIA","PYF","Pacific Islands",2021,0,0,0
"FRENCH POLYNESIA","PYF","Pacific Islands",2022,4958,821,19572
"FRENCH POLYNESIA","PYF","Pacific Islands",2023,311,77,1116
"FRENCH POLYNESIA","PYF","Pacific Islands",2024,236,156,496
"GABON","GAB","Sub-Saharan Africa",1990,0,0,0
"GABON","GAB","Sub-Saharan Africa",1991,0,0,0
"GABON","GAB","Sub-Saharan Africa",1992,0,0,0
"GABON","GAB","Sub-Saharan Africa",1993,0,0,0
"GABON","GAB","Sub-Saharan Africa",1994,0,0,0
"GABON","GAB","Sub-Saharan Africa",1995,0,0,0
"GABON","GAB","Sub-Saharan Africa",1996,0,0,0
"GABON","GAB","Sub-Saharan Africa",1997,0,0,0
"GABON","GAB","Sub-Saharan Africa",1998,0,0,0
"GABON","GAB","Sub-Saharan Africa",1999,0,0,0
"GABON","GAB","Sub-Saharan Africa",2000,0,0,0
"GABON","GAB","Sub-Saharan Africa",2001,0,0,0
"GABON","GAB","Sub-Saharan Africa",2002,0,0,0
"GABON","GAB","Sub-Saharan Africa",2003,0,0,0
"GABON","GAB","Sub-Saharan Africa",2004,0,0,0
"GABON","GAB","Sub-Saharan Africa",2005,0,0,0
"GABON","GAB","Sub-Saharan Africa",2006,0,0,0
"GABON","GAB","Sub-Saharan Africa",2007,68,68,68
"GABON","GAB","Sub-Saharan Africa",2008,11,11,11
"GABON","GAB","Sub-Saharan Africa",2009,9,9,9
"GABON","GAB","Sub-Saharan Africa",2010,288,288,288
"GABON","GAB","Sub-Saharan Africa",2011,0,0,0
"GABON","GAB","Sub-Saharan Africa",2012,0,0,0
"GABON","GAB","Sub-Saharan Africa",2013,0,0,0
"GABON","GAB","Sub-Saharan Africa",2014,0,0,0
"GABON","GAB","Sub-Saharan Africa",2015,0,0,0
"GABON","GAB","Sub-Saharan Africa",2016,0,0,0
"GABON","GAB","Sub-Saharan Africa",2017,0,0,0
"GABON","GAB","Sub-Saharan Africa",2018,0,0,0
"GABON","GAB","Sub-Saharan Africa",2019,0,0,0
"GABON","GAB","Sub-Saharan Africa",2020,0,0,0
"GABON","GAB","Sub-Saharan Africa",2021,0,0,0
"GABON","GAB","Sub-Saharan Africa",2022,0,0,0
"GABON","GAB","Sub-Saharan Africa",2023,0,0,0
"GABON","GAB","Sub-Saharan Africa",2024,1,0,9
"GHANA","GHA","Sub-Saharan Africa",1990,0,0,0
"GHANA","GHA","Sub-Saharan Africa",1991,0,0,0
"GHANA","GHA","Sub-Saharan Africa",1992,0,0,0
"GHANA","GHA","Sub-Saharan Africa",1993,0,0,0
"GHANA","GHA","Sub-Saharan Africa",1994,0,0,0
"GHANA","GHA","Sub-Saharan Africa",1995,0,0,0
"GHANA","GHA","Sub-Saharan Africa",1996,0,0,0
"GHANA","GHA","Sub-Saharan Africa",1997,0,0,0
"GHANA","GHA","Sub-Saharan Africa",1998,0,0,0
"GHANA","GHA","Sub-Saharan Africa",1999,0,0,0
"GHANA","GHA","Sub-Saharan Africa",2000,0,0,0
"GHANA","GHA","Sub-Saharan Africa",2001,0,0,0
"GHANA","GHA","Sub-Saharan Africa",2002,0,0,0
"GHANA","GHA","Sub-Saharan Africa",2003,0,0,0
"GHANA","GHA","Sub-Saharan Africa",2004,0,0,0
"GHANA","GHA","Sub-Saharan Africa",2005,0,0,0
"GHANA","GHA","Sub-Saharan Africa",2006,0,0,0
"GHANA","GHA","Sub-Saharan Africa",2007,0,0,0
"GHANA","GHA","Sub-Saharan Africa",2008,0,0,0
"GHANA","GHA","Sub-Saharan Africa",2009,0,0,0
"GHANA","GHA","Sub-Saharan Africa",2010,0,0,0
"GHANA","GHA","Sub-Saharan Africa",2011,0,0,0
"GHANA","GHA","Sub-Saharan Africa",2012,0,0,0
"GHANA","GHA","Sub-Saharan Africa",2013,0,0,0
"GHANA","GHA","Sub-Saharan Africa",2014,0,0,0
"GHANA","GHA","Sub-Saharan Africa",2015,0,0,0
"GHANA","GHA","Sub-Saharan Africa",2016,0,0,0
"GHANA","GHA","Sub-Saharan Africa",2017,0,0,0
"GHANA","GHA","Sub-Saharan Africa",2018,150,150,150
"GHANA","GHA","Sub-Saharan Africa",2019,0,0,0
"GHANA","GHA","Sub-Saharan Africa",2020,0,0,0
"GHANA","GHA","Sub-Saharan Africa",2021,0,0,0
"GHANA","GHA","Sub-Saharan Africa",2022,0,0,0
"GHANA","GHA","Sub-Saharan Africa",2023,18,18,18
"GHANA","GHA","Sub-Saharan Africa",2024,1163,1163,1163
"GRENADA","GRD","Caribbean",1990,3,3,3
"GRENADA","GRD","Caribbean",1991,1,1,1
"GRENADA","GRD","Caribbean",1992,1,1,1
"GRENADA","GRD","Caribbean",1993,1,1,1
"GRENADA","GRD","Caribbean",1994,0,0,0
"GRENADA","GRD","Caribbean",1995,73,73,73
"GRENADA","GRD","Caribbean",1996,6,6,6
"GRENADA","GRD","Caribbean",1997,22,22,22
"GRENADA","GRD","Caribbean",1998,4,4,4
"GRENADA","GRD","Caribbean",1999,85,85,85
"GRENADA","GRD","Caribbean",2000,27,27,27
"GRENADA","GRD","Caribbean",2001,12,12,12
"GRENADA","GRD","Caribbean",2002,81,81,81
"GRENADA","GRD","Caribbean",2003,17,17,17
"GRENADA","GRD","Caribbean",2004,7,7,7
"GRENADA","GRD","Caribbean",2005,0,0,0
"GRENADA","GRD","Caribbean",2006,22,22,22
"GRENADA","GRD","Caribbean",2007,0,0,0
"GRENADA","GRD","Caribbean",2008,6,6,6
"GRENADA","GRD","Caribbean",2009,23,23,23
"GRENADA","GRD","Caribbean",2010,253,253,253
"GRENADA","GRD","Caribbean",2011,125,125,125
"GRENADA","GRD","Caribbean",2012,94,94,94
"GRENADA","GRD","Caribbean",2013,226,226,226
"GRENADA","GRD","Caribbean",2014,81,81,81
"GRENADA","GRD","Caribbean",2015,25,25,25
"GRENADA","GRD","Caribbean",2016,172,172,172
"GRENADA","GRD","Caribbean",2017,239,239,239
"GRENADA","GRD","Caribbean",2018,463,463,463
"GRENADA","GRD","Caribbean",2019,107,107,107
"GRENADA","GRD","Caribbean",2020,253,253,253
"GRENADA","GRD","Caribbean",2021,230,230,230
"GRENADA","GRD","Caribbean",2022,293,293,293
"GRENADA","GRD","Caribbean",2023,635,635,635
"GRENADA","GRD","Caribbean",2024,798,798,798
"GUADELOUPE","GLP","Caribbean",1990,0,0,0
"GUADELOUPE","GLP","Caribbean",1991,0,0,0
"GUADELOUPE","GLP","Caribbean",1992,0,0,0
"GUADELOUPE","GLP","Caribbean",1993,0,0,0
"GUADELOUPE","GLP","Caribbean",1994,0,0,0
"GUADELOUPE","GLP","Caribbean",1995,149,149,149
"GUADELOUPE","GLP","Caribbean",1996,186,186,186
"GUADELOUPE","GLP","Caribbean",1997,0,0,0
"GUADELOUPE","GLP","Caribbean",1998,0,0,0
"GUADELOUPE","GLP","Caribbean",1999,41,41,41
"GUADELOUPE","GLP","Caribbean",2000,59,59,59
"GUADELOUPE","GLP","Caribbean",2001,0,0,0
"GUADELOUPE","GLP","Caribbean",2002,93,93,93
"GUADELOUPE","GLP","Caribbean",2003,495,495,495
"GUADELOUPE","GLP","Caribbean",2004,0,0,0
"GUADELOUPE","GLP","Caribbean",2005,3358,3358,3358
"GUADELOUPE","GLP","Caribbean",2006,2942,2942,2942
"GUADELOUPE","GLP","Caribbean",2007,3162,3162,3162
"GUADELOUPE","GLP","Caribbean",2008,277,277,277
"GUADELOUPE","GLP","Caribbean",2009,2233,2233,2233
"GUADELOUPE","GLP","Caribbean",2010,40737,40737,40737
"GUADELOUPE","GLP","Caribbean",2011,101,101,101
"GUADELOUPE","GLP","Caribbean",2012,1088,1088,1088
"GUADELOUPE","GLP","Caribbean",2013,12706,12706,12706
"GUADELOUPE","GLP","Caribbean",2014,1397,1397,1397
"GUADELOUPE","GLP","Caribbean",2015,201,201,201
"GUADELOUPE","GLP","Caribbean",2016,177,177,177
"GUADELOUPE","GLP","Caribbean",2017,540,540,540
"GUADELOUPE","GLP","Caribbean",2018,438,438,438
"GUADELOUPE","GLP","Caribbean",2019,3230,3230,3230
"GUADELOUPE","GLP","Caribbean",2020,19407,19407,19407
"GUADELOUPE","GLP","Caribbean",2021,540,540,540
"GUADELOUPE","GLP","Caribbean",2022,790,790,790
"GUADELOUPE","GLP","Caribbean",2023,11751,11751,11751
"GUADELOUPE","GLP","Caribbean",2024,11025,11025,11025
"GUAM","GUM","Pacific Islands",1990,0,0,0
"GUAM","GUM","Pacific Islands",1991,0,0,0
"GUAM","GUM","Pacific Islands",1992,0,0,0
"GUAM","GUM","Pacific Islands",1993,0,0,0
"GUAM","GUM","Pacific Islands",1994,0,0,0
"GUAM","GUM","Pacific Islands",1995,0,0,0
"GUAM","GUM","Pacific Islands",1996,0,0,0
"GUAM","GUM","Pacific Islands",1997,0,0,0
"GUAM","GUM","Pacific Islands",1998,0,0,0
"GUAM","GUM","Pacific Islands",1999,0,0,0
"GUAM","GUM","Pacific Islands",2000,0,0,0
"GUAM","GUM","Pacific Islands",2001,0,0,0
"GUAM","GUM","Pacific Islands",2002,0,0,0
"GUAM","GUM","Pacific Islands",2003,0,0,0
"GUAM","GUM","Pacific Islands",2004,0,0,0
"GUAM","GUM","Pacific Islands",2005,0,0,0
"GUAM","GUM","Pacific Islands",2006,0,0,0
"GUAM","GUM","Pacific Islands",2007,0,0,0
"GUAM","GUM","Pacific Islands",2008,0,0,0
"GUAM","GUM","Pacific Islands",2009,0,0,0
"GUAM","GUM","Pacific Islands",2010,0,0,0
"GUAM","GUM","Pacific Islands",2011,0,0,0
"GUAM","GUM","Pacific Islands",2012,0,0,0
"GUAM","GUM","Pacific Islands",2013,0,0,0
"GUAM","GUM","Pacific Islands",2014,0,0,0
"GUAM","GUM","Pacific Islands",2015,0,0,0
"GUAM","GUM","Pacific Islands",2016,0,0,0
"GUAM","GUM","Pacific Islands",2017,0,0,0
"GUAM","GUM","Pacific Islands",2018,0,0,0
"GUAM","GUM","Pacific Islands",2019,23,23,23
"GUAM","GUM","Pacific Islands",2020,2,2,2
"GUAM","GUM","Pacific Islands",2021,1,1,1
"GUAM","GUM","Pacific Islands",2022,773,192,3111
"GUAM","GUM","Pacific Islands",2023,0,0,0
"GUAM","GUM","Pacific Islands",2024,1,0,7
"GUATEMALA","GTM","North & Central America",1990,5757,5757,5757
"GUATEMALA","GTM","North & Central America",1991,10968,10968,10968
"GUATEMALA","GTM","North & Central America",1992,1286,1286,1286
"GUATEMALA","GTM","North & Central America",1993,1907,1907,1907
"GUATEMALA","GTM","North & Central America",1994,2872,2872,2872
"GUATEMALA","GTM","North & Central America",1995,3979,3979,3979
"GUATEMALA","GTM","North & Central America",1996,3660,3660,3660
"GUATEMALA","GTM","North & Central America",1997,5379,5379,5379
"GUATEMALA","GTM","North & Central America",1998,4653,4653,4653
"GUATEMALA","GTM","North & Central America",1999,3615,3615,3615
"GUATEMALA","GTM","North & Central America",2000,8964,8964,8964
"GUATEMALA","GTM","North & Central America",2001,4512,4512,4512
"GUATEMALA","GTM","North & Central America",2002,7552,7552,7552
"GUATEMALA","GTM","North & Central America",2003,6728,6728,6728
"GUATEMALA","GTM","North & Central America",2004,6313,6313,6313
"GUATEMALA","GTM","North & Central America",2005,6309,6309,6309
"GUATEMALA","GTM","North & Central America",2006,2422,2422,2422
"GUATEMALA","GTM","North & Central America",2007,5865,5865,5865
"GUATEMALA","GTM","North & Central America",2008,3227,3227,3227
"GUATEMALA","GTM","North & Central America",2009,10200,10200,10200
"GUATEMALA","GTM","North & Central America",2010,16842,16842,16842
"GUATEMALA","GTM","North & Central America",2011,2553,2553,2553
"GUATEMALA","GTM","North & Central America",2012,9331,9331,9331
"GUATEMALA","GTM","North & Central America",2013,11703,11703,11703
"GUATEMALA","GTM","North & Central America",2014,19863,19863,19863
"GUATEMALA","GTM","North & Central America",2015,18685,18685,18685
"GUATEMALA","GTM","North & Central America",2016,9070,9070,9070
"GUATEMALA","GTM","North & Central America",2017,4241,4241,4241
"GUATEMALA","GTM","North & Central America",2018,7592,7592,7592
"GUATEMALA","GTM","North & Central America",2019,50886,50886,50886
"GUATEMALA","GTM","North & Central America",2020,6075,6075,6075
"GUATEMALA","GTM","North & Central America",2021,2959,2959,2959
"GUATEMALA","GTM","North & Central America",2022,8553,8553,8553
"GUATEMALA","GTM","North & Central America",2023,72358,72358,72358
"GUATEMALA","GTM","North & Central America",2024,188585,188585,188585
"GUINEA","GIN","Sub-Saharan Africa",1990,0,0,0
"GUINEA","GIN","Sub-Saharan Africa",1991,0,0,0
"GUINEA","GIN","Sub-Saharan Africa",1992,0,0,0
"GUINEA","GIN","Sub-Saharan Africa",1993,0,0,0
"GUINEA","GIN","Sub-Saharan Africa",1994,0,0,0
"GUINEA","GIN","Sub-Saharan Africa",1995,0,0,0
"GUINEA","GIN","Sub-Saharan Africa",1996,0,0,0
"GUINEA","GIN","Sub-Saharan Africa",1997,0,0,0
"GUINEA","GIN","Sub-Saharan Africa",1998,0,0,0
"GUINEA","GIN","Sub-Saharan Africa",1999,0,0,0
"GUINEA","GIN","Sub-Saharan Africa",2000,0,0,0
"GUINEA","GIN","Sub-Saharan Africa",2001,0,0,0
"GUINEA","GIN","Sub-Saharan Africa",2002,0,0,0
"GUINEA","GIN","Sub-Saharan Africa",2003,0,0,0
"GUINEA","GIN","Sub-Saharan Africa",2004,0,0,0
"GUINEA","GIN","Sub-Saharan Africa",2005,0,0,0
"GUINEA","GIN","Sub-Saharan Africa",2006,0,0,0
"GUINEA","GIN","Sub-Saharan Africa",2007,0,0,0
"GUINEA","GIN","Sub-Saharan Africa",2008,0,0,0
"GUINEA","GIN","Sub-Saharan Africa",2009,0,0,0
"GUINEA","GIN","Sub-Saharan Africa",2010,0,0,0
"GUINEA","GIN","Sub-Saharan Africa",2011,0,0,0
"GUINEA","GIN","Sub-Saharan Africa",2012,0,0,0
"GUINEA","GIN","Sub-Saharan Africa",2013,0,0,0
"GUINEA","GIN","Sub-Saharan Africa",2014,0,0,0
"GUINEA","GIN","Sub-Saharan Africa",2015,0,0,0
"GUINEA","GIN","Sub-Saharan Africa",2016,0,0,0
"GUINEA","GIN","Sub-Saharan Africa",2017,0,0,0
"GUINEA","GIN","Sub-Saharan Africa",2018,0,0,0
"GUINEA","GIN","Sub-Saharan Africa",2019,0,0,0
"GUINEA","GIN","Sub-Saharan Africa",2020,0,0,0
"GUINEA","GIN","Sub-Saharan Africa",2021,0,0,0
"GUINEA","GIN","Sub-Saharan Africa",2022,0,0,0
"GUINEA","GIN","Sub-Saharan Africa",2023,6,6,6
"GUINEA","GIN","Sub-Saharan Africa",2024,18,2,94
"GUYANA","GUY","South America",1990,0,0,0
"GUYANA","GUY","South America",1991,0,0,0
"GUYANA","GUY","South America",1992,0,0,0
"GUYANA","GUY","South America",1993,0,0,0
"GUYANA","GUY","South America",1994,0,0,0
"GUYANA","GUY","South America",1995,0,0,0
"GUYANA","GUY","South America",1996,0,0,0
"GUYANA","GUY","South America",1997,0,0,0
"GUYANA","GUY","South America",1998,42,42,42
"GUYANA","GUY","South America",1999,0,0,0
"GUYANA","GUY","South America",2000,19,19,19
"GUYANA","GUY","South America",2001,60,60,60
"GUYANA","GUY","South America",2002,200,200,200
"GUYANA","GUY","South America",2003,33,33,33
"GUYANA","GUY","South America",2004,47,47,47
"GUYANA","GUY","South America",2005,178,178,178
"GUYANA","GUY","South America",2006,118,118,118
"GUYANA","GUY","South America",2007,200,200,200
"GUYANA","GUY","South America",2008,324,324,324
"GUYANA","GUY","South America",2009,993,993,993
"GUYANA","GUY","South America",2010,1467,1467,1467
"GUYANA","GUY","South America",2011,1093,1093,1093
"GUYANA","GUY","South America",2012,2189,2189,2189
"GUYANA","GUY","South America",2013,1120,1120,1120
"GUYANA","GUY","South America",2014,863,863,863
"GUYANA","GUY","South America",2015,388,388,388
"GUYANA","GUY","South America",2016,303,303,303
"GUYANA","GUY","South America",2017,4,4,4
"GUYANA","GUY","South America",2018,286,286,286
"GUYANA","GUY","South America",2019,230,230,230
"GUYANA","GUY","South America",2020,1724,1724,1724
"GUYANA","GUY","South America",2021,4380,4380,4380
"GUYANA","GUY","South America",2022,11811,11811,11811
"GUYANA","GUY","South America",2023,27973,27973,27973
"GUYANA","GUY","South America",2024,46306,46306,46306
"HAITI","HTI","Caribbean",1990,0,0,0
"HAITI","HTI","Caribbean",1991,0,0,0
"HAITI","HTI","Caribbean",1992,0,0,0
"HAITI","HTI","Caribbean",1993,0,0,0
"HAITI","HTI","Caribbean",1994,0,0,0
"HAITI","HTI","Caribbean",1995,0,0,0
"HAITI","HTI","Caribbean",1996,0,0,0
"HAITI","HTI","Caribbean",1997,0,0,0
"HAITI","HTI","Caribbean",1998,0,0,0
"HAITI","HTI","Caribbean",1999,0,0,0
"HAITI","HTI","Caribbean",2000,0,0,0
"HAITI","HTI","Caribbean",2001,0,0,0
"HAITI","HTI","Caribbean",2002,0,0,0
"HAITI","HTI","Caribbean",2003,0,0,0
"HAITI","HTI","Caribbean",2004,0,0,0
"HAITI","HTI","Caribbean",2005,0,0,0
"HAITI","HTI","Caribbean",2006,0,0,0
"HAITI","HTI","Caribbean",2007,0,0,0
"HAITI","HTI","Caribbean",2008,0,0,0
"HAITI","HTI","Caribbean",2009,0,0,0
"HAITI","HTI","Caribbean",2010,0,0,0
"HAITI","HTI","Caribbean",2011,0,0,0
"HAITI","HTI","Caribbean",2012,240,240,240
"HAITI","HTI","Caribbean",2013,0,0,0
"HAITI","HTI","Caribbean",2014,0,0,0
"HAITI","HTI","Caribbean",2015,130,130,130
"HAITI","HTI","Caribbean",2016,0,0,0
"HAITI","HTI","Caribbean",2017,0,0,0
"HAITI","HTI","Caribbean",2018,90,90,90
"HAITI","HTI","Caribbean",2019,93,93,93
"HAITI","HTI","Caribbean",2020,1783,1783,1783
"HAITI","HTI","Caribbean",2021,6298,6298,6298
"HAITI","HTI","Caribbean",2022,3316,3316,3316
"HAITI","HTI","Caribbean",2023,503,503,503
"HAITI","HTI","Caribbean",2024,0,0,0
"HONDURAS","HND","North & Central America",1990,1700,1700,1700
"HONDURAS","HND","North & Central America",1991,5303,5303,5303
"HONDURAS","HND","North & Central America",1992,2114,2114,2114
"HONDURAS","HND","North & Central America",1993,2847,2847,2847
"HONDURAS","HND","North & Central America",1994,3055,3055,3055
"HONDURAS","HND","North & Central America",1995,27560,27560,27560
"HONDURAS","HND","North & Central America",1996,5047,5047,5047
"HONDURAS","HND","North & Central America",1997,11861,11861,11861
"HONDURAS","HND","North & Central America",1998,22200,22200,22200
"HONDURAS","HND","North & Central America",1999,17766,17766,17766
"HONDURAS","HND","North & Central America",2000,13328,13328,13328
"HONDURAS","HND","North & Central America",2001,8646,8646,8646
"HONDURAS","HND","North & Central America",2002,31406,31406,31406
"HONDURAS","HND","North & Central America",2003,16101,16101,16101
"HONDURAS","HND","North & Central America",2004,17626,17626,17626
"HONDURAS","HND","North & Central America",2005,17048,17048,17048
"HONDURAS","HND","North & Central America",2006,7800,7800,7800
"HONDURAS","HND","North & Central America",2007,29328,29328,29328
"HONDURAS","HND","North & Central America",2008,16460,16460,16460
"HONDURAS","HND","North & Central America",2009,14528,14528,14528
"HONDURAS","HND","North & Central America",2010,63546,63546,63546
"HONDURAS","HND","North & Central America",2011,7412,7412,7412
"HONDURAS","HND","North & Central America",2012,15554,15554,15554
"HONDURAS","HND","North & Central America",2013,39201,39201,39201
"HONDURAS","HND","North & Central America",2014,42753,42753,42753
"HONDURAS","HND","North & Central America",2015,44834,44834,44834
"HONDURAS","HND","North & Central America",2016,22961,22961,22961
"HONDURAS","HND","North & Central America",2017,5217,5217,5217
"HONDURAS","HND","North & Central America",2018,7942,7942,7942
"HONDURAS","HND","North & Central America",2019,132143,132143,132143
"HONDURAS","HND","North & Central America",2020,25180,25180,25180
"HONDURAS","HND","North & Central America",2021,19753,19753,19753
"HONDURAS","HND","North & Central America",2022,25337,25337,25337
"HONDURAS","HND","North & Central America",2023,34050,34050,34050
"HONDURAS","HND","North & Central America",2024,177209,177209,177209
"HONG KONG","HKG","East & Southeast Asia",1990,0,0,0
"HONG KONG","HKG","East & Southeast Asia",1991,0,0,0
"HONG KONG","HKG","East & Southeast Asia",1992,0,0,0
"HONG KONG","HKG","East & Southeast Asia",1993,0,0,0
"HONG KONG","HKG","East & Southeast Asia",1994,0,0,0
"HONG KONG","HKG","East & Southeast Asia",1995,0,0,0
"HONG KONG","HKG","East & Southeast Asia",1996,0,0,0
"HONG KONG","HKG","East & Southeast Asia",1997,0,0,0
"HONG KONG","HKG","East & Southeast Asia",1998,0,0,0
"HONG KONG","HKG","East & Southeast Asia",1999,0,0,0
"HONG KONG","HKG","East & Southeast Asia",2000,0,0,0
"HONG KONG","HKG","East & Southeast Asia",2001,0,0,0
"HONG KONG","HKG","East & Southeast Asia",2002,20,20,20
"HONG KONG","HKG","East & Southeast Asia",2003,1,1,1
"HONG KONG","HKG","East & Southeast Asia",2004,0,0,0
"HONG KONG","HKG","East & Southeast Asia",2005,0,0,0
"HONG KONG","HKG","East & Southeast Asia",2006,0,0,0
"HONG KONG","HKG","East & Southeast Asia",2007,0,0,0
"HONG KONG","HKG","East & Southeast Asia",2008,0,0,0
"HONG KONG","HKG","East & Southeast Asia",2009,0,0,0
"HONG KONG","HKG","East & Southeast Asia",2010,4,4,4
"HONG KONG","HKG","East & Southeast Asia",2011,0,0,0
"HONG KONG","HKG","East & Southeast Asia",2012,0,0,0
"HONG KONG","HKG","East & Southeast Asia",2013,0,0,0
"HONG KONG","HKG","East & Southeast Asia",2014,3,3,3
"HONG KONG","HKG","East & Southeast Asia",2015,3,3,3
"HONG KONG","HKG","East & Southeast Asia",2016,4,4,4
"HONG KONG","HKG","East & Southeast Asia",2017,1,1,1
"HONG KONG","HKG","East & Southeast Asia",2018,29,29,29
"HONG KONG","HKG","East & Southeast Asia",2019,1,1,1
"HONG KONG","HKG","East & Southeast Asia",2020,1,1,1
"HONG KONG","HKG","East & Southeast Asia",2021,0,0,0
"HONG KONG","HKG","East & Southeast Asia",2022,0,0,0
"HONG KONG","HKG","East & Southeast Asia",2023,0,0,0
"HONG KONG","HKG","East & Southeast Asia",2024,5,5,5
"INDIA","IND","South Asia",1990,93018,2180,494200
"INDIA","IND","South Asia",1991,6291,6291,6291
"INDIA","IND","South Asia",1992,2683,2683,2683
"INDIA","IND","South Asia",1993,11125,11125,11125
"INDIA","IND","South Asia",1994,7494,7494,7494
"INDIA","IND","South Asia",1995,7847,7847,7847
"INDIA","IND","South Asia",1996,16517,16517,16517
"INDIA","IND","South Asia",1997,1177,1177,1177
"INDIA","IND","South Asia",1998,717,717,717
"INDIA","IND","South Asia",1999,944,944,944
"INDIA","IND","South Asia",2000,650,650,650
"INDIA","IND","South Asia",2001,3306,3306,3306
"INDIA","IND","South Asia",2002,1926,1926,1926
"INDIA","IND","South Asia",2003,12754,12754,12754
"INDIA","IND","South Asia",2004,4153,4153,4153
"INDIA","IND","South Asia",2005,11985,11985,11985
"INDIA","IND","South Asia",2006,12317,12317,12317
"INDIA","IND","South Asia",2007,5530,5530,5530
"INDIA","IND","South Asia",2008,12561,12561,12561
"INDIA","IND","South Asia",2009,15535,15535,15535
"INDIA","IND","South Asia",2010,28292,28292,28292
"INDIA","IND","South Asia",2011,18860,18860,18860
"INDIA","IND","South Asia",2012,50222,50222,50222
"INDIA","IND","South Asia",2013,75808,75808,75808
"INDIA","IND","South Asia",2014,40571,40571,40571
"INDIA","IND","South Asia",2015,99913,99913,99913
"INDIA","IND","South Asia",2016,129166,129166,129166
"INDIA","IND","South Asia",2017,188401,188401,188401
"INDIA","IND","South Asia",2018,101192,101192,101192
"INDIA","IND","South Asia",2019,157315,157315,157315
"INDIA","IND","South Asia",2020,44585,44585,44585
"INDIA","IND","South Asia",2021,193245,193245,193245
"INDIA","IND","South Asia",2022,233251,233251,233251
"INDIA","IND","South Asia",2023,289235,289235,289235
"INDIA","IND","South Asia",2024,233519,233519,233519
"INDONESIA","IDN","East & Southeast Asia",1990,22807,22807,22807
"INDONESIA","IDN","East & Southeast Asia",1991,21120,21120,21120
"INDONESIA","IDN","East & Southeast Asia",1992,17620,17620,17620
"INDONESIA","IDN","East & Southeast Asia",1993,17418,17418,17418
"INDONESIA","IDN","East & Southeast Asia",1994,18783,18783,18783
"INDONESIA","IDN","East & Southeast Asia",1995,35102,35102,35102
"INDONESIA","IDN","East & Southeast Asia",1996,44650,44650,44650
"INDONESIA","IDN","East & Southeast Asia",1997,30730,30730,30730
"INDONESIA","IDN","East & Southeast Asia",1998,72133,72133,72133
"INDONESIA","IDN","East & Southeast Asia",1999,21134,21134,21134
"INDONESIA","IDN","East & Southeast Asia",2000,33443,33443,33443
"INDONESIA","IDN","East & Southeast Asia",2001,45904,45904,45904
"INDONESIA","IDN","East & Southeast Asia",2002,40377,40377,40377
"INDONESIA","IDN","East & Southeast Asia",2003,51934,51934,51934
"INDONESIA","IDN","East & Southeast Asia",2004,79462,79462,79462
"INDONESIA","IDN","East & Southeast Asia",2005,95279,95279,95279
"INDONESIA","IDN","East & Southeast Asia",2006,114656,114656,114656
"INDONESIA","IDN","East & Southeast Asia",2007,158115,158115,158115
"INDONESIA","IDN","East & Southeast Asia",2008,155607,155607,155607
"INDONESIA","IDN","East & Southeast Asia",2009,158912,158912,158912
"INDONESIA","IDN","East & Southeast Asia",2010,156086,156086,156086
"INDONESIA","IDN","East & Southeast Asia",2011,65725,65725,65725
"INDONESIA","IDN","East & Southeast Asia",2012,90245,90245,90245
"INDONESIA","IDN","East & Southeast Asia",2013,112511,112511,112511
"INDONESIA","IDN","East & Southeast Asia",2014,100347,100347,100347
"INDONESIA","IDN","East & Southeast Asia",2015,129689,129689,129689
"INDONESIA","IDN","East & Southeast Asia",2016,204172,204172,204172
"INDONESIA","IDN","East & Southeast Asia",2017,68407,68407,68407
"INDONESIA","IDN","East & Southeast Asia",2018,65600,65600,65600
"INDONESIA","IDN","East & Southeast Asia",2019,138131,138131,138131
"INDONESIA","IDN","East & Southeast Asia",2020,108303,108303,108303
"INDONESIA","IDN","East & Southeast Asia",2021,73518,73518,73518
"INDONESIA","IDN","East & Southeast Asia",2022,143266,143266,143266
"INDONESIA","IDN","East & Southeast Asia",2023,114720,114720,114720
"INDONESIA","IDN","East & Southeast Asia",2024,236831,236831,236831
"IRAN (ISLAMIC REPUBLIC OF)","IRN","South Asia",1990,0,0,0
"IRAN (ISLAMIC REPUBLIC OF)","IRN","South Asia",1991,0,0,0
"IRAN (ISLAMIC REPUBLIC OF)","IRN","South Asia",1992,0,0,0
"IRAN (ISLAMIC REPUBLIC OF)","IRN","South Asia",1993,0,0,0
"IRAN (ISLAMIC REPUBLIC OF)","IRN","South Asia",1994,0,0,0
"IRAN (ISLAMIC REPUBLIC OF)","IRN","South Asia",1995,0,0,0
"IRAN (ISLAMIC REPUBLIC OF)","IRN","South Asia",1996,0,0,0
"IRAN (ISLAMIC REPUBLIC OF)","IRN","South Asia",1997,0,0,0
"IRAN (ISLAMIC REPUBLIC OF)","IRN","South Asia",1998,0,0,0
"IRAN (ISLAMIC REPUBLIC OF)","IRN","South Asia",1999,0,0,0
"IRAN (ISLAMIC REPUBLIC OF)","IRN","South Asia",2000,0,0,0
"IRAN (ISLAMIC REPUBLIC OF)","IRN","South Asia",2001,0,0,0
"IRAN (ISLAMIC REPUBLIC OF)","IRN","South Asia",2002,0,0,0
"IRAN (ISLAMIC REPUBLIC OF)","IRN","South Asia",2003,0,0,0
"IRAN (ISLAMIC REPUBLIC OF)","IRN","South Asia",2004,0,0,0
"IRAN (ISLAMIC REPUBLIC OF)","IRN","South Asia",2005,0,0,0
"IRAN (ISLAMIC REPUBLIC OF)","IRN","South Asia",2006,0,0,0
"IRAN (ISLAMIC REPUBLIC OF)","IRN","South Asia",2007,0,0,0
"IRAN (ISLAMIC REPUBLIC OF)","IRN","South Asia",2008,0,0,0
"IRAN (ISLAMIC REPUBLIC OF)","IRN","South Asia",2009,0,0,0
"IRAN (ISLAMIC REPUBLIC OF)","IRN","South Asia",2010,0,0,0
"IRAN (ISLAMIC REPUBLIC OF)","IRN","South Asia",2011,0,0,0
"IRAN (ISLAMIC REPUBLIC OF)","IRN","South Asia",2012,0,0,0
"IRAN (ISLAMIC REPUBLIC OF)","IRN","South Asia",2013,0,0,0
"IRAN (ISLAMIC REPUBLIC OF)","IRN","South Asia",2014,0,0,0
"IRAN (ISLAMIC REPUBLIC OF)","IRN","South Asia",2015,0,0,0
"IRAN (ISLAMIC REPUBLIC OF)","IRN","South Asia",2016,0,0,0
"IRAN (ISLAMIC REPUBLIC OF)","IRN","South Asia",2017,0,0,0
"IRAN (ISLAMIC REPUBLIC OF)","IRN","South Asia",2018,0,0,0
"IRAN (ISLAMIC REPUBLIC OF)","IRN","South Asia",2019,0,0,0
"IRAN (ISLAMIC REPUBLIC OF)","IRN","South Asia",2020,0,0,0
"IRAN (ISLAMIC REPUBLIC OF)","IRN","South Asia",2021,0,0,0
"IRAN (ISLAMIC REPUBLIC OF)","IRN","South Asia",2022,0,0,0
"IRAN (ISLAMIC REPUBLIC OF)","IRN","South Asia",2023,0,0,0
"IRAN (ISLAMIC REPUBLIC OF)","IRN","South Asia",2024,851,851,851
"ITALY","ITA","Europe, Middle East & North Africa",1990,0,0,0
"ITALY","ITA","Europe, Middle East & North Africa",1991,0,0,0
"ITALY","ITA","Europe, Middle East & North Africa",1992,0,0,0
"ITALY","ITA","Europe, Middle East & North Africa",1993,0,0,0
"ITALY","ITA","Europe, Middle East & North Africa",1994,0,0,0
"ITALY","ITA","Europe, Middle East & North Africa",1995,0,0,0
"ITALY","ITA","Europe, Middle East & North Africa",1996,0,0,0
"ITALY","ITA","Europe, Middle East & North Africa",1997,0,0,0
"ITALY","ITA","Europe, Middle East & North Africa",1998,0,0,0
"ITALY","ITA","Europe, Middle East & North Africa",1999,0,0,0
"ITALY","ITA","Europe, Middle East & North Africa",2000,0,0,0
"ITALY","ITA","Europe, Middle East & North Africa",2001,0,0,0
"ITALY","ITA","Europe, Middle East & North Africa",2002,0,0,0
"ITALY","ITA","Europe, Middle East & North Africa",2003,0,0,0
"ITALY","ITA","Europe, Middle East & North Africa",2004,0,0,0
"ITALY","ITA","Europe, Middle East & North Africa",2005,0,0,0
"ITALY","ITA","Europe, Middle East & North Africa",2006,0,0,0
"ITALY","ITA","Europe, Middle East & North Africa",2007,0,0,0
"ITALY","ITA","Europe, Middle East & North Africa",2008,0,0,0
"ITALY","ITA","Europe, Middle East & North Africa",2009,0,0,0
"ITALY","ITA","Europe, Middle East & North Africa",2010,0,0,0
"ITALY","ITA","Europe, Middle East & North Africa",2011,0,0,0
"ITALY","ITA","Europe, Middle East & North Africa",2012,0,0,0
"ITALY","ITA","Europe, Middle East & North Africa",2013,0,0,0
"ITALY","ITA","Europe, Middle East & North Africa",2014,0,0,0
"ITALY","ITA","Europe, Middle East & North Africa",2015,0,0,0
"ITALY","ITA","Europe, Middle East & North Africa",2016,0,0,0
"ITALY","ITA","Europe, Middle East & North Africa",2017,0,0,0
"ITALY","ITA","Europe, Middle East & North Africa",2018,0,0,0
"ITALY","ITA","Europe, Middle East & North Africa",2019,0,0,0
"ITALY","ITA","Europe, Middle East & North Africa",2020,11,11,11
"ITALY","ITA","Europe, Middle East & North Africa",2021,0,0,0
"ITALY","ITA","Europe, Middle East & North Africa",2022,0,0,0
"ITALY","ITA","Europe, Middle East & North Africa",2023,82,82,82
"ITALY","ITA","Europe, Middle East & North Africa",2024,213,213,213
"JAMAICA","JAM","Caribbean",1990,9,9,9
"JAMAICA","JAM","Caribbean",1991,5,5,5
"JAMAICA","JAM","Caribbean",1992,296,296,296
"JAMAICA","JAM","Caribbean",1993,0,0,0
"JAMAICA","JAM","Caribbean",1994,0,0,0
"JAMAICA","JAM","Caribbean",1995,1776,1776,1776
"JAMAICA","JAM","Caribbean",1996,46,46,46
"JAMAICA","JAM","Caribbean",1997,16,16,16
"JAMAICA","JAM","Caribbean",1998,1509,1509,1509
"JAMAICA","JAM","Caribbean",1999,24,24,24
"JAMAICA","JAM","Caribbean",2000,25,25,25
"JAMAICA","JAM","Caribbean",2001,39,39,39
"JAMAICA","JAM","Caribbean",2002,90,90,90
"JAMAICA","JAM","Caribbean",2003,52,52,52
"JAMAICA","JAM","Caribbean",2004,9,9,9
"JAMAICA","JAM","Caribbean",2005,46,46,46
"JAMAICA","JAM","Caribbean",2006,79,79,79
"JAMAICA","JAM","Caribbean",2007,1448,1448,1448
"JAMAICA","JAM","Caribbean",2008,357,357,357
"JAMAICA","JAM","Caribbean",2009,70,70,70
"JAMAICA","JAM","Caribbean",2010,2887,2887,2887
"JAMAICA","JAM","Caribbean",2011,404,404,404
"JAMAICA","JAM","Caribbean",2012,4670,4670,4670
"JAMAICA","JAM","Caribbean",2013,861,861,861
"JAMAICA","JAM","Caribbean",2014,880,880,880
"JAMAICA","JAM","Caribbean",2015,88,88,88
"JAMAICA","JAM","Caribbean",2016,2297,2297,2297
"JAMAICA","JAM","Caribbean",2017,215,215,215
"JAMAICA","JAM","Caribbean",2018,986,986,986
"JAMAICA","JAM","Caribbean",2019,7555,7555,7555
"JAMAICA","JAM","Caribbean",2020,898,898,898
"JAMAICA","JAM","Caribbean",2021,96,96,96
"JAMAICA","JAM","Caribbean",2022,100,100,100
"JAMAICA","JAM","Caribbean",2023,8180,8180,8180
"JAMAICA","JAM","Caribbean",2024,2034,2034,2034
"JAPAN","JPN","East & Southeast Asia",1990,0,0,0
"JAPAN","JPN","East & Southeast Asia",1991,0,0,0
"JAPAN","JPN","East & Southeast Asia",1992,0,0,0
"JAPAN","JPN","East & Southeast Asia",1993,0,0,0
"JAPAN","JPN","East & Southeast Asia",1994,0,0,0
"JAPAN","JPN","East & Southeast Asia",1995,0,0,0
"JAPAN","JPN","East & Southeast Asia",1996,0,0,0
"JAPAN","JPN","East & Southeast Asia",1997,0,0,0
"JAPAN","JPN","East & Southeast Asia",1998,0,0,0
"JAPAN","JPN","East & Southeast Asia",1999,0,0,0
"JAPAN","JPN","East & Southeast Asia",2000,0,0,0
"JAPAN","JPN","East & Southeast Asia",2001,0,0,0
"JAPAN","JPN","East & Southeast Asia",2002,0,0,0
"JAPAN","JPN","East & Southeast Asia",2003,0,0,0
"JAPAN","JPN","East & Southeast Asia",2004,0,0,0
"JAPAN","JPN","East & Southeast Asia",2005,0,0,0
"JAPAN","JPN","East & Southeast Asia",2006,0,0,0
"JAPAN","JPN","East & Southeast Asia",2007,0,0,0
"JAPAN","JPN","East & Southeast Asia",2008,0,0,0
"JAPAN","JPN","East & Southeast Asia",2009,0,0,0
"JAPAN","JPN","East & Southeast Asia",2010,0,0,0
"JAPAN","JPN","East & Southeast Asia",2011,0,0,0
"JAPAN","JPN","East & Southeast Asia",2012,0,0,0
"JAPAN","JPN","East & Southeast Asia",2013,0,0,0
"JAPAN","JPN","East & Southeast Asia",2014,161,161,161
"JAPAN","JPN","East & Southeast Asia",2015,0,0,0
"JAPAN","JPN","East & Southeast Asia",2016,0,0,0
"JAPAN","JPN","East & Southeast Asia",2017,0,0,0
"JAPAN","JPN","East & Southeast Asia",2018,0,0,0
"JAPAN","JPN","East & Southeast Asia",2019,3,3,3
"JAPAN","JPN","East & Southeast Asia",2020,0,0,0
"JAPAN","JPN","East & Southeast Asia",2021,0,0,0
"JAPAN","JPN","East & Southeast Asia",2022,0,0,0
"JAPAN","JPN","East & Southeast Asia",2023,0,0,0
"JAPAN","JPN","East & Southeast Asia",2024,0,0,0
"KENYA","KEN","Sub-Saharan Africa",1990,0,0,0
"KENYA","KEN","Sub-Saharan Africa",1991,0,0,0
"KENYA","KEN","Sub-Saharan Africa",1992,0,0,0
"KENYA","KEN","Sub-Saharan Africa",1993,0,0,0
"KENYA","KEN","Sub-Saharan Africa",1994,0,0,0
"KENYA","KEN","Sub-Saharan Africa",1995,0,0,0
"KENYA","KEN","Sub-Saharan Africa",1996,0,0,0
"KENYA","KEN","Sub-Saharan Africa",1997,0,0,0
"KENYA","KEN","Sub-Saharan Africa",1998,0,0,0
"KENYA","KEN","Sub-Saharan Africa",1999,0,0,0
"KENYA","KEN","Sub-Saharan Africa",2000,0,0,0
"KENYA","KEN","Sub-Saharan Africa",2001,0,0,0
"KENYA","KEN","Sub-Saharan Africa",2002,0,0,0
"KENYA","KEN","Sub-Saharan Africa",2003,0,0,0
"KENYA","KEN","Sub-Saharan Africa",2004,0,0,0
"KENYA","KEN","Sub-Saharan Africa",2005,0,0,0
"KENYA","KEN","Sub-Saharan Africa",2006,0,0,0
"KENYA","KEN","Sub-Saharan Africa",2007,0,0,0
"KENYA","KEN","Sub-Saharan Africa",2008,0,0,0
"KENYA","KEN","Sub-Saharan Africa",2009,0,0,0
"KENYA","KEN","Sub-Saharan Africa",2010,0,0,0
"KENYA","KEN","Sub-Saharan Africa",2011,0,0,0
"KENYA","KEN","Sub-Saharan Africa",2012,0,0,0
"KENYA","KEN","Sub-Saharan Africa",2013,267,267,267
"KENYA","KEN","Sub-Saharan Africa",2014,1022,1022,1022
"KENYA","KEN","Sub-Saharan Africa",2015,108,108,108
"KENYA","KEN","Sub-Saharan Africa",2016,560,560,560
"KENYA","KEN","Sub-Saharan Africa",2017,1537,1537,1537
"KENYA","KEN","Sub-Saharan Africa",2018,0,0,0
"KENYA","KEN","Sub-Saharan Africa",2019,660,660,660
"KENYA","KEN","Sub-Saharan Africa",2020,0,0,0
"KENYA","KEN","Sub-Saharan Africa",2021,867,867,867
"KENYA","KEN","Sub-Saharan Africa",2022,2426,2426,2426
"KENYA","KEN","Sub-Saharan Africa",2023,0,0,0
"KENYA","KEN","Sub-Saharan Africa",2024,4443,4443,4443
"KIRIBATI","KIR","Pacific Islands",1990,9,9,9
"KIRIBATI","KIR","Pacific Islands",1991,0,0,0
"KIRIBATI","KIR","Pacific Islands",1992,0,0,0
"KIRIBATI","KIR","Pacific Islands",1993,0,0,0
"KIRIBATI","KIR","Pacific Islands",1994,0,0,0
"KIRIBATI","KIR","Pacific Islands",1995,0,0,0
"KIRIBATI","KIR","Pacific Islands",1996,0,0,0
"KIRIBATI","KIR","Pacific Islands",1997,0,0,0
"KIRIBATI","KIR","Pacific Islands",1998,0,0,0
"KIRIBATI","KIR","Pacific Islands",1999,0,0,0
"KIRIBATI","KIR","Pacific Islands",2000,0,0,0
"KIRIBATI","KIR","Pacific Islands",2001,0,0,0
"KIRIBATI","KIR","Pacific Islands",2002,483,483,483
"KIRIBATI","KIR","Pacific Islands",2003,1660,1660,1660
"KIRIBATI","KIR","Pacific Islands",2004,0,0,0
"KIRIBATI","KIR","Pacific Islands",2005,0,0,0
"KIRIBATI","KIR","Pacific Islands",2006,0,0,0
"KIRIBATI","KIR","Pacific Islands",2007,0,0,0
"KIRIBATI","KIR","Pacific Islands",2008,831,831,831
"KIRIBATI","KIR","Pacific Islands",2009,7,7,7
"KIRIBATI","KIR","Pacific Islands",2010,20,20,20
"KIRIBATI","KIR","Pacific Islands",2011,4,4,4
"KIRIBATI","KIR","Pacific Islands",2012,243,243,243
"KIRIBATI","KIR","Pacific Islands",2013,129,129,129
"KIRIBATI","KIR","Pacific Islands",2014,127,127,127
"KIRIBATI","KIR","Pacific Islands",2015,470,470,470
"KIRIBATI","KIR","Pacific Islands",2016,0,0,0
"KIRIBATI","KIR","Pacific Islands",2017,66,44,148
"KIRIBATI","KIR","Pacific Islands",2018,1899,1899,1899
"KIRIBATI","KIR","Pacific Islands",2019,3,2,7
"KIRIBATI","KIR","Pacific Islands",2020,4,0,18
"KIRIBATI","KIR","Pacific Islands",2021,9,2,24
"KIRIBATI","KIR","Pacific Islands",2022,4009,3589,4582
"KIRIBATI","KIR","Pacific Islands",2023,3,0,15
"KIRIBATI","KIR","Pacific Islands",2024,67,61,78
"LAO PEOPLE'S DEMOCRATIC REPUBLIC","LAO","East & Southeast Asia",1990,60,60,60
"LAO PEOPLE'S DEMOCRATIC REPUBLIC","LAO","East & Southeast Asia",1991,249,249,249
"LAO PEOPLE'S DEMOCRATIC REPUBLIC","LAO","East & Southeast Asia",1992,265,265,265
"LAO PEOPLE'S DEMOCRATIC REPUBLIC","LAO","East & Southeast Asia",1993,343,343,343
"LAO PEOPLE'S DEMOCRATIC REPUBLIC","LAO","East & Southeast Asia",1994,2585,2585,2585
"LAO PEOPLE'S DEMOCRATIC REPUBLIC","LAO","East & Southeast Asia",1995,7781,7781,7781
"LAO PEOPLE'S DEMOCRATIC REPUBLIC","LAO","East & Southeast Asia",1996,8197,8197,8197
"LAO PEOPLE'S DEMOCRATIC REPUBLIC","LAO","East & Southeast Asia",1997,3411,3411,3411
"LAO PEOPLE'S DEMOCRATIC REPUBLIC","LAO","East & Southeast Asia",1998,7671,7671,7671
"LAO PEOPLE'S DEMOCRATIC REPUBLIC","LAO","East & Southeast Asia",1999,2507,2507,2507
"LAO PEOPLE'S DEMOCRATIC REPUBLIC","LAO","East & Southeast Asia",2000,1377,1377,1377
"LAO PEOPLE'S DEMOCRATIC REPUBLIC","LAO","East & Southeast Asia",2001,3968,3968,3968
"LAO PEOPLE'S DEMOCRATIC REPUBLIC","LAO","East & Southeast Asia",2002,9192,9192,9192
"LAO PEOPLE'S DEMOCRATIC REPUBLIC","LAO","East & Southeast Asia",2003,17690,17690,17690
"LAO PEOPLE'S DEMOCRATIC REPUBLIC","LAO","East & Southeast Asia",2004,3972,3972,3972
"LAO PEOPLE'S DEMOCRATIC REPUBLIC","LAO","East & Southeast Asia",2005,6152,6152,6152
"LAO PEOPLE'S DEMOCRATIC REPUBLIC","LAO","East & Southeast Asia",2006,7114,7114,7114
"LAO PEOPLE'S DEMOCRATIC REPUBLIC","LAO","East & Southeast Asia",2007,5391,5391,5391
"LAO PEOPLE'S DEMOCRATIC REPUBLIC","LAO","East & Southeast Asia",2008,4487,4487,4487
"LAO PEOPLE'S DEMOCRATIC REPUBLIC","LAO","East & Southeast Asia",2009,7804,7804,7804
"LAO PEOPLE'S DEMOCRATIC REPUBLIC","LAO","East & Southeast Asia",2010,22929,22929,22929
"LAO PEOPLE'S DEMOCRATIC REPUBLIC","LAO","East & Southeast Asia",2011,3905,3905,3905
"LAO PEOPLE'S DEMOCRATIC REPUBLIC","LAO","East & Southeast Asia",2012,9955,9955,9955
"LAO PEOPLE'S DEMOCRATIC REPUBLIC","LAO","East & Southeast Asia",2013,44250,44250,44250
"LAO PEOPLE'S DEMOCRATIC REPUBLIC","LAO","East & Southeast Asia",2014,1937,1937,1937
"LAO PEOPLE'S DEMOCRATIC REPUBLIC","LAO","East & Southeast Asia",2015,1959,1959,1959
"LAO PEOPLE'S DEMOCRATIC REPUBLIC","LAO","East & Southeast Asia",2016,5636,5636,5636
"LAO PEOPLE'S DEMOCRATIC REPUBLIC","LAO","East & Southeast Asia",2017,11067,11067,11067
"LAO PEOPLE'S DEMOCRATIC REPUBLIC","LAO","East & Southeast Asia",2018,6446,6446,6446
"LAO PEOPLE'S DEMOCRATIC REPUBLIC","LAO","East & Southeast Asia",2019,39091,39091,39091
"LAO PEOPLE'S DEMOCRATIC REPUBLIC","LAO","East & Southeast Asia",2020,7735,7735,7735
"LAO PEOPLE'S DEMOCRATIC REPUBLIC","LAO","East & Southeast Asia",2021,1340,1340,1340
"LAO PEOPLE'S DEMOCRATIC REPUBLIC","LAO","East & Southeast Asia",2022,29163,29058,29366
"LAO PEOPLE'S DEMOCRATIC REPUBLIC","LAO","East & Southeast Asia",2023,32572,32191,33496
"LAO PEOPLE'S DEMOCRATIC REPUBLIC","LAO","East & Southeast Asia",2024,19486,19486,19486
"LIBERIA","LBR","Sub-Saharan Africa",1990,0,0,0
"LIBERIA","LBR","Sub-Saharan Africa",1991,0,0,0
"LIBERIA","LBR","Sub-Saharan Africa",1992,0,0,0
"LIBERIA","LBR","Sub-Saharan Africa",1993,0,0,0
"LIBERIA","LBR","Sub-Saharan Africa",1994,0,0,0
"LIBERIA","LBR","Sub-Saharan Africa",1995,0,0,0
"LIBERIA","LBR","Sub-Saharan Africa",1996,0,0,0
"LIBERIA","LBR","Sub-Saharan Africa",1997,0,0,0
"LIBERIA","LBR","Sub-Saharan Africa",1998,0,0,0
"LIBERIA","LBR","Sub-Saharan Africa",1999,0,0,0
"LIBERIA","LBR","Sub-Saharan Africa",2000,0,0,0
"LIBERIA","LBR","Sub-Saharan Africa",2001,0,0,0
"LIBERIA","LBR","Sub-Saharan Africa",2002,0,0,0
"LIBERIA","LBR","Sub-Saharan Africa",2003,0,0,0
"LIBERIA","LBR","Sub-Saharan Africa",2004,0,0,0
"LIBERIA","LBR","Sub-Saharan Africa",2005,0,0,0
"LIBERIA","LBR","Sub-Saharan Africa",2006,0,0,0
"LIBERIA","LBR","Sub-Saharan Africa",2007,0,0,0
"LIBERIA","LBR","Sub-Saharan Africa",2008,0,0,0
"LIBERIA","LBR","Sub-Saharan Africa",2009,0,0,0
"LIBERIA","LBR","Sub-Saharan Africa",2010,0,0,0
"LIBERIA","LBR","Sub-Saharan Africa",2011,0,0,0
"LIBERIA","LBR","Sub-Saharan Africa",2012,0,0,0
"LIBERIA","LBR","Sub-Saharan Africa",2013,0,0,0
"LIBERIA","LBR","Sub-Saharan Africa",2014,0,0,0
"LIBERIA","LBR","Sub-Saharan Africa",2015,0,0,0
"LIBERIA","LBR","Sub-Saharan Africa",2016,0,0,0
"LIBERIA","LBR","Sub-Saharan Africa",2017,0,0,0
"LIBERIA","LBR","Sub-Saharan Africa",2018,0,0,0
"LIBERIA","LBR","Sub-Saharan Africa",2019,0,0,0
"LIBERIA","LBR","Sub-Saharan Africa",2020,0,0,0
"LIBERIA","LBR","Sub-Saharan Africa",2021,0,0,0
"LIBERIA","LBR","Sub-Saharan Africa",2022,0,0,0
"LIBERIA","LBR","Sub-Saharan Africa",2023,0,0,0
"LIBERIA","LBR","Sub-Saharan Africa",2024,97,45,298
"MACAU","MAC","East & Southeast Asia",1990,0,0,0
"MACAU","MAC","East & Southeast Asia",1991,0,0,0
"MACAU","MAC","East & Southeast Asia",1992,0,0,0
"MACAU","MAC","East & Southeast Asia",1993,0,0,0
"MACAU","MAC","East & Southeast Asia",1994,0,0,0
"MACAU","MAC","East & Southeast Asia",1995,0,0,0
"MACAU","MAC","East & Southeast Asia",1996,0,0,0
"MACAU","MAC","East & Southeast Asia",1997,0,0,0
"MACAU","MAC","East & Southeast Asia",1998,0,0,0
"MACAU","MAC","East & Southeast Asia",1999,0,0,0
"MACAU","MAC","East & Southeast Asia",2000,0,0,0
"MACAU","MAC","East & Southeast Asia",2001,1418,1418,1418
"MACAU","MAC","East & Southeast Asia",2002,2,2,2
"MACAU","MAC","East & Southeast Asia",2003,28,28,28
"MACAU","MAC","East & Southeast Asia",2004,2,2,2
"MACAU","MAC","East & Southeast Asia",2005,0,0,0
"MACAU","MAC","East & Southeast Asia",2006,6,6,6
"MACAU","MAC","East & Southeast Asia",2007,14,14,14
"MACAU","MAC","East & Southeast Asia",2008,3,3,3
"MACAU","MAC","East & Southeast Asia",2009,6,6,6
"MACAU","MAC","East & Southeast Asia",2010,6,6,6
"MACAU","MAC","East & Southeast Asia",2011,3,3,3
"MACAU","MAC","East & Southeast Asia",2012,24,24,24
"MACAU","MAC","East & Southeast Asia",2013,9,9,9
"MACAU","MAC","East & Southeast Asia",2014,17,17,17
"MACAU","MAC","East & Southeast Asia",2015,3,3,3
"MACAU","MAC","East & Southeast Asia",2016,11,11,11
"MACAU","MAC","East & Southeast Asia",2017,17,17,17
"MACAU","MAC","East & Southeast Asia",2018,18,18,18
"MACAU","MAC","East & Southeast Asia",2019,0,0,0
"MACAU","MAC","East & Southeast Asia",2020,0,0,0
"MACAU","MAC","East & Southeast Asia",2021,0,0,0
"MACAU","MAC","East & Southeast Asia",2022,0,0,0
"MACAU","MAC","East & Southeast Asia",2023,0,0,0
"MACAU","MAC","East & Southeast Asia",2024,48,48,48
"MADAGASCAR","MDG","Sub-Saharan Africa",1990,0,0,0
"MADAGASCAR","MDG","Sub-Saharan Africa",1991,0,0,0
"MADAGASCAR","MDG","Sub-Saharan Africa",1992,0,0,0
"MADAGASCAR","MDG","Sub-Saharan Africa",1993,0,0,0
"MADAGASCAR","MDG","Sub-Saharan Africa",1994,0,0,0
"MADAGASCAR","MDG","Sub-Saharan Africa",1995,0,0,0
"MADAGASCAR","MDG","Sub-Saharan Africa",1996,0,0,0
"MADAGASCAR","MDG","Sub-Saharan Africa",1997,0,0,0
"MADAGASCAR","MDG","Sub-Saharan Africa",1998,0,0,0
"MADAGASCAR","MDG","Sub-Saharan Africa",1999,0,0,0
"MADAGASCAR","MDG","Sub-Saharan Africa",2000,0,0,0
"MADAGASCAR","MDG","Sub-Saharan Africa",2001,0,0,0
"MADAGASCAR","MDG","Sub-Saharan Africa",2002,0,0,0
"MADAGASCAR","MDG","Sub-Saharan Africa",2003,0,0,0
"MADAGASCAR","MDG","Sub-Saharan Africa",2004,0,0,0
"MADAGASCAR","MDG","Sub-Saharan Africa",2005,0,0,0
"MADAGASCAR","MDG","Sub-Saharan Africa",2006,2942,2942,2942
"MADAGASCAR","MDG","Sub-Saharan Africa",2007,0,0,0
"MADAGASCAR","MDG","Sub-Saharan Africa",2008,55,55,55
"MADAGASCAR","MDG","Sub-Saharan Africa",2009,0,0,0
"MADAGASCAR","MDG","Sub-Saharan Africa",2010,0,0,0
"MADAGASCAR","MDG","Sub-Saharan Africa",2011,0,0,0
"MADAGASCAR","MDG","Sub-Saharan Africa",2012,0,0,0
"MADAGASCAR","MDG","Sub-Saharan Africa",2013,0,0,0
"MADAGASCAR","MDG","Sub-Saharan Africa",2014,0,0,0
"MADAGASCAR","MDG","Sub-Saharan Africa",2015,0,0,0
"MADAGASCAR","MDG","Sub-Saharan Africa",2016,0,0,0
"MADAGASCAR","MDG","Sub-Saharan Africa",2017,0,0,0
"MADAGASCAR","MDG","Sub-Saharan Africa",2018,0,0,0
"MADAGASCAR","MDG","Sub-Saharan Africa",2019,0,0,0
"MADAGASCAR","MDG","Sub-Saharan Africa",2020,0,0,0
"MADAGASCAR","MDG","Sub-Saharan Africa",2021,0,0,0
"MADAGASCAR","MDG","Sub-Saharan Africa",2022,0,0,0
"MADAGASCAR","MDG","Sub-Saharan Africa",2023,0,0,0
"MADAGASCAR","MDG","Sub-Saharan Africa",2024,1,0,10
"MALAYSIA","MYS","East & Southeast Asia",1990,4880,4880,4880
"MALAYSIA","MYS","East & Southeast Asia",1991,6628,6628,6628
"MALAYSIA","MYS","East & Southeast Asia",1992,5473,5473,5473
"MALAYSIA","MYS","East & Southeast Asia",1993,5615,5615,5615
"MALAYSIA","MYS","East & Southeast Asia",1994,3133,3133,3133
"MALAYSIA","MYS","East & Southeast Asia",1995,6600,6600,6600
"MALAYSIA","MYS","East & Southeast Asia",1996,14255,14255,14255
"MALAYSIA","MYS","East & Southeast Asia",1997,19544,19544,19544
"MALAYSIA","MYS","East & Southeast Asia",1998,27381,27381,27381
"MALAYSIA","MYS","East & Southeast Asia",1999,10146,10146,10146
"MALAYSIA","MYS","East & Southeast Asia",2000,8805,8805,8805
"MALAYSIA","MYS","East & Southeast Asia",2001,16368,16368,16368
"MALAYSIA","MYS","East & Southeast Asia",2002,32767,32767,32767
"MALAYSIA","MYS","East & Southeast Asia",2003,31545,31545,31545
"MALAYSIA","MYS","East & Southeast Asia",2004,33895,33895,33895
"MALAYSIA","MYS","East & Southeast Asia",2005,39686,39686,39686
"MALAYSIA","MYS","East & Southeast Asia",2006,38556,38556,38556
"MALAYSIA","MYS","East & Southeast Asia",2007,48846,48846,48846
"MALAYSIA","MYS","East & Southeast Asia",2008,49335,49335,49335
"MALAYSIA","MYS","East & Southeast Asia",2009,41486,41486,41486
"MALAYSIA","MYS","East & Southeast Asia",2010,46171,46171,46171
"MALAYSIA","MYS","East & Southeast Asia",2011,20040,20040,20040
"MALAYSIA","MYS","East & Southeast Asia",2012,22673,22673,22673
"MALAYSIA","MYS","East & Southeast Asia",2013,43346,43346,43346
"MALAYSIA","MYS","East & Southeast Asia",2014,108698,108698,108698
"MALAYSIA","MYS","East & Southeast Asia",2015,121619,121619,121619
"MALAYSIA","MYS","East & Southeast Asia",2016,109037,109037,109037
"MALAYSIA","MYS","East & Southeast Asia",2017,89487,89487,89487
"MALAYSIA","MYS","East & Southeast Asia",2018,82122,82122,82122
"MALAYSIA","MYS","East & Southeast Asia",2019,130101,130101,130101
"MALAYSIA","MYS","East & Southeast Asia",2020,91057,89445,93961
"MALAYSIA","MYS","East & Southeast Asia",2021,26978,26978,26978
"MALAYSIA","MYS","East & Southeast Asia",2022,65732,65732,65732
"MALAYSIA","MYS","East & Southeast Asia",2023,123133,123133,123133
"MALAYSIA","MYS","East & Southeast Asia",2024,122423,122423,122423
"MALDIVES","MDV","South Asia",1990,0,0,0
"MALDIVES","MDV","South Asia",1991,0,0,0
"MALDIVES","MDV","South Asia",1992,0,0,0
"MALDIVES","MDV","South Asia",1993,0,0,0
"MALDIVES","MDV","South Asia",1994,0,0,0
"MALDIVES","MDV","South Asia",1995,0,0,0
"MALDIVES","MDV","South Asia",1996,0,0,0
"MALDIVES","MDV","South Asia",1997,3,3,3
"MALDIVES","MDV","South Asia",1998,2000,2000,2000
"MALDIVES","MDV","South Asia",1999,118,118,118
"MALDIVES","MDV","South Asia",2000,180,180,180
"MALDIVES","MDV","South Asia",2001,73,73,73
"MALDIVES","MDV","South Asia",2002,27,27,27
"MALDIVES","MDV","South Asia",2003,38,38,38
"MALDIVES","MDV","South Asia",2004,742,742,742
"MALDIVES","MDV","South Asia",2005,1126,1126,1126
"MALDIVES","MDV","South Asia",2006,2836,2836,2836
"MALDIVES","MDV","South Asia",2007,1680,1680,1680
"MALDIVES","MDV","South Asia",2008,1824,1824,1824
"MALDIVES","MDV","South Asia",2009,845,845,845
"MALDIVES","MDV","South Asia",2010,1000,1000,1000
"MALDIVES","MDV","South Asia",2011,2909,2909,2909
"MALDIVES","MDV","South Asia",2012,1083,1083,1083
"MALDIVES","MDV","South Asia",2013,725,725,725
"MALDIVES","MDV","South Asia",2014,824,824,824
"MALDIVES","MDV","South Asia",2015,1890,1890,1890
"MALDIVES","MDV","South Asia",2016,1962,1962,1962
"MALDIVES","MDV","South Asia",2017,851,851,851
"MALDIVES","MDV","South Asia",2018,3403,3403,3403
"MALDIVES","MDV","South Asia",2019,5008,5008,5008
"MALDIVES","MDV","South Asia",2020,328,328,328
"MALDIVES","MDV","South Asia",2021,3330,1351,6888
"MALDIVES","MDV","South Asia",2022,2695,2695,2695
"MALDIVES","MDV","South Asia",2023,3417,3417,3417
"MALDIVES","MDV","South Asia",2024,3294,3294,3294
"MALI","MLI","Sub-Saharan Africa",1990,0,0,0
"MALI","MLI","Sub-Saharan Africa",1991,0,0,0
"MALI","MLI","Sub-Saharan Africa",1992,0,0,0
"MALI","MLI","Sub-Saharan Africa",1993,0,0,0
"MALI","MLI","Sub-Saharan Africa",1994,0,0,0
"MALI","MLI","Sub-Saharan Africa",1995,0,0,0
"MALI","MLI","Sub-Saharan Africa",1996,0,0,0
"MALI","MLI","Sub-Saharan Africa",1997,0,0,0
"MALI","MLI","Sub-Saharan Africa",1998,0,0,0
"MALI","MLI","Sub-Saharan Africa",1999,0,0,0
"MALI","MLI","Sub-Saharan Africa",2000,0,0,0
"MALI","MLI","Sub-Saharan Africa",2001,0,0,0
"MALI","MLI","Sub-Saharan Africa",2002,0,0,0
"MALI","MLI","Sub-Saharan Africa",2003,0,0,0
"MALI","MLI","Sub-Saharan Africa",2004,0,0,0
"MALI","MLI","Sub-Saharan Africa",2005,0,0,0
"MALI","MLI","Sub-Saharan Africa",2006,0,0,0
"MALI","MLI","Sub-Saharan Africa",2007,0,0,0
"MALI","MLI","Sub-Saharan Africa",2008,72,72,72
"MALI","MLI","Sub-Saharan Africa",2009,0,0,0
"MALI","MLI","Sub-Saharan Africa",2010,0,0,0
"MALI","MLI","Sub-Saharan Africa",2011,0,0,0
"MALI","MLI","Sub-Saharan Africa",2012,0,0,0
"MALI","MLI","Sub-Saharan Africa",2013,0,0,0
"MALI","MLI","Sub-Saharan Africa",2014,0,0,0
"MALI","MLI","Sub-Saharan Africa",2015,0,0,0
"MALI","MLI","Sub-Saharan Africa",2016,0,0,0
"MALI","MLI","Sub-Saharan Africa",2017,429,429,429
"MALI","MLI","Sub-Saharan Africa",2018,0,0,0
"MALI","MLI","Sub-Saharan Africa",2019,20,20,20
"MALI","MLI","Sub-Saharan Africa",2020,0,0,0
"MALI","MLI","Sub-Saharan Africa",2021,0,0,0
"MALI","MLI","Sub-Saharan Africa",2022,0,0,0
"MALI","MLI","Sub-Saharan Africa",2023,5537,5537,5537
"MALI","MLI","Sub-Saharan Africa",2024,9556,9556,9556
"MARSHALL ISLANDS","MHL","Pacific Islands",1990,0,0,0
"MARSHALL ISLANDS","MHL","Pacific Islands",1991,56,56,56
"MARSHALL ISLANDS","MHL","Pacific Islands",1992,0,0,0
"MARSHALL ISLANDS","MHL","Pacific Islands",1993,0,0,0
"MARSHALL ISLANDS","MHL","Pacific Islands",1994,0,0,0
"MARSHALL ISLANDS","MHL","Pacific Islands",1995,0,0,0
"MARSHALL ISLANDS","MHL","Pacific Islands",1996,0,0,0
"MARSHALL ISLANDS","MHL","Pacific Islands",1997,0,0,0
"MARSHALL ISLANDS","MHL","Pacific Islands",1998,0,0,0
"MARSHALL ISLANDS","MHL","Pacific Islands",1999,0,0,0
"MARSHALL ISLANDS","MHL","Pacific Islands",2000,0,0,0
"MARSHALL ISLANDS","MHL","Pacific Islands",2001,0,0,0
"MARSHALL ISLANDS","MHL","Pacific Islands",2002,0,0,0
"MARSHALL ISLANDS","MHL","Pacific Islands",2003,0,0,0
"MARSHALL ISLANDS","MHL","Pacific Islands",2004,0,0,0
"MARSHALL ISLANDS","MHL","Pacific Islands",2005,0,0,0
"MARSHALL ISLANDS","MHL","Pacific Islands",2006,0,0,0
"MARSHALL ISLANDS","MHL","Pacific Islands",2007,0,0,0
"MARSHALL ISLANDS","MHL","Pacific Islands",2008,0,0,0
"MARSHALL ISLANDS","MHL","Pacific Islands",2009,0,0,0
"MARSHALL ISLANDS","MHL","Pacific Islands",2010,0,0,0
"MARSHALL ISLANDS","MHL","Pacific Islands",2011,1257,1257,1257
"MARSHALL ISLANDS","MHL","Pacific Islands",2012,182,182,182
"MARSHALL ISLANDS","MHL","Pacific Islands",2013,0,0,0
"MARSHALL ISLANDS","MHL","Pacific Islands",2014,0,0,0
"MARSHALL ISLANDS","MHL","Pacific Islands",2015,0,0,0
"MARSHALL ISLANDS","MHL","Pacific Islands",2016,1,1,1
"MARSHALL ISLANDS","MHL","Pacific Islands",2017,3,0,11
"MARSHALL ISLANDS","MHL","Pacific Islands",2018,3,0,10
"MARSHALL ISLANDS","MHL","Pacific Islands",2019,1635,1635,1635
"MARSHALL ISLANDS","MHL","Pacific Islands",2020,2257,1581,3546
"MARSHALL ISLANDS","MHL","Pacific Islands",2021,20,0,129
"MARSHALL ISLANDS","MHL","Pacific Islands",2022,397,156,1227
"MARSHALL ISLANDS","MHL","Pacific Islands",2023,4,1,11
"MARSHALL ISLANDS","MHL","Pacific Islands",2024,1,0,3
"MARTINIQUE","MTQ","Caribbean",1990,4,4,4
"MARTINIQUE","MTQ","Caribbean",1991,0,0,0
"MARTINIQUE","MTQ","Caribbean",1992,38,38,38
"MARTINIQUE","MTQ","Caribbean",1993,0,0,0
"MARTINIQUE","MTQ","Caribbean",1994,0,0,0
"MARTINIQUE","MTQ","Caribbean",1995,516,516,516
"MARTINIQUE","MTQ","Caribbean",1996,416,416,416
"MARTINIQUE","MTQ","Caribbean",1997,235,235,235
"MARTINIQUE","MTQ","Caribbean",1998,44,44,44
"MARTINIQUE","MTQ","Caribbean",1999,268,268,268
"MARTINIQUE","MTQ","Caribbean",2000,171,171,171
"MARTINIQUE","MTQ","Caribbean",2001,4468,4468,4468
"MARTINIQUE","MTQ","Caribbean",2002,392,392,392
"MARTINIQUE","MTQ","Caribbean",2003,791,791,791
"MARTINIQUE","MTQ","Caribbean",2004,0,0,0
"MARTINIQUE","MTQ","Caribbean",2005,6080,6080,6080
"MARTINIQUE","MTQ","Caribbean",2006,4085,4085,4085
"MARTINIQUE","MTQ","Caribbean",2007,4918,4918,4918
"MARTINIQUE","MTQ","Caribbean",2008,586,586,586
"MARTINIQUE","MTQ","Caribbean",2009,1377,1377,1377
"MARTINIQUE","MTQ","Caribbean",2010,36579,36579,36579
"MARTINIQUE","MTQ","Caribbean",2011,275,275,275
"MARTINIQUE","MTQ","Caribbean",2012,1511,1511,1511
"MARTINIQUE","MTQ","Caribbean",2013,7040,7040,7040
"MARTINIQUE","MTQ","Caribbean",2014,1680,1680,1680
"MARTINIQUE","MTQ","Caribbean",2015,207,207,207
"MARTINIQUE","MTQ","Caribbean",2016,158,158,158
"MARTINIQUE","MTQ","Caribbean",2017,113,113,113
"MARTINIQUE","MTQ","Caribbean",2018,73,73,73
"MARTINIQUE","MTQ","Caribbean",2019,1530,1530,1530
"MARTINIQUE","MTQ","Caribbean",2020,32398,32398,32398
"MARTINIQUE","MTQ","Caribbean",2021,1073,1073,1073
"MARTINIQUE","MTQ","Caribbean",2022,360,360,360
"MARTINIQUE","MTQ","Caribbean",2023,13239,13239,13239
"MARTINIQUE","MTQ","Caribbean",2024,7371,7371,7371
"MAURITANIA","MRT","Sub-Saharan Africa",1990,0,0,0
"MAURITANIA","MRT","Sub-Saharan Africa",1991,0,0,0
"MAURITANIA","MRT","Sub-Saharan Africa",1992,0,0,0
"MAURITANIA","MRT","Sub-Saharan Africa",1993,0,0,0
"MAURITANIA","MRT","Sub-Saharan Africa",1994,0,0,0
"MAURITANIA","MRT","Sub-Saharan Africa",1995,0,0,0
"MAURITANIA","MRT","Sub-Saharan Africa",1996,0,0,0
"MAURITANIA","MRT","Sub-Saharan Africa",1997,0,0,0
"MAURITANIA","MRT","Sub-Saharan Africa",1998,0,0,0
"MAURITANIA","MRT","Sub-Saharan Africa",1999,0,0,0
"MAURITANIA","MRT","Sub-Saharan Africa",2000,0,0,0
"MAURITANIA","MRT","Sub-Saharan Africa",2001,0,0,0
"MAURITANIA","MRT","Sub-Saharan Africa",2002,0,0,0
"MAURITANIA","MRT","Sub-Saharan Africa",2003,0,0,0
"MAURITANIA","MRT","Sub-Saharan Africa",2004,0,0,0
"MAURITANIA","MRT","Sub-Saharan Africa",2005,0,0,0
"MAURITANIA","MRT","Sub-Saharan Africa",2006,0,0,0
"MAURITANIA","MRT","Sub-Saharan Africa",2007,0,0,0
"MAURITANIA","MRT","Sub-Saharan Africa",2008,0,0,0
"MAURITANIA","MRT","Sub-Saharan Africa",2009,0,0,0
"MAURITANIA","MRT","Sub-Saharan Africa",2010,0,0,0
"MAURITANIA","MRT","Sub-Saharan Africa",2011,0,0,0
"MAURITANIA","MRT","Sub-Saharan Africa",2012,0,0,0
"MAURITANIA","MRT","Sub-Saharan Africa",2013,0,0,0
"MAURITANIA","MRT","Sub-Saharan Africa",2014,0,0,0
"MAURITANIA","MRT","Sub-Saharan Africa",2015,0,0,0
"MAURITANIA","MRT","Sub-Saharan Africa",2016,0,0,0
"MAURITANIA","MRT","Sub-Saharan Africa",2017,307,307,307
"MAURITANIA","MRT","Sub-Saharan Africa",2018,322,322,322
"MAURITANIA","MRT","Sub-Saharan Africa",2019,0,0,0
"MAURITANIA","MRT","Sub-Saharan Africa",2020,7,7,7
"MAURITANIA","MRT","Sub-Saharan Africa",2021,0,0,0
"MAURITANIA","MRT","Sub-Saharan Africa",2022,0,0,0
"MAURITANIA","MRT","Sub-Saharan Africa",2023,3582,3582,3582
"MAURITANIA","MRT","Sub-Saharan Africa",2024,3640,3640,3640
"MAURITIUS","MUS","Sub-Saharan Africa",1990,0,0,0
"MAURITIUS","MUS","Sub-Saharan Africa",1991,0,0,0
"MAURITIUS","MUS","Sub-Saharan Africa",1992,0,0,0
"MAURITIUS","MUS","Sub-Saharan Africa",1993,0,0,0
"MAURITIUS","MUS","Sub-Saharan Africa",1994,0,0,0
"MAURITIUS","MUS","Sub-Saharan Africa",1995,0,0,0
"MAURITIUS","MUS","Sub-Saharan Africa",1996,0,0,0
"MAURITIUS","MUS","Sub-Saharan Africa",1997,0,0,0
"MAURITIUS","MUS","Sub-Saharan Africa",1998,0,0,0
"MAURITIUS","MUS","Sub-Saharan Africa",1999,0,0,0
"MAURITIUS","MUS","Sub-Saharan Africa",2000,0,0,0
"MAURITIUS","MUS","Sub-Saharan Africa",2001,0,0,0
"MAURITIUS","MUS","Sub-Saharan Africa",2002,0,0,0
"MAURITIUS","MUS","Sub-Saharan Africa",2003,0,0,0
"MAURITIUS","MUS","Sub-Saharan Africa",2004,0,0,0
"MAURITIUS","MUS","Sub-Saharan Africa",2005,0,0,0
"MAURITIUS","MUS","Sub-Saharan Africa",2006,0,0,0
"MAURITIUS","MUS","Sub-Saharan Africa",2007,0,0,0
"MAURITIUS","MUS","Sub-Saharan Africa",2008,0,0,0
"MAURITIUS","MUS","Sub-Saharan Africa",2009,200,200,200
"MAURITIUS","MUS","Sub-Saharan Africa",2010,0,0,0
"MAURITIUS","MUS","Sub-Saharan Africa",2011,0,0,0
"MAURITIUS","MUS","Sub-Saharan Africa",2012,0,0,0
"MAURITIUS","MUS","Sub-Saharan Africa",2013,0,0,0
"MAURITIUS","MUS","Sub-Saharan Africa",2014,0,0,0
"MAURITIUS","MUS","Sub-Saharan Africa",2015,0,0,0
"MAURITIUS","MUS","Sub-Saharan Africa",2016,0,0,0
"MAURITIUS","MUS","Sub-Saharan Africa",2017,0,0,0
"MAURITIUS","MUS","Sub-Saharan Africa",2018,0,0,0
"MAURITIUS","MUS","Sub-Saharan Africa",2019,265,265,265
"MAURITIUS","MUS","Sub-Saharan Africa",2020,0,0,0
"MAURITIUS","MUS","Sub-Saharan Africa",2021,0,0,0
"MAURITIUS","MUS","Sub-Saharan Africa",2022,0,0,0
"MAURITIUS","MUS","Sub-Saharan Africa",2023,265,265,265
"MAURITIUS","MUS","Sub-Saharan Africa",2024,9917,9917,9917
"MAYOTTE","MYT","Sub-Saharan Africa",1990,0,0,0
"MAYOTTE","MYT","Sub-Saharan Africa",1991,0,0,0
"MAYOTTE","MYT","Sub-Saharan Africa",1992,0,0,0
"MAYOTTE","MYT","Sub-Saharan Africa",1993,0,0,0
"MAYOTTE","MYT","Sub-Saharan Africa",1994,0,0,0
"MAYOTTE","MYT","Sub-Saharan Africa",1995,0,0,0
"MAYOTTE","MYT","Sub-Saharan Africa",1996,0,0,0
"MAYOTTE","MYT","Sub-Saharan Africa",1997,0,0,0
"MAYOTTE","MYT","Sub-Saharan Africa",1998,0,0,0
"MAYOTTE","MYT","Sub-Saharan Africa",1999,0,0,0
"MAYOTTE","MYT","Sub-Saharan Africa",2000,0,0,0
"MAYOTTE","MYT","Sub-Saharan Africa",2001,0,0,0
"MAYOTTE","MYT","Sub-Saharan Africa",2002,0,0,0
"MAYOTTE","MYT","Sub-Saharan Africa",2003,0,0,0
"MAYOTTE","MYT","Sub-Saharan Africa",2004,0,0,0
"MAYOTTE","MYT","Sub-Saharan Africa",2005,0,0,0
"MAYOTTE","MYT","Sub-Saharan Africa",2006,0,0,0
"MAYOTTE","MYT","Sub-Saharan Africa",2007,0,0,0
"MAYOTTE","MYT","Sub-Saharan Africa",2008,0,0,0
"MAYOTTE","MYT","Sub-Saharan Africa",2009,0,0,0
"MAYOTTE","MYT","Sub-Saharan Africa",2010,54,54,54
"MAYOTTE","MYT","Sub-Saharan Africa",2011,0,0,0
"MAYOTTE","MYT","Sub-Saharan Africa",2012,43,43,43
"MAYOTTE","MYT","Sub-Saharan Africa",2013,0,0,0
"MAYOTTE","MYT","Sub-Saharan Africa",2014,519,519,519
"MAYOTTE","MYT","Sub-Saharan Africa",2015,0,0,0
"MAYOTTE","MYT","Sub-Saharan Africa",2016,0,0,0
"MAYOTTE","MYT","Sub-Saharan Africa",2017,0,0,0
"MAYOTTE","MYT","Sub-Saharan Africa",2018,0,0,0
"MAYOTTE","MYT","Sub-Saharan Africa",2019,186,186,186
"MAYOTTE","MYT","Sub-Saharan Africa",2020,4305,4305,4305
"MAYOTTE","MYT","Sub-Saharan Africa",2021,0,0,0
"MAYOTTE","MYT","Sub-Saharan Africa",2022,0,0,0
"MAYOTTE","MYT","Sub-Saharan Africa",2023,0,0,0
"MAYOTTE","MYT","Sub-Saharan Africa",2024,66,64,73
"MEXICO","MEX","North & Central America",1990,14485,14485,14485
"MEXICO","MEX","North & Central America",1991,5863,5863,5863
"MEXICO","MEX","North & Central America",1992,11348,11348,11348
"MEXICO","MEX","North & Central America",1993,2899,2899,2899
"MEXICO","MEX","North & Central America",1994,6770,6770,6770
"MEXICO","MEX","North & Central America",1995,36029,36029,36029
"MEXICO","MEX","North & Central America",1996,35082,35082,35082
"MEXICO","MEX","North & Central America",1997,52561,52561,52561
"MEXICO","MEX","North & Central America",1998,23267,23267,23267
"MEXICO","MEX","North & Central America",1999,14655,14655,14655
"MEXICO","MEX","North & Central America",2000,21665,21665,21665
"MEXICO","MEX","North & Central America",2001,6019,6019,6019
"MEXICO","MEX","North & Central America",2002,8415,8415,8415
"MEXICO","MEX","North & Central America",2003,6234,6234,6234
"MEXICO","MEX","North & Central America",2004,7983,7983,7983
"MEXICO","MEX","North & Central America",2005,20912,20912,20912
"MEXICO","MEX","North & Central America",2006,27334,27334,27334
"MEXICO","MEX","North & Central America",2007,49120,49120,49120
"MEXICO","MEX","North & Central America",2008,25040,25040,25040
"MEXICO","MEX","North & Central America",2009,238389,238389,238389
"MEXICO","MEX","North & Central America",2010,51635,51635,51635
"MEXICO","MEX","North & Central America",2011,63628,63628,63628
"MEXICO","MEX","North & Central America",2012,165749,165749,165749
"MEXICO","MEX","North & Central America",2013,231498,231498,231498
"MEXICO","MEX","North & Central America",2014,124943,124943,124943
"MEXICO","MEX","North & Central America",2015,219593,219593,219593
"MEXICO","MEX","North & Central America",2016,130069,130069,130069
"MEXICO","MEX","North & Central America",2017,89893,89893,89893
"MEXICO","MEX","North & Central America",2018,78621,78621,78621
"MEXICO","MEX","North & Central America",2019,268458,268458,268458
"MEXICO","MEX","North & Central America",2020,120639,120639,120639
"MEXICO","MEX","North & Central America",2021,36742,36742,36742
"MEXICO","MEX","North & Central America",2022,59918,59918,59918
"MEXICO","MEX","North & Central America",2023,277963,277963,277963
"MEXICO","MEX","North & Central America",2024,558846,558846,558846
"MICRONESIA (FEDERATED STATES OF)","FSM","Pacific Islands",1990,26,14,49
"MICRONESIA (FEDERATED STATES OF)","FSM","Pacific Islands",1991,0,0,0
"MICRONESIA (FEDERATED STATES OF)","FSM","Pacific Islands",1992,0,0,0
"MICRONESIA (FEDERATED STATES OF)","FSM","Pacific Islands",1993,0,0,0
"MICRONESIA (FEDERATED STATES OF)","FSM","Pacific Islands",1994,0,0,0
"MICRONESIA (FEDERATED STATES OF)","FSM","Pacific Islands",1995,66,66,66
"MICRONESIA (FEDERATED STATES OF)","FSM","Pacific Islands",1996,67,67,67
"MICRONESIA (FEDERATED STATES OF)","FSM","Pacific Islands",1997,0,0,0
"MICRONESIA (FEDERATED STATES OF)","FSM","Pacific Islands",1998,700,700,700
"MICRONESIA (FEDERATED STATES OF)","FSM","Pacific Islands",1999,0,0,0
"MICRONESIA (FEDERATED STATES OF)","FSM","Pacific Islands",2000,14,14,14
"MICRONESIA (FEDERATED STATES OF)","FSM","Pacific Islands",2001,0,0,0
"MICRONESIA (FEDERATED STATES OF)","FSM","Pacific Islands",2002,0,0,0
"MICRONESIA (FEDERATED STATES OF)","FSM","Pacific Islands",2003,0,0,0
"MICRONESIA (FEDERATED STATES OF)","FSM","Pacific Islands",2004,658,658,658
"MICRONESIA (FEDERATED STATES OF)","FSM","Pacific Islands",2005,0,0,0
"MICRONESIA (FEDERATED STATES OF)","FSM","Pacific Islands",2006,0,0,0
"MICRONESIA (FEDERATED STATES OF)","FSM","Pacific Islands",2007,6,6,6
"MICRONESIA (FEDERATED STATES OF)","FSM","Pacific Islands",2008,10,10,10
"MICRONESIA (FEDERATED STATES OF)","FSM","Pacific Islands",2009,37,37,37
"MICRONESIA (FEDERATED STATES OF)","FSM","Pacific Islands",2010,23,23,23
"MICRONESIA (FEDERATED STATES OF)","FSM","Pacific Islands",2011,0,0,0
"MICRONESIA (FEDERATED STATES OF)","FSM","Pacific Islands",2012,0,0,0
"MICRONESIA (FEDERATED STATES OF)","FSM","Pacific Islands",2013,217,217,217
"MICRONESIA (FEDERATED STATES OF)","FSM","Pacific Islands",2014,0,0,0
"MICRONESIA (FEDERATED STATES OF)","FSM","Pacific Islands",2015,0,0,0
"MICRONESIA (FEDERATED STATES OF)","FSM","Pacific Islands",2016,90,90,90
"MICRONESIA (FEDERATED STATES OF)","FSM","Pacific Islands",2017,25,18,42
"MICRONESIA (FEDERATED STATES OF)","FSM","Pacific Islands",2018,48,42,60
"MICRONESIA (FEDERATED STATES OF)","FSM","Pacific Islands",2019,1464,1464,1464
"MICRONESIA (FEDERATED STATES OF)","FSM","Pacific Islands",2020,116,27,393
"MICRONESIA (FEDERATED STATES OF)","FSM","Pacific Islands",2021,118,27,839
"MICRONESIA (FEDERATED STATES OF)","FSM","Pacific Islands",2022,6152,4946,7700
"MICRONESIA (FEDERATED STATES OF)","FSM","Pacific Islands",2023,130,23,394
"MICRONESIA (FEDERATED STATES OF)","FSM","Pacific Islands",2024,76,67,96
"MONTSERRAT","MSR","Caribbean",1990,0,0,0
"MONTSERRAT","MSR","Caribbean",1991,0,0,0
"MONTSERRAT","MSR","Caribbean",1992,0,0,0
"MONTSERRAT","MSR","Caribbean",1993,0,0,0
"MONTSERRAT","MSR","Caribbean",1994,0,0,0
"MONTSERRAT","MSR","Caribbean",1995,75,75,75
"MONTSERRAT","MSR","Caribbean",1996,3,3,3
"MONTSERRAT","MSR","Caribbean",1997,0,0,0
"MONTSERRAT","MSR","Caribbean",1998,0,0,0
"MONTSERRAT","MSR","Caribbean",1999,0,0,0
"MONTSERRAT","MSR","Caribbean",2000,9,9,9
"MONTSERRAT","MSR","Caribbean",2001,1,1,1
"MONTSERRAT","MSR","Caribbean",2002,1,1,1
"MONTSERRAT","MSR","Caribbean",2003,1,1,1
"MONTSERRAT","MSR","Caribbean",2004,0,0,0
"MONTSERRAT","MSR","Caribbean",2005,0,0,0
"MONTSERRAT","MSR","Caribbean",2006,0,0,0
"MONTSERRAT","MSR","Caribbean",2007,0,0,0
"MONTSERRAT","MSR","Caribbean",2008,2,2,2
"MONTSERRAT","MSR","Caribbean",2009,0,0,0
"MONTSERRAT","MSR","Caribbean",2010,0,0,0
"MONTSERRAT","MSR","Caribbean",2011,3,3,3
"MONTSERRAT","MSR","Caribbean",2012,0,0,0
"MONTSERRAT","MSR","Caribbean",2013,6,6,6
"MONTSERRAT","MSR","Caribbean",2014,17,17,17
"MONTSERRAT","MSR","Caribbean",2015,0,0,0
"MONTSERRAT","MSR","Caribbean",2016,25,25,25
"MONTSERRAT","MSR","Caribbean",2017,0,0,0
"MONTSERRAT","MSR","Caribbean",2018,1,1,1
"MONTSERRAT","MSR","Caribbean",2019,1,1,1
"MONTSERRAT","MSR","Caribbean",2020,0,0,0
"MONTSERRAT","MSR","Caribbean",2021,2,0,12
"MONTSERRAT","MSR","Caribbean",2022,9,9,9
"MONTSERRAT","MSR","Caribbean",2023,6,6,6
"MONTSERRAT","MSR","Caribbean",2024,3,3,3
"MOZAMBIQUE","MOZ","Sub-Saharan Africa",1990,0,0,0
"MOZAMBIQUE","MOZ","Sub-Saharan Africa",1991,0,0,0
"MOZAMBIQUE","MOZ","Sub-Saharan Africa",1992,0,0,0
"MOZAMBIQUE","MOZ","Sub-Saharan Africa",1993,0,0,0
"MOZAMBIQUE","MOZ","Sub-Saharan Africa",1994,0,0,0
"MOZAMBIQUE","MOZ","Sub-Saharan Africa",1995,0,0,0
"MOZAMBIQUE","MOZ","Sub-Saharan Africa",1996,0,0,0
"MOZAMBIQUE","MOZ","Sub-Saharan Africa",1997,0,0,0
"MOZAMBIQUE","MOZ","Sub-Saharan Africa",1998,0,0,0
"MOZAMBIQUE","MOZ","Sub-Saharan Africa",1999,0,0,0
"MOZAMBIQUE","MOZ","Sub-Saharan Africa",2000,0,0,0
"MOZAMBIQUE","MOZ","Sub-Saharan Africa",2001,0,0,0
"MOZAMBIQUE","MOZ","Sub-Saharan Africa",2002,0,0,0
"MOZAMBIQUE","MOZ","Sub-Saharan Africa",2003,0,0,0
"MOZAMBIQUE","MOZ","Sub-Saharan Africa",2004,0,0,0
"MOZAMBIQUE","MOZ","Sub-Saharan Africa",2005,0,0,0
"MOZAMBIQUE","MOZ","Sub-Saharan Africa",2006,0,0,0
"MOZAMBIQUE","MOZ","Sub-Saharan Africa",2007,0,0,0
"MOZAMBIQUE","MOZ","Sub-Saharan Africa",2008,0,0,0
"MOZAMBIQUE","MOZ","Sub-Saharan Africa",2009,0,0,0
"MOZAMBIQUE","MOZ","Sub-Saharan Africa",2010,0,0,0
"MOZAMBIQUE","MOZ","Sub-Saharan Africa",2011,0,0,0
"MOZAMBIQUE","MOZ","Sub-Saharan Africa",2012,0,0,0
"MOZAMBIQUE","MOZ","Sub-Saharan Africa",2013,0,0,0
"MOZAMBIQUE","MOZ","Sub-Saharan Africa",2014,0,0,0
"MOZAMBIQUE","MOZ","Sub-Saharan Africa",2015,192,192,192
"MOZAMBIQUE","MOZ","Sub-Saharan Africa",2016,0,0,0
"MOZAMBIQUE","MOZ","Sub-Saharan Africa",2017,0,0,0
"MOZAMBIQUE","MOZ","Sub-Saharan Africa",2018,0,0,0
"MOZAMBIQUE","MOZ","Sub-Saharan Africa",2019,0,0,0
"MOZAMBIQUE","MOZ","Sub-Saharan Africa",2020,0,0,0
"MOZAMBIQUE","MOZ","Sub-Saharan Africa",2021,0,0,0
"MOZAMBIQUE","MOZ","Sub-Saharan Africa",2022,0,0,0
"MOZAMBIQUE","MOZ","Sub-Saharan Africa",2023,0,0,0
"MOZAMBIQUE","MOZ","Sub-Saharan Africa",2024,2,0,22
"MYANMAR","MMR","East & Southeast Asia",1990,6318,6318,6318
"MYANMAR","MMR","East & Southeast Asia",1991,8055,8055,8055
"MYANMAR","MMR","East & Southeast Asia",1992,1685,1685,1685
"MYANMAR","MMR","East & Southeast Asia",1993,2279,2279,2279
"MYANMAR","MMR","East & Southeast Asia",1994,11647,11647,11647
"MYANMAR","MMR","East & Southeast Asia",1995,2477,2477,2477
"MYANMAR","MMR","East & Southeast Asia",1996,1854,1854,1854
"MYANMAR","MMR","East & Southeast Asia",1997,4500,4500,4500
"MYANMAR","MMR","East & Southeast Asia",1998,13002,13002,13002
"MYANMAR","MMR","East & Southeast Asia",1999,12918,12918,12918
"MYANMAR","MMR","East & Southeast Asia",2000,1884,1884,1884
"MYANMAR","MMR","East & Southeast Asia",2001,15695,15695,15695
"MYANMAR","MMR","East & Southeast Asia",2002,16047,16047,16047
"MYANMAR","MMR","East & Southeast Asia",2003,7907,7907,7907
"MYANMAR","MMR","East & Southeast Asia",2004,7369,7369,7369
"MYANMAR","MMR","East & Southeast Asia",2005,17454,17454,17454
"MYANMAR","MMR","East & Southeast Asia",2006,11383,11383,11383
"MYANMAR","MMR","East & Southeast Asia",2007,15285,15285,15285
"MYANMAR","MMR","East & Southeast Asia",2008,17281,17281,17281
"MYANMAR","MMR","East & Southeast Asia",2009,24287,24287,24287
"MYANMAR","MMR","East & Southeast Asia",2010,16529,16529,16529
"MYANMAR","MMR","East & Southeast Asia",2011,4738,4738,4738
"MYANMAR","MMR","East & Southeast Asia",2012,7006,7006,7006
"MYANMAR","MMR","East & Southeast Asia",2013,22166,22166,22166
"MYANMAR","MMR","East & Southeast Asia",2014,14410,14410,14410
"MYANMAR","MMR","East & Southeast Asia",2015,42668,42668,42668
"MYANMAR","MMR","East & Southeast Asia",2016,11090,11090,11090
"MYANMAR","MMR","East & Southeast Asia",2017,36708,36708,36708
"MYANMAR","MMR","East & Southeast Asia",2018,22659,22659,22659
"MYANMAR","MMR","East & Southeast Asia",2019,23203,23203,23203
"MYANMAR","MMR","East & Southeast Asia",2020,15131,15131,15131
"MYANMAR","MMR","East & Southeast Asia",2021,5446,5446,5446
"MYANMAR","MMR","East & Southeast Asia",2022,24971,24971,24971
"MYANMAR","MMR","East & Southeast Asia",2023,16130,16130,16130
"MYANMAR","MMR","East & Southeast Asia",2024,6388,6388,6388
"NAURU","NRU","Pacific Islands",1990,0,0,0
"NAURU","NRU","Pacific Islands",1991,0,0,0
"NAURU","NRU","Pacific Islands",1992,0,0,0
"NAURU","NRU","Pacific Islands",1993,0,0,0
"NAURU","NRU","Pacific Islands",1994,1,0,3
"NAURU","NRU","Pacific Islands",1995,0,0,0
"NAURU","NRU","Pacific Islands",1996,0,0,0
"NAURU","NRU","Pacific Islands",1997,0,0,0
"NAURU","NRU","Pacific Islands",1998,0,0,0
"NAURU","NRU","Pacific Islands",1999,0,0,0
"NAURU","NRU","Pacific Islands",2000,0,0,0
"NAURU","NRU","Pacific Islands",2001,0,0,0
"NAURU","NRU","Pacific Islands",2002,0,0,0
"NAURU","NRU","Pacific Islands",2003,233,233,233
"NAURU","NRU","Pacific Islands",2004,0,0,0
"NAURU","NRU","Pacific Islands",2005,0,0,0
"NAURU","NRU","Pacific Islands",2006,0,0,0
"NAURU","NRU","Pacific Islands",2007,0,0,0
"NAURU","NRU","Pacific Islands",2008,2,2,2
"NAURU","NRU","Pacific Islands",2009,0,0,0
"NAURU","NRU","Pacific Islands",2010,0,0,0
"NAURU","NRU","Pacific Islands",2011,0,0,0
"NAURU","NRU","Pacific Islands",2012,0,0,0
"NAURU","NRU","Pacific Islands",2013,0,0,0
"NAURU","NRU","Pacific Islands",2014,251,251,251
"NAURU","NRU","Pacific Islands",2015,0,0,0
"NAURU","NRU","Pacific Islands",2016,0,0,0
"NAURU","NRU","Pacific Islands",2017,964,964,964
"NAURU","NRU","Pacific Islands",2018,114,114,114
"NAURU","NRU","Pacific Islands",2019,0,0,0
"NAURU","NRU","Pacific Islands",2020,0,0,0
"NAURU","NRU","Pacific Islands",2021,0,0,0
"NAURU","NRU","Pacific Islands",2022,0,0,0
"NAURU","NRU","Pacific Islands",2023,0,0,0
"NAURU","NRU","Pacific Islands",2024,0,0,3
"NEPAL","NPL","South Asia",1990,0,0,0
"NEPAL","NPL","South Asia",1991,0,0,0
"NEPAL","NPL","South Asia",1992,0,0,0
"NEPAL","NPL","South Asia",1993,0,0,0
"NEPAL","NPL","South Asia",1994,0,0,0
"NEPAL","NPL","South Asia",1995,0,0,0
"NEPAL","NPL","South Asia",1996,0,0,0
"NEPAL","NPL","South Asia",1997,0,0,0
"NEPAL","NPL","South Asia",1998,0,0,0
"NEPAL","NPL","South Asia",1999,0,0,0
"NEPAL","NPL","South Asia",2000,0,0,0
"NEPAL","NPL","South Asia",2001,0,0,0
"NEPAL","NPL","South Asia",2002,0,0,0
"NEPAL","NPL","South Asia",2003,0,0,0
"NEPAL","NPL","South Asia",2004,0,0,0
"NEPAL","NPL","South Asia",2005,0,0,0
"NEPAL","NPL","South Asia",2006,32,32,32
"NEPAL","NPL","South Asia",2007,27,27,27
"NEPAL","NPL","South Asia",2008,10,10,10
"NEPAL","NPL","South Asia",2009,30,30,30
"NEPAL","NPL","South Asia",2010,917,917,917
"NEPAL","NPL","South Asia",2011,79,79,79
"NEPAL","NPL","South Asia",2012,183,183,183
"NEPAL","NPL","South Asia",2013,728,728,728
"NEPAL","NPL","South Asia",2014,362,362,362
"NEPAL","NPL","South Asia",2015,26,26,26
"NEPAL","NPL","South Asia",2016,1523,1523,1523
"NEPAL","NPL","South Asia",2017,1201,1201,1201
"NEPAL","NPL","South Asia",2018,230,230,230
"NEPAL","NPL","South Asia",2019,17992,17992,17992
"NEPAL","NPL","South Asia",2020,630,630,630
"NEPAL","NPL","South Asia",2021,540,540,540
"NEPAL","NPL","South Asia",2022,54784,54784,54784
"NEPAL","NPL","South Asia",2023,52790,52790,52790
"NEPAL","NPL","South Asia",2024,41865,41865,41865
"NEW CALEDONIA","NCL","Pacific Islands",1990,326,326,326
"NEW CALEDONIA","NCL","Pacific Islands",1991,26,26,26
"NEW CALEDONIA","NCL","Pacific Islands",1992,10,10,10
"NEW CALEDONIA","NCL","Pacific Islands",1993,4,4,4
"NEW CALEDONIA","NCL","Pacific Islands",1994,11,11,11
"NEW CALEDONIA","NCL","Pacific Islands",1995,2211,2211,2211
"NEW CALEDONIA","NCL","Pacific Islands",1996,2121,2121,2121
"NEW CALEDONIA","NCL","Pacific Islands",1997,250,250,250
"NEW CALEDONIA","NCL","Pacific Islands",1998,2618,2618,2618
"NEW CALEDONIA","NCL","Pacific Islands",1999,359,359,359
"NEW CALEDONIA","NCL","Pacific Islands",2000,15,15,15
"NEW CALEDONIA","NCL","Pacific Islands",2001,34,34,34
"NEW CALEDONIA","NCL","Pacific Islands",2002,105,105,105
"NEW CALEDONIA","NCL","Pacific Islands",2003,5673,5673,5673
"NEW CALEDONIA","NCL","Pacific Islands",2004,792,792,792
"NEW CALEDONIA","NCL","Pacific Islands",2005,46,46,46
"NEW CALEDONIA","NCL","Pacific Islands",2006,48,48,48
"NEW CALEDONIA","NCL","Pacific Islands",2007,47,47,47
"NEW CALEDONIA","NCL","Pacific Islands",2008,1179,1179,1179
"NEW CALEDONIA","NCL","Pacific Islands",2009,8610,8610,8610
"NEW CALEDONIA","NCL","Pacific Islands",2010,113,113,113
"NEW CALEDONIA","NCL","Pacific Islands",2011,1,1,1
"NEW CALEDONIA","NCL","Pacific Islands",2012,660,660,660
"NEW CALEDONIA","NCL","Pacific Islands",2013,10750,10750,10750
"NEW CALEDONIA","NCL","Pacific Islands",2014,310,310,310
"NEW CALEDONIA","NCL","Pacific Islands",2015,3,3,3
"NEW CALEDONIA","NCL","Pacific Islands",2016,2,2,2
"NEW CALEDONIA","NCL","Pacific Islands",2017,4426,4421,4434
"NEW CALEDONIA","NCL","Pacific Islands",2018,1997,1997,1997
"NEW CALEDONIA","NCL","Pacific Islands",2019,3925,3925,3925
"NEW CALEDONIA","NCL","Pacific Islands",2020,60,59,64
"NEW CALEDONIA","NCL","Pacific Islands",2021,136,136,136
"NEW CALEDONIA","NCL","Pacific Islands",2022,696,633,799
"NEW CALEDONIA","NCL","Pacific Islands",2023,11,6,20
"NEW CALEDONIA","NCL","Pacific Islands",2024,18,18,18
"NICARAGUA","NIC","North & Central America",1990,4137,4137,4137
"NICARAGUA","NIC","North & Central America",1991,1885,1885,1885
"NICARAGUA","NIC","North & Central America",1992,5495,5495,5495
"NICARAGUA","NIC","North & Central America",1993,8938,8938,8938
"NICARAGUA","NIC","North & Central America",1994,20469,20469,20469
"NICARAGUA","NIC","North & Central America",1995,18454,18454,18454
"NICARAGUA","NIC","North & Central America",1996,2743,2743,2743
"NICARAGUA","NIC","North & Central America",1997,3058,3058,3058
"NICARAGUA","NIC","North & Central America",1998,13160,13160,13160
"NICARAGUA","NIC","North & Central America",1999,10401,10401,10401
"NICARAGUA","NIC","North & Central America",2000,6681,6681,6681
"NICARAGUA","NIC","North & Central America",2001,2333,2333,2333
"NICARAGUA","NIC","North & Central America",2002,2269,2269,2269
"NICARAGUA","NIC","North & Central America",2003,2715,2715,2715
"NICARAGUA","NIC","North & Central America",2004,8332,8332,8332
"NICARAGUA","NIC","North & Central America",2005,14678,14678,14678
"NICARAGUA","NIC","North & Central America",2006,10456,10456,10456
"NICARAGUA","NIC","North & Central America",2007,12292,12292,12292
"NICARAGUA","NIC","North & Central America",2008,8904,8852,9041
"NICARAGUA","NIC","North & Central America",2009,18063,18063,18063
"NICARAGUA","NIC","North & Central America",2010,25174,25174,25174
"NICARAGUA","NIC","North & Central America",2011,11881,11881,11881
"NICARAGUA","NIC","North & Central America",2012,30378,30378,30378
"NICARAGUA","NIC","North & Central America",2013,77179,77179,77179
"NICARAGUA","NIC","North & Central America",2014,35425,35425,35425
"NICARAGUA","NIC","North & Central America",2015,49326,49326,49326
"NICARAGUA","NIC","North & Central America",2016,88463,88463,88463
"NICARAGUA","NIC","North & Central America",2017,68785,68785,68785
"NICARAGUA","NIC","North & Central America",2018,58746,58746,58746
"NICARAGUA","NIC","North & Central America",2019,186173,186173,186173
"NICARAGUA","NIC","North & Central America",2020,53953,53953,53953
"NICARAGUA","NIC","North & Central America",2021,36741,36741,36741
"NICARAGUA","NIC","North & Central America",2022,97541,97541,97541
"NICARAGUA","NIC","North & Central America",2023,181096,181096,181096
"NICARAGUA","NIC","North & Central America",2024,92022,92022,92022
"NIGER","NER","Sub-Saharan Africa",1990,0,0,0
"NIGER","NER","Sub-Saharan Africa",1991,0,0,0
"NIGER","NER","Sub-Saharan Africa",1992,0,0,0
"NIGER","NER","Sub-Saharan Africa",1993,0,0,0
"NIGER","NER","Sub-Saharan Africa",1994,0,0,0
"NIGER","NER","Sub-Saharan Africa",1995,0,0,0
"NIGER","NER","Sub-Saharan Africa",1996,0,0,0
"NIGER","NER","Sub-Saharan Africa",1997,0,0,0
"NIGER","NER","Sub-Saharan Africa",1998,0,0,0
"NIGER","NER","Sub-Saharan Africa",1999,0,0,0
"NIGER","NER","Sub-Saharan Africa",2000,0,0,0
"NIGER","NER","Sub-Saharan Africa",2001,0,0,0
"NIGER","NER","Sub-Saharan Africa",2002,0,0,0
"NIGER","NER","Sub-Saharan Africa",2003,0,0,0
"NIGER","NER","Sub-Saharan Africa",2004,0,0,0
"NIGER","NER","Sub-Saharan Africa",2005,0,0,0
"NIGER","NER","Sub-Saharan Africa",2006,0,0,0
"NIGER","NER","Sub-Saharan Africa",2007,0,0,0
"NIGER","NER","Sub-Saharan Africa",2008,0,0,0
"NIGER","NER","Sub-Saharan Africa",2009,0,0,0
"NIGER","NER","Sub-Saharan Africa",2010,0,0,0
"NIGER","NER","Sub-Saharan Africa",2011,0,0,0
"NIGER","NER","Sub-Saharan Africa",2012,0,0,0
"NIGER","NER","Sub-Saharan Africa",2013,0,0,0
"NIGER","NER","Sub-Saharan Africa",2014,0,0,0
"NIGER","NER","Sub-Saharan Africa",2015,0,0,0
"NIGER","NER","Sub-Saharan Africa",2016,0,0,0
"NIGER","NER","Sub-Saharan Africa",2017,0,0,0
"NIGER","NER","Sub-Saharan Africa",2018,0,0,0
"NIGER","NER","Sub-Saharan Africa",2019,0,0,0
"NIGER","NER","Sub-Saharan Africa",2020,0,0,0
"NIGER","NER","Sub-Saharan Africa",2021,0,0,0
"NIGER","NER","Sub-Saharan Africa",2022,1,1,1
"NIGER","NER","Sub-Saharan Africa",2023,148,148,148
"NIGER","NER","Sub-Saharan Africa",2024,58,58,58
"NIGERIA","NGA","Sub-Saharan Africa",1990,0,0,0
"NIGERIA","NGA","Sub-Saharan Africa",1991,0,0,0
"NIGERIA","NGA","Sub-Saharan Africa",1992,0,0,0
"NIGERIA","NGA","Sub-Saharan Africa",1993,0,0,0
"NIGERIA","NGA","Sub-Saharan Africa",1994,0,0,0
"NIGERIA","NGA","Sub-Saharan Africa",1995,0,0,0
"NIGERIA","NGA","Sub-Saharan Africa",1996,0,0,0
"NIGERIA","NGA","Sub-Saharan Africa",1997,0,0,0
"NIGERIA","NGA","Sub-Saharan Africa",1998,0,0,0
"NIGERIA","NGA","Sub-Saharan Africa",1999,0,0,0
"NIGERIA","NGA","Sub-Saharan Africa",2000,0,0,0
"NIGERIA","NGA","Sub-Saharan Africa",2001,0,0,0
"NIGERIA","NGA","Sub-Saharan Africa",2002,0,0,0
"NIGERIA","NGA","Sub-Saharan Africa",2003,0,0,0
"NIGERIA","NGA","Sub-Saharan Africa",2004,0,0,0
"NIGERIA","NGA","Sub-Saharan Africa",2005,0,0,0
"NIGERIA","NGA","Sub-Saharan Africa",2006,0,0,0
"NIGERIA","NGA","Sub-Saharan Africa",2007,0,0,0
"NIGERIA","NGA","Sub-Saharan Africa",2008,0,0,0
"NIGERIA","NGA","Sub-Saharan Africa",2009,0,0,0
"NIGERIA","NGA","Sub-Saharan Africa",2010,0,0,0
"NIGERIA","NGA","Sub-Saharan Africa",2011,0,0,0
"NIGERIA","NGA","Sub-Saharan Africa",2012,0,0,0
"NIGERIA","NGA","Sub-Saharan Africa",2013,0,0,0
"NIGERIA","NGA","Sub-Saharan Africa",2014,526,526,526
"NIGERIA","NGA","Sub-Saharan Africa",2015,0,0,0
"NIGERIA","NGA","Sub-Saharan Africa",2016,0,0,0
"NIGERIA","NGA","Sub-Saharan Africa",2017,0,0,0
"NIGERIA","NGA","Sub-Saharan Africa",2018,130,130,130
"NIGERIA","NGA","Sub-Saharan Africa",2019,0,0,0
"NIGERIA","NGA","Sub-Saharan Africa",2020,82,82,82
"NIGERIA","NGA","Sub-Saharan Africa",2021,0,0,0
"NIGERIA","NGA","Sub-Saharan Africa",2022,0,0,0
"NIGERIA","NGA","Sub-Saharan Africa",2023,84,84,84
"NIGERIA","NGA","Sub-Saharan Africa",2024,0,0,0
"NIUE","NIU","Pacific Islands",1990,0,0,0
"NIUE","NIU","Pacific Islands",1991,2,2,2
"NIUE","NIU","Pacific Islands",1992,0,0,0
"NIUE","NIU","Pacific Islands",1993,0,0,0
"NIUE","NIU","Pacific Islands",1994,0,0,2
"NIUE","NIU","Pacific Islands",1995,0,0,0
"NIUE","NIU","Pacific Islands",1996,1,1,1
"NIUE","NIU","Pacific Islands",1997,0,0,0
"NIUE","NIU","Pacific Islands",1998,0,0,0
"NIUE","NIU","Pacific Islands",1999,0,0,0
"NIUE","NIU","Pacific Islands",2000,0,0,0
"NIUE","NIU","Pacific Islands",2001,1,1,1
"NIUE","NIU","Pacific Islands",2002,0,0,0
"NIUE","NIU","Pacific Islands",2003,0,0,0
"NIUE","NIU","Pacific Islands",2004,0,0,0
"NIUE","NIU","Pacific Islands",2005,0,0,0
"NIUE","NIU","Pacific Islands",2006,0,0,0
"NIUE","NIU","Pacific Islands",2007,0,0,0
"NIUE","NIU","Pacific Islands",2008,3,3,3
"NIUE","NIU","Pacific Islands",2009,0,0,0
"NIUE","NIU","Pacific Islands",2010,0,0,0
"NIUE","NIU","Pacific Islands",2011,0,0,0
"NIUE","NIU","Pacific Islands",2012,128,128,128
"NIUE","NIU","Pacific Islands",2013,0,0,0
"NIUE","NIU","Pacific Islands",2014,0,0,0
"NIUE","NIU","Pacific Islands",2015,0,0,0
"NIUE","NIU","Pacific Islands",2016,0,0,0
"NIUE","NIU","Pacific Islands",2017,24,14,56
"NIUE","NIU","Pacific Islands",2018,3,0,10
"NIUE","NIU","Pacific Islands",2019,2,0,9
"NIUE","NIU","Pacific Islands",2020,5,0,24
"NIUE","NIU","Pacific Islands",2021,2,0,9
"NIUE","NIU","Pacific Islands",2022,17,13,27
"NIUE","NIU","Pacific Islands",2023,2,0,10
"NIUE","NIU","Pacific Islands",2024,0,0,3
"NORTHERN MARIANA ISLANDS","MNP","Pacific Islands",1990,0,0,0
"NORTHERN MARIANA ISLANDS","MNP","Pacific Islands",1991,0,0,0
"NORTHERN MARIANA ISLANDS","MNP","Pacific Islands",1992,0,0,0
"NORTHERN MARIANA ISLANDS","MNP","Pacific Islands",1993,0,0,0
"NORTHERN MARIANA ISLANDS","MNP","Pacific Islands",1994,0,0,0
"NORTHERN MARIANA ISLANDS","MNP","Pacific Islands",1995,8,0,84
"NORTHERN MARIANA ISLANDS","MNP","Pacific Islands",1996,1,1,1
"NORTHERN MARIANA ISLANDS","MNP","Pacific Islands",1997,0,0,0
"NORTHERN MARIANA ISLANDS","MNP","Pacific Islands",1998,3,3,3
"NORTHERN MARIANA ISLANDS","MNP","Pacific Islands",1999,0,0,0
"NORTHERN MARIANA ISLANDS","MNP","Pacific Islands",2000,0,0,0
"NORTHERN MARIANA ISLANDS","MNP","Pacific Islands",2001,1418,1418,1418
"NORTHERN MARIANA ISLANDS","MNP","Pacific Islands",2002,0,0,0
"NORTHERN MARIANA ISLANDS","MNP","Pacific Islands",2003,0,0,0
"NORTHERN MARIANA ISLANDS","MNP","Pacific Islands",2004,0,0,0
"NORTHERN MARIANA ISLANDS","MNP","Pacific Islands",2005,0,0,0
"NORTHERN MARIANA ISLANDS","MNP","Pacific Islands",2006,0,0,0
"NORTHERN MARIANA ISLANDS","MNP","Pacific Islands",2007,0,0,0
"NORTHERN MARIANA ISLANDS","MNP","Pacific Islands",2008,0,0,0
"NORTHERN MARIANA ISLANDS","MNP","Pacific Islands",2009,0,0,0
"NORTHERN MARIANA ISLANDS","MNP","Pacific Islands",2010,0,0,0
"NORTHERN MARIANA ISLANDS","MNP","Pacific Islands",2011,0,0,0
"NORTHERN MARIANA ISLANDS","MNP","Pacific Islands",2012,0,0,0
"NORTHERN MARIANA ISLANDS","MNP","Pacific Islands",2013,0,0,0
"NORTHERN MARIANA ISLANDS","MNP","Pacific Islands",2014,0,0,0
"NORTHERN MARIANA ISLANDS","MNP","Pacific Islands",2015,0,0,0
"NORTHERN MARIANA ISLANDS","MNP","Pacific Islands",2016,0,0,0
"NORTHERN MARIANA ISLANDS","MNP","Pacific Islands",2017,0,0,2
"NORTHERN MARIANA ISLANDS","MNP","Pacific Islands",2018,3,0,15
"NORTHERN MARIANA ISLANDS","MNP","Pacific Islands",2019,3,0,18
"NORTHERN MARIANA ISLANDS","MNP","Pacific Islands",2020,3,0,16
"NORTHERN MARIANA ISLANDS","MNP","Pacific Islands",2021,1,0,4
"NORTHERN MARIANA ISLANDS","MNP","Pacific Islands",2022,1068,1007,1198
"NORTHERN MARIANA ISLANDS","MNP","Pacific Islands",2023,5,0,23
"NORTHERN MARIANA ISLANDS","MNP","Pacific Islands",2024,2,1,5
"OMAN","OMN","Europe, Middle East & North Africa",1990,0,0,0
"OMAN","OMN","Europe, Middle East & North Africa",1991,0,0,0
"OMAN","OMN","Europe, Middle East & North Africa",1992,0,0,0
"OMAN","OMN","Europe, Middle East & North Africa",1993,0,0,0
"OMAN","OMN","Europe, Middle East & North Africa",1994,0,0,0
"OMAN","OMN","Europe, Middle East & North Africa",1995,0,0,0
"OMAN","OMN","Europe, Middle East & North Africa",1996,0,0,0
"OMAN","OMN","Europe, Middle East & North Africa",1997,0,0,0
"OMAN","OMN","Europe, Middle East & North Africa",1998,0,0,0
"OMAN","OMN","Europe, Middle East & North Africa",1999,0,0,0
"OMAN","OMN","Europe, Middle East & North Africa",2000,0,0,0
"OMAN","OMN","Europe, Middle East & North Africa",2001,0,0,0
"OMAN","OMN","Europe, Middle East & North Africa",2002,0,0,0
"OMAN","OMN","Europe, Middle East & North Africa",2003,0,0,0
"OMAN","OMN","Europe, Middle East & North Africa",2004,0,0,0
"OMAN","OMN","Europe, Middle East & North Africa",2005,0,0,0
"OMAN","OMN","Europe, Middle East & North Africa",2006,0,0,0
"OMAN","OMN","Europe, Middle East & North Africa",2007,0,0,0
"OMAN","OMN","Europe, Middle East & North Africa",2008,0,0,0
"OMAN","OMN","Europe, Middle East & North Africa",2009,0,0,0
"OMAN","OMN","Europe, Middle East & North Africa",2010,0,0,0
"OMAN","OMN","Europe, Middle East & North Africa",2011,0,0,0
"OMAN","OMN","Europe, Middle East & North Africa",2012,0,0,0
"OMAN","OMN","Europe, Middle East & North Africa",2013,0,0,0
"OMAN","OMN","Europe, Middle East & North Africa",2014,0,0,0
"OMAN","OMN","Europe, Middle East & North Africa",2015,0,0,0
"OMAN","OMN","Europe, Middle East & North Africa",2016,0,0,0
"OMAN","OMN","Europe, Middle East & North Africa",2017,0,0,0
"OMAN","OMN","Europe, Middle East & North Africa",2018,64,64,64
"OMAN","OMN","Europe, Middle East & North Africa",2019,109,109,109
"OMAN","OMN","Europe, Middle East & North Africa",2020,310,310,310
"OMAN","OMN","Europe, Middle East & North Africa",2021,24,24,24
"OMAN","OMN","Europe, Middle East & North Africa",2022,1989,1989,1989
"OMAN","OMN","Europe, Middle East & North Africa",2023,2711,2711,2711
"OMAN","OMN","Europe, Middle East & North Africa",2024,0,0,0
"PAKISTAN","PAK","South Asia",1990,0,0,0
"PAKISTAN","PAK","South Asia",1991,0,0,0
"PAKISTAN","PAK","South Asia",1992,0,0,0
"PAKISTAN","PAK","South Asia",1993,0,0,0
"PAKISTAN","PAK","South Asia",1994,145,145,145
"PAKISTAN","PAK","South Asia",1995,76,76,76
"PAKISTAN","PAK","South Asia",1996,0,0,0
"PAKISTAN","PAK","South Asia",1997,251,251,251
"PAKISTAN","PAK","South Asia",1998,0,0,0
"PAKISTAN","PAK","South Asia",1999,0,0,0
"PAKISTAN","PAK","South Asia",2000,0,0,0
"PAKISTAN","PAK","South Asia",2001,0,0,0
"PAKISTAN","PAK","South Asia",2002,0,0,0
"PAKISTAN","PAK","South Asia",2003,17,17,17
"PAKISTAN","PAK","South Asia",2004,25,25,25
"PAKISTAN","PAK","South Asia",2005,3940,3940,3940
"PAKISTAN","PAK","South Asia",2006,1931,1931,1931
"PAKISTAN","PAK","South Asia",2007,1199,1199,1199
"PAKISTAN","PAK","South Asia",2008,1795,1795,1795
"PAKISTAN","PAK","South Asia",2009,946,946,946
"PAKISTAN","PAK","South Asia",2010,9785,9785,9785
"PAKISTAN","PAK","South Asia",2011,24928,24928,24928
"PAKISTAN","PAK","South Asia",2012,3764,3764,3764
"PAKISTAN","PAK","South Asia",2013,28883,28883,28883
"PAKISTAN","PAK","South Asia",2014,4128,4128,4128
"PAKISTAN","PAK","South Asia",2015,13088,13088,13088
"PAKISTAN","PAK","South Asia",2016,9260,9260,9260
"PAKISTAN","PAK","South Asia",2017,25023,25023,25023
"PAKISTAN","PAK","South Asia",2018,6054,6054,6054
"PAKISTAN","PAK","South Asia",2019,54079,54079,54079
"PAKISTAN","PAK","South Asia",2020,125794,125794,125794
"PAKISTAN","PAK","South Asia",2021,293579,293579,293579
"PAKISTAN","PAK","South Asia",2022,78802,78802,78802
"PAKISTAN","PAK","South Asia",2023,20072,20072,20072
"PAKISTAN","PAK","South Asia",2024,58670,58670,58670
"PALAU","PLW","Pacific Islands",1990,0,0,0
"PALAU","PLW","Pacific Islands",1991,0,0,0
"PALAU","PLW","Pacific Islands",1992,0,0,0
"PALAU","PLW","Pacific Islands",1993,0,0,0
"PALAU","PLW","Pacific Islands",1994,0,0,0
"PALAU","PLW","Pacific Islands",1995,857,857,857
"PALAU","PLW","Pacific Islands",1996,1,1,1
"PALAU","PLW","Pacific Islands",1997,0,0,0
"PALAU","PLW","Pacific Islands",1998,14,14,14
"PALAU","PLW","Pacific Islands",1999,1,1,1
"PALAU","PLW","Pacific Islands",2000,1208,1208,1208
"PALAU","PLW","Pacific Islands",2001,863,863,863
"PALAU","PLW","Pacific Islands",2002,45,45,45
"PALAU","PLW","Pacific Islands",2003,15,15,15
"PALAU","PLW","Pacific Islands",2004,57,57,57
"PALAU","PLW","Pacific Islands",2005,0,0,0
"PALAU","PLW","Pacific Islands",2006,28,28,28
"PALAU","PLW","Pacific Islands",2007,80,80,80
"PALAU","PLW","Pacific Islands",2008,204,204,204
"PALAU","PLW","Pacific Islands",2009,4,4,4
"PALAU","PLW","Pacific Islands",2010,9,9,9
"PALAU","PLW","Pacific Islands",2011,334,334,334
"PALAU","PLW","Pacific Islands",2012,0,0,0
"PALAU","PLW","Pacific Islands",2013,9,9,9
"PALAU","PLW","Pacific Islands",2014,13,13,13
"PALAU","PLW","Pacific Islands",2015,20,20,20
"PALAU","PLW","Pacific Islands",2016,0,0,0
"PALAU","PLW","Pacific Islands",2017,1143,846,1685
"PALAU","PLW","Pacific Islands",2018,570,570,570
"PALAU","PLW","Pacific Islands",2019,1922,1551,2442
"PALAU","PLW","Pacific Islands",2020,240,164,511
"PALAU","PLW","Pacific Islands",2021,54,10,185
"PALAU","PLW","Pacific Islands",2022,170,150,195
"PALAU","PLW","Pacific Islands",2023,17,4,57
"PALAU","PLW","Pacific Islands",2024,8,4,27
"PANAMA","PAN","North & Central America",1990,0,0,0
"PANAMA","PAN","North & Central America",1991,0,0,0
"PANAMA","PAN","North & Central America",1992,0,0,0
"PANAMA","PAN","North & Central America",1993,13,13,13
"PANAMA","PAN","North & Central America",1994,20469,20469,20469
"PANAMA","PAN","North & Central America",1995,3080,3080,3080
"PANAMA","PAN","North & Central America",1996,811,811,811
"PANAMA","PAN","North & Central America",1997,2628,2628,2628
"PANAMA","PAN","North & Central America",1998,2716,2716,2716
"PANAMA","PAN","North & Central America",1999,2782,2782,2782
"PANAMA","PAN","North & Central America",2000,314,314,314
"PANAMA","PAN","North & Central America",2001,1538,1538,1538
"PANAMA","PAN","North & Central America",2002,706,706,706
"PANAMA","PAN","North & Central America",2003,293,293,293
"PANAMA","PAN","North & Central America",2004,369,369,369
"PANAMA","PAN","North & Central America",2005,3998,3998,3998
"PANAMA","PAN","North & Central America",2006,4293,4293,4293
"PANAMA","PAN","North & Central America",2007,3399,3399,3399
"PANAMA","PAN","North & Central America",2008,2284,2284,2284
"PANAMA","PAN","North & Central America",2009,6783,6783,6783
"PANAMA","PAN","North & Central America",2010,1999,1999,1999
"PANAMA","PAN","North & Central America",2011,3844,3844,3844
"PANAMA","PAN","North & Central America",2012,1194,1194,1194
"PANAMA","PAN","North & Central America",2013,4774,4774,4774
"PANAMA","PAN","North & Central America",2014,5517,5517,5517
"PANAMA","PAN","North & Central America",2015,4815,4815,4815
"PANAMA","PAN","North & Central America",2016,9526,9526,9526
"PANAMA","PAN","North & Central America",2017,10702,10702,10702
"PANAMA","PAN","North & Central America",2018,7944,7944,7944
"PANAMA","PAN","North & Central America",2019,9661,9661,9661
"PANAMA","PAN","North & Central America",2020,4134,4112,4166
"PANAMA","PAN","North & Central America",2021,3685,3685,3685
"PANAMA","PAN","North & Central America",2022,11924,11924,11924
"PANAMA","PAN","North & Central America",2023,20924,20924,20924
"PANAMA","PAN","North & Central America",2024,37231,37231,37231
"PAPUA NEW GUINEA","PNG","Pacific Islands",1990,0,0,0
"PAPUA NEW GUINEA","PNG","Pacific Islands",1991,475,475,475
"PAPUA NEW GUINEA","PNG","Pacific Islands",1992,0,0,0
"PAPUA NEW GUINEA","PNG","Pacific Islands",1993,0,0,0
"PAPUA NEW GUINEA","PNG","Pacific Islands",1994,0,0,0
"PAPUA NEW GUINEA","PNG","Pacific Islands",1995,0,0,0
"PAPUA NEW GUINEA","PNG","Pacific Islands",1996,0,0,0
"PAPUA NEW GUINEA","PNG","Pacific Islands",1997,0,0,0
"PAPUA NEW GUINEA","PNG","Pacific Islands",1998,0,0,0
"PAPUA NEW GUINEA","PNG","Pacific Islands",1999,0,0,0
"PAPUA NEW GUINEA","PNG","Pacific Islands",2000,0,0,0
"PAPUA NEW GUINEA","PNG","Pacific Islands",2001,0,0,0
"PAPUA NEW GUINEA","PNG","Pacific Islands",2002,22,22,22
"PAPUA NEW GUINEA","PNG","Pacific Islands",2003,0,0,0
"PAPUA NEW GUINEA","PNG","Pacific Islands",2004,0,0,0
"PAPUA NEW GUINEA","PNG","Pacific Islands",2005,0,0,0
"PAPUA NEW GUINEA","PNG","Pacific Islands",2006,0,0,0
"PAPUA NEW GUINEA","PNG","Pacific Islands",2007,0,0,0
"PAPUA NEW GUINEA","PNG","Pacific Islands",2008,0,0,0
"PAPUA NEW GUINEA","PNG","Pacific Islands",2009,28,28,28
"PAPUA NEW GUINEA","PNG","Pacific Islands",2010,0,0,0
"PAPUA NEW GUINEA","PNG","Pacific Islands",2011,3,3,3
"PAPUA NEW GUINEA","PNG","Pacific Islands",2012,0,0,0
"PAPUA NEW GUINEA","PNG","Pacific Islands",2013,0,0,0
"PAPUA NEW GUINEA","PNG","Pacific Islands",2014,6,6,6
"PAPUA NEW GUINEA","PNG","Pacific Islands",2015,170,170,170
"PAPUA NEW GUINEA","PNG","Pacific Islands",2016,0,0,0
"PAPUA NEW GUINEA","PNG","Pacific Islands",2017,0,0,0
"PAPUA NEW GUINEA","PNG","Pacific Islands",2018,0,0,0
"PAPUA NEW GUINEA","PNG","Pacific Islands",2019,0,0,0
"PAPUA NEW GUINEA","PNG","Pacific Islands",2020,0,0,0
"PAPUA NEW GUINEA","PNG","Pacific Islands",2021,0,0,0
"PAPUA NEW GUINEA","PNG","Pacific Islands",2022,0,0,0
"PAPUA NEW GUINEA","PNG","Pacific Islands",2023,0,0,0
"PAPUA NEW GUINEA","PNG","Pacific Islands",2024,1,0,5
"PARAGUAY","PRY","South America",1990,0,0,0
"PARAGUAY","PRY","South America",1991,0,0,0
"PARAGUAY","PRY","South America",1992,0,0,0
"PARAGUAY","PRY","South America",1993,0,0,0
"PARAGUAY","PRY","South America",1994,0,0,0
"PARAGUAY","PRY","South America",1995,0,0,0
"PARAGUAY","PRY","South America",1996,0,0,0
"PARAGUAY","PRY","South America",1997,0,0,0
"PARAGUAY","PRY","South America",1998,0,0,0
"PARAGUAY","PRY","South America",1999,1164,1164,1164
"PARAGUAY","PRY","South America",2000,24282,24282,24282
"PARAGUAY","PRY","South America",2001,38,38,38
"PARAGUAY","PRY","South America",2002,1871,1871,1871
"PARAGUAY","PRY","South America",2003,137,137,137
"PARAGUAY","PRY","South America",2004,164,164,164
"PARAGUAY","PRY","South America",2005,405,405,405
"PARAGUAY","PRY","South America",2006,4271,4271,4271
"PARAGUAY","PRY","South America",2007,28127,28127,28127
"PARAGUAY","PRY","South America",2008,1953,1953,1953
"PARAGUAY","PRY","South America",2009,6143,6143,6143
"PARAGUAY","PRY","South America",2010,13523,13523,13523
"PARAGUAY","PRY","South America",2011,42847,42847,42847
"PARAGUAY","PRY","South America",2012,39063,39063,39063
"PARAGUAY","PRY","South America",2013,144470,144470,144470
"PARAGUAY","PRY","South America",2014,10014,10014,10014
"PARAGUAY","PRY","South America",2015,68652,68652,68652
"PARAGUAY","PRY","South America",2016,70215,70215,70215
"PARAGUAY","PRY","South America",2017,1832,1832,1832
"PARAGUAY","PRY","South America",2018,32359,32359,32359
"PARAGUAY","PRY","South America",2019,11811,11811,11811
"PARAGUAY","PRY","South America",2020,223782,223782,223782
"PARAGUAY","PRY","South America",2021,16897,16897,16897
"PARAGUAY","PRY","South America",2022,7428,7428,7428
"PARAGUAY","PRY","South America",2023,63216,63216,63216
"PARAGUAY","PRY","South America",2024,295785,295785,295785
"PERU","PER","South America",1990,7858,7858,7858
"PERU","PER","South America",1991,714,714,714
"PERU","PER","South America",1992,1971,1971,1971
"PERU","PER","South America",1993,897,897,897
"PERU","PER","South America",1994,1471,1471,1471
"PERU","PER","South America",1995,2732,2732,2732
"PERU","PER","South America",1996,6395,6395,6395
"PERU","PER","South America",1997,1357,1357,1357
"PERU","PER","South America",1998,988,988,988
"PERU","PER","South America",1999,554,554,554
"PERU","PER","South America",2000,5557,5557,5557
"PERU","PER","South America",2001,23526,23526,23526
"PERU","PER","South America",2002,8862,8862,8862
"PERU","PER","South America",2003,3622,3622,3622
"PERU","PER","South America",2004,9739,9739,9739
"PERU","PER","South America",2005,6342,6342,6342
"PERU","PER","South America",2006,5527,5527,5527
"PERU","PER","South America",2007,6872,6872,6872
"PERU","PER","South America",2008,12939,12939,12939
"PERU","PER","South America",2009,13326,13326,13326
"PERU","PER","South America",2010,18484,18484,18484
"PERU","PER","South America",2011,31439,31439,31439
"PERU","PER","South America",2012,31005,31005,31005
"PERU","PER","South America",2013,15039,15039,15039
"PERU","PER","South America",2014,19043,19043,19043
"PERU","PER","South America",2015,35837,35837,35837
"PERU","PER","South America",2016,31868,31868,31868
"PERU","PER","South America",2017,76093,76093,76093
"PERU","PER","South America",2018,6930,6930,6930
"PERU","PER","South America",2019,17143,17143,17143
"PERU","PER","South America",2020,56394,56394,56394
"PERU","PER","South America",2021,49274,49274,49274
"PERU","PER","South America",2022,72851,72851,72851
"PERU","PER","South America",2023,274227,274227,274227
"PERU","PER","South America",2024,280726,280726,280726
"PHILIPPINES","PHL","East & Southeast Asia",1990,588,588,588
"PHILIPPINES","PHL","East & Southeast Asia",1991,11317,11317,11317
"PHILIPPINES","PHL","East & Southeast Asia",1992,9108,9108,9108
"PHILIPPINES","PHL","East & Southeast Asia",1993,5715,5715,5715
"PHILIPPINES","PHL","East & Southeast Asia",1994,5603,5603,5603
"PHILIPPINES","PHL","East & Southeast Asia",1995,7413,7413,7413
"PHILIPPINES","PHL","East & Southeast Asia",1996,14649,14649,14649
"PHILIPPINES","PHL","East & Southeast Asia",1997,12811,12811,12811
"PHILIPPINES","PHL","East & Southeast Asia",1998,36162,36162,36162
"PHILIPPINES","PHL","East & Southeast Asia",1999,9406,9406,9406
"PHILIPPINES","PHL","East & Southeast Asia",2000,8561,8561,8561
"PHILIPPINES","PHL","East & Southeast Asia",2001,25216,25216,25216
"PHILIPPINES","PHL","East & Southeast Asia",2002,16663,16663,16663
"PHILIPPINES","PHL","East & Southeast Asia",2003,29946,29946,29946
"PHILIPPINES","PHL","East & Southeast Asia",2004,23040,23040,23040
"PHILIPPINES","PHL","East & Southeast Asia",2005,33901,33901,33901
"PHILIPPINES","PHL","East & Southeast Asia",2006,37101,37101,37101
"PHILIPPINES","PHL","East & Southeast Asia",2007,55639,55639,55639
"PHILIPPINES","PHL","East & Southeast Asia",2008,39620,39620,39620
"PHILIPPINES","PHL","East & Southeast Asia",2009,57819,57819,57819
"PHILIPPINES","PHL","East & Southeast Asia",2010,135355,135355,135355
"PHILIPPINES","PHL","East & Southeast Asia",2011,125975,125975,125975
"PHILIPPINES","PHL","East & Southeast Asia",2012,187031,187031,187031
"PHILIPPINES","PHL","East & Southeast Asia",2013,215868,215868,215868
"PHILIPPINES","PHL","East & Southeast Asia",2014,121580,121580,121580
"PHILIPPINES","PHL","East & Southeast Asia",2015,213930,213930,213930
"PHILIPPINES","PHL","East & Southeast Asia",2016,220518,220518,220518
"PHILIPPINES","PHL","East & Southeast Asia",2017,152224,152224,152224
"PHILIPPINES","PHL","East & Southeast Asia",2018,216190,216190,216190
"PHILIPPINES","PHL","East & Southeast Asia",2019,437777,437777,437777
"PHILIPPINES","PHL","East & Southeast Asia",2020,88595,88595,88595
"PHILIPPINES","PHL","East & Southeast Asia",2021,79592,79592,79592
"PHILIPPINES","PHL","East & Southeast Asia",2022,221746,220091,225164
"PHILIPPINES","PHL","East & Southeast Asia",2023,167355,167355,167355
"PHILIPPINES","PHL","East & Southeast Asia",2024,216239,74170,513094
"PORTUGAL","PRT","Europe, Middle East & North Africa",1990,0,0,0
"PORTUGAL","PRT","Europe, Middle East & North Africa",1991,0,0,0
"PORTUGAL","PRT","Europe, Middle East & North Africa",1992,0,0,0
"PORTUGAL","PRT","Europe, Middle East & North Africa",1993,0,0,0
"PORTUGAL","PRT","Europe, Middle East & North Africa",1994,0,0,0
"PORTUGAL","PRT","Europe, Middle East & North Africa",1995,0,0,0
"PORTUGAL","PRT","Europe, Middle East & North Africa",1996,0,0,0
"PORTUGAL","PRT","Europe, Middle East & North Africa",1997,0,0,0
"PORTUGAL","PRT","Europe, Middle East & North Africa",1998,0,0,0
"PORTUGAL","PRT","Europe, Middle East & North Africa",1999,0,0,0
"PORTUGAL","PRT","Europe, Middle East & North Africa",2000,0,0,0
"PORTUGAL","PRT","Europe, Middle East & North Africa",2001,0,0,0
"PORTUGAL","PRT","Europe, Middle East & North Africa",2002,0,0,0
"PORTUGAL","PRT","Europe, Middle East & North Africa",2003,0,0,0
"PORTUGAL","PRT","Europe, Middle East & North Africa",2004,0,0,0
"PORTUGAL","PRT","Europe, Middle East & North Africa",2005,0,0,0
"PORTUGAL","PRT","Europe, Middle East & North Africa",2006,0,0,0
"PORTUGAL","PRT","Europe, Middle East & North Africa",2007,0,0,0
"PORTUGAL","PRT","Europe, Middle East & North Africa",2008,0,0,0
"PORTUGAL","PRT","Europe, Middle East & North Africa",2009,0,0,0
"PORTUGAL","PRT","Europe, Middle East & North Africa",2010,0,0,0
"PORTUGAL","PRT","Europe, Middle East & North Africa",2011,0,0,0
"PORTUGAL","PRT","Europe, Middle East & North Africa",2012,1070,1070,1070
"PORTUGAL","PRT","Europe, Middle East & North Africa",2013,9,9,9
"PORTUGAL","PRT","Europe, Middle East & North Africa",2014,0,0,0
"PORTUGAL","PRT","Europe, Middle East & North Africa",2015,0,0,0
"PORTUGAL","PRT","Europe, Middle East & North Africa",2016,0,0,0
"PORTUGAL","PRT","Europe, Middle East & North Africa",2017,0,0,0
"PORTUGAL","PRT","Europe, Middle East & North Africa",2018,0,0,0
"PORTUGAL","PRT","Europe, Middle East & North Africa",2019,0,0,0
"PORTUGAL","PRT","Europe, Middle East & North Africa",2020,0,0,0
"PORTUGAL","PRT","Europe, Middle East & North Africa",2021,0,0,0
"PORTUGAL","PRT","Europe, Middle East & North Africa",2022,0,0,0
"PORTUGAL","PRT","Europe, Middle East & North Africa",2023,0,0,0
"PORTUGAL","PRT","Europe, Middle East & North Africa",2024,0,0,0
"PUERTO RICO","PRI","Caribbean",1990,9444,9444,9444
"PUERTO RICO","PRI","Caribbean",1991,10305,10305,10305
"PUERTO RICO","PRI","Caribbean",1992,13009,13009,13009
"PUERTO RICO","PRI","Caribbean",1993,6600,6600,6600
"PUERTO RICO","PRI","Caribbean",1994,22000,22000,22000
"PUERTO RICO","PRI","Caribbean",1995,6491,6491,6491
"PUERTO RICO","PRI","Caribbean",1996,4631,4631,4631
"PUERTO RICO","PRI","Caribbean",1997,6893,6893,6893
"PUERTO RICO","PRI","Caribbean",1998,17068,17068,17068
"PUERTO RICO","PRI","Caribbean",1999,4959,4959,4959
"PUERTO RICO","PRI","Caribbean",2000,2409,2409,2409
"PUERTO RICO","PRI","Caribbean",2001,5197,5197,5197
"PUERTO RICO","PRI","Caribbean",2002,2883,2883,2883
"PUERTO RICO","PRI","Caribbean",2003,3730,3730,3730
"PUERTO RICO","PRI","Caribbean",2004,3277,3277,3277
"PUERTO RICO","PRI","Caribbean",2005,5682,5682,5682
"PUERTO RICO","PRI","Caribbean",2006,3036,3036,3036
"PUERTO RICO","PRI","Caribbean",2007,10964,10964,10964
"PUERTO RICO","PRI","Caribbean",2008,3319,3319,3319
"PUERTO RICO","PRI","Caribbean",2009,6588,6588,6588
"PUERTO RICO","PRI","Caribbean",2010,21265,21265,21265
"PUERTO RICO","PRI","Caribbean",2011,5623,5623,5623
"PUERTO RICO","PRI","Caribbean",2012,11774,11774,11774
"PUERTO RICO","PRI","Caribbean",2013,18164,18164,18164
"PUERTO RICO","PRI","Caribbean",2014,8880,8880,8880
"PUERTO RICO","PRI","Caribbean",2015,1867,1867,1867
"PUERTO RICO","PRI","Caribbean",2016,168,168,168
"PUERTO RICO","PRI","Caribbean",2017,0,0,0
"PUERTO RICO","PRI","Caribbean",2018,0,0,0
"PUERTO RICO","PRI","Caribbean",2019,37,37,37
"PUERTO RICO","PRI","Caribbean",2020,914,914,914
"PUERTO RICO","PRI","Caribbean",2021,636,636,636
"PUERTO RICO","PRI","Caribbean",2022,1023,1023,1023
"PUERTO RICO","PRI","Caribbean",2023,1242,1242,1242
"PUERTO RICO","PRI","Caribbean",2024,6088,6088,6088
"REUNION","REU","Sub-Saharan Africa",1990,0,0,0
"REUNION","REU","Sub-Saharan Africa",1991,0,0,0
"REUNION","REU","Sub-Saharan Africa",1992,0,0,0
"REUNION","REU","Sub-Saharan Africa",1993,0,0,0
"REUNION","REU","Sub-Saharan Africa",1994,0,0,0
"REUNION","REU","Sub-Saharan Africa",1995,0,0,0
"REUNION","REU","Sub-Saharan Africa",1996,0,0,0
"REUNION","REU","Sub-Saharan Africa",1997,0,0,0
"REUNION","REU","Sub-Saharan Africa",1998,0,0,0
"REUNION","REU","Sub-Saharan Africa",1999,0,0,0
"REUNION","REU","Sub-Saharan Africa",2000,0,0,0
"REUNION","REU","Sub-Saharan Africa",2001,0,0,0
"REUNION","REU","Sub-Saharan Africa",2002,0,0,0
"REUNION","REU","Sub-Saharan Africa",2003,0,0,0
"REUNION","REU","Sub-Saharan Africa",2004,228,228,228
"REUNION","REU","Sub-Saharan Africa",2005,0,0,0
"REUNION","REU","Sub-Saharan Africa",2006,1,1,1
"REUNION","REU","Sub-Saharan Africa",2007,28,28,28
"REUNION","REU","Sub-Saharan Africa",2008,44,44,44
"REUNION","REU","Sub-Saharan Africa",2009,8,8,8
"REUNION","REU","Sub-Saharan Africa",2010,41,17,94
"REUNION","REU","Sub-Saharan Africa",2011,457,3,2507
"REUNION","REU","Sub-Saharan Africa",2012,31,31,31
"REUNION","REU","Sub-Saharan Africa",2013,21,21,21
"REUNION","REU","Sub-Saharan Africa",2014,29,29,29
"REUNION","REU","Sub-Saharan Africa",2015,7,7,7
"REUNION","REU","Sub-Saharan Africa",2016,221,221,221
"REUNION","REU","Sub-Saharan Africa",2017,97,97,97
"REUNION","REU","Sub-Saharan Africa",2018,6770,6770,6770
"REUNION","REU","Sub-Saharan Africa",2019,18217,18217,18217
"REUNION","REU","Sub-Saharan Africa",2020,16414,16414,16414
"REUNION","REU","Sub-Saharan Africa",2021,30398,29473,33301
"REUNION","REU","Sub-Saharan Africa",2022,1212,1212,1212
"REUNION","REU","Sub-Saharan Africa",2023,0,0,0
"REUNION","REU","Sub-Saharan Africa",2024,1330,1239,1559
"SAINT BARTHELEMY","BLM","Caribbean",1990,0,0,0
"SAINT BARTHELEMY","BLM","Caribbean",1991,0,0,0
"SAINT BARTHELEMY","BLM","Caribbean",1992,0,0,0
"SAINT BARTHELEMY","BLM","Caribbean",1993,0,0,0
"SAINT BARTHELEMY","BLM","Caribbean",1994,0,0,0
"SAINT BARTHELEMY","BLM","Caribbean",1995,0,0,0
"SAINT BARTHELEMY","BLM","Caribbean",1996,0,0,0
"SAINT BARTHELEMY","BLM","Caribbean",1997,0,0,0
"SAINT BARTHELEMY","BLM","Caribbean",1998,0,0,0
"SAINT BARTHELEMY","BLM","Caribbean",1999,0,0,0
"SAINT BARTHELEMY","BLM","Caribbean",2000,0,0,0
"SAINT BARTHELEMY","BLM","Caribbean",2001,0,0,0
"SAINT BARTHELEMY","BLM","Caribbean",2002,0,0,0
"SAINT BARTHELEMY","BLM","Caribbean",2003,0,0,0
"SAINT BARTHELEMY","BLM","Caribbean",2004,0,0,0
"SAINT BARTHELEMY","BLM","Caribbean",2005,0,0,0
"SAINT BARTHELEMY","BLM","Caribbean",2006,0,0,0
"SAINT BARTHELEMY","BLM","Caribbean",2007,0,0,0
"SAINT BARTHELEMY","BLM","Caribbean",2008,0,0,0
"SAINT BARTHELEMY","BLM","Caribbean",2009,804,804,804
"SAINT BARTHELEMY","BLM","Caribbean",2010,0,0,0
"SAINT BARTHELEMY","BLM","Caribbean",2011,23,23,23
"SAINT BARTHELEMY","BLM","Caribbean",2012,40,40,40
"SAINT BARTHELEMY","BLM","Caribbean",2013,966,966,966
"SAINT BARTHELEMY","BLM","Caribbean",2014,56,56,56
"SAINT BARTHELEMY","BLM","Caribbean",2015,428,428,428
"SAINT BARTHELEMY","BLM","Caribbean",2016,78,78,78
"SAINT BARTHELEMY","BLM","Caribbean",2017,55,55,55
"SAINT BARTHELEMY","BLM","Caribbean",2018,0,0,0
"SAINT BARTHELEMY","BLM","Caribbean",2019,11,11,11
"SAINT BARTHELEMY","BLM","Caribbean",2020,1616,1616,1616
"SAINT BARTHELEMY","BLM","Caribbean",2021,70,70,70
"SAINT BARTHELEMY","BLM","Caribbean",2022,93,93,93
"SAINT BARTHELEMY","BLM","Caribbean",2023,737,737,737
"SAINT BARTHELEMY","BLM","Caribbean",2024,173,173,173
"SAINT KITTS AND NEVIS","KNA","Caribbean",1990,0,0,0
"SAINT KITTS AND NEVIS","KNA","Caribbean",1991,8,8,8
"SAINT KITTS AND NEVIS","KNA","Caribbean",1992,0,0,0
"SAINT KITTS AND NEVIS","KNA","Caribbean",1993,0,0,0
"SAINT KITTS AND NEVIS","KNA","Caribbean",1994,0,0,0
"SAINT KITTS AND NEVIS","KNA","Caribbean",1995,27,27,27
"SAINT KITTS AND NEVIS","KNA","Caribbean",1996,6,6,6
"SAINT KITTS AND NEVIS","KNA","Caribbean",1997,0,0,0
"SAINT KITTS AND NEVIS","KNA","Caribbean",1998,0,0,0
"SAINT KITTS AND NEVIS","KNA","Caribbean",1999,1,1,1
"SAINT KITTS AND NEVIS","KNA","Caribbean",2000,5,5,5
"SAINT KITTS AND NEVIS","KNA","Caribbean",2001,85,85,85
"SAINT KITTS AND NEVIS","KNA","Caribbean",2002,20,20,20
"SAINT KITTS AND NEVIS","KNA","Caribbean",2003,2,2,2
"SAINT KITTS AND NEVIS","KNA","Caribbean",2004,4,4,4
"SAINT KITTS AND NEVIS","KNA","Caribbean",2005,0,0,0
"SAINT KITTS AND NEVIS","KNA","Caribbean",2006,1,1,1
"SAINT KITTS AND NEVIS","KNA","Caribbean",2007,0,0,0
"SAINT KITTS AND NEVIS","KNA","Caribbean",2008,49,49,49
"SAINT KITTS AND NEVIS","KNA","Caribbean",2009,2,2,2
"SAINT KITTS AND NEVIS","KNA","Caribbean",2010,19,19,19
"SAINT KITTS AND NEVIS","KNA","Caribbean",2011,46,46,46
"SAINT KITTS AND NEVIS","KNA","Caribbean",2012,2,2,2
"SAINT KITTS AND NEVIS","KNA","Caribbean",2013,100,100,100
"SAINT KITTS AND NEVIS","KNA","Caribbean",2014,75,75,75
"SAINT KITTS AND NEVIS","KNA","Caribbean",2015,5,5,5
"SAINT KITTS AND NEVIS","KNA","Caribbean",2016,136,136,136
"SAINT KITTS AND NEVIS","KNA","Caribbean",2017,10,10,10
"SAINT KITTS AND NEVIS","KNA","Caribbean",2018,6,6,6
"SAINT KITTS AND NEVIS","KNA","Caribbean",2019,46,46,46
"SAINT KITTS AND NEVIS","KNA","Caribbean",2020,20,20,20
"SAINT KITTS AND NEVIS","KNA","Caribbean",2021,0,0,0
"SAINT KITTS AND NEVIS","KNA","Caribbean",2022,1,1,1
"SAINT KITTS AND NEVIS","KNA","Caribbean",2023,286,286,286
"SAINT KITTS AND NEVIS","KNA","Caribbean",2024,253,253,253
"SAINT LUCIA","LCA","Caribbean",1990,2,2,2
"SAINT LUCIA","LCA","Caribbean",1991,4,4,4
"SAINT LUCIA","LCA","Caribbean",1992,0,0,0
"SAINT LUCIA","LCA","Caribbean",1993,0,0,0
"SAINT LUCIA","LCA","Caribbean",1994,0,0,0
"SAINT LUCIA","LCA","Caribbean",1995,52,52,52
"SAINT LUCIA","LCA","Caribbean",1996,65,65,65
"SAINT LUCIA","LCA","Caribbean",1997,11,11,11
"SAINT LUCIA","LCA","Caribbean",1998,0,0,0
"SAINT LUCIA","LCA","Caribbean",1999,3,3,3
"SAINT LUCIA","LCA","Caribbean",2000,0,0,0
"SAINT LUCIA","LCA","Caribbean",2001,292,292,292
"SAINT LUCIA","LCA","Caribbean",2002,51,51,51
"SAINT LUCIA","LCA","Caribbean",2003,5,5,5
"SAINT LUCIA","LCA","Caribbean",2004,11,11,11
"SAINT LUCIA","LCA","Caribbean",2005,1,1,1
"SAINT LUCIA","LCA","Caribbean",2006,30,30,30
"SAINT LUCIA","LCA","Caribbean",2007,39,39,39
"SAINT LUCIA","LCA","Caribbean",2008,98,98,98
"SAINT LUCIA","LCA","Caribbean",2009,18,18,18
"SAINT LUCIA","LCA","Caribbean",2010,74,74,74
"SAINT LUCIA","LCA","Caribbean",2011,757,757,757
"SAINT LUCIA","LCA","Caribbean",2012,10,10,10
"SAINT LUCIA","LCA","Caribbean",2013,234,234,234
"SAINT LUCIA","LCA","Caribbean",2014,167,167,167
"SAINT LUCIA","LCA","Caribbean",2015,25,25,25
"SAINT LUCIA","LCA","Caribbean",2016,196,196,196
"SAINT LUCIA","LCA","Caribbean",2017,66,66,66
"SAINT LUCIA","LCA","Caribbean",2018,90,90,90
"SAINT LUCIA","LCA","Caribbean",2019,20,20,20
"SAINT LUCIA","LCA","Caribbean",2020,1318,1318,1318
"SAINT LUCIA","LCA","Caribbean",2021,39,39,39
"SAINT LUCIA","LCA","Caribbean",2022,15,15,15
"SAINT LUCIA","LCA","Caribbean",2023,60,60,60
"SAINT LUCIA","LCA","Caribbean",2024,432,432,432
"SAINT MARTIN","MAF","Caribbean",1990,0,0,0
"SAINT MARTIN","MAF","Caribbean",1991,0,0,0
"SAINT MARTIN","MAF","Caribbean",1992,0,0,0
"SAINT MARTIN","MAF","Caribbean",1993,0,0,0
"SAINT MARTIN","MAF","Caribbean",1994,0,0,0
"SAINT MARTIN","MAF","Caribbean",1995,0,0,0
"SAINT MARTIN","MAF","Caribbean",1996,0,0,0
"SAINT MARTIN","MAF","Caribbean",1997,0,0,0
"SAINT MARTIN","MAF","Caribbean",1998,0,0,0
"SAINT MARTIN","MAF","Caribbean",1999,0,0,0
"SAINT MARTIN","MAF","Caribbean",2000,0,0,0
"SAINT MARTIN","MAF","Caribbean",2001,0,0,0
"SAINT MARTIN","MAF","Caribbean",2002,0,0,0
"SAINT MARTIN","MAF","Caribbean",2003,0,0,0
"SAINT MARTIN","MAF","Caribbean",2004,0,0,0
"SAINT MARTIN","MAF","Caribbean",2005,0,0,0
"SAINT MARTIN","MAF","Caribbean",2006,0,0,0
"SAINT MARTIN","MAF","Caribbean",2007,0,0,0
"SAINT MARTIN","MAF","Caribbean",2008,0,0,0
"SAINT MARTIN","MAF","Caribbean",2009,1698,1698,1698
"SAINT MARTIN","MAF","Caribbean",2010,506,506,506
"SAINT MARTIN","MAF","Caribbean",2011,168,168,168
"SAINT MARTIN","MAF","Caribbean",2012,372,372,372
"SAINT MARTIN","MAF","Caribbean",2013,3095,3095,3095
"SAINT MARTIN","MAF","Caribbean",2014,404,404,404
"SAINT MARTIN","MAF","Caribbean",2015,436,436,436
"SAINT MARTIN","MAF","Caribbean",2016,350,350,350
"SAINT MARTIN","MAF","Caribbean",2017,197,197,197
"SAINT MARTIN","MAF","Caribbean",2018,104,104,104
"SAINT MARTIN","MAF","Caribbean",2019,260,260,260
"SAINT MARTIN","MAF","Caribbean",2020,2736,2736,2736
"SAINT MARTIN","MAF","Caribbean",2021,172,172,172
"SAINT MARTIN","MAF","Caribbean",2022,35,35,35
"SAINT MARTIN","MAF","Caribbean",2023,1272,1272,1272
"SAINT MARTIN","MAF","Caribbean",2024,624,624,624
"SAINT VINCENT AND THE GRENADINES","VCT","Caribbean",1990,9,9,9
"SAINT VINCENT AND THE GRENADINES","VCT","Caribbean",1991,1,1,1
"SAINT VINCENT AND THE GRENADINES","VCT","Caribbean",1992,7,7,7
"SAINT VINCENT AND THE GRENADINES","VCT","Caribbean",1993,7,7,7
"SAINT VINCENT AND THE GRENADINES","VCT","Caribbean",1994,0,0,0
"SAINT VINCENT AND THE GRENADINES","VCT","Caribbean",1995,224,224,224
"SAINT VINCENT AND THE GRENADINES","VCT","Caribbean",1996,190,190,190
"SAINT VINCENT AND THE GRENADINES","VCT","Caribbean",1997,3,3,3
"SAINT VINCENT AND THE GRENADINES","VCT","Caribbean",1998,88,88,88
"SAINT VINCENT AND THE GRENADINES","VCT","Caribbean",1999,8,8,8
"SAINT VINCENT AND THE GRENADINES","VCT","Caribbean",2000,5,5,5
"SAINT VINCENT AND THE GRENADINES","VCT","Caribbean",2001,3,3,3
"SAINT VINCENT AND THE GRENADINES","VCT","Caribbean",2002,123,123,123
"SAINT VINCENT AND THE GRENADINES","VCT","Caribbean",2003,3,3,3
"SAINT VINCENT AND THE GRENADINES","VCT","Caribbean",2004,4,4,4
"SAINT VINCENT AND THE GRENADINES","VCT","Caribbean",2005,8,8,8
"SAINT VINCENT AND THE GRENADINES","VCT","Caribbean",2006,5,5,5
"SAINT VINCENT AND THE GRENADINES","VCT","Caribbean",2007,2,2,2
"SAINT VINCENT AND THE GRENADINES","VCT","Caribbean",2008,6,6,6
"SAINT VINCENT AND THE GRENADINES","VCT","Caribbean",2009,10,10,10
"SAINT VINCENT AND THE GRENADINES","VCT","Caribbean",2010,217,217,217
"SAINT VINCENT AND THE GRENADINES","VCT","Caribbean",2011,47,47,47
"SAINT VINCENT AND THE GRENADINES","VCT","Caribbean",2012,91,91,91
"SAINT VINCENT AND THE GRENADINES","VCT","Caribbean",2013,127,127,127
"SAINT VINCENT AND THE GRENADINES","VCT","Caribbean",2014,117,117,117
"SAINT VINCENT AND THE GRENADINES","VCT","Caribbean",2015,13,13,13
"SAINT VINCENT AND THE GRENADINES","VCT","Caribbean",2016,89,89,89
"SAINT VINCENT AND THE GRENADINES","VCT","Caribbean",2017,3,3,3
"SAINT VINCENT AND THE GRENADINES","VCT","Caribbean",2018,4,4,4
"SAINT VINCENT AND THE GRENADINES","VCT","Caribbean",2019,11,11,11
"SAINT VINCENT AND THE GRENADINES","VCT","Caribbean",2020,1603,1603,1603
"SAINT VINCENT AND THE GRENADINES","VCT","Caribbean",2021,152,152,152
"SAINT VINCENT AND THE GRENADINES","VCT","Caribbean",2022,25,25,25
"SAINT VINCENT AND THE GRENADINES","VCT","Caribbean",2023,17,17,17
"SAINT VINCENT AND THE GRENADINES","VCT","Caribbean",2024,971,971,971
"SAMOA","WSM","Pacific Islands",1990,49,49,49
"SAMOA","WSM","Pacific Islands",1991,22,22,22
"SAMOA","WSM","Pacific Islands",1992,3,3,3
"SAMOA","WSM","Pacific Islands",1993,2,2,2
"SAMOA","WSM","Pacific Islands",1994,0,0,0
"SAMOA","WSM","Pacific Islands",1995,388,388,388
"SAMOA","WSM","Pacific Islands",1996,1013,1013,1013
"SAMOA","WSM","Pacific Islands",1997,163,163,163
"SAMOA","WSM","Pacific Islands",1998,49,49,49
"SAMOA","WSM","Pacific Islands",1999,3,3,3
"SAMOA","WSM","Pacific Islands",2000,200,200,200
"SAMOA","WSM","Pacific Islands",2001,163,163,163
"SAMOA","WSM","Pacific Islands",2002,2,2,2
"SAMOA","WSM","Pacific Islands",2003,0,0,0
"SAMOA","WSM","Pacific Islands",2004,1,1,1
"SAMOA","WSM","Pacific Islands",2005,2,2,2
"SAMOA","WSM","Pacific Islands",2006,29,29,29
"SAMOA","WSM","Pacific Islands",2007,23,23,23
"SAMOA","WSM","Pacific Islands",2008,677,677,677
"SAMOA","WSM","Pacific Islands",2009,0,0,0
"SAMOA","WSM","Pacific Islands",2010,0,0,0
"SAMOA","WSM","Pacific Islands",2011,0,0,0
"SAMOA","WSM","Pacific Islands",2012,0,0,0
"SAMOA","WSM","Pacific Islands",2013,0,0,0
"SAMOA","WSM","Pacific Islands",2014,0,0,0
"SAMOA","WSM","Pacific Islands",2015,0,0,0
"SAMOA","WSM","Pacific Islands",2016,0,0,0
"SAMOA","WSM","Pacific Islands",2017,2724,2724,2724
"SAMOA","WSM","Pacific Islands",2018,402,290,630
"SAMOA","WSM","Pacific Islands",2019,356,289,465
"SAMOA","WSM","Pacific Islands",2020,116,17,294
"SAMOA","WSM","Pacific Islands",2021,187,69,603
"SAMOA","WSM","Pacific Islands",2022,27925,18114,60419
"SAMOA","WSM","Pacific Islands",2023,103,66,200
"SAMOA","WSM","Pacific Islands",2024,586,482,974
"SAO TOME AND PRINCIPE","STP","Sub-Saharan Africa",1990,0,0,0
"SAO TOME AND PRINCIPE","STP","Sub-Saharan Africa",1991,0,0,0
"SAO TOME AND PRINCIPE","STP","Sub-Saharan Africa",1992,0,0,0
"SAO TOME AND PRINCIPE","STP","Sub-Saharan Africa",1993,0,0,0
"SAO TOME AND PRINCIPE","STP","Sub-Saharan Africa",1994,0,0,0
"SAO TOME AND PRINCIPE","STP","Sub-Saharan Africa",1995,0,0,0
"SAO TOME AND PRINCIPE","STP","Sub-Saharan Africa",1996,0,0,0
"SAO TOME AND PRINCIPE","STP","Sub-Saharan Africa",1997,0,0,0
"SAO TOME AND PRINCIPE","STP","Sub-Saharan Africa",1998,0,0,0
"SAO TOME AND PRINCIPE","STP","Sub-Saharan Africa",1999,0,0,0
"SAO TOME AND PRINCIPE","STP","Sub-Saharan Africa",2000,0,0,0
"SAO TOME AND PRINCIPE","STP","Sub-Saharan Africa",2001,0,0,0
"SAO TOME AND PRINCIPE","STP","Sub-Saharan Africa",2002,0,0,0
"SAO TOME AND PRINCIPE","STP","Sub-Saharan Africa",2003,0,0,0
"SAO TOME AND PRINCIPE","STP","Sub-Saharan Africa",2004,0,0,0
"SAO TOME AND PRINCIPE","STP","Sub-Saharan Africa",2005,0,0,0
"SAO TOME AND PRINCIPE","STP","Sub-Saharan Africa",2006,0,0,0
"SAO TOME AND PRINCIPE","STP","Sub-Saharan Africa",2007,0,0,0
"SAO TOME AND PRINCIPE","STP","Sub-Saharan Africa",2008,0,0,0
"SAO TOME AND PRINCIPE","STP","Sub-Saharan Africa",2009,0,0,0
"SAO TOME AND PRINCIPE","STP","Sub-Saharan Africa",2010,0,0,0
"SAO TOME AND PRINCIPE","STP","Sub-Saharan Africa",2011,0,0,0
"SAO TOME AND PRINCIPE","STP","Sub-Saharan Africa",2012,0,0,0
"SAO TOME AND PRINCIPE","STP","Sub-Saharan Africa",2013,0,0,0
"SAO TOME AND PRINCIPE","STP","Sub-Saharan Africa",2014,0,0,0
"SAO TOME AND PRINCIPE","STP","Sub-Saharan Africa",2015,0,0,0
"SAO TOME AND PRINCIPE","STP","Sub-Saharan Africa",2016,0,0,0
"SAO TOME AND PRINCIPE","STP","Sub-Saharan Africa",2017,0,0,0
"SAO TOME AND PRINCIPE","STP","Sub-Saharan Africa",2018,0,0,0
"SAO TOME AND PRINCIPE","STP","Sub-Saharan Africa",2019,0,0,0
"SAO TOME AND PRINCIPE","STP","Sub-Saharan Africa",2020,0,0,0
"SAO TOME AND PRINCIPE","STP","Sub-Saharan Africa",2021,0,0,0
"SAO TOME AND PRINCIPE","STP","Sub-Saharan Africa",2022,1161,1161,1161
"SAO TOME AND PRINCIPE","STP","Sub-Saharan Africa",2023,4139,3074,7574
"SAO TOME AND PRINCIPE","STP","Sub-Saharan Africa",2024,32,32,32
"SAUDI ARABIA","SAU","Europe, Middle East & North Africa",1990,0,0,0
"SAUDI ARABIA","SAU","Europe, Middle East & North Africa",1991,0,0,0
"SAUDI ARABIA","SAU","Europe, Middle East & North Africa",1992,0,0,0
"SAUDI ARABIA","SAU","Europe, Middle East & North Africa",1993,1,1,1
"SAUDI ARABIA","SAU","Europe, Middle East & North Africa",1994,315,315,315
"SAUDI ARABIA","SAU","Europe, Middle East & North Africa",1995,136,136,136
"SAUDI ARABIA","SAU","Europe, Middle East & North Africa",1996,57,57,57
"SAUDI ARABIA","SAU","Europe, Middle East & North Africa",1997,62,62,62
"SAUDI ARABIA","SAU","Europe, Middle East & North Africa",1998,31,31,31
"SAUDI ARABIA","SAU","Europe, Middle East & North Africa",1999,26,26,26
"SAUDI ARABIA","SAU","Europe, Middle East & North Africa",2000,17,17,17
"SAUDI ARABIA","SAU","Europe, Middle East & North Africa",2001,7,7,7
"SAUDI ARABIA","SAU","Europe, Middle East & North Africa",2002,11,11,11
"SAUDI ARABIA","SAU","Europe, Middle East & North Africa",2003,0,0,0
"SAUDI ARABIA","SAU","Europe, Middle East & North Africa",2004,343,343,343
"SAUDI ARABIA","SAU","Europe, Middle East & North Africa",2005,406,406,406
"SAUDI ARABIA","SAU","Europe, Middle East & North Africa",2006,1544,1544,1544
"SAUDI ARABIA","SAU","Europe, Middle East & North Africa",2007,490,490,490
"SAUDI ARABIA","SAU","Europe, Middle East & North Africa",2008,913,913,913
"SAUDI ARABIA","SAU","Europe, Middle East & North Africa",2009,3350,3350,3350
"SAUDI ARABIA","SAU","Europe, Middle East & North Africa",2010,3526,3526,3526
"SAUDI ARABIA","SAU","Europe, Middle East & North Africa",2011,3302,3302,3302
"SAUDI ARABIA","SAU","Europe, Middle East & North Africa",2012,1749,1749,1749
"SAUDI ARABIA","SAU","Europe, Middle East & North Africa",2013,6512,6512,6512
"SAUDI ARABIA","SAU","Europe, Middle East & North Africa",2014,2081,2081,2081
"SAUDI ARABIA","SAU","Europe, Middle East & North Africa",2015,4312,4312,4312
"SAUDI ARABIA","SAU","Europe, Middle East & North Africa",2016,5428,5428,5428
"SAUDI ARABIA","SAU","Europe, Middle East & North Africa",2017,3462,3462,3462
"SAUDI ARABIA","SAU","Europe, Middle East & North Africa",2018,5345,5345,5345
"SAUDI ARABIA","SAU","Europe, Middle East & North Africa",2019,2228,2228,2228
"SAUDI ARABIA","SAU","Europe, Middle East & North Africa",2020,2375,2375,2375
"SAUDI ARABIA","SAU","Europe, Middle East & North Africa",2021,3421,3421,3421
"SAUDI ARABIA","SAU","Europe, Middle East & North Africa",2022,3647,3647,3647
"SAUDI ARABIA","SAU","Europe, Middle East & North Africa",2023,15010,15010,15010
"SAUDI ARABIA","SAU","Europe, Middle East & North Africa",2024,9750,8380,15381
"SENEGAL","SEN","Sub-Saharan Africa",1990,2,2,2
"SENEGAL","SEN","Sub-Saharan Africa",1991,0,0,0
"SENEGAL","SEN","Sub-Saharan Africa",1992,0,0,0
"SENEGAL","SEN","Sub-Saharan Africa",1993,0,0,0
"SENEGAL","SEN","Sub-Saharan Africa",1994,0,0,0
"SENEGAL","SEN","Sub-Saharan Africa",1995,0,0,0
"SENEGAL","SEN","Sub-Saharan Africa",1996,0,0,0
"SENEGAL","SEN","Sub-Saharan Africa",1997,0,0,0
"SENEGAL","SEN","Sub-Saharan Africa",1998,0,0,0
"SENEGAL","SEN","Sub-Saharan Africa",1999,0,0,0
"SENEGAL","SEN","Sub-Saharan Africa",2000,0,0,0
"SENEGAL","SEN","Sub-Saharan Africa",2001,0,0,0
"SENEGAL","SEN","Sub-Saharan Africa",2002,0,0,0
"SENEGAL","SEN","Sub-Saharan Africa",2003,0,0,0
"SENEGAL","SEN","Sub-Saharan Africa",2004,0,0,0
"SENEGAL","SEN","Sub-Saharan Africa",2005,0,0,0
"SENEGAL","SEN","Sub-Saharan Africa",2006,0,0,0
"SENEGAL","SEN","Sub-Saharan Africa",2007,0,0,0
"SENEGAL","SEN","Sub-Saharan Africa",2008,0,0,0
"SENEGAL","SEN","Sub-Saharan Africa",2009,696,696,696
"SENEGAL","SEN","Sub-Saharan Africa",2010,0,0,0
"SENEGAL","SEN","Sub-Saharan Africa",2011,0,0,0
"SENEGAL","SEN","Sub-Saharan Africa",2012,0,0,0
"SENEGAL","SEN","Sub-Saharan Africa",2013,0,0,0
"SENEGAL","SEN","Sub-Saharan Africa",2014,0,0,0
"SENEGAL","SEN","Sub-Saharan Africa",2015,104,104,104
"SENEGAL","SEN","Sub-Saharan Africa",2016,0,0,0
"SENEGAL","SEN","Sub-Saharan Africa",2017,145,145,145
"SENEGAL","SEN","Sub-Saharan Africa",2018,2981,2981,2981
"SENEGAL","SEN","Sub-Saharan Africa",2019,6,6,6
"SENEGAL","SEN","Sub-Saharan Africa",2020,0,0,0
"SENEGAL","SEN","Sub-Saharan Africa",2021,86,86,86
"SENEGAL","SEN","Sub-Saharan Africa",2022,196,196,196
"SENEGAL","SEN","Sub-Saharan Africa",2023,311,311,311
"SENEGAL","SEN","Sub-Saharan Africa",2024,1208,1208,1208
"SEYCHELLES","SYC","Sub-Saharan Africa",1990,0,0,0
"SEYCHELLES","SYC","Sub-Saharan Africa",1991,0,0,0
"SEYCHELLES","SYC","Sub-Saharan Africa",1992,0,0,0
"SEYCHELLES","SYC","Sub-Saharan Africa",1993,0,0,0
"SEYCHELLES","SYC","Sub-Saharan Africa",1994,0,0,0
"SEYCHELLES","SYC","Sub-Saharan Africa",1995,0,0,0
"SEYCHELLES","SYC","Sub-Saharan Africa",1996,0,0,0
"SEYCHELLES","SYC","Sub-Saharan Africa",1997,0,0,0
"SEYCHELLES","SYC","Sub-Saharan Africa",1998,0,0,0
"SEYCHELLES","SYC","Sub-Saharan Africa",1999,0,0,0
"SEYCHELLES","SYC","Sub-Saharan Africa",2000,0,0,0
"SEYCHELLES","SYC","Sub-Saharan Africa",2001,0,0,0
"SEYCHELLES","SYC","Sub-Saharan Africa",2002,0,0,0
"SEYCHELLES","SYC","Sub-Saharan Africa",2003,0,0,0
"SEYCHELLES","SYC","Sub-Saharan Africa",2004,0,0,0
"SEYCHELLES","SYC","Sub-Saharan Africa",2005,0,0,0
"SEYCHELLES","SYC","Sub-Saharan Africa",2006,0,0,0
"SEYCHELLES","SYC","Sub-Saharan Africa",2007,0,0,0
"SEYCHELLES","SYC","Sub-Saharan Africa",2008,0,0,0
"SEYCHELLES","SYC","Sub-Saharan Africa",2009,0,0,0
"SEYCHELLES","SYC","Sub-Saharan Africa",2010,0,0,0
"SEYCHELLES","SYC","Sub-Saharan Africa",2011,0,0,0
"SEYCHELLES","SYC","Sub-Saharan Africa",2012,0,0,0
"SEYCHELLES","SYC","Sub-Saharan Africa",2013,0,0,0
"SEYCHELLES","SYC","Sub-Saharan Africa",2014,0,0,0
"SEYCHELLES","SYC","Sub-Saharan Africa",2015,0,0,0
"SEYCHELLES","SYC","Sub-Saharan Africa",2016,1062,1062,1062
"SEYCHELLES","SYC","Sub-Saharan Africa",2017,4068,4068,4068
"SEYCHELLES","SYC","Sub-Saharan Africa",2018,6120,6120,6120
"SEYCHELLES","SYC","Sub-Saharan Africa",2019,0,0,0
"SEYCHELLES","SYC","Sub-Saharan Africa",2020,0,0,0
"SEYCHELLES","SYC","Sub-Saharan Africa",2021,0,0,0
"SEYCHELLES","SYC","Sub-Saharan Africa",2022,213,213,213
"SEYCHELLES","SYC","Sub-Saharan Africa",2023,4614,4614,4614
"SEYCHELLES","SYC","Sub-Saharan Africa",2024,5537,2737,16817
"SIERRA LEONE","SLE","Sub-Saharan Africa",1990,0,0,0
"SIERRA LEONE","SLE","Sub-Saharan Africa",1991,0,0,0
"SIERRA LEONE","SLE","Sub-Saharan Africa",1992,0,0,0
"SIERRA LEONE","SLE","Sub-Saharan Africa",1993,0,0,0
"SIERRA LEONE","SLE","Sub-Saharan Africa",1994,0,0,0
"SIERRA LEONE","SLE","Sub-Saharan Africa",1995,0,0,0
"SIERRA LEONE","SLE","Sub-Saharan Africa",1996,0,0,0
"SIERRA LEONE","SLE","Sub-Saharan Africa",1997,0,0,0
"SIERRA LEONE","SLE","Sub-Saharan Africa",1998,0,0,0
"SIERRA LEONE","SLE","Sub-Saharan Africa",1999,0,0,0
"SIERRA LEONE","SLE","Sub-Saharan Africa",2000,0,0,0
"SIERRA LEONE","SLE","Sub-Saharan Africa",2001,0,0,0
"SIERRA LEONE","SLE","Sub-Saharan Africa",2002,0,0,0
"SIERRA LEONE","SLE","Sub-Saharan Africa",2003,0,0,0
"SIERRA LEONE","SLE","Sub-Saharan Africa",2004,0,0,0
"SIERRA LEONE","SLE","Sub-Saharan Africa",2005,0,0,0
"SIERRA LEONE","SLE","Sub-Saharan Africa",2006,0,0,0
"SIERRA LEONE","SLE","Sub-Saharan Africa",2007,0,0,0
"SIERRA LEONE","SLE","Sub-Saharan Africa",2008,0,0,0
"SIERRA LEONE","SLE","Sub-Saharan Africa",2009,0,0,0
"SIERRA LEONE","SLE","Sub-Saharan Africa",2010,0,0,0
"SIERRA LEONE","SLE","Sub-Saharan Africa",2011,0,0,0
"SIERRA LEONE","SLE","Sub-Saharan Africa",2012,0,0,0
"SIERRA LEONE","SLE","Sub-Saharan Africa",2013,0,0,0
"SIERRA LEONE","SLE","Sub-Saharan Africa",2014,0,0,0
"SIERRA LEONE","SLE","Sub-Saharan Africa",2015,0,0,0
"SIERRA LEONE","SLE","Sub-Saharan Africa",2016,0,0,0
"SIERRA LEONE","SLE","Sub-Saharan Africa",2017,0,0,0
"SIERRA LEONE","SLE","Sub-Saharan Africa",2018,0,0,0
"SIERRA LEONE","SLE","Sub-Saharan Africa",2019,0,0,0
"SIERRA LEONE","SLE","Sub-Saharan Africa",2020,0,0,0
"SIERRA LEONE","SLE","Sub-Saharan Africa",2021,0,0,0
"SIERRA LEONE","SLE","Sub-Saharan Africa",2022,0,0,0
"SIERRA LEONE","SLE","Sub-Saharan Africa",2023,0,0,0
"SIERRA LEONE","SLE","Sub-Saharan Africa",2024,1,1,1
"SINGAPORE","SGP","East & Southeast Asia",1990,1733,1733,1733
"SINGAPORE","SGP","East & Southeast Asia",1991,2179,2179,2179
"SINGAPORE","SGP","East & Southeast Asia",1992,2878,2878,2878
"SINGAPORE","SGP","East & Southeast Asia",1993,947,947,947
"SINGAPORE","SGP","East & Southeast Asia",1994,1239,1239,1239
"SINGAPORE","SGP","East & Southeast Asia",1995,2008,2008,2008
"SINGAPORE","SGP","East & Southeast Asia",1996,3128,3128,3128
"SINGAPORE","SGP","East & Southeast Asia",1997,4300,4300,4300
"SINGAPORE","SGP","East & Southeast Asia",1998,5258,5258,5258
"SINGAPORE","SGP","East & Southeast Asia",1999,1355,1355,1355
"SINGAPORE","SGP","East & Southeast Asia",2000,673,673,673
"SINGAPORE","SGP","East & Southeast Asia",2001,2379,2379,2379
"SINGAPORE","SGP","East & Southeast Asia",2002,3945,3945,3945
"SINGAPORE","SGP","East & Southeast Asia",2003,4788,4788,4788
"SINGAPORE","SGP","East & Southeast Asia",2004,9459,9459,9459
"SINGAPORE","SGP","East & Southeast Asia",2005,14209,14209,14209
"SINGAPORE","SGP","East & Southeast Asia",2006,3128,3128,3128
"SINGAPORE","SGP","East & Southeast Asia",2007,8826,8826,8826
"SINGAPORE","SGP","East & Southeast Asia",2008,7032,7032,7032
"SINGAPORE","SGP","East & Southeast Asia",2009,4523,4523,4523
"SINGAPORE","SGP","East & Southeast Asia",2010,5392,5392,5392
"SINGAPORE","SGP","East & Southeast Asia",2011,5330,5330,5330
"SINGAPORE","SGP","East & Southeast Asia",2012,4632,4632,4632
"SINGAPORE","SGP","East & Southeast Asia",2013,22170,22170,22170
"SINGAPORE","SGP","East & Southeast Asia",2014,18326,18326,18326
"SINGAPORE","SGP","East & Southeast Asia",2015,11294,11294,11294
"SINGAPORE","SGP","East & Southeast Asia",2016,13110,13110,13110
"SINGAPORE","SGP","East & Southeast Asia",2017,2767,2767,2767
"SINGAPORE","SGP","East & Southeast Asia",2018,3283,3283,3283
"SINGAPORE","SGP","East & Southeast Asia",2019,15999,15999,15999
"SINGAPORE","SGP","East & Southeast Asia",2020,35315,35315,35315
"SINGAPORE","SGP","East & Southeast Asia",2021,5245,5245,5245
"SINGAPORE","SGP","East & Southeast Asia",2022,32136,32136,32136
"SINGAPORE","SGP","East & Southeast Asia",2023,9938,9938,9938
"SINGAPORE","SGP","East & Southeast Asia",2024,13655,13655,13655
"SINT MAARTEN","SXM","Caribbean",1990,0,0,0
"SINT MAARTEN","SXM","Caribbean",1991,0,0,0
"SINT MAARTEN","SXM","Caribbean",1992,0,0,0
"SINT MAARTEN","SXM","Caribbean",1993,0,0,0
"SINT MAARTEN","SXM","Caribbean",1994,0,0,0
"SINT MAARTEN","SXM","Caribbean",1995,0,0,0
"SINT MAARTEN","SXM","Caribbean",1996,0,0,0
"SINT MAARTEN","SXM","Caribbean",1997,0,0,0
"SINT MAARTEN","SXM","Caribbean",1998,0,0,0
"SINT MAARTEN","SXM","Caribbean",1999,0,0,0
"SINT MAARTEN","SXM","Caribbean",2000,0,0,0
"SINT MAARTEN","SXM","Caribbean",2001,0,0,0
"SINT MAARTEN","SXM","Caribbean",2002,0,0,0
"SINT MAARTEN","SXM","Caribbean",2003,0,0,0
"SINT MAARTEN","SXM","Caribbean",2004,0,0,0
"SINT MAARTEN","SXM","Caribbean",2005,0,0,0
"SINT MAARTEN","SXM","Caribbean",2006,0,0,0
"SINT MAARTEN","SXM","Caribbean",2007,0,0,0
"SINT MAARTEN","SXM","Caribbean",2008,0,0,0
"SINT MAARTEN","SXM","Caribbean",2009,0,0,0
"SINT MAARTEN","SXM","Caribbean",2010,173,173,173
"SINT MAARTEN","SXM","Caribbean",2011,22,22,22
"SINT MAARTEN","SXM","Caribbean",2012,39,39,39
"SINT MAARTEN","SXM","Caribbean",2013,310,310,310
"SINT MAARTEN","SXM","Caribbean",2014,31,31,31
"SINT MAARTEN","SXM","Caribbean",2015,13,13,13
"SINT MAARTEN","SXM","Caribbean",2016,11,11,11
"SINT MAARTEN","SXM","Caribbean",2017,0,0,0
"SINT MAARTEN","SXM","Caribbean",2018,29,29,29
"SINT MAARTEN","SXM","Caribbean",2019,8,8,8
"SINT MAARTEN","SXM","Caribbean",2020,9,9,9
"SINT MAARTEN","SXM","Caribbean",2021,0,0,0
"SINT MAARTEN","SXM","Caribbean",2022,0,0,0
"SINT MAARTEN","SXM","Caribbean",2023,1,1,1
"SINT MAARTEN","SXM","Caribbean",2024,144,144,144
"SOLOMON ISLANDS","SLB","Pacific Islands",1990,0,0,0
"SOLOMON ISLANDS","SLB","Pacific Islands",1991,0,0,0
"SOLOMON ISLANDS","SLB","Pacific Islands",1992,0,0,0
"SOLOMON ISLANDS","SLB","Pacific Islands",1993,0,0,0
"SOLOMON ISLANDS","SLB","Pacific Islands",1994,0,0,0
"SOLOMON ISLANDS","SLB","Pacific Islands",1995,1,1,1
"SOLOMON ISLANDS","SLB","Pacific Islands",1996,3,3,3
"SOLOMON ISLANDS","SLB","Pacific Islands",1997,0,0,0
"SOLOMON ISLANDS","SLB","Pacific Islands",1998,0,0,0
"SOLOMON ISLANDS","SLB","Pacific Islands",1999,0,0,0
"SOLOMON ISLANDS","SLB","Pacific Islands",2000,0,0,0
"SOLOMON ISLANDS","SLB","Pacific Islands",2001,0,0,0
"SOLOMON ISLANDS","SLB","Pacific Islands",2002,30,30,30
"SOLOMON ISLANDS","SLB","Pacific Islands",2003,0,0,0
"SOLOMON ISLANDS","SLB","Pacific Islands",2004,0,0,0
"SOLOMON ISLANDS","SLB","Pacific Islands",2005,0,0,0
"SOLOMON ISLANDS","SLB","Pacific Islands",2006,0,0,0
"SOLOMON ISLANDS","SLB","Pacific Islands",2007,0,0,0
"SOLOMON ISLANDS","SLB","Pacific Islands",2008,132,132,132
"SOLOMON ISLANDS","SLB","Pacific Islands",2009,0,0,0
"SOLOMON ISLANDS","SLB","Pacific Islands",2010,0,0,0
"SOLOMON ISLANDS","SLB","Pacific Islands",2011,0,0,0
"SOLOMON ISLANDS","SLB","Pacific Islands",2012,0,0,0
"SOLOMON ISLANDS","SLB","Pacific Islands",2013,9500,9500,9500
"SOLOMON ISLANDS","SLB","Pacific Islands",2014,1872,1872,1872
"SOLOMON ISLANDS","SLB","Pacific Islands",2015,0,0,0
"SOLOMON ISLANDS","SLB","Pacific Islands",2016,7656,7656,7656
"SOLOMON ISLANDS","SLB","Pacific Islands",2017,4622,4622,4622
"SOLOMON ISLANDS","SLB","Pacific Islands",2018,479,451,518
"SOLOMON ISLANDS","SLB","Pacific Islands",2019,536,434,891
"SOLOMON ISLANDS","SLB","Pacific Islands",2020,878,151,5536
"SOLOMON ISLANDS","SLB","Pacific Islands",2021,707,190,2243
"SOLOMON ISLANDS","SLB","Pacific Islands",2022,10226,9754,10958
"SOLOMON ISLANDS","SLB","Pacific Islands",2023,859,357,3501
"SOLOMON ISLANDS","SLB","Pacific Islands",2024,178,161,201
"SOMALIA","SOM","Sub-Saharan Africa",1990,0,0,0
"SOMALIA","SOM","Sub-Saharan Africa",1991,0,0,0
"SOMALIA","SOM","Sub-Saharan Africa",1992,0,0,0
"SOMALIA","SOM","Sub-Saharan Africa",1993,0,0,0
"SOMALIA","SOM","Sub-Saharan Africa",1994,0,0,0
"SOMALIA","SOM","Sub-Saharan Africa",1995,0,0,0
"SOMALIA","SOM","Sub-Saharan Africa",1996,0,0,0
"SOMALIA","SOM","Sub-Saharan Africa",1997,0,0,0
"SOMALIA","SOM","Sub-Saharan Africa",1998,0,0,0
"SOMALIA","SOM","Sub-Saharan Africa",1999,0,0,0
"SOMALIA","SOM","Sub-Saharan Africa",2000,0,0,0
"SOMALIA","SOM","Sub-Saharan Africa",2001,0,0,0
"SOMALIA","SOM","Sub-Saharan Africa",2002,0,0,0
"SOMALIA","SOM","Sub-Saharan Africa",2003,0,0,0
"SOMALIA","SOM","Sub-Saharan Africa",2004,0,0,0
"SOMALIA","SOM","Sub-Saharan Africa",2005,0,0,0
"SOMALIA","SOM","Sub-Saharan Africa",2006,0,0,0
"SOMALIA","SOM","Sub-Saharan Africa",2007,0,0,0
"SOMALIA","SOM","Sub-Saharan Africa",2008,0,0,0
"SOMALIA","SOM","Sub-Saharan Africa",2009,0,0,0
"SOMALIA","SOM","Sub-Saharan Africa",2010,0,0,0
"SOMALIA","SOM","Sub-Saharan Africa",2011,368,368,368
"SOMALIA","SOM","Sub-Saharan Africa",2012,0,0,0
"SOMALIA","SOM","Sub-Saharan Africa",2013,0,0,0
"SOMALIA","SOM","Sub-Saharan Africa",2014,0,0,0
"SOMALIA","SOM","Sub-Saharan Africa",2015,0,0,0
"SOMALIA","SOM","Sub-Saharan Africa",2016,0,0,0
"SOMALIA","SOM","Sub-Saharan Africa",2017,0,0,0
"SOMALIA","SOM","Sub-Saharan Africa",2018,0,0,0
"SOMALIA","SOM","Sub-Saharan Africa",2019,0,0,0
"SOMALIA","SOM","Sub-Saharan Africa",2020,0,0,0
"SOMALIA","SOM","Sub-Saharan Africa",2021,0,0,0
"SOMALIA","SOM","Sub-Saharan Africa",2022,5350,5350,5350
"SOMALIA","SOM","Sub-Saharan Africa",2023,0,0,0
"SOMALIA","SOM","Sub-Saharan Africa",2024,0,0,0
"SOUTH SUDAN","SSD","Sub-Saharan Africa",1990,0,0,0
"SOUTH SUDAN","SSD","Sub-Saharan Africa",1991,0,0,0
"SOUTH SUDAN","SSD","Sub-Saharan Africa",1992,0,0,0
"SOUTH SUDAN","SSD","Sub-Saharan Africa",1993,0,0,0
"SOUTH SUDAN","SSD","Sub-Saharan Africa",1994,0,0,0
"SOUTH SUDAN","SSD","Sub-Saharan Africa",1995,0,0,0
"SOUTH SUDAN","SSD","Sub-Saharan Africa",1996,0,0,0
"SOUTH SUDAN","SSD","Sub-Saharan Africa",1997,0,0,0
"SOUTH SUDAN","SSD","Sub-Saharan Africa",1998,0,0,0
"SOUTH SUDAN","SSD","Sub-Saharan Africa",1999,0,0,0
"SOUTH SUDAN","SSD","Sub-Saharan Africa",2000,0,0,0
"SOUTH SUDAN","SSD","Sub-Saharan Africa",2001,0,0,0
"SOUTH SUDAN","SSD","Sub-Saharan Africa",2002,0,0,0
"SOUTH SUDAN","SSD","Sub-Saharan Africa",2003,0,0,0
"SOUTH SUDAN","SSD","Sub-Saharan Africa",2004,0,0,0
"SOUTH SUDAN","SSD","Sub-Saharan Africa",2005,0,0,0
"SOUTH SUDAN","SSD","Sub-Saharan Africa",2006,0,0,0
"SOUTH SUDAN","SSD","Sub-Saharan Africa",2007,0,0,0
"SOUTH SUDAN","SSD","Sub-Saharan Africa",2008,0,0,0
"SOUTH SUDAN","SSD","Sub-Saharan Africa",2009,0,0,0
"SOUTH SUDAN","SSD","Sub-Saharan Africa",2010,0,0,0
"SOUTH SUDAN","SSD","Sub-Saharan Africa",2011,0,0,0
"SOUTH SUDAN","SSD","Sub-Saharan Africa",2012,0,0,0
"SOUTH SUDAN","SSD","Sub-Saharan Africa",2013,0,0,0
"SOUTH SUDAN","SSD","Sub-Saharan Africa",2014,155,155,155
"SOUTH SUDAN","SSD","Sub-Saharan Africa",2015,0,0,0
"SOUTH SUDAN","SSD","Sub-Saharan Africa",2016,0,0,0
"SOUTH SUDAN","SSD","Sub-Saharan Africa",2017,0,0,0
"SOUTH SUDAN","SSD","Sub-Saharan Africa",2018,0,0,0
"SOUTH SUDAN","SSD","Sub-Saharan Africa",2019,0,0,0
"SOUTH SUDAN","SSD","Sub-Saharan Africa",2020,0,0,0
"SOUTH SUDAN","SSD","Sub-Saharan Africa",2021,0,0,0
"SOUTH SUDAN","SSD","Sub-Saharan Africa",2022,0,0,0
"SOUTH SUDAN","SSD","Sub-Saharan Africa",2023,0,0,0
"SOUTH SUDAN","SSD","Sub-Saharan Africa",2024,4,0,35
"SPAIN","ESP","Europe, Middle East & North Africa",1990,0,0,0
"SPAIN","ESP","Europe, Middle East & North Africa",1991,0,0,0
"SPAIN","ESP","Europe, Middle East & North Africa",1992,0,0,0
"SPAIN","ESP","Europe, Middle East & North Africa",1993,0,0,0
"SPAIN","ESP","Europe, Middle East & North Africa",1994,0,0,0
"SPAIN","ESP","Europe, Middle East & North Africa",1995,0,0,0
"SPAIN","ESP","Europe, Middle East & North Africa",1996,0,0,0
"SPAIN","ESP","Europe, Middle East & North Africa",1997,0,0,0
"SPAIN","ESP","Europe, Middle East & North Africa",1998,0,0,0
"SPAIN","ESP","Europe, Middle East & North Africa",1999,0,0,0
"SPAIN","ESP","Europe, Middle East & North Africa",2000,0,0,0
"SPAIN","ESP","Europe, Middle East & North Africa",2001,0,0,0
"SPAIN","ESP","Europe, Middle East & North Africa",2002,0,0,0
"SPAIN","ESP","Europe, Middle East & North Africa",2003,0,0,0
"SPAIN","ESP","Europe, Middle East & North Africa",2004,0,0,0
"SPAIN","ESP","Europe, Middle East & North Africa",2005,0,0,0
"SPAIN","ESP","Europe, Middle East & North Africa",2006,0,0,0
"SPAIN","ESP","Europe, Middle East & North Africa",2007,0,0,0
"SPAIN","ESP","Europe, Middle East & North Africa",2008,0,0,0
"SPAIN","ESP","Europe, Middle East & North Africa",2009,0,0,0
"SPAIN","ESP","Europe, Middle East & North Africa",2010,0,0,0
"SPAIN","ESP","Europe, Middle East & North Africa",2011,0,0,0
"SPAIN","ESP","Europe, Middle East & North Africa",2012,0,0,0
"SPAIN","ESP","Europe, Middle East & North Africa",2013,0,0,0
"SPAIN","ESP","Europe, Middle East & North Africa",2014,0,0,0
"SPAIN","ESP","Europe, Middle East & North Africa",2015,0,0,0
"SPAIN","ESP","Europe, Middle East & North Africa",2016,0,0,0
"SPAIN","ESP","Europe, Middle East & North Africa",2017,0,0,0
"SPAIN","ESP","Europe, Middle East & North Africa",2018,6,6,6
"SPAIN","ESP","Europe, Middle East & North Africa",2019,2,2,2
"SPAIN","ESP","Europe, Middle East & North Africa",2020,0,0,0
"SPAIN","ESP","Europe, Middle East & North Africa",2021,0,0,0
"SPAIN","ESP","Europe, Middle East & North Africa",2022,6,6,6
"SPAIN","ESP","Europe, Middle East & North Africa",2023,3,3,3
"SPAIN","ESP","Europe, Middle East & North Africa",2024,10,10,10
"SRI LANKA","LKA","South Asia",1990,1350,1350,1350
"SRI LANKA","LKA","South Asia",1991,1048,1048,1048
"SRI LANKA","LKA","South Asia",1992,656,656,656
"SRI LANKA","LKA","South Asia",1993,756,756,756
"SRI LANKA","LKA","South Asia",1994,582,582,582
"SRI LANKA","LKA","South Asia",1995,440,440,440
"SRI LANKA","LKA","South Asia",1996,1298,1298,1298
"SRI LANKA","LKA","South Asia",1997,981,981,981
"SRI LANKA","LKA","South Asia",1998,1275,1275,1275
"SRI LANKA","LKA","South Asia",1999,1688,1688,1688
"SRI LANKA","LKA","South Asia",2000,5213,5213,5213
"SRI LANKA","LKA","South Asia",2001,8931,8931,8931
"SRI LANKA","LKA","South Asia",2002,10933,10933,10933
"SRI LANKA","LKA","South Asia",2003,4805,4805,4805
"SRI LANKA","LKA","South Asia",2004,15463,15463,15463
"SRI LANKA","LKA","South Asia",2005,5994,5994,5994
"SRI LANKA","LKA","South Asia",2006,11980,11980,11980
"SRI LANKA","LKA","South Asia",2007,7332,7332,7332
"SRI LANKA","LKA","South Asia",2008,6607,6607,6607
"SRI LANKA","LKA","South Asia",2009,35095,35095,35095
"SRI LANKA","LKA","South Asia",2010,34188,34188,34188
"SRI LANKA","LKA","South Asia",2011,28473,28473,28473
"SRI LANKA","LKA","South Asia",2012,44461,44461,44461
"SRI LANKA","LKA","South Asia",2013,32063,32063,32063
"SRI LANKA","LKA","South Asia",2014,47502,47502,47502
"SRI LANKA","LKA","South Asia",2015,29777,29777,29777
"SRI LANKA","LKA","South Asia",2016,55150,55150,55150
"SRI LANKA","LKA","South Asia",2017,186101,186101,186101
"SRI LANKA","LKA","South Asia",2018,51659,51659,51659
"SRI LANKA","LKA","South Asia",2019,105049,105049,105049
"SRI LANKA","LKA","South Asia",2020,32232,32232,32232
"SRI LANKA","LKA","South Asia",2021,36120,36120,36120
"SRI LANKA","LKA","South Asia",2022,76689,76689,76689
"SRI LANKA","LKA","South Asia",2023,88659,88659,88659
"SRI LANKA","LKA","South Asia",2024,49877,49877,49877
"SUDAN","SDN","Europe, Middle East & North Africa",1990,0,0,0
"SUDAN","SDN","Europe, Middle East & North Africa",1991,0,0,0
"SUDAN","SDN","Europe, Middle East & North Africa",1992,0,0,0
"SUDAN","SDN","Europe, Middle East & North Africa",1993,0,0,0
"SUDAN","SDN","Europe, Middle East & North Africa",1994,0,0,0
"SUDAN","SDN","Europe, Middle East & North Africa",1995,0,0,0
"SUDAN","SDN","Europe, Middle East & North Africa",1996,0,0,0
"SUDAN","SDN","Europe, Middle East & North Africa",1997,0,0,0
"SUDAN","SDN","Europe, Middle East & North Africa",1998,0,0,0
"SUDAN","SDN","Europe, Middle East & North Africa",1999,0,0,0
"SUDAN","SDN","Europe, Middle East & North Africa",2000,0,0,0
"SUDAN","SDN","Europe, Middle East & North Africa",2001,0,0,0
"SUDAN","SDN","Europe, Middle East & North Africa",2002,0,0,0
"SUDAN","SDN","Europe, Middle East & North Africa",2003,0,0,0
"SUDAN","SDN","Europe, Middle East & North Africa",2004,0,0,0
"SUDAN","SDN","Europe, Middle East & North Africa",2005,312,312,312
"SUDAN","SDN","Europe, Middle East & North Africa",2006,0,0,0
"SUDAN","SDN","Europe, Middle East & North Africa",2007,0,0,0
"SUDAN","SDN","Europe, Middle East & North Africa",2008,441,441,441
"SUDAN","SDN","Europe, Middle East & North Africa",2009,441,441,441
"SUDAN","SDN","Europe, Middle East & North Africa",2010,4008,4008,4008
"SUDAN","SDN","Europe, Middle East & North Africa",2011,271,271,271
"SUDAN","SDN","Europe, Middle East & North Africa",2012,45,45,45
"SUDAN","SDN","Europe, Middle East & North Africa",2013,0,0,0
"SUDAN","SDN","Europe, Middle East & North Africa",2014,738,738,738
"SUDAN","SDN","Europe, Middle East & North Africa",2015,560,560,560
"SUDAN","SDN","Europe, Middle East & North Africa",2016,106,106,106
"SUDAN","SDN","Europe, Middle East & North Africa",2017,90,90,90
"SUDAN","SDN","Europe, Middle East & North Africa",2018,0,0,0
"SUDAN","SDN","Europe, Middle East & North Africa",2019,15018,13312,17600
"SUDAN","SDN","Europe, Middle East & North Africa",2020,0,0,0
"SUDAN","SDN","Europe, Middle East & North Africa",2021,738,738,738
"SUDAN","SDN","Europe, Middle East & North Africa",2022,5264,5264,5264
"SUDAN","SDN","Europe, Middle East & North Africa",2023,7594,7385,8838
"SUDAN","SDN","Europe, Middle East & North Africa",2024,10560,10560,10560
"SURINAME","SUR","South America",1990,0,0,0
"SURINAME","SUR","South America",1991,0,0,0
"SURINAME","SUR","South America",1992,0,0,0
"SURINAME","SUR","South America",1993,0,0,0
"SURINAME","SUR","South America",1994,0,0,0
"SURINAME","SUR","South America",1995,344,344,344
"SURINAME","SUR","South America",1996,677,677,677
"SURINAME","SUR","South America",1997,90,90,90
"SURINAME","SUR","South America",1998,1140,1140,1140
"SURINAME","SUR","South America",1999,695,695,695
"SURINAME","SUR","South America",2000,1069,1069,1069
"SURINAME","SUR","South America",2001,748,748,748
"SURINAME","SUR","South America",2002,1081,1081,1081
"SURINAME","SUR","South America",2003,284,284,284
"SURINAME","SUR","South America",2004,368,368,368
"SURINAME","SUR","South America",2005,2712,2712,2712
"SURINAME","SUR","South America",2006,253,253,253
"SURINAME","SUR","South America",2007,41,41,41
"SURINAME","SUR","South America",2008,12,12,12
"SURINAME","SUR","South America",2009,120,120,120
"SURINAME","SUR","South America",2010,93,93,93
"SURINAME","SUR","South America",2011,386,386,386
"SURINAME","SUR","South America",2012,781,781,781
"SURINAME","SUR","South America",2013,21,21,21
"SURINAME","SUR","South America",2014,23,23,23
"SURINAME","SUR","South America",2015,15,15,15
"SURINAME","SUR","South America",2016,6,6,6
"SURINAME","SUR","South America",2017,1,1,1
"SURINAME","SUR","South America",2018,123,123,123
"SURINAME","SUR","South America",2019,86,86,86
"SURINAME","SUR","South America",2020,563,563,563
"SURINAME","SUR","South America",2021,10,10,10
"SURINAME","SUR","South America",2022,17,17,17
"SURINAME","SUR","South America",2023,282,282,282
"SURINAME","SUR","South America",2024,95,95,95
"TAIWAN","TWN","East & Southeast Asia",1990,0,0,0
"TAIWAN","TWN","East & Southeast Asia",1991,149,149,149
"TAIWAN","TWN","East & Southeast Asia",1992,4,4,4
"TAIWAN","TWN","East & Southeast Asia",1993,0,0,0
"TAIWAN","TWN","East & Southeast Asia",1994,222,222,222
"TAIWAN","TWN","East & Southeast Asia",1995,329,329,329
"TAIWAN","TWN","East & Southeast Asia",1996,20,20,20
"TAIWAN","TWN","East & Southeast Asia",1997,19,19,19
"TAIWAN","TWN","East & Southeast Asia",1998,309,309,309
"TAIWAN","TWN","East & Southeast Asia",1999,40,40,40
"TAIWAN","TWN","East & Southeast Asia",2000,113,113,113
"TAIWAN","TWN","East & Southeast Asia",2001,225,225,225
"TAIWAN","TWN","East & Southeast Asia",2002,5097,5097,5097
"TAIWAN","TWN","East & Southeast Asia",2003,92,92,92
"TAIWAN","TWN","East & Southeast Asia",2004,335,335,335
"TAIWAN","TWN","East & Southeast Asia",2005,193,193,193
"TAIWAN","TWN","East & Southeast Asia",2006,931,931,931
"TAIWAN","TWN","East & Southeast Asia",2007,1933,1933,1933
"TAIWAN","TWN","East & Southeast Asia",2008,478,478,478
"TAIWAN","TWN","East & Southeast Asia",2009,840,840,840
"TAIWAN","TWN","East & Southeast Asia",2010,1534,1534,1534
"TAIWAN","TWN","East & Southeast Asia",2011,1543,1543,1543
"TAIWAN","TWN","East & Southeast Asia",2012,1270,1270,1270
"TAIWAN","TWN","East & Southeast Asia",2013,596,596,596
"TAIWAN","TWN","East & Southeast Asia",2014,15509,15509,15509
"TAIWAN","TWN","East & Southeast Asia",2015,43467,43467,43467
"TAIWAN","TWN","East & Southeast Asia",2016,317,317,317
"TAIWAN","TWN","East & Southeast Asia",2017,10,10,10
"TAIWAN","TWN","East & Southeast Asia",2018,183,183,183
"TAIWAN","TWN","East & Southeast Asia",2019,100,100,100
"TAIWAN","TWN","East & Southeast Asia",2020,73,73,73
"TAIWAN","TWN","East & Southeast Asia",2021,0,0,0
"TAIWAN","TWN","East & Southeast Asia",2022,20,20,20
"TAIWAN","TWN","East & Southeast Asia",2023,26415,26415,26415
"TAIWAN","TWN","East & Southeast Asia",2024,269,269,269
"THAILAND","THA","East & Southeast Asia",1990,92002,92002,92002
"THAILAND","THA","East & Southeast Asia",1991,43511,43511,43511
"THAILAND","THA","East & Southeast Asia",1992,41125,41125,41125
"THAILAND","THA","East & Southeast Asia",1993,67017,67017,67017
"THAILAND","THA","East & Southeast Asia",1994,51688,51688,51688
"THAILAND","THA","East & Southeast Asia",1995,60330,60330,60330
"THAILAND","THA","East & Southeast Asia",1996,38109,38109,38109
"THAILAND","THA","East & Southeast Asia",1997,101689,101689,101689
"THAILAND","THA","East & Southeast Asia",1998,129954,129954,129954
"THAILAND","THA","East & Southeast Asia",1999,24900,24900,24900
"THAILAND","THA","East & Southeast Asia",2000,18617,18617,18617
"THAILAND","THA","East & Southeast Asia",2001,139327,139327,139327
"THAILAND","THA","East & Southeast Asia",2002,114800,114800,114800
"THAILAND","THA","East & Southeast Asia",2003,62767,62767,62767
"THAILAND","THA","East & Southeast Asia",2004,38367,38367,38367
"THAILAND","THA","East & Southeast Asia",2005,45893,45893,45893
"THAILAND","THA","East & Southeast Asia",2006,42456,42456,42456
"THAILAND","THA","East & Southeast Asia",2007,62949,62949,62949
"THAILAND","THA","East & Southeast Asia",2008,89626,89626,89626
"THAILAND","THA","East & Southeast Asia",2009,25194,25194,25194
"THAILAND","THA","East & Southeast Asia",2010,116947,116947,116947
"THAILAND","THA","East & Southeast Asia",2011,69800,69800,69800
"THAILAND","THA","East & Southeast Asia",2012,79594,79594,79594
"THAILAND","THA","East & Southeast Asia",2013,154773,154773,154773
"THAILAND","THA","East & Southeast Asia",2014,41083,41083,41083
"THAILAND","THA","East & Southeast Asia",2015,144952,144952,144952
"THAILAND","THA","East & Southeast Asia",2016,38466,38466,38466
"THAILAND","THA","East & Southeast Asia",2017,31843,31843,31843
"THAILAND","THA","East & Southeast Asia",2018,87212,87212,87212
"THAILAND","THA","East & Southeast Asia",2019,131157,131157,131157
"THAILAND","THA","East & Southeast Asia",2020,72519,72519,72519
"THAILAND","THA","East & Southeast Asia",2021,10617,10617,10617
"THAILAND","THA","East & Southeast Asia",2022,46755,46755,46755
"THAILAND","THA","East & Southeast Asia",2023,159219,159219,159219
"THAILAND","THA","East & Southeast Asia",2024,104681,104681,104681
"TIMOR-LESTE","TLS","East & Southeast Asia",1990,0,0,0
"TIMOR-LESTE","TLS","East & Southeast Asia",1991,0,0,0
"TIMOR-LESTE","TLS","East & Southeast Asia",1992,0,0,0
"TIMOR-LESTE","TLS","East & Southeast Asia",1993,0,0,0
"TIMOR-LESTE","TLS","East & Southeast Asia",1994,0,0,0
"TIMOR-LESTE","TLS","East & Southeast Asia",1995,0,0,0
"TIMOR-LESTE","TLS","East & Southeast Asia",1996,0,0,0
"TIMOR-LESTE","TLS","East & Southeast Asia",1997,0,0,0
"TIMOR-LESTE","TLS","East & Southeast Asia",1998,0,0,0
"TIMOR-LESTE","TLS","East & Southeast Asia",1999,0,0,0
"TIMOR-LESTE","TLS","East & Southeast Asia",2000,0,0,0
"TIMOR-LESTE","TLS","East & Southeast Asia",2001,0,0,0
"TIMOR-LESTE","TLS","East & Southeast Asia",2002,0,0,0
"TIMOR-LESTE","TLS","East & Southeast Asia",2003,0,0,0
"TIMOR-LESTE","TLS","East & Southeast Asia",2004,434,434,434
"TIMOR-LESTE","TLS","East & Southeast Asia",2005,1128,1128,1128
"TIMOR-LESTE","TLS","East & Southeast Asia",2006,162,162,162
"TIMOR-LESTE","TLS","East & Southeast Asia",2007,227,227,227
"TIMOR-LESTE","TLS","East & Southeast Asia",2008,108,108,108
"TIMOR-LESTE","TLS","East & Southeast Asia",2009,175,175,175
"TIMOR-LESTE","TLS","East & Southeast Asia",2010,745,745,745
"TIMOR-LESTE","TLS","East & Southeast Asia",2011,375,375,375
"TIMOR-LESTE","TLS","East & Southeast Asia",2012,928,928,928
"TIMOR-LESTE","TLS","East & Southeast Asia",2013,608,608,608
"TIMOR-LESTE","TLS","East & Southeast Asia",2014,642,642,642
"TIMOR-LESTE","TLS","East & Southeast Asia",2015,863,227,2280
"TIMOR-LESTE","TLS","East & Southeast Asia",2016,251,251,251
"TIMOR-LESTE","TLS","East & Southeast Asia",2017,550,550,550
"TIMOR-LESTE","TLS","East & Southeast Asia",2018,330,330,330
"TIMOR-LESTE","TLS","East & Southeast Asia",2019,976,976,976
"TIMOR-LESTE","TLS","East & Southeast Asia",2020,1451,1451,1451
"TIMOR-LESTE","TLS","East & Southeast Asia",2021,901,901,901
"TIMOR-LESTE","TLS","East & Southeast Asia",2022,5658,5658,5658
"TIMOR-LESTE","TLS","East & Southeast Asia",2023,1953,1953,1953
"TIMOR-LESTE","TLS","East & Southeast Asia",2024,1462,1462,1462
"TOGO","TGO","Sub-Saharan Africa",1990,0,0,0
"TOGO","TGO","Sub-Saharan Africa",1991,0,0,0
"TOGO","TGO","Sub-Saharan Africa",1992,0,0,0
"TOGO","TGO","Sub-Saharan Africa",1993,0,0,0
"TOGO","TGO","Sub-Saharan Africa",1994,0,0,0
"TOGO","TGO","Sub-Saharan Africa",1995,0,0,0
"TOGO","TGO","Sub-Saharan Africa",1996,0,0,0
"TOGO","TGO","Sub-Saharan Africa",1997,0,0,0
"TOGO","TGO","Sub-Saharan Africa",1998,0,0,0
"TOGO","TGO","Sub-Saharan Africa",1999,0,0,0
"TOGO","TGO","Sub-Saharan Africa",2000,0,0,0
"TOGO","TGO","Sub-Saharan Africa",2001,0,0,0
"TOGO","TGO","Sub-Saharan Africa",2002,0,0,0
"TOGO","TGO","Sub-Saharan Africa",2003,0,0,0
"TOGO","TGO","Sub-Saharan Africa",2004,0,0,0
"TOGO","TGO","Sub-Saharan Africa",2005,0,0,0
"TOGO","TGO","Sub-Saharan Africa",2006,0,0,0
"TOGO","TGO","Sub-Saharan Africa",2007,0,0,0
"TOGO","TGO","Sub-Saharan Africa",2008,0,0,0
"TOGO","TGO","Sub-Saharan Africa",2009,0,0,0
"TOGO","TGO","Sub-Saharan Africa",2010,0,0,0
"TOGO","TGO","Sub-Saharan Africa",2011,0,0,0
"TOGO","TGO","Sub-Saharan Africa",2012,0,0,0
"TOGO","TGO","Sub-Saharan Africa",2013,0,0,0
"TOGO","TGO","Sub-Saharan Africa",2014,0,0,0
"TOGO","TGO","Sub-Saharan Africa",2015,0,0,0
"TOGO","TGO","Sub-Saharan Africa",2016,0,0,0
"TOGO","TGO","Sub-Saharan Africa",2017,0,0,0
"TOGO","TGO","Sub-Saharan Africa",2018,0,0,0
"TOGO","TGO","Sub-Saharan Africa",2019,0,0,0
"TOGO","TGO","Sub-Saharan Africa",2020,0,0,0
"TOGO","TGO","Sub-Saharan Africa",2021,0,0,0
"TOGO","TGO","Sub-Saharan Africa",2022,0,0,0
"TOGO","TGO","Sub-Saharan Africa",2023,80,55,147
"TOGO","TGO","Sub-Saharan Africa",2024,0,0,0
"TOKELAU","TKL","Pacific Islands",1990,43,43,43
"TOKELAU","TKL","Pacific Islands",1991,3,3,3
"TOKELAU","TKL","Pacific Islands",1992,0,0,0
"TOKELAU","TKL","Pacific Islands",1993,0,0,0
"TOKELAU","TKL","Pacific Islands",1994,3,0,20
"TOKELAU","TKL","Pacific Islands",1995,0,0,0
"TOKELAU","TKL","Pacific Islands",1996,9,6,16
"TOKELAU","TKL","Pacific Islands",1997,0,0,0
"TOKELAU","TKL","Pacific Islands",1998,0,0,0
"TOKELAU","TKL","Pacific Islands",1999,0,0,0
"TOKELAU","TKL","Pacific Islands",2000,0,0,0
"TOKELAU","TKL","Pacific Islands",2001,4,4,4
"TOKELAU","TKL","Pacific Islands",2002,0,0,0
"TOKELAU","TKL","Pacific Islands",2003,0,0,0
"TOKELAU","TKL","Pacific Islands",2004,0,0,0
"TOKELAU","TKL","Pacific Islands",2005,0,0,0
"TOKELAU","TKL","Pacific Islands",2006,0,0,0
"TOKELAU","TKL","Pacific Islands",2007,0,0,0
"TOKELAU","TKL","Pacific Islands",2008,0,0,0
"TOKELAU","TKL","Pacific Islands",2009,0,0,0
"TOKELAU","TKL","Pacific Islands",2010,0,0,0
"TOKELAU","TKL","Pacific Islands",2011,0,0,0
"TOKELAU","TKL","Pacific Islands",2012,0,0,0
"TOKELAU","TKL","Pacific Islands",2013,0,0,0
"TOKELAU","TKL","Pacific Islands",2014,0,0,0
"TOKELAU","TKL","Pacific Islands",2015,0,0,0
"TOKELAU","TKL","Pacific Islands",2016,0,0,0
"TOKELAU","TKL","Pacific Islands",2017,13,6,51
"TOKELAU","TKL","Pacific Islands",2018,1,0,3
"TOKELAU","TKL","Pacific Islands",2019,2,0,7
"TOKELAU","TKL","Pacific Islands",2020,2,0,7
"TOKELAU","TKL","Pacific Islands",2021,3,0,12
"TOKELAU","TKL","Pacific Islands",2022,14,3,36
"TOKELAU","TKL","Pacific Islands",2023,21,3,87
"TOKELAU","TKL","Pacific Islands",2024,8,4,23
"TONGA","TON","Pacific Islands",1990,896,896,896
"TONGA","TON","Pacific Islands",1991,122,122,122
"TONGA","TON","Pacific Islands",1992,35,35,35
"TONGA","TON","Pacific Islands",1993,9,9,9
"TONGA","TON","Pacific Islands",1994,1,1,1
"TONGA","TON","Pacific Islands",1995,0,0,0
"TONGA","TON","Pacific Islands",1996,3,3,3
"TONGA","TON","Pacific Islands",1997,0,0,0
"TONGA","TON","Pacific Islands",1998,460,460,460
"TONGA","TON","Pacific Islands",1999,0,0,0
"TONGA","TON","Pacific Islands",2000,0,0,0
"TONGA","TON","Pacific Islands",2001,0,0,0
"TONGA","TON","Pacific Islands",2002,0,0,0
"TONGA","TON","Pacific Islands",2003,80,80,80
"TONGA","TON","Pacific Islands",2004,3,3,3
"TONGA","TON","Pacific Islands",2005,0,0,0
"TONGA","TON","Pacific Islands",2006,0,0,0
"TONGA","TON","Pacific Islands",2007,62,62,62
"TONGA","TON","Pacific Islands",2008,195,195,195
"TONGA","TON","Pacific Islands",2009,273,273,273
"TONGA","TON","Pacific Islands",2010,30,30,30
"TONGA","TON","Pacific Islands",2011,0,0,0
"TONGA","TON","Pacific Islands",2012,0,0,0
"TONGA","TON","Pacific Islands",2013,0,0,0
"TONGA","TON","Pacific Islands",2014,51,51,51
"TONGA","TON","Pacific Islands",2015,1559,1559,1559
"TONGA","TON","Pacific Islands",2016,0,0,0
"TONGA","TON","Pacific Islands",2017,100,100,100
"TONGA","TON","Pacific Islands",2018,595,326,1034
"TONGA","TON","Pacific Islands",2019,5,4,10
"TONGA","TON","Pacific Islands",2020,7,1,36
"TONGA","TON","Pacific Islands",2021,4,0,39
"TONGA","TON","Pacific Islands",2022,1929,1484,3973
"TONGA","TON","Pacific Islands",2023,5,2,13
"TONGA","TON","Pacific Islands",2024,23,14,51
"TRINIDAD AND TOBAGO","TTO","Caribbean",1990,526,526,526
"TRINIDAD AND TOBAGO","TTO","Caribbean",1991,36,36,36
"TRINIDAD AND TOBAGO","TTO","Caribbean",1992,116,116,116
"TRINIDAD AND TOBAGO","TTO","Caribbean",1993,38,38,38
"TRINIDAD AND TOBAGO","TTO","Caribbean",1994,0,0,0
"TRINIDAD AND TOBAGO","TTO","Caribbean",1995,4295,4295,4295
"TRINIDAD AND TOBAGO","TTO","Caribbean",1996,3983,3983,3983
"TRINIDAD AND TOBAGO","TTO","Caribbean",1997,745,745,745
"TRINIDAD AND TOBAGO","TTO","Caribbean",1998,2984,2984,2984
"TRINIDAD AND TOBAGO","TTO","Caribbean",1999,1200,1200,1200
"TRINIDAD AND TOBAGO","TTO","Caribbean",2000,2017,2017,2017
"TRINIDAD AND TOBAGO","TTO","Caribbean",2001,2158,2158,2158
"TRINIDAD AND TOBAGO","TTO","Caribbean",2002,5973,5973,5973
"TRINIDAD AND TOBAGO","TTO","Caribbean",2003,2209,2209,2209
"TRINIDAD AND TOBAGO","TTO","Caribbean",2004,497,497,497
"TRINIDAD AND TOBAGO","TTO","Caribbean",2005,411,411,411
"TRINIDAD AND TOBAGO","TTO","Caribbean",2006,36,36,36
"TRINIDAD AND TOBAGO","TTO","Caribbean",2007,47,47,47
"TRINIDAD AND TOBAGO","TTO","Caribbean",2008,2358,2358,2358
"TRINIDAD AND TOBAGO","TTO","Caribbean",2009,24,24,24
"TRINIDAD AND TOBAGO","TTO","Caribbean",2010,4737,4737,4737
"TRINIDAD AND TOBAGO","TTO","Caribbean",2011,1242,1242,1242
"TRINIDAD AND TOBAGO","TTO","Caribbean",2012,0,0,0
"TRINIDAD AND TOBAGO","TTO","Caribbean",2013,0,0,0
"TRINIDAD AND TOBAGO","TTO","Caribbean",2014,148,148,148
"TRINIDAD AND TOBAGO","TTO","Caribbean",2015,1687,1687,1687
"TRINIDAD AND TOBAGO","TTO","Caribbean",2016,1801,1801,1801
"TRINIDAD AND TOBAGO","TTO","Caribbean",2017,300,300,300
"TRINIDAD AND TOBAGO","TTO","Caribbean",2018,123,123,123
"TRINIDAD AND TOBAGO","TTO","Caribbean",2019,416,416,416
"TRINIDAD AND TOBAGO","TTO","Caribbean",2020,59,59,59
"TRINIDAD AND TOBAGO","TTO","Caribbean",2021,20,20,20
"TRINIDAD AND TOBAGO","TTO","Caribbean",2022,52,52,52
"TRINIDAD AND TOBAGO","TTO","Caribbean",2023,126,126,126
"TRINIDAD AND TOBAGO","TTO","Caribbean",2024,2004,2004,2004
"TURKS AND CAICOS ISLANDS","TCA","Caribbean",1990,0,0,0
"TURKS AND CAICOS ISLANDS","TCA","Caribbean",1991,0,0,0
"TURKS AND CAICOS ISLANDS","TCA","Caribbean",1992,0,0,0
"TURKS AND CAICOS ISLANDS","TCA","Caribbean",1993,0,0,0
"TURKS AND CAICOS ISLANDS","TCA","Caribbean",1994,0,0,0
"TURKS AND CAICOS ISLANDS","TCA","Caribbean",1995,0,0,0
"TURKS AND CAICOS ISLANDS","TCA","Caribbean",1996,0,0,0
"TURKS AND CAICOS ISLANDS","TCA","Caribbean",1997,0,0,0
"TURKS AND CAICOS ISLANDS","TCA","Caribbean",1998,0,0,0
"TURKS AND CAICOS ISLANDS","TCA","Caribbean",1999,0,0,0
"TURKS AND CAICOS ISLANDS","TCA","Caribbean",2000,0,0,0
"TURKS AND CAICOS ISLANDS","TCA","Caribbean",2001,0,0,0
"TURKS AND CAICOS ISLANDS","TCA","Caribbean",2002,0,0,0
"TURKS AND CAICOS ISLANDS","TCA","Caribbean",2003,2,2,2
"TURKS AND CAICOS ISLANDS","TCA","Caribbean",2004,1,1,1
"TURKS AND CAICOS ISLANDS","TCA","Caribbean",2005,1,1,1
"TURKS AND CAICOS ISLANDS","TCA","Caribbean",2006,0,0,0
"TURKS AND CAICOS ISLANDS","TCA","Caribbean",2007,0,0,0
"TURKS AND CAICOS ISLANDS","TCA","Caribbean",2008,0,0,0
"TURKS AND CAICOS ISLANDS","TCA","Caribbean",2009,0,0,0
"TURKS AND CAICOS ISLANDS","TCA","Caribbean",2010,0,0,0
"TURKS AND CAICOS ISLANDS","TCA","Caribbean",2011,24,24,24
"TURKS AND CAICOS ISLANDS","TCA","Caribbean",2012,14,14,14
"TURKS AND CAICOS ISLANDS","TCA","Caribbean",2013,5,5,5
"TURKS AND CAICOS ISLANDS","TCA","Caribbean",2014,252,252,252
"TURKS AND CAICOS ISLANDS","TCA","Caribbean",2015,331,331,331
"TURKS AND CAICOS ISLANDS","TCA","Caribbean",2016,484,484,484
"TURKS AND CAICOS ISLANDS","TCA","Caribbean",2017,210,210,210
"TURKS AND CAICOS ISLANDS","TCA","Caribbean",2018,2,2,2
"TURKS AND CAICOS ISLANDS","TCA","Caribbean",2019,19,19,19
"TURKS AND CAICOS ISLANDS","TCA","Caribbean",2020,142,142,142
"TURKS AND CAICOS ISLANDS","TCA","Caribbean",2021,4,4,4
"TURKS AND CAICOS ISLANDS","TCA","Caribbean",2022,3,3,3
"TURKS AND CAICOS ISLANDS","TCA","Caribbean",2023,182,182,182
"TURKS AND CAICOS ISLANDS","TCA","Caribbean",2024,117,117,117
"TUVALU","TUV","Pacific Islands",1990,10,10,10
"TUVALU","TUV","Pacific Islands",1991,19,19,19
"TUVALU","TUV","Pacific Islands",1992,811,811,811
"TUVALU","TUV","Pacific Islands",1993,0,0,0
"TUVALU","TUV","Pacific Islands",1994,0,0,0
"TUVALU","TUV","Pacific Islands",1995,0,0,0
"TUVALU","TUV","Pacific Islands",1996,0,0,0
"TUVALU","TUV","Pacific Islands",1997,0,0,0
"TUVALU","TUV","Pacific Islands",1998,2,2,2
"TUVALU","TUV","Pacific Islands",1999,0,0,0
"TUVALU","TUV","Pacific Islands",2000,0,0,0
"TUVALU","TUV","Pacific Islands",2001,0,0,0
"TUVALU","TUV","Pacific Islands",2002,0,0,0
"TUVALU","TUV","Pacific Islands",2003,0,0,0
"TUVALU","TUV","Pacific Islands",2004,0,0,0
"TUVALU","TUV","Pacific Islands",2005,0,0,0
"TUVALU","TUV","Pacific Islands",2006,0,0,0
"TUVALU","TUV","Pacific Islands",2007,0,0,0
"TUVALU","TUV","Pacific Islands",2008,0,0,0
"TUVALU","TUV","Pacific Islands",2009,0,0,0
"TUVALU","TUV","Pacific Islands",2010,0,0,0
"TUVALU","TUV","Pacific Islands",2011,0,0,0
"TUVALU","TUV","Pacific Islands",2012,0,0,0
"TUVALU","TUV","Pacific Islands",2013,0,0,0
"TUVALU","TUV","Pacific Islands",2014,408,408,408
"TUVALU","TUV","Pacific Islands",2015,0,0,0
"TUVALU","TUV","Pacific Islands",2016,0,0,0
"TUVALU","TUV","Pacific Islands",2017,4,0,21
"TUVALU","TUV","Pacific Islands",2018,28,0,180
"TUVALU","TUV","Pacific Islands",2019,522,522,522
"TUVALU","TUV","Pacific Islands",2020,98,13,469
"TUVALU","TUV","Pacific Islands",2021,28,0,100
"TUVALU","TUV","Pacific Islands",2022,405,218,761
"TUVALU","TUV","Pacific Islands",2023,77,4,296
"TUVALU","TUV","Pacific Islands",2024,2,1,5
"UNITED REPUBLIC OF TANZANIA","TZA","Sub-Saharan Africa",1990,0,0,0
"UNITED REPUBLIC OF TANZANIA","TZA","Sub-Saharan Africa",1991,0,0,0
"UNITED REPUBLIC OF TANZANIA","TZA","Sub-Saharan Africa",1992,0,0,0
"UNITED REPUBLIC OF TANZANIA","TZA","Sub-Saharan Africa",1993,0,0,0
"UNITED REPUBLIC OF TANZANIA","TZA","Sub-Saharan Africa",1994,0,0,0
"UNITED REPUBLIC OF TANZANIA","TZA","Sub-Saharan Africa",1995,0,0,0
"UNITED REPUBLIC OF TANZANIA","TZA","Sub-Saharan Africa",1996,0,0,0
"UNITED REPUBLIC OF TANZANIA","TZA","Sub-Saharan Africa",1997,0,0,0
"UNITED REPUBLIC OF TANZANIA","TZA","Sub-Saharan Africa",1998,0,0,0
"UNITED REPUBLIC OF TANZANIA","TZA","Sub-Saharan Africa",1999,0,0,0
"UNITED REPUBLIC OF TANZANIA","TZA","Sub-Saharan Africa",2000,0,0,0
"UNITED REPUBLIC OF TANZANIA","TZA","Sub-Saharan Africa",2001,0,0,0
"UNITED REPUBLIC OF TANZANIA","TZA","Sub-Saharan Africa",2002,0,0,0
"UNITED REPUBLIC OF TANZANIA","TZA","Sub-Saharan Africa",2003,0,0,0
"UNITED REPUBLIC OF TANZANIA","TZA","Sub-Saharan Africa",2004,0,0,0
"UNITED REPUBLIC OF TANZANIA","TZA","Sub-Saharan Africa",2005,0,0,0
"UNITED REPUBLIC OF TANZANIA","TZA","Sub-Saharan Africa",2006,0,0,0
"UNITED REPUBLIC OF TANZANIA","TZA","Sub-Saharan Africa",2007,0,0,0
"UNITED REPUBLIC OF TANZANIA","TZA","Sub-Saharan Africa",2008,0,0,0
"UNITED REPUBLIC OF TANZANIA","TZA","Sub-Saharan Africa",2009,0,0,0
"UNITED REPUBLIC OF TANZANIA","TZA","Sub-Saharan Africa",2010,0,0,0
"UNITED REPUBLIC OF TANZANIA","TZA","Sub-Saharan Africa",2011,0,0,0
"UNITED REPUBLIC OF TANZANIA","TZA","Sub-Saharan Africa",2012,0,0,0
"UNITED REPUBLIC OF TANZANIA","TZA","Sub-Saharan Africa",2013,431,431,431
"UNITED REPUBLIC OF TANZANIA","TZA","Sub-Saharan Africa",2014,2121,2121,2121
"UNITED REPUBLIC OF TANZANIA","TZA","Sub-Saharan Africa",2015,0,0,0
"UNITED REPUBLIC OF TANZANIA","TZA","Sub-Saharan Africa",2016,0,0,0
"UNITED REPUBLIC OF TANZANIA","TZA","Sub-Saharan Africa",2017,0,0,0
"UNITED REPUBLIC OF TANZANIA","TZA","Sub-Saharan Africa",2018,226,226,226
"UNITED REPUBLIC OF TANZANIA","TZA","Sub-Saharan Africa",2019,6917,6917,6917
"UNITED REPUBLIC OF TANZANIA","TZA","Sub-Saharan Africa",2020,0,0,0
"UNITED REPUBLIC OF TANZANIA","TZA","Sub-Saharan Africa",2021,0,0,0
"UNITED REPUBLIC OF TANZANIA","TZA","Sub-Saharan Africa",2022,0,0,0
"UNITED REPUBLIC OF TANZANIA","TZA","Sub-Saharan Africa",2023,0,0,0
"UNITED REPUBLIC OF TANZANIA","TZA","Sub-Saharan Africa",2024,34,34,34
"UNITED STATES OF AMERICA","USA","North & Central America",1990,0,0,0
"UNITED STATES OF AMERICA","USA","North & Central America",1991,0,0,0
"UNITED STATES OF AMERICA","USA","North & Central America",1992,0,0,0
"UNITED STATES OF AMERICA","USA","North & Central America",1993,0,0,0
"UNITED STATES OF AMERICA","USA","North & Central America",1994,0,0,0
"UNITED STATES OF AMERICA","USA","North & Central America",1995,7,7,7
"UNITED STATES OF AMERICA","USA","North & Central America",1996,0,0,0
"UNITED STATES OF AMERICA","USA","North & Central America",1997,0,0,0
"UNITED STATES OF AMERICA","USA","North & Central America",1998,0,0,0
"UNITED STATES OF AMERICA","USA","North & Central America",1999,0,0,0
"UNITED STATES OF AMERICA","USA","North & Central America",2000,0,0,0
"UNITED STATES OF AMERICA","USA","North & Central America",2001,96,96,96
"UNITED STATES OF AMERICA","USA","North & Central America",2002,29,29,29
"UNITED STATES OF AMERICA","USA","North & Central America",2003,40,40,40
"UNITED STATES OF AMERICA","USA","North & Central America",2004,0,0,0
"UNITED STATES OF AMERICA","USA","North & Central America",2005,0,0,0
"UNITED STATES OF AMERICA","USA","North & Central America",2006,143,143,143
"UNITED STATES OF AMERICA","USA","North & Central America",2007,488,488,488
"UNITED STATES OF AMERICA","USA","North & Central America",2008,0,0,0
"UNITED STATES OF AMERICA","USA","North & Central America",2009,3,3,3
"UNITED STATES OF AMERICA","USA","North & Central America",2010,65,65,65
"UNITED STATES OF AMERICA","USA","North & Central America",2011,7,7,7
"UNITED STATES OF AMERICA","USA","North & Central America",2012,186,186,186
"UNITED STATES OF AMERICA","USA","North & Central America",2013,543,543,543
"UNITED STATES OF AMERICA","USA","North & Central America",2014,668,668,668
"UNITED STATES OF AMERICA","USA","North & Central America",2015,945,945,945
"UNITED STATES OF AMERICA","USA","North & Central America",2016,990,990,990
"UNITED STATES OF AMERICA","USA","North & Central America",2017,453,453,453
"UNITED STATES OF AMERICA","USA","North & Central America",2018,331,331,331
"UNITED STATES OF AMERICA","USA","North & Central America",2019,1158,1158,1158
"UNITED STATES OF AMERICA","USA","North & Central America",2020,307,307,307
"UNITED STATES OF AMERICA","USA","North & Central America",2021,114,114,114
"UNITED STATES OF AMERICA","USA","North & Central America",2022,1156,1156,1156
"UNITED STATES OF AMERICA","USA","North & Central America",2023,156,156,156
"UNITED STATES OF AMERICA","USA","North & Central America",2024,3071,3071,3071
"URUGUAY","URY","South America",1990,0,0,0
"URUGUAY","URY","South America",1991,0,0,0
"URUGUAY","URY","South America",1992,0,0,0
"URUGUAY","URY","South America",1993,0,0,0
"URUGUAY","URY","South America",1994,0,0,0
"URUGUAY","URY","South America",1995,0,0,0
"URUGUAY","URY","South America",1996,0,0,0
"URUGUAY","URY","South America",1997,0,0,0
"URUGUAY","URY","South America",1998,0,0,0
"URUGUAY","URY","South America",1999,0,0,0
"URUGUAY","URY","South America",2000,0,0,0
"URUGUAY","URY","South America",2001,0,0,0
"URUGUAY","URY","South America",2002,0,0,0
"URUGUAY","URY","South America",2003,0,0,0
"URUGUAY","URY","South America",2004,0,0,0
"URUGUAY","URY","South America",2005,0,0,0
"URUGUAY","URY","South America",2006,0,0,0
"URUGUAY","URY","South America",2007,0,0,0
"URUGUAY","URY","South America",2008,0,0,0
"URUGUAY","URY","South America",2009,0,0,0
"URUGUAY","URY","South America",2010,0,0,0
"URUGUAY","URY","South America",2011,0,0,0
"URUGUAY","URY","South America",2012,0,0,0
"URUGUAY","URY","South America",2013,0,0,0
"URUGUAY","URY","South America",2014,0,0,0
"URUGUAY","URY","South America",2015,13,13,13
"URUGUAY","URY","South America",2016,1769,1769,1769
"URUGUAY","URY","South America",2017,0,0,0
"URUGUAY","URY","South America",2018,0,0,0
"URUGUAY","URY","South America",2019,0,0,0
"URUGUAY","URY","South America",2020,4,4,4
"URUGUAY","URY","South America",2021,52,52,52
"URUGUAY","URY","South America",2022,80,80,80
"URUGUAY","URY","South America",2023,48,48,48
"URUGUAY","URY","South America",2024,712,712,712
"VANUATU","VUT","Pacific Islands",1990,989,989,989
"VANUATU","VUT","Pacific Islands",1991,74,74,74
"VANUATU","VUT","Pacific Islands",1992,113,113,113
"VANUATU","VUT","Pacific Islands",1993,52,52,52
"VANUATU","VUT","Pacific Islands",1994,191,162,264
"VANUATU","VUT","Pacific Islands",1995,100,100,100
"VANUATU","VUT","Pacific Islands",1996,19,19,19
"VANUATU","VUT","Pacific Islands",1997,0,0,0
"VANUATU","VUT","Pacific Islands",1998,131,131,131
"VANUATU","VUT","Pacific Islands",1999,110,110,110
"VANUATU","VUT","Pacific Islands",2000,0,0,0
"VANUATU","VUT","Pacific Islands",2001,20,20,20
"VANUATU","VUT","Pacific Islands",2002,15,15,15
"VANUATU","VUT","Pacific Islands",2003,122,122,122
"VANUATU","VUT","Pacific Islands",2004,26,26,26
"VANUATU","VUT","Pacific Islands",2005,2,2,2
"VANUATU","VUT","Pacific Islands",2006,168,168,168
"VANUATU","VUT","Pacific Islands",2007,82,82,82
"VANUATU","VUT","Pacific Islands",2008,96,96,96
"VANUATU","VUT","Pacific Islands",2009,45,45,45
"VANUATU","VUT","Pacific Islands",2010,192,192,192
"VANUATU","VUT","Pacific Islands",2011,33,33,33
"VANUATU","VUT","Pacific Islands",2012,0,0,0
"VANUATU","VUT","Pacific Islands",2013,0,0,0
"VANUATU","VUT","Pacific Islands",2014,1561,1561,1561
"VANUATU","VUT","Pacific Islands",2015,0,0,0
"VANUATU","VUT","Pacific Islands",2016,0,0,0
"VANUATU","VUT","Pacific Islands",2017,845,389,2197
"VANUATU","VUT","Pacific Islands",2018,76,75,77
"VANUATU","VUT","Pacific Islands",2019,39,37,46
"VANUATU","VUT","Pacific Islands",2020,93,33,243
"VANUATU","VUT","Pacific Islands",2021,83,33,262
"VANUATU","VUT","Pacific Islands",2022,2890,2544,3306
"VANUATU","VUT","Pacific Islands",2023,106,60,173
"VANUATU","VUT","Pacific Islands",2024,153,140,201
"VENEZUELA","VEN","South America",1990,7637,7637,7637
"VENEZUELA","VEN","South America",1991,6559,6559,6559
"VENEZUELA","VEN","South America",1992,3356,3356,3356
"VENEZUELA","VEN","South America",1993,9059,9059,9059
"VENEZUELA","VEN","South America",1994,15046,15046,15046
"VENEZUELA","VEN","South America",1995,26900,26900,26900
"VENEZUELA","VEN","South America",1996,7500,7500,7500
"VENEZUELA","VEN","South America",1997,27354,27354,27354
"VENEZUELA","VEN","South America",1998,31863,31863,31863
"VENEZUELA","VEN","South America",1999,24028,24028,24028
"VENEZUELA","VEN","South America",2000,21039,21039,21039
"VENEZUELA","VEN","South America",2001,82620,82620,82620
"VENEZUELA","VEN","South America",2002,37507,37507,37507
"VENEZUELA","VEN","South America",2003,26771,26771,26771
"VENEZUELA","VEN","South America",2004,29777,29777,29777
"VENEZUELA","VEN","South America",2005,39517,39517,39517
"VENEZUELA","VEN","South America",2006,37384,37384,37384
"VENEZUELA","VEN","South America",2007,74185,74185,74185
"VENEZUELA","VEN","South America",2008,44399,44399,44399
"VENEZUELA","VEN","South America",2009,60720,60720,60720
"VENEZUELA","VEN","South America",2010,113764,113764,113764
"VENEZUELA","VEN","South America",2011,30135,30135,30135
"VENEZUELA","VEN","South America",2012,49502,49502,49502
"VENEZUELA","VEN","South America",2013,63726,63726,63726
"VENEZUELA","VEN","South America",2014,87529,87529,87529
"VENEZUELA","VEN","South America",2015,54152,54152,54152
"VENEZUELA","VEN","South America",2016,29268,29268,29268
"VENEZUELA","VEN","South America",2017,8615,8615,8615
"VENEZUELA","VEN","South America",2018,19118,19118,19118
"VENEZUELA","VEN","South America",2019,16015,16015,16015
"VENEZUELA","VEN","South America",2020,6721,6721,6721
"VENEZUELA","VEN","South America",2021,5926,5926,5926
"VENEZUELA","VEN","South America",2022,11409,11409,11409
"VENEZUELA","VEN","South America",2023,4809,4809,4809
"VENEZUELA","VEN","South America",2024,21959,2031,89644
"VIET NAM","VNM","East & Southeast Asia",1990,37569,37569,37569
"VIET NAM","VNM","East & Southeast Asia",1991,111817,111817,111817
"VIET NAM","VNM","East & Southeast Asia",1992,51311,51311,51311
"VIET NAM","VNM","East & Southeast Asia",1993,53674,53674,53674
"VIET NAM","VNM","East & Southeast Asia",1994,44944,44944,44944
"VIET NAM","VNM","East & Southeast Asia",1995,80447,80447,80447
"VIET NAM","VNM","East & Southeast Asia",1996,89963,89963,89963
"VIET NAM","VNM","East & Southeast Asia",1997,108000,108000,108000
"VIET NAM","VNM","East & Southeast Asia",1998,234920,234920,234920
"VIET NAM","VNM","East & Southeast Asia",1999,36996,36996,36996
"VIET NAM","VNM","East & Southeast Asia",2000,25269,25269,25269
"VIET NAM","VNM","East & Southeast Asia",2001,42878,42878,42878
"VIET NAM","VNM","East & Southeast Asia",2002,31760,31760,31760
"VIET NAM","VNM","East & Southeast Asia",2003,49751,49751,49751
"VIET NAM","VNM","East & Southeast Asia",2004,78692,78692,78692
"VIET NAM","VNM","East & Southeast Asia",2005,60982,60982,60982
"VIET NAM","VNM","East & Southeast Asia",2006,77780,77780,77780
"VIET NAM","VNM","East & Southeast Asia",2007,104553,104553,104553
"VIET NAM","VNM","East & Southeast Asia",2008,96451,96451,96451
"VIET NAM","VNM","East & Southeast Asia",2009,105370,105370,105370
"VIET NAM","VNM","East & Southeast Asia",2010,128831,128831,128831
"VIET NAM","VNM","East & Southeast Asia",2011,69680,69680,69680
"VIET NAM","VNM","East & Southeast Asia",2012,86026,86026,86026
"VIET NAM","VNM","East & Southeast Asia",2013,66322,66322,66322
"VIET NAM","VNM","East & Southeast Asia",2014,31848,31848,31848
"VIET NAM","VNM","East & Southeast Asia",2015,97484,97484,97484
"VIET NAM","VNM","East & Southeast Asia",2016,109649,109649,109649
"VIET NAM","VNM","East & Southeast Asia",2017,172232,172232,172232
"VIET NAM","VNM","East & Southeast Asia",2018,131447,131447,131447
"VIET NAM","VNM","East & Southeast Asia",2019,320702,320702,320702
"VIET NAM","VNM","East & Southeast Asia",2020,137470,137470,137470
"VIET NAM","VNM","East & Southeast Asia",2021,70944,70944,70944
"VIET NAM","VNM","East & Southeast Asia",2022,367729,367729,367729
"VIET NAM","VNM","East & Southeast Asia",2023,168645,159213,177344
"VIET NAM","VNM","East & Southeast Asia",2024,130342,130342,130342
"VIRGIN ISLANDS (UK)","VGB","Caribbean",1990,0,0,0
"VIRGIN ISLANDS (UK)","VGB","Caribbean",1991,0,0,0
"VIRGIN ISLANDS (UK)","VGB","Caribbean",1992,0,0,0
"VIRGIN ISLANDS (UK)","VGB","Caribbean",1993,0,0,0
"VIRGIN ISLANDS (UK)","VGB","Caribbean",1994,0,0,0
"VIRGIN ISLANDS (UK)","VGB","Caribbean",1995,0,0,0
"VIRGIN ISLANDS (UK)","VGB","Caribbean",1996,0,0,0
"VIRGIN ISLANDS (UK)","VGB","Caribbean",1997,0,0,0
"VIRGIN ISLANDS (UK)","VGB","Caribbean",1998,1,1,1
"VIRGIN ISLANDS (UK)","VGB","Caribbean",1999,0,0,0
"VIRGIN ISLANDS (UK)","VGB","Caribbean",2000,3,3,3
"VIRGIN ISLANDS (UK)","VGB","Caribbean",2001,23,23,23
"VIRGIN ISLANDS (UK)","VGB","Caribbean",2002,0,0,0
"VIRGIN ISLANDS (UK)","VGB","Caribbean",2003,0,0,0
"VIRGIN ISLANDS (UK)","VGB","Caribbean",2004,0,0,0
"VIRGIN ISLANDS (UK)","VGB","Caribbean",2005,0,0,0
"VIRGIN ISLANDS (UK)","VGB","Caribbean",2006,0,0,0
"VIRGIN ISLANDS (UK)","VGB","Caribbean",2007,6,6,6
"VIRGIN ISLANDS (UK)","VGB","Caribbean",2008,15,15,15
"VIRGIN ISLANDS (UK)","VGB","Caribbean",2009,65,65,65
"VIRGIN ISLANDS (UK)","VGB","Caribbean",2010,9,9,9
"VIRGIN ISLANDS (UK)","VGB","Caribbean",2011,939,939,939
"VIRGIN ISLANDS (UK)","VGB","Caribbean",2012,12,12,12
"VIRGIN ISLANDS (UK)","VGB","Caribbean",2013,223,223,223
"VIRGIN ISLANDS (UK)","VGB","Caribbean",2014,239,239,239
"VIRGIN ISLANDS (UK)","VGB","Caribbean",2015,103,103,103
"VIRGIN ISLANDS (UK)","VGB","Caribbean",2016,100,100,100
"VIRGIN ISLANDS (UK)","VGB","Caribbean",2017,67,67,67
"VIRGIN ISLANDS (UK)","VGB","Caribbean",2018,60,60,60
"VIRGIN ISLANDS (UK)","VGB","Caribbean",2019,78,78,78
"VIRGIN ISLANDS (UK)","VGB","Caribbean",2020,44,44,44
"VIRGIN ISLANDS (UK)","VGB","Caribbean",2021,14,14,14
"VIRGIN ISLANDS (UK)","VGB","Caribbean",2022,27,27,27
"VIRGIN ISLANDS (UK)","VGB","Caribbean",2023,7,7,7
"VIRGIN ISLANDS (UK)","VGB","Caribbean",2024,139,139,139
"VIRGIN ISLANDS (US)","VIR","Caribbean",1990,339,339,339
"VIRGIN ISLANDS (US)","VIR","Caribbean",1991,62,62,62
"VIRGIN ISLANDS (US)","VIR","Caribbean",1992,48,48,48
"VIRGIN ISLANDS (US)","VIR","Caribbean",1993,0,0,0
"VIRGIN ISLANDS (US)","VIR","Caribbean",1994,0,0,0
"VIRGIN ISLANDS (US)","VIR","Caribbean",1995,0,0,0
"VIRGIN ISLANDS (US)","VIR","Caribbean",1996,0,0,0
"VIRGIN ISLANDS (US)","VIR","Caribbean",1997,0,0,0
"VIRGIN ISLANDS (US)","VIR","Caribbean",1998,0,0,0
"VIRGIN ISLANDS (US)","VIR","Caribbean",1999,0,0,0
"VIRGIN ISLANDS (US)","VIR","Caribbean",2000,0,0,0
"VIRGIN ISLANDS (US)","VIR","Caribbean",2001,0,0,0
"VIRGIN ISLANDS (US)","VIR","Caribbean",2002,0,0,0
"VIRGIN ISLANDS (US)","VIR","Caribbean",2003,0,0,0
"VIRGIN ISLANDS (US)","VIR","Caribbean",2004,0,0,0
"VIRGIN ISLANDS (US)","VIR","Caribbean",2005,0,0,0
"VIRGIN ISLANDS (US)","VIR","Caribbean",2006,0,0,0
"VIRGIN ISLANDS (US)","VIR","Caribbean",2007,73,73,73
"VIRGIN ISLANDS (US)","VIR","Caribbean",2008,0,0,0
"VIRGIN ISLANDS (US)","VIR","Caribbean",2009,0,0,0
"VIRGIN ISLANDS (US)","VIR","Caribbean",2010,0,0,0
"VIRGIN ISLANDS (US)","VIR","Caribbean",2011,0,0,0
"VIRGIN ISLANDS (US)","VIR","Caribbean",2012,4,4,4
"VIRGIN ISLANDS (US)","VIR","Caribbean",2013,0,0,0
"VIRGIN ISLANDS (US)","VIR","Caribbean",2014,19,19,19
"VIRGIN ISLANDS (US)","VIR","Caribbean",2015,3,3,3
"VIRGIN ISLANDS (US)","VIR","Caribbean",2016,11,11,11
"VIRGIN ISLANDS (US)","VIR","Caribbean",2017,1,1,1
"VIRGIN ISLANDS (US)","VIR","Caribbean",2018,0,0,0
"VIRGIN ISLANDS (US)","VIR","Caribbean",2019,0,0,0
"VIRGIN ISLANDS (US)","VIR","Caribbean",2020,0,0,0
"VIRGIN ISLANDS (US)","VIR","Caribbean",2021,0,0,0
"VIRGIN ISLANDS (US)","VIR","Caribbean",2022,0,0,0
"VIRGIN ISLANDS (US)","VIR","Caribbean",2023,0,0,0
"VIRGIN ISLANDS (US)","VIR","Caribbean",2024,185,185,185
"WALLIS AND FUTUNA","WLF","Pacific Islands",1990,77,77,77
"WALLIS AND FUTUNA","WLF","Pacific Islands",1991,11,11,11
"WALLIS AND FUTUNA","WLF","Pacific Islands",1992,0,0,0
"WALLIS AND FUTUNA","WLF","Pacific Islands",1993,0,0,0
"WALLIS AND FUTUNA","WLF","Pacific Islands",1994,0,0,0
"WALLIS AND FUTUNA","WLF","Pacific Islands",1995,5,5,5
"WALLIS AND FUTUNA","WLF","Pacific Islands",1996,0,0,0
"WALLIS AND FUTUNA","WLF","Pacific Islands",1997,0,0,0
"WALLIS AND FUTUNA","WLF","Pacific Islands",1998,395,395,395
"WALLIS AND FUTUNA","WLF","Pacific Islands",1999,160,160,160
"WALLIS AND FUTUNA","WLF","Pacific Islands",2000,0,0,0
"WALLIS AND FUTUNA","WLF","Pacific Islands",2001,0,0,0
"WALLIS AND FUTUNA","WLF","Pacific Islands",2002,0,0,0
"WALLIS AND FUTUNA","WLF","Pacific Islands",2003,2798,2798,2798
"WALLIS AND FUTUNA","WLF","Pacific Islands",2004,41,41,41
"WALLIS AND FUTUNA","WLF","Pacific Islands",2005,0,0,0
"WALLIS AND FUTUNA","WLF","Pacific Islands",2006,0,0,0
"WALLIS AND FUTUNA","WLF","Pacific Islands",2007,0,0,0
"WALLIS AND FUTUNA","WLF","Pacific Islands",2008,124,124,124
"WALLIS AND FUTUNA","WLF","Pacific Islands",2009,13,13,13
"WALLIS AND FUTUNA","WLF","Pacific Islands",2010,0,0,0
"WALLIS AND FUTUNA","WLF","Pacific Islands",2011,0,0,0
"WALLIS AND FUTUNA","WLF","Pacific Islands",2012,0,0,0
"WALLIS AND FUTUNA","WLF","Pacific Islands",2013,94,94,94
"WALLIS AND FUTUNA","WLF","Pacific Islands",2014,0,0,0
"WALLIS AND FUTUNA","WLF","Pacific Islands",2015,0,0,0
"WALLIS AND FUTUNA","WLF","Pacific Islands",2016,0,0,0
"WALLIS AND FUTUNA","WLF","Pacific Islands",2017,222,222,222
"WALLIS AND FUTUNA","WLF","Pacific Islands",2018,202,202,202
"WALLIS AND FUTUNA","WLF","Pacific Islands",2019,124,72,249
"WALLIS AND FUTUNA","WLF","Pacific Islands",2020,144,143,146
"WALLIS AND FUTUNA","WLF","Pacific Islands",2021,100,94,107
"WALLIS AND FUTUNA","WLF","Pacific Islands",2022,1889,1694,2182
"WALLIS AND FUTUNA","WLF","Pacific Islands",2023,113,45,347
"WALLIS AND FUTUNA","WLF","Pacific Islands",2024,87,79,118
"YEMEN","YEM","Europe, Middle East & North Africa",1990,0,0,0
"YEMEN","YEM","Europe, Middle East & North Africa",1991,0,0,0
"YEMEN","YEM","Europe, Middle East & North Africa",1992,0,0,0
"YEMEN","YEM","Europe, Middle East & North Africa",1993,0,0,0
"YEMEN","YEM","Europe, Middle East & North Africa",1994,0,0,0
"YEMEN","YEM","Europe, Middle East & North Africa",1995,0,0,0
"YEMEN","YEM","Europe, Middle East & North Africa",1996,0,0,0
"YEMEN","YEM","Europe, Middle East & North Africa",1997,0,0,0
"YEMEN","YEM","Europe, Middle East & North Africa",1998,0,0,0
"YEMEN","YEM","Europe, Middle East & North Africa",1999,0,0,0
"YEMEN","YEM","Europe, Middle East & North Africa",2000,0,0,0
"YEMEN","YEM","Europe, Middle East & North Africa",2001,0,0,0
"YEMEN","YEM","Europe, Middle East & North Africa",2002,0,0,0
"YEMEN","YEM","Europe, Middle East & North Africa",2003,0,0,0
"YEMEN","YEM","Europe, Middle East & North Africa",2004,0,0,0
"YEMEN","YEM","Europe, Middle East & North Africa",2005,0,0,0
"YEMEN","YEM","Europe, Middle East & North Africa",2006,0,0,0
"YEMEN","YEM","Europe, Middle East & North Africa",2007,0,0,0
"YEMEN","YEM","Europe, Middle East & North Africa",2008,0,0,0
"YEMEN","YEM","Europe, Middle East & North Africa",2009,0,0,0
"YEMEN","YEM","Europe, Middle East & North Africa",2010,0,0,0
"YEMEN","YEM","Europe, Middle East & North Africa",2011,0,0,0
"YEMEN","YEM","Europe, Middle East & North Africa",2012,0,0,0
"YEMEN","YEM","Europe, Middle East & North Africa",2013,0,0,0
"YEMEN","YEM","Europe, Middle East & North Africa",2014,0,0,0
"YEMEN","YEM","Europe, Middle East & North Africa",2015,6777,6777,6777
"YEMEN","YEM","Europe, Middle East & North Africa",2016,28185,28185,28185
"YEMEN","YEM","Europe, Middle East & North Africa",2017,0,0,0
"YEMEN","YEM","Europe, Middle East & North Africa",2018,28081,28081,28081
"YEMEN","YEM","Europe, Middle East & North Africa",2019,77643,77643,77643
"YEMEN","YEM","Europe, Middle East & North Africa",2020,66409,66178,66782
"YEMEN","YEM","Europe, Middle East & North Africa",2021,19717,19717,19717
"YEMEN","YEM","Europe, Middle East & North Africa",2022,25749,25749,25749
"YEMEN","YEM","Europe, Middle East & North Africa",2023,22040,22040,22040
"YEMEN","YEM","Europe, Middle East & North Africa",2024,5003,5003,5003
