"country_year","adm_0_name","Year","annual_total.x","data_source.x","T_res.x","n_record.x","prop.x","annual_total.y","data_source.y","T_res.y","n_record.y","prop.y"
"AFGHANISTAN_1990","AFGHANISTAN",1990,0,"first_year","Year",1,1,NA,"No_data",NA,NA,NA
"AFGHANISTAN_1991","AFGHANISTAN",1991,0,"first_year","Year",1,1,NA,"No_data",NA,NA,NA
"AFGHANISTAN_1992","AFGHANISTAN",1992,0,"first_year","Year",1,1,NA,"No_data",NA,NA,NA
"AFGHANISTAN_1993","AFGHANISTAN",1993,0,"first_year","Year",1,1,NA,"No_data",NA,NA,NA
"AFGHANISTAN_1994","AFGHANISTAN",1994,0,"first_year","Year",1,1,NA,"No_data",NA,NA,NA
"AFGHANISTAN_1995","AFGHANISTAN",1995,0,"first_year","Year",1,1,NA,"No_data",NA,NA,NA
"AFGHANISTAN_1996","AFGHANISTAN",1996,0,"first_year","Year",1,1,NA,"No_data",NA,NA,NA
"AFGHANISTAN_1997","AFGHANISTAN",1997,0,"first_year","Year",1,1,NA,"No_data",NA,NA,NA
"AFGHANISTAN_1998","AFGHANISTAN",1998,0,"first_year","Year",1,1,NA,"No_data",NA,NA,NA
"AFGHANISTAN_1999","AFGHANISTAN",1999,0,"first_year","Year",1,1,NA,"No_data",NA,NA,NA
"AFGHANISTAN_2000","AFGHANISTAN",2000,0,"first_year","Year",1,1,NA,"No_data",NA,NA,NA
"AFGHANISTAN_2001","AFGHANISTAN",2001,0,"first_year","Year",1,1,NA,"No_data",NA,NA,NA
"AFGHANISTAN_2002","AFGHANISTAN",2002,0,"first_year","Year",1,1,NA,"No_data",NA,NA,NA
"AFGHANISTAN_2003","AFGHANISTAN",2003,0,"first_year","Year",1,1,NA,"No_data",NA,NA,NA
"AFGHANISTAN_2004","AFGHANISTAN",2004,0,"first_year","Year",1,1,NA,"No_data",NA,NA,NA
"AFGHANISTAN_2005","AFGHANISTAN",2005,0,"first_year","Year",1,1,NA,"No_data",NA,NA,NA
"AFGHANISTAN_2006","AFGHANISTAN",2006,0,"first_year","Year",1,1,NA,"No_data",NA,NA,NA
"AFGHANISTAN_2007","AFGHANISTAN",2007,0,"first_year","Year",1,1,NA,"No_data",NA,NA,NA
"AFGHANISTAN_2008","AFGHANISTAN",2008,0,"first_year","Year",1,1,NA,"No_data",NA,NA,NA
"AFGHANISTAN_2009","AFGHANISTAN",2009,0,"first_year","Year",1,1,NA,"No_data",NA,NA,NA
"AFGHANISTAN_2010","AFGHANISTAN",2010,0,"first_year","Year",1,1,NA,"No_data",NA,NA,NA
"AFGHANISTAN_2011","AFGHANISTAN",2011,0,"first_year","Year",1,1,NA,"No_data",NA,NA,NA
"AFGHANISTAN_2012","AFGHANISTAN",2012,0,"first_year","Year",1,1,NA,"No_data",NA,NA,NA
"AFGHANISTAN_2013","AFGHANISTAN",2013,0,"first_year","Year",1,1,NA,"No_data",NA,NA,NA
"AFGHANISTAN_2014","AFGHANISTAN",2014,0,"first_year","Year",1,1,NA,"No_data",NA,NA,NA
"AFGHANISTAN_2015","AFGHANISTAN",2015,0,"first_year","Year",1,1,NA,"No_data",NA,NA,NA
"AFGHANISTAN_2016","AFGHANISTAN",2016,0,"first_year","Year",1,1,NA,"No_data",NA,NA,NA
"AFGHANISTAN_2017","AFGHANISTAN",2017,0,"first_year","Year",1,1,NA,"No_data",NA,NA,NA
"AFGHANISTAN_2018","AFGHANISTAN",2018,0,"first_year","Year",1,1,NA,"No_data",NA,NA,NA
"AFGHANISTAN_2019","AFGHANISTAN",2019,19,"ad_hoc_data","Month",12,1,NA,"No_data",NA,NA,NA
"AFGHANISTAN_2020","AFGHANISTAN",2020,NA,"No_data",NA,NA,NA,NA,"No_data",NA,NA,NA
"AFGHANISTAN_2021","AFGHANISTAN",2021,775,"ad_hoc_data","Year",1,1,734,"OD","Week",16,0.307692307692308
"AFGHANISTAN_2022","AFGHANISTAN",2022,1341,"OD","Month",12,1,1341,"OD","Month",12,1
"AFGHANISTAN_2023","AFGHANISTAN",2023,1497,"ad_hoc_data","Week",52,1,1253,"OD","Month",11,0.916666666666667
"AFGHANISTAN_2024","AFGHANISTAN",2024,4722,"ad_hoc_data","Month",12,1,4174,"OD","Month",9,0.75
"AMERICAN SAMOA_1990","AMERICAN SAMOA",1990,NA,"No_data",NA,NA,NA,NA,"No_data",NA,NA,NA
"AMERICAN SAMOA_1991","AMERICAN SAMOA",1991,0,"OD","Year",1,1,0,"OD","Year",1,1
"AMERICAN SAMOA_1992","AMERICAN SAMOA",1992,0,"ad_hoc_data","Month",12,1,0,"OD","Year",1,1
"AMERICAN SAMOA_1993","AMERICAN SAMOA",1993,0,"ad_hoc_data","Month",12,1,0,"OD","Year",1,1
"AMERICAN SAMOA_1994","AMERICAN SAMOA",1994,246,"OD","Year",1,1,246,"OD","Year",1,1
"AMERICAN SAMOA_1995","AMERICAN SAMOA",1995,246,"ad_hoc_data","Month",12,1,0,"OD","Year",1,1
"AMERICAN SAMOA_1996","AMERICAN SAMOA",1996,49,"OD","Year",1,1,49,"OD","Year",1,1
"AMERICAN SAMOA_1997","AMERICAN SAMOA",1997,0,"OD","Year",1,1,0,"OD","Year",1,1
"AMERICAN SAMOA_1998","AMERICAN SAMOA",1998,205,"OD","Year",1,1,205,"OD","Year",1,1
"AMERICAN SAMOA_1999","AMERICAN SAMOA",1999,1,"OD","Year",1,1,1,"OD","Year",1,1
"AMERICAN SAMOA_2000","AMERICAN SAMOA",2000,0,"OD","Year",1,1,0,"OD","Year",1,1
"AMERICAN SAMOA_2001","AMERICAN SAMOA",2001,500,"OD","Year",1,1,500,"OD","Year",1,1
"AMERICAN SAMOA_2002","AMERICAN SAMOA",2002,1185,"OD","Year",1,1,1185,"OD","Year",1,1
"AMERICAN SAMOA_2003","AMERICAN SAMOA",2003,0,"OD","Year",1,1,0,"OD","Year",1,1
"AMERICAN SAMOA_2004","AMERICAN SAMOA",2004,0,"OD","Year",1,1,0,"OD","Year",1,1
"AMERICAN SAMOA_2005","AMERICAN SAMOA",2005,0,"OD","Year",1,1,0,"OD","Year",1,1
"AMERICAN SAMOA_2006","AMERICAN SAMOA",2006,53,"OD","Year",1,1,53,"OD","Year",1,1
"AMERICAN SAMOA_2007","AMERICAN SAMOA",2007,126,"OD","Year",1,1,126,"OD","Year",1,1
"AMERICAN SAMOA_2008","AMERICAN SAMOA",2008,649,"OD","Year",1,1,649,"OD","Year",1,1
"AMERICAN SAMOA_2009","AMERICAN SAMOA",2009,419,"OD","Year",1,1,419,"OD","Year",1,1
"AMERICAN SAMOA_2010","AMERICAN SAMOA",2010,51,"OD","Year",1,1,51,"OD","Year",1,1
"AMERICAN SAMOA_2011","AMERICAN SAMOA",2011,0,"OD","Year",1,1,0,"OD","Year",1,1
"AMERICAN SAMOA_2012","AMERICAN SAMOA",2012,0,"OD","Year",1,1,0,"OD","Year",1,1
"AMERICAN SAMOA_2013","AMERICAN SAMOA",2013,0,"ad_hoc_data","Year",1,1,NA,"No_data",NA,NA,NA
"AMERICAN SAMOA_2014","AMERICAN SAMOA",2014,0,"ad_hoc_data","Year",1,1,NA,"No_data",NA,NA,NA
"AMERICAN SAMOA_2015","AMERICAN SAMOA",2015,479,"OD","Year",1,1,479,"OD","Year",1,1
"AMERICAN SAMOA_2016","AMERICAN SAMOA",2016,0,"OD","Year",1,1,0,"OD","Year",1,1
"AMERICAN SAMOA_2017","AMERICAN SAMOA",2017,111,"OD","Week",9,0.173076923076923,111,"OD","Week",9,0.173076923076923
"AMERICAN SAMOA_2018","AMERICAN SAMOA",2018,0,"OD","Week",3,0.0576923076923077,0,"OD","Week",3,0.0576923076923077
"AMERICAN SAMOA_2019","AMERICAN SAMOA",2019,4,"OD","Week",4,0.0769230769230769,4,"OD","Week",4,0.0769230769230769
"AMERICAN SAMOA_2020","AMERICAN SAMOA",2020,0,"ad_hoc_data","Year",1,1,NA,"No_data",NA,NA,NA
"AMERICAN SAMOA_2021","AMERICAN SAMOA",2021,0,"ad_hoc_data","Year",1,1,NA,"No_data",NA,NA,NA
"AMERICAN SAMOA_2022","AMERICAN SAMOA",2022,1,"ad_hoc_data","Year",1,1,NA,"No_data",NA,NA,NA
"AMERICAN SAMOA_2023","AMERICAN SAMOA",2023,0,"ad_hoc_data","Year",1,1,NA,"No_data",NA,NA,NA
"AMERICAN SAMOA_2024","AMERICAN SAMOA",2024,0,"OD","Week",40,0.769230769230769,0,"OD","Week",40,0.769230769230769
"ANGOLA_1990","ANGOLA",1990,NA,"No_data",NA,NA,NA,NA,"No_data",NA,NA,NA
"ANGOLA_1991","ANGOLA",1991,NA,"No_data",NA,NA,NA,NA,"No_data",NA,NA,NA
"ANGOLA_1992","ANGOLA",1992,NA,"No_data",NA,NA,NA,NA,"No_data",NA,NA,NA
"ANGOLA_1993","ANGOLA",1993,NA,"No_data",NA,NA,NA,NA,"No_data",NA,NA,NA
"ANGOLA_1994","ANGOLA",1994,NA,"No_data",NA,NA,NA,NA,"No_data",NA,NA,NA
"ANGOLA_1995","ANGOLA",1995,NA,"No_data",NA,NA,NA,NA,"No_data",NA,NA,NA
"ANGOLA_1996","ANGOLA",1996,NA,"No_data",NA,NA,NA,NA,"No_data",NA,NA,NA
"ANGOLA_1997","ANGOLA",1997,NA,"No_data",NA,NA,NA,NA,"No_data",NA,NA,NA
"ANGOLA_1998","ANGOLA",1998,NA,"No_data",NA,NA,NA,NA,"No_data",NA,NA,NA
"ANGOLA_1999","ANGOLA",1999,NA,"No_data",NA,NA,NA,NA,"No_data",NA,NA,NA
"ANGOLA_2000","ANGOLA",2000,NA,"No_data",NA,NA,NA,NA,"No_data",NA,NA,NA
"ANGOLA_2001","ANGOLA",2001,NA,"No_data",NA,NA,NA,NA,"No_data",NA,NA,NA
"ANGOLA_2002","ANGOLA",2002,NA,"No_data",NA,NA,NA,NA,"No_data",NA,NA,NA
"ANGOLA_2003","ANGOLA",2003,NA,"No_data",NA,NA,NA,NA,"No_data",NA,NA,NA
"ANGOLA_2004","ANGOLA",2004,NA,"No_data",NA,NA,NA,NA,"No_data",NA,NA,NA
"ANGOLA_2005","ANGOLA",2005,NA,"No_data",NA,NA,NA,NA,"No_data",NA,NA,NA
"ANGOLA_2006","ANGOLA",2006,NA,"No_data",NA,NA,NA,NA,"No_data",NA,NA,NA
"ANGOLA_2007","ANGOLA",2007,NA,"No_data",NA,NA,NA,NA,"No_data",NA,NA,NA
"ANGOLA_2008","ANGOLA",2008,NA,"No_data",NA,NA,NA,NA,"No_data",NA,NA,NA
"ANGOLA_2009","ANGOLA",2009,NA,"No_data",NA,NA,NA,NA,"No_data",NA,NA,NA
"ANGOLA_2010","ANGOLA",2010,NA,"No_data",NA,NA,NA,NA,"No_data",NA,NA,NA
"ANGOLA_2011","ANGOLA",2011,NA,"No_data",NA,NA,NA,NA,"No_data",NA,NA,NA
"ANGOLA_2012","ANGOLA",2012,NA,"No_data",NA,NA,NA,NA,"No_data",NA,NA,NA
"ANGOLA_2013","ANGOLA",2013,1214,"ad_hoc_data","Year",1,1,NA,"No_data",NA,NA,NA
"ANGOLA_2014","ANGOLA",2014,NA,"No_data",NA,NA,NA,NA,"No_data",NA,NA,NA
"ANGOLA_2015","ANGOLA",2015,NA,"No_data",NA,NA,NA,NA,"No_data",NA,NA,NA
"ANGOLA_2016","ANGOLA",2016,NA,"No_data",NA,NA,NA,NA,"No_data",NA,NA,NA
"ANGOLA_2017","ANGOLA",2017,401,"ad_hoc_data","Year",1,1,NA,"No_data",NA,NA,NA
"ANGOLA_2018","ANGOLA",2018,NA,"No_data",NA,NA,NA,NA,"No_data",NA,NA,NA
"ANGOLA_2019","ANGOLA",2019,NA,"No_data",NA,NA,NA,NA,"No_data",NA,NA,NA
"ANGOLA_2020","ANGOLA",2020,NA,"No_data",NA,NA,NA,NA,"No_data",NA,NA,NA
"ANGOLA_2021","ANGOLA",2021,86,"ad_hoc_data","Year",1,1,NA,"No_data",NA,NA,NA
"ANGOLA_2022","ANGOLA",2022,NA,"No_data",NA,NA,NA,NA,"No_data",NA,NA,NA
"ANGOLA_2023","ANGOLA",2023,3,"ad_hoc_data","Year",1,1,NA,"No_data",NA,NA,NA
"ANGOLA_2024","ANGOLA",2024,86,"OD","Month",12,1,86,"OD","Month",12,1
"ANGUILLA_1990","ANGUILLA",1990,12,"OD","Year",1,1,12,"OD","Year",1,1
"ANGUILLA_1991","ANGUILLA",1991,0,"OD","Year",1,1,0,"OD","Year",1,1
"ANGUILLA_1992","ANGUILLA",1992,0,"OD","Year",1,1,0,"OD","Year",1,1
"ANGUILLA_1993","ANGUILLA",1993,0,"OD","Year",1,1,0,"OD","Year",1,1
"ANGUILLA_1994","ANGUILLA",1994,0,"OD","Year",1,1,0,"OD","Year",1,1
"ANGUILLA_1995","ANGUILLA",1995,4,"OD","Year",1,1,4,"OD","Year",1,1
"ANGUILLA_1996","ANGUILLA",1996,1,"OD","Year",1,1,1,"OD","Year",1,1
"ANGUILLA_1997","ANGUILLA",1997,0,"OD","Year",1,1,0,"OD","Year",1,1
"ANGUILLA_1998","ANGUILLA",1998,0,"OD","Year",1,1,0,"OD","Year",1,1
"ANGUILLA_1999","ANGUILLA",1999,12,"OD","Year",1,1,12,"OD","Year",1,1
"ANGUILLA_2000","ANGUILLA",2000,3,"OD","Year",1,1,3,"OD","Year",1,1
"ANGUILLA_2001","ANGUILLA",2001,25,"OD","Year",1,1,25,"OD","Year",1,1
"ANGUILLA_2002","ANGUILLA",2002,5,"OD","Year",1,1,5,"OD","Year",1,1
"ANGUILLA_2003","ANGUILLA",2003,2,"OD","Year",1,1,2,"OD","Year",1,1
"ANGUILLA_2004","ANGUILLA",2004,0,"OD","Year",1,1,0,"OD","Year",1,1
"ANGUILLA_2005","ANGUILLA",2005,0,"OD","Year",1,1,0,"OD","Year",1,1
"ANGUILLA_2006","ANGUILLA",2006,0,"OD","Year",1,1,0,"OD","Year",1,1
"ANGUILLA_2007","ANGUILLA",2007,0,"OD","Year",1,1,0,"OD","Year",1,1
"ANGUILLA_2008","ANGUILLA",2008,7,"OD","Year",1,1,7,"OD","Year",1,1
"ANGUILLA_2009","ANGUILLA",2009,0,"OD","Year",1,1,0,"OD","Year",1,1
"ANGUILLA_2010","ANGUILLA",2010,1,"OD","Year",1,1,1,"OD","Year",1,1
"ANGUILLA_2011","ANGUILLA",2011,9,"OD","Year",1,1,9,"OD","Year",1,1
"ANGUILLA_2012","ANGUILLA",2012,7,"OD","Year",1,1,7,"OD","Year",1,1
"ANGUILLA_2013","ANGUILLA",2013,8,"OD","Year",1,1,8,"OD","Year",1,1
"ANGUILLA_2014","ANGUILLA",2014,86,"OD","Year",1,1,86,"OD","Year",1,1
"ANGUILLA_2015","ANGUILLA",2015,8,"OD","Year",1,1,8,"OD","Year",1,1
"ANGUILLA_2016","ANGUILLA",2016,50,"OD","Year",1,1,50,"OD","Year",1,1
"ANGUILLA_2017","ANGUILLA",2017,22,"OD","Year",1,1,22,"OD","Year",1,1
"ANGUILLA_2018","ANGUILLA",2018,1,"OD","Week",52,1,1,"OD","Week",52,1
"ANGUILLA_2019","ANGUILLA",2019,6,"OD","Year",1,1,6,"OD","Year",1,1
"ANGUILLA_2020","ANGUILLA",2020,6,"OD","Week",53,1,6,"OD","Week",53,1
"ANGUILLA_2021","ANGUILLA",2021,NA,"No_data",NA,NA,NA,NA,"No_data",NA,NA,NA
"ANGUILLA_2022","ANGUILLA",2022,NA,"No_data",NA,NA,NA,NA,"No_data",NA,NA,NA
"ANGUILLA_2023","ANGUILLA",2023,1,"OD","Week",52,1,1,"OD","Week",52,1
"ANGUILLA_2024","ANGUILLA",2024,5,"OD","Year",1,1,5,"OD","Year",1,1
"ANTIGUA AND BARBUDA_1990","ANTIGUA AND BARBUDA",1990,1,"OD","Year",1,1,1,"OD","Year",1,1
"ANTIGUA AND BARBUDA_1991","ANTIGUA AND BARBUDA",1991,1,"OD","Year",1,1,1,"OD","Year",1,1
"ANTIGUA AND BARBUDA_1992","ANTIGUA AND BARBUDA",1992,0,"OD","Year",1,1,0,"OD","Year",1,1
"ANTIGUA AND BARBUDA_1993","ANTIGUA AND BARBUDA",1993,0,"OD","Year",1,1,0,"OD","Year",1,1
"ANTIGUA AND BARBUDA_1994","ANTIGUA AND BARBUDA",1994,0,"OD","Year",1,1,0,"OD","Year",1,1
"ANTIGUA AND BARBUDA_1995","ANTIGUA AND BARBUDA",1995,56,"OD","Year",1,1,56,"OD","Year",1,1
"ANTIGUA AND BARBUDA_1996","ANTIGUA AND BARBUDA",1996,12,"OD","Year",1,1,12,"OD","Year",1,1
"ANTIGUA AND BARBUDA_1997","ANTIGUA AND BARBUDA",1997,7,"OD","Year",1,1,7,"OD","Year",1,1
"ANTIGUA AND BARBUDA_1998","ANTIGUA AND BARBUDA",1998,4,"OD","Year",1,1,4,"OD","Year",1,1
"ANTIGUA AND BARBUDA_1999","ANTIGUA AND BARBUDA",1999,2,"OD","Year",1,1,2,"OD","Year",1,1
"ANTIGUA AND BARBUDA_2000","ANTIGUA AND BARBUDA",2000,8,"OD","Year",1,1,8,"OD","Year",1,1
"ANTIGUA AND BARBUDA_2001","ANTIGUA AND BARBUDA",2001,20,"OD","Year",1,1,20,"OD","Year",1,1
"ANTIGUA AND BARBUDA_2002","ANTIGUA AND BARBUDA",2002,5,"OD","Year",1,1,5,"OD","Year",1,1
"ANTIGUA AND BARBUDA_2003","ANTIGUA AND BARBUDA",2003,0,"OD","Year",1,1,0,"OD","Year",1,1
"ANTIGUA AND BARBUDA_2004","ANTIGUA AND BARBUDA",2004,0,"OD","Year",1,1,0,"OD","Year",1,1
"ANTIGUA AND BARBUDA_2005","ANTIGUA AND BARBUDA",2005,0,"OD","Year",1,1,0,"OD","Year",1,1
"ANTIGUA AND BARBUDA_2006","ANTIGUA AND BARBUDA",2006,0,"OD","Year",1,1,0,"OD","Year",1,1
"ANTIGUA AND BARBUDA_2007","ANTIGUA AND BARBUDA",2007,0,"OD","Year",1,1,0,"OD","Year",1,1
"ANTIGUA AND BARBUDA_2008","ANTIGUA AND BARBUDA",2008,17,"OD","Year",1,1,17,"OD","Year",1,1
"ANTIGUA AND BARBUDA_2009","ANTIGUA AND BARBUDA",2009,2,"OD","Year",1,1,2,"OD","Year",1,1
"ANTIGUA AND BARBUDA_2010","ANTIGUA AND BARBUDA",2010,3,"OD","Year",1,1,3,"OD","Year",1,1
"ANTIGUA AND BARBUDA_2011","ANTIGUA AND BARBUDA",2011,7,"OD","Year",1,1,7,"OD","Year",1,1
"ANTIGUA AND BARBUDA_2012","ANTIGUA AND BARBUDA",2012,10,"OD","Year",1,1,10,"OD","Year",1,1
"ANTIGUA AND BARBUDA_2013","ANTIGUA AND BARBUDA",2013,3,"OD","Year",1,1,3,"OD","Year",1,1
"ANTIGUA AND BARBUDA_2014","ANTIGUA AND BARBUDA",2014,37,"OD","Year",1,1,37,"OD","Year",1,1
"ANTIGUA AND BARBUDA_2015","ANTIGUA AND BARBUDA",2015,14,"OD","Year",1,1,14,"OD","Year",1,1
"ANTIGUA AND BARBUDA_2016","ANTIGUA AND BARBUDA",2016,103,"OD","Year",1,1,103,"OD","Year",1,1
"ANTIGUA AND BARBUDA_2017","ANTIGUA AND BARBUDA",2017,1,"OD","Week",52,1,1,"OD","Week",52,1
"ANTIGUA AND BARBUDA_2018","ANTIGUA AND BARBUDA",2018,8,"OD","Year",1,1,8,"OD","Year",1,1
"ANTIGUA AND BARBUDA_2019","ANTIGUA AND BARBUDA",2019,1223,"OD","Year",1,1,1223,"OD","Year",1,1
"ANTIGUA AND BARBUDA_2020","ANTIGUA AND BARBUDA",2020,407,"OD","Week",53,1,407,"OD","Week",53,1
"ANTIGUA AND BARBUDA_2021","ANTIGUA AND BARBUDA",2021,46,"OD","Year",1,1,46,"OD","Year",1,1
"ANTIGUA AND BARBUDA_2022","ANTIGUA AND BARBUDA",2022,48,"OD","Year",1,1,48,"OD","Year",1,1
"ANTIGUA AND BARBUDA_2023","ANTIGUA AND BARBUDA",2023,254,"OD","Year",1,1,254,"OD","Year",1,1
"ANTIGUA AND BARBUDA_2024","ANTIGUA AND BARBUDA",2024,169,"OD","Year",1,1,169,"OD","Year",1,1
"ARGENTINA_1990","ARGENTINA",1990,0,"OD","Year",1,1,0,"OD","Year",1,1
"ARGENTINA_1991","ARGENTINA",1991,0,"OD","Year",1,1,0,"OD","Year",1,1
"ARGENTINA_1992","ARGENTINA",1992,0,"OD","Year",1,1,0,"OD","Year",1,1
"ARGENTINA_1993","ARGENTINA",1993,0,"OD","Year",1,1,0,"OD","Year",1,1
"ARGENTINA_1994","ARGENTINA",1994,0,"OD","Year",1,1,0,"OD","Year",1,1
"ARGENTINA_1995","ARGENTINA",1995,0,"OD","Year",1,1,0,"OD","Year",1,1
"ARGENTINA_1996","ARGENTINA",1996,0,"OD","Year",1,1,0,"OD","Year",1,1
"ARGENTINA_1997","ARGENTINA",1997,0,"OD","Year",1,1,0,"OD","Year",1,1
"ARGENTINA_1998","ARGENTINA",1998,822,"OD","Year",1,1,822,"OD","Year",1,1
"ARGENTINA_1999","ARGENTINA",1999,3,"OD","Year",1,1,3,"OD","Year",1,1
"ARGENTINA_2000","ARGENTINA",2000,1700,"OD","Year",1,1,1700,"OD","Year",1,1
"ARGENTINA_2001","ARGENTINA",2001,11,"OD","Year",1,1,11,"OD","Year",1,1
"ARGENTINA_2002","ARGENTINA",2002,214,"OD","Year",1,1,214,"OD","Year",1,1
"ARGENTINA_2003","ARGENTINA",2003,135,"OD","Year",1,1,135,"OD","Year",1,1
"ARGENTINA_2004","ARGENTINA",2004,3284,"OD","Year",1,1,3284,"OD","Year",1,1
"ARGENTINA_2005","ARGENTINA",2005,34,"OD","Year",1,1,34,"OD","Year",1,1
"ARGENTINA_2006","ARGENTINA",2006,181,"OD","Year",1,1,181,"OD","Year",1,1
"ARGENTINA_2007","ARGENTINA",2007,173,"OD","Year",1,1,173,"OD","Year",1,1
"ARGENTINA_2008","ARGENTINA",2008,40,"OD","Year",1,1,40,"OD","Year",1,1
"ARGENTINA_2009","ARGENTINA",2009,26606,"OD","Year",1,1,26606,"OD","Year",1,1
"ARGENTINA_2010","ARGENTINA",2010,1185,"OD","Year",1,1,1185,"OD","Year",1,1
"ARGENTINA_2011","ARGENTINA",2011,213,"OD","Year",1,1,213,"OD","Year",1,1
"ARGENTINA_2012","ARGENTINA",2012,2803,"OD","Year",1,1,2803,"OD","Year",1,1
"ARGENTINA_2013","ARGENTINA",2013,9294,"OD","Year",1,1,9294,"OD","Year",1,1
"ARGENTINA_2014","ARGENTINA",2014,3270,"OD","Week",53,1,3270,"OD","Week",53,1
"ARGENTINA_2015","ARGENTINA",2015,4774,"OD","Week",52,1,4774,"OD","Week",52,1
"ARGENTINA_2016","ARGENTINA",2016,79455,"OD","Week",52,1,79455,"OD","Week",52,1
"ARGENTINA_2017","ARGENTINA",2017,557,"OD","Week",52,1,557,"OD","Week",52,1
"ARGENTINA_2018","ARGENTINA",2018,1829,"OD","Week",52,1,1829,"OD","Week",52,1
"ARGENTINA_2019","ARGENTINA",2019,3220,"OD","Week",52,1,3220,"OD","Week",52,1
"ARGENTINA_2020","ARGENTINA",2020,59358,"OD","Week",53,1,59358,"OD","Week",53,1
"ARGENTINA_2021","ARGENTINA",2021,3972,"OD","Year",1,1,3972,"OD","Year",1,1
"ARGENTINA_2022","ARGENTINA",2022,841,"OD","Year",1,1,841,"OD","Year",1,1
"ARGENTINA_2023","ARGENTINA",2023,146876,"OD","Week",52,1,146876,"OD","Week",52,1
"ARGENTINA_2024","ARGENTINA",2024,581559,"OD","Week",52,1,581559,"OD","Week",52,1
"ARUBA_1990","ARUBA",1990,0,"OD","Year",1,1,0,"OD","Year",1,1
"ARUBA_1991","ARUBA",1991,0,"OD","Year",1,1,0,"OD","Year",1,1
"ARUBA_1992","ARUBA",1992,0,"OD","Year",1,1,0,"OD","Year",1,1
"ARUBA_1993","ARUBA",1993,0,"OD","Year",1,1,0,"OD","Year",1,1
"ARUBA_1994","ARUBA",1994,0,"OD","Year",1,1,0,"OD","Year",1,1
"ARUBA_1995","ARUBA",1995,37,"OD","Year",1,1,37,"OD","Year",1,1
"ARUBA_1996","ARUBA",1996,10,"OD","Year",1,1,10,"OD","Year",1,1
"ARUBA_1997","ARUBA",1997,0,"OD","Year",1,1,0,"OD","Year",1,1
"ARUBA_1998","ARUBA",1998,0,"OD","Year",1,1,0,"OD","Year",1,1
"ARUBA_1999","ARUBA",1999,130,"OD","Year",1,1,130,"OD","Year",1,1
"ARUBA_2000","ARUBA",2000,76,"OD","Year",1,1,76,"OD","Year",1,1
"ARUBA_2001","ARUBA",2001,0,"OD","Year",1,1,0,"OD","Year",1,1
"ARUBA_2002","ARUBA",2002,25,"OD","Year",1,1,25,"OD","Year",1,1
"ARUBA_2003","ARUBA",2003,0,"OD","Year",1,1,0,"OD","Year",1,1
"ARUBA_2004","ARUBA",2004,173,"OD","Year",1,1,173,"OD","Year",1,1
"ARUBA_2005","ARUBA",2005,0,"OD","Year",1,1,0,"OD","Year",1,1
"ARUBA_2006","ARUBA",2006,5,"OD","Year",1,1,5,"OD","Year",1,1
"ARUBA_2007","ARUBA",2007,0,"OD","Year",1,1,0,"OD","Year",1,1
"ARUBA_2008","ARUBA",2008,0,"OD","Year",1,1,0,"OD","Year",1,1
"ARUBA_2009","ARUBA",2009,845,"OD","Year",1,1,845,"OD","Year",1,1
"ARUBA_2010","ARUBA",2010,1700,"OD","Year",1,1,1700,"OD","Year",1,1
"ARUBA_2011","ARUBA",2011,3025,"OD","Year",1,1,3025,"OD","Year",1,1
"ARUBA_2012","ARUBA",2012,0,"OD","Year",1,1,0,"OD","Year",1,1
"ARUBA_2013","ARUBA",2013,528,"OD","Year",1,1,528,"OD","Year",1,1
"ARUBA_2014","ARUBA",2014,400,"OD","Year",1,1,400,"OD","Year",1,1
"ARUBA_2015","ARUBA",2015,335,"OD","Year",1,1,335,"OD","Year",1,1
"ARUBA_2016","ARUBA",2016,1319,"OD","Year",1,1,1319,"OD","Year",1,1
"ARUBA_2017","ARUBA",2017,1734,"OD","Year",1,1,1734,"OD","Year",1,1
"ARUBA_2018","ARUBA",2018,9,"OD","Week",52,1,9,"OD","Week",52,1
"ARUBA_2019","ARUBA",2019,106,"OD","Week",52,1,106,"OD","Week",52,1
"ARUBA_2020","ARUBA",2020,11,"OD","Week",53,1,11,"OD","Week",53,1
"ARUBA_2021","ARUBA",2021,4,"OD","Week",52,1,4,"OD","Week",52,1
"ARUBA_2022","ARUBA",2022,11,"OD","Week",52,1,11,"OD","Week",52,1
"ARUBA_2023","ARUBA",2023,22,"OD","Week",52,1,22,"OD","Week",52,1
"ARUBA_2024","ARUBA",2024,88,"OD","Week",52,1,88,"OD","Week",52,1
"AUSTRALIA_1990","AUSTRALIA",1990,84,"ad_hoc_data","Year",1,1,NA,"No_data",NA,NA,NA
"AUSTRALIA_1991","AUSTRALIA",1991,46,"OD","Month",12,1,46,"OD","Month",12,1
"AUSTRALIA_1992","AUSTRALIA",1992,366,"OD","Month",12,1,366,"OD","Month",12,1
"AUSTRALIA_1993","AUSTRALIA",1993,690,"OD","Month",12,1,690,"OD","Month",12,1
"AUSTRALIA_1994","AUSTRALIA",1994,18,"OD","Month",12,1,17,"OD","Month",12,1
"AUSTRALIA_1995","AUSTRALIA",1995,39,"OD","Month",12,1,39,"OD","Month",12,1
"AUSTRALIA_1996","AUSTRALIA",1996,123,"OD","Month",12,1,123,"OD","Month",12,1
"AUSTRALIA_1997","AUSTRALIA",1997,209,"OD","Month",12,1,205,"OD","Month",12,1
"AUSTRALIA_1998","AUSTRALIA",1998,581,"OD","Month",12,1,581,"OD","Month",12,1
"AUSTRALIA_1999","AUSTRALIA",1999,185,"OD","Month",12,1,181,"OD","Month",12,1
"AUSTRALIA_2000","AUSTRALIA",2000,232,"OD","Month",12,1,217,"OD","Month",12,1
"AUSTRALIA_2001","AUSTRALIA",2001,183,"OD","Month",12,1,183,"OD","Month",12,1
"AUSTRALIA_2002","AUSTRALIA",2002,224,"OD","Month",12,1,224,"OD","Month",12,1
"AUSTRALIA_2003","AUSTRALIA",2003,868,"OD","Month",12,1,868,"OD","Month",12,1
"AUSTRALIA_2004","AUSTRALIA",2004,356,"OD","Month",12,1,356,"OD","Month",12,1
"AUSTRALIA_2005","AUSTRALIA",2005,219,"OD","Month",12,1,219,"OD","Month",12,1
"AUSTRALIA_2006","AUSTRALIA",2006,2210,"OD","Month",12,1,188,"OD","Month",12,1
"AUSTRALIA_2007","AUSTRALIA",2007,316,"OD","Month",12,1,316,"OD","Month",12,1
"AUSTRALIA_2008","AUSTRALIA",2008,563,"OD","Month",12,1,557,"OD","Month",12,1
"AUSTRALIA_2009","AUSTRALIA",2009,1404,"OD","Month",12,1,1404,"OD","Month",12,1
"AUSTRALIA_2010","AUSTRALIA",2010,1228,"OD","Month",12,1,1228,"OD","Month",12,1
"AUSTRALIA_2011","AUSTRALIA",2011,821,"OD","Month",12,1,821,"OD","Month",12,1
"AUSTRALIA_2012","AUSTRALIA",2012,1539,"OD","Month",12,1,1539,"OD","Month",12,1
"AUSTRALIA_2013","AUSTRALIA",2013,1841,"OD","Month",12,1,1841,"OD","Month",12,1
"AUSTRALIA_2014","AUSTRALIA",2014,1721,"OD","Month",12,1,1721,"OD","Month",12,1
"AUSTRALIA_2015","AUSTRALIA",2015,1716,"OD","Month",12,1,1716,"OD","Month",12,1
"AUSTRALIA_2016","AUSTRALIA",2016,2239,"OD","Month",12,1,2239,"OD","Month",12,1
"AUSTRALIA_2017","AUSTRALIA",2017,1135,"OD","Month",12,1,1135,"OD","Month",12,1
"AUSTRALIA_2018","AUSTRALIA",2018,933,"OD","Month",12,1,933,"OD","Month",12,1
"AUSTRALIA_2019","AUSTRALIA",2019,1469,"OD","Month",12,1,1469,"OD","Month",12,1
"AUSTRALIA_2020","AUSTRALIA",2020,224,"OD","Month",12,1,224,"OD","Month",12,1
"AUSTRALIA_2021","AUSTRALIA",2021,11,"OD","Month",12,1,11,"OD","Month",12,1
"AUSTRALIA_2022","AUSTRALIA",2022,535,"OD","Month",12,1,535,"OD","Month",12,1
"AUSTRALIA_2023","AUSTRALIA",2023,1119,"OD","Month",12,1,1119,"OD","Month",12,1
"AUSTRALIA_2024","AUSTRALIA",2024,2381,"ad_hoc_data","Month",12,1,2372,"OD","Month",12,1
"BAHAMAS_1990","BAHAMAS",1990,2,"OD","Year",1,1,2,"OD","Year",1,1
"BAHAMAS_1991","BAHAMAS",1991,0,"OD","Year",1,1,0,"OD","Year",1,1
"BAHAMAS_1992","BAHAMAS",1992,0,"OD","Year",1,1,0,"OD","Year",1,1
"BAHAMAS_1993","BAHAMAS",1993,0,"OD","Year",1,1,0,"OD","Year",1,1
"BAHAMAS_1994","BAHAMAS",1994,0,"OD","Year",1,1,0,"OD","Year",1,1
"BAHAMAS_1995","BAHAMAS",1995,1,"OD","Year",1,1,1,"OD","Year",1,1
"BAHAMAS_1996","BAHAMAS",1996,0,"OD","Year",1,1,0,"OD","Year",1,1
"BAHAMAS_1997","BAHAMAS",1997,0,"OD","Year",1,1,0,"OD","Year",1,1
"BAHAMAS_1998","BAHAMAS",1998,336,"OD","Year",1,1,336,"OD","Year",1,1
"BAHAMAS_1999","BAHAMAS",1999,0,"OD","Year",1,1,0,"OD","Year",1,1
"BAHAMAS_2000","BAHAMAS",2000,0,"OD","Year",1,1,0,"OD","Year",1,1
"BAHAMAS_2001","BAHAMAS",2001,0,"OD","Year",1,1,0,"OD","Year",1,1
"BAHAMAS_2002","BAHAMAS",2002,0,"OD","Year",1,1,0,"OD","Year",1,1
"BAHAMAS_2003","BAHAMAS",2003,180,"OD","Year",1,1,180,"OD","Year",1,1
"BAHAMAS_2004","BAHAMAS",2004,1,"OD","Year",1,1,1,"OD","Year",1,1
"BAHAMAS_2005","BAHAMAS",2005,0,"OD","Year",1,1,0,"OD","Year",1,1
"BAHAMAS_2006","BAHAMAS",2006,1,"OD","Year",1,1,1,"OD","Year",1,1
"BAHAMAS_2007","BAHAMAS",2007,0,"OD","Year",1,1,0,"OD","Year",1,1
"BAHAMAS_2008","BAHAMAS",2008,1,"OD","Year",1,1,1,"OD","Year",1,1
"BAHAMAS_2009","BAHAMAS",2009,1,"OD","Year",1,1,1,"OD","Year",1,1
"BAHAMAS_2010","BAHAMAS",2010,10,"OD","Year",1,1,10,"OD","Year",1,1
"BAHAMAS_2011","BAHAMAS",2011,6997,"OD","Year",1,1,6997,"OD","Year",1,1
"BAHAMAS_2012","BAHAMAS",2012,3,"OD","Year",1,1,3,"OD","Year",1,1
"BAHAMAS_2013","BAHAMAS",2013,3,"OD","Year",1,1,3,"OD","Year",1,1
"BAHAMAS_2014","BAHAMAS",2014,146,"OD","Year",1,1,146,"OD","Year",1,1
"BAHAMAS_2015","BAHAMAS",2015,10,"OD","Year",1,1,10,"OD","Year",1,1
"BAHAMAS_2016","BAHAMAS",2016,82,"OD","Year",1,1,82,"OD","Year",1,1
"BAHAMAS_2017","BAHAMAS",2017,14,"OD","Week",52,1,14,"OD","Week",52,1
"BAHAMAS_2018","BAHAMAS",2018,10,"OD","Week",52,1,10,"OD","Week",52,1
"BAHAMAS_2019","BAHAMAS",2019,27,"OD","Year",1,1,27,"OD","Year",1,1
"BAHAMAS_2020","BAHAMAS",2020,3,"OD","Week",53,1,3,"OD","Week",53,1
"BAHAMAS_2021","BAHAMAS",2021,NA,"No_data",NA,NA,NA,NA,"No_data",NA,NA,NA
"BAHAMAS_2022","BAHAMAS",2022,NA,"No_data",NA,NA,NA,NA,"No_data",NA,NA,NA
"BAHAMAS_2023","BAHAMAS",2023,243,"OD","Week",52,1,243,"OD","Week",52,1
"BAHAMAS_2024","BAHAMAS",2024,0,"OD","Week",52,1,0,"OD","Week",52,1
"BANGLADESH_1990","BANGLADESH",1990,0,"OD","Year",1,1,0,"OD","Year",1,1
"BANGLADESH_1991","BANGLADESH",1991,0,"OD","Year",1,1,0,"OD","Year",1,1
"BANGLADESH_1992","BANGLADESH",1992,0,"OD","Year",1,1,0,"OD","Year",1,1
"BANGLADESH_1993","BANGLADESH",1993,0,"OD","Year",1,1,0,"OD","Year",1,1
"BANGLADESH_1994","BANGLADESH",1994,0,"OD","Year",1,1,0,"OD","Year",1,1
"BANGLADESH_1995","BANGLADESH",1995,0,"OD","Year",1,1,0,"OD","Year",1,1
"BANGLADESH_1996","BANGLADESH",1996,0,"OD","Year",1,1,0,"OD","Year",1,1
"BANGLADESH_1997","BANGLADESH",1997,0,"OD","Year",1,1,0,"OD","Year",1,1
"BANGLADESH_1998","BANGLADESH",1998,0,"OD","Year",1,1,0,"OD","Year",1,1
"BANGLADESH_1999","BANGLADESH",1999,273,"OD","Year",1,1,273,"OD","Year",1,1
"BANGLADESH_2000","BANGLADESH",2000,5555,"ad_hoc_data","Year",1,1,5551,"OD","Year",1,1
"BANGLADESH_2001","BANGLADESH",2001,2430,"OD","Year",1,1,2430,"OD","Year",1,1
"BANGLADESH_2002","BANGLADESH",2002,6232,"ad_hoc_data","Year",1,1,6132,"OD","Year",1,1
"BANGLADESH_2003","BANGLADESH",2003,486,"OD","Year",1,1,486,"OD","Year",1,1
"BANGLADESH_2004","BANGLADESH",2004,3934,"OD","Year",1,1,3934,"OD","Year",1,1
"BANGLADESH_2005","BANGLADESH",2005,1048,"OD","Year",1,1,1048,"OD","Year",1,1
"BANGLADESH_2006","BANGLADESH",2006,2200,"OD","Year",1,1,2200,"OD","Year",1,1
"BANGLADESH_2007","BANGLADESH",2007,466,"OD","Year",1,1,466,"OD","Year",1,1
"BANGLADESH_2008","BANGLADESH",2008,1181,"OD","Month",12,1,1153,"OD","Month",12,1
"BANGLADESH_2009","BANGLADESH",2009,474,"OD","Month",12,1,474,"OD","Month",12,1
"BANGLADESH_2010","BANGLADESH",2010,409,"OD","Month",12,1,409,"OD","Month",12,1
"BANGLADESH_2011","BANGLADESH",2011,1362,"OD","Month",12,1,1359,"OD","Month",12,1
"BANGLADESH_2012","BANGLADESH",2012,671,"OD","Month",12,1,671,"OD","Month",12,1
"BANGLADESH_2013","BANGLADESH",2013,1949,"OD","Month",12,1,1749,"OD","Month",12,1
"BANGLADESH_2014","BANGLADESH",2014,375,"OD","Month",12,1,375,"OD","Month",12,1
"BANGLADESH_2015","BANGLADESH",2015,3162,"OD","Month",12,1,3162,"OD","Month",12,1
"BANGLADESH_2016","BANGLADESH",2016,6060,"OD","Month",12,1,6060,"OD","Month",12,1
"BANGLADESH_2017","BANGLADESH",2017,2769,"OD","Month",12,1,2769,"OD","Month",12,1
"BANGLADESH_2018","BANGLADESH",2018,10148,"OD","Month",12,1,10148,"OD","Month",12,1
"BANGLADESH_2019","BANGLADESH",2019,104954,"OD","Month",12,1,104954,"OD","Month",12,1
"BANGLADESH_2020","BANGLADESH",2020,1422,"ad_hoc_data","Month",12,1,1405,"OD","Month",12,1
"BANGLADESH_2021","BANGLADESH",2021,28437,"ad_hoc_data","Month",12,1,NA,"No_data",NA,NA,NA
"BANGLADESH_2022","BANGLADESH",2022,62408,"OD","Month",12,1,62408,"OD","Month",12,1
"BANGLADESH_2023","BANGLADESH",2023,321138,"OD","Month",12,1,321138,"OD","Month",12,1
"BANGLADESH_2024","BANGLADESH",2024,101214,"OD","Month",12,1,101214,"OD","Month",12,1
"BARBADOS_1990","BARBADOS",1990,236,"OD","Year",1,1,236,"OD","Year",1,1
"BARBADOS_1991","BARBADOS",1991,21,"OD","Year",1,1,21,"OD","Year",1,1
"BARBADOS_1992","BARBADOS",1992,4,"OD","Year",1,1,4,"OD","Year",1,1
"BARBADOS_1993","BARBADOS",1993,1,"OD","Year",1,1,1,"OD","Year",1,1
"BARBADOS_1994","BARBADOS",1994,0,"OD","Year",1,1,0,"OD","Year",1,1
"BARBADOS_1995","BARBADOS",1995,974,"OD","Year",1,1,974,"OD","Year",1,1
"BARBADOS_1996","BARBADOS",1996,130,"OD","Year",1,1,130,"OD","Year",1,1
"BARBADOS_1997","BARBADOS",1997,196,"OD","Year",1,1,196,"OD","Year",1,1
"BARBADOS_1998","BARBADOS",1998,852,"OD","Year",1,1,852,"OD","Year",1,1
"BARBADOS_1999","BARBADOS",1999,688,"OD","Year",1,1,688,"OD","Year",1,1
"BARBADOS_2000","BARBADOS",2000,744,"OD","Year",1,1,744,"OD","Year",1,1
"BARBADOS_2001","BARBADOS",2001,1029,"OD","Year",1,1,1029,"OD","Year",1,1
"BARBADOS_2002","BARBADOS",2002,740,"OD","Year",1,1,740,"OD","Year",1,1
"BARBADOS_2003","BARBADOS",2003,557,"OD","Year",1,1,557,"OD","Year",1,1
"BARBADOS_2004","BARBADOS",2004,349,"OD","Year",1,1,349,"OD","Year",1,1
"BARBADOS_2005","BARBADOS",2005,320,"OD","Year",1,1,320,"OD","Year",1,1
"BARBADOS_2006","BARBADOS",2006,1,"OD","Year",1,1,1,"OD","Year",1,1
"BARBADOS_2007","BARBADOS",2007,0,"OD","Year",1,1,0,"OD","Year",1,1
"BARBADOS_2008","BARBADOS",2008,1,"OD","Year",1,1,1,"OD","Year",1,1
"BARBADOS_2009","BARBADOS",2009,55,"OD","Year",1,1,55,"OD","Year",1,1
"BARBADOS_2010","BARBADOS",2010,2966,"OD","Year",1,1,2966,"OD","Year",1,1
"BARBADOS_2011","BARBADOS",2011,739,"OD","Year",1,1,739,"OD","Year",1,1
"BARBADOS_2012","BARBADOS",2012,912,"OD","Year",1,1,912,"OD","Year",1,1
"BARBADOS_2013","BARBADOS",2013,2848,"OD","Year",1,1,2848,"OD","Year",1,1
"BARBADOS_2014","BARBADOS",2014,2689,"OD","Week",53,1,2689,"OD","Week",53,1
"BARBADOS_2015","BARBADOS",2015,503,"OD","Week",52,1,503,"OD","Week",52,1
"BARBADOS_2016","BARBADOS",2016,1732,"OD","Week",52,1,1732,"OD","Week",52,1
"BARBADOS_2017","BARBADOS",2017,597,"OD","Week",52,1,597,"OD","Week",52,1
"BARBADOS_2018","BARBADOS",2018,67,"OD","Week",52,1,67,"OD","Week",52,1
"BARBADOS_2019","BARBADOS",2019,117,"OD","Week",52,1,117,"OD","Week",52,1
"BARBADOS_2020","BARBADOS",2020,1352,"OD","Week",53,1,1352,"OD","Week",53,1
"BARBADOS_2021","BARBADOS",2021,448,"OD","Week",52,1,448,"OD","Week",52,1
"BARBADOS_2022","BARBADOS",2022,339,"OD","Week",52,1,339,"OD","Week",52,1
"BARBADOS_2023","BARBADOS",2023,771,"OD","Week",52,1,771,"OD","Week",52,1
"BARBADOS_2024","BARBADOS",2024,1133,"OD","Week",52,1,1133,"OD","Week",52,1
"BELIZE_1990","BELIZE",1990,2,"OD","Year",1,1,2,"OD","Year",1,1
"BELIZE_1991","BELIZE",1991,0,"OD","Year",1,1,0,"OD","Year",1,1
"BELIZE_1992","BELIZE",1992,0,"OD","Year",1,1,0,"OD","Year",1,1
"BELIZE_1993","BELIZE",1993,0,"OD","Year",1,1,0,"OD","Year",1,1
"BELIZE_1994","BELIZE",1994,0,"OD","Year",1,1,0,"OD","Year",1,1
"BELIZE_1995","BELIZE",1995,107,"OD","Year",1,1,107,"OD","Year",1,1
"BELIZE_1996","BELIZE",1996,0,"OD","Year",1,1,0,"OD","Year",1,1
"BELIZE_1997","BELIZE",1997,141,"OD","Year",1,1,141,"OD","Year",1,1
"BELIZE_1998","BELIZE",1998,7,"OD","Year",1,1,7,"OD","Year",1,1
"BELIZE_1999","BELIZE",1999,3,"OD","Year",1,1,3,"OD","Year",1,1
"BELIZE_2000","BELIZE",2000,4,"OD","Year",1,1,4,"OD","Year",1,1
"BELIZE_2001","BELIZE",2001,3,"OD","Year",1,1,3,"OD","Year",1,1
"BELIZE_2002","BELIZE",2002,41,"OD","Year",1,1,41,"OD","Year",1,1
"BELIZE_2003","BELIZE",2003,0,"OD","Year",1,1,0,"OD","Year",1,1
"BELIZE_2004","BELIZE",2004,2,"OD","Year",1,1,2,"OD","Year",1,1
"BELIZE_2005","BELIZE",2005,380,"OD","Year",1,1,380,"OD","Year",1,1
"BELIZE_2006","BELIZE",2006,9,"OD","Year",1,1,9,"OD","Year",1,1
"BELIZE_2007","BELIZE",2007,40,"OD","Year",1,1,40,"OD","Year",1,1
"BELIZE_2008","BELIZE",2008,23,"OD","Year",1,1,23,"OD","Year",1,1
"BELIZE_2009","BELIZE",2009,1370,"OD","Year",1,1,1370,"OD","Year",1,1
"BELIZE_2010","BELIZE",2010,1885,"OD","Year",1,1,1885,"OD","Year",1,1
"BELIZE_2011","BELIZE",2011,466,"OD","Year",1,1,466,"OD","Year",1,1
"BELIZE_2012","BELIZE",2012,1421,"OD","Year",1,1,1421,"OD","Year",1,1
"BELIZE_2013","BELIZE",2013,2690,"OD","Year",1,1,2690,"OD","Year",1,1
"BELIZE_2014","BELIZE",2014,5077,"OD","Week",53,1,5077,"OD","Week",53,1
"BELIZE_2015","BELIZE",2015,5691,"OD","Week",52,1,5691,"OD","Week",52,1
"BELIZE_2016","BELIZE",2016,4899,"OD","Week",52,1,4899,"OD","Week",52,1
"BELIZE_2017","BELIZE",2017,3042,"OD","Week",52,1,3042,"OD","Week",52,1
"BELIZE_2018","BELIZE",2018,2326,"OD","Week",52,1,2326,"OD","Week",52,1
"BELIZE_2019","BELIZE",2019,13316,"OD","Week",52,1,13316,"OD","Week",52,1
"BELIZE_2020","BELIZE",2020,2785,"OD","Week",53,1,2785,"OD","Week",53,1
"BELIZE_2021","BELIZE",2021,3104,"OD","Year",1,1,3104,"OD","Year",1,1
"BELIZE_2022","BELIZE",2022,5080,"OD","Week",52,1,5080,"OD","Week",52,1
"BELIZE_2023","BELIZE",2023,1688,"OD","Week",52,1,1688,"OD","Week",52,1
"BELIZE_2024","BELIZE",2024,1148,"OD","Week",52,1,1148,"OD","Week",52,1
"BENIN_1990","BENIN",1990,NA,"No_data",NA,NA,NA,NA,"No_data",NA,NA,NA
"BENIN_1991","BENIN",1991,NA,"No_data",NA,NA,NA,NA,"No_data",NA,NA,NA
"BENIN_1992","BENIN",1992,NA,"No_data",NA,NA,NA,NA,"No_data",NA,NA,NA
"BENIN_1993","BENIN",1993,NA,"No_data",NA,NA,NA,NA,"No_data",NA,NA,NA
"BENIN_1994","BENIN",1994,NA,"No_data",NA,NA,NA,NA,"No_data",NA,NA,NA
"BENIN_1995","BENIN",1995,NA,"No_data",NA,NA,NA,NA,"No_data",NA,NA,NA
"BENIN_1996","BENIN",1996,NA,"No_data",NA,NA,NA,NA,"No_data",NA,NA,NA
"BENIN_1997","BENIN",1997,NA,"No_data",NA,NA,NA,NA,"No_data",NA,NA,NA
"BENIN_1998","BENIN",1998,NA,"No_data",NA,NA,NA,NA,"No_data",NA,NA,NA
"BENIN_1999","BENIN",1999,NA,"No_data",NA,NA,NA,NA,"No_data",NA,NA,NA
"BENIN_2000","BENIN",2000,NA,"No_data",NA,NA,NA,NA,"No_data",NA,NA,NA
"BENIN_2001","BENIN",2001,NA,"No_data",NA,NA,NA,NA,"No_data",NA,NA,NA
"BENIN_2002","BENIN",2002,NA,"No_data",NA,NA,NA,NA,"No_data",NA,NA,NA
"BENIN_2003","BENIN",2003,NA,"No_data",NA,NA,NA,NA,"No_data",NA,NA,NA
"BENIN_2004","BENIN",2004,NA,"No_data",NA,NA,NA,NA,"No_data",NA,NA,NA
"BENIN_2005","BENIN",2005,NA,"No_data",NA,NA,NA,NA,"No_data",NA,NA,NA
"BENIN_2006","BENIN",2006,NA,"No_data",NA,NA,NA,NA,"No_data",NA,NA,NA
"BENIN_2007","BENIN",2007,NA,"No_data",NA,NA,NA,NA,"No_data",NA,NA,NA
"BENIN_2008","BENIN",2008,NA,"No_data",NA,NA,NA,NA,"No_data",NA,NA,NA
"BENIN_2009","BENIN",2009,NA,"No_data",NA,NA,NA,NA,"No_data",NA,NA,NA
"BENIN_2010","BENIN",2010,NA,"No_data",NA,NA,NA,NA,"No_data",NA,NA,NA
"BENIN_2011","BENIN",2011,NA,"No_data",NA,NA,NA,NA,"No_data",NA,NA,NA
"BENIN_2012","BENIN",2012,NA,"No_data",NA,NA,NA,NA,"No_data",NA,NA,NA
"BENIN_2013","BENIN",2013,NA,"No_data",NA,NA,NA,NA,"No_data",NA,NA,NA
"BENIN_2014","BENIN",2014,NA,"No_data",NA,NA,NA,NA,"No_data",NA,NA,NA
"BENIN_2015","BENIN",2015,NA,"No_data",NA,NA,NA,NA,"No_data",NA,NA,NA
"BENIN_2016","BENIN",2016,NA,"No_data",NA,NA,NA,NA,"No_data",NA,NA,NA
"BENIN_2017","BENIN",2017,NA,"No_data",NA,NA,NA,NA,"No_data",NA,NA,NA
"BENIN_2018","BENIN",2018,NA,"No_data",NA,NA,NA,NA,"No_data",NA,NA,NA
"BENIN_2019","BENIN",2019,26,"ad_hoc_data","Year",1,1,NA,"No_data",NA,NA,NA
"BENIN_2020","BENIN",2020,NA,"No_data",NA,NA,NA,NA,"No_data",NA,NA,NA
"BENIN_2021","BENIN",2021,NA,"No_data",NA,NA,NA,NA,"No_data",NA,NA,NA
"BENIN_2022","BENIN",2022,NA,"No_data",NA,NA,NA,NA,"No_data",NA,NA,NA
"BENIN_2023","BENIN",2023,6,"ad_hoc_data","Year",1,1,NA,"No_data",NA,NA,NA
"BENIN_2024","BENIN",2024,41,"OD","Month",12,1,41,"OD","Month",12,1
"BERMUDA_1990","BERMUDA",1990,0,"OD","Year",1,1,0,"OD","Year",1,1
"BERMUDA_1991","BERMUDA",1991,0,"OD","Year",1,1,0,"OD","Year",1,1
"BERMUDA_1992","BERMUDA",1992,0,"OD","Year",1,1,0,"OD","Year",1,1
"BERMUDA_1993","BERMUDA",1993,0,"OD","Year",1,1,0,"OD","Year",1,1
"BERMUDA_1994","BERMUDA",1994,0,"OD","Year",1,1,0,"OD","Year",1,1
"BERMUDA_1995","BERMUDA",1995,0,"OD","Year",1,1,0,"OD","Year",1,1
"BERMUDA_1996","BERMUDA",1996,0,"OD","Year",1,1,0,"OD","Year",1,1
"BERMUDA_1997","BERMUDA",1997,0,"OD","Year",1,1,0,"OD","Year",1,1
"BERMUDA_1998","BERMUDA",1998,0,"OD","Year",1,1,0,"OD","Year",1,1
"BERMUDA_1999","BERMUDA",1999,3,"OD","Year",1,1,3,"OD","Year",1,1
"BERMUDA_2000","BERMUDA",2000,0,"OD","Year",1,1,0,"OD","Year",1,1
"BERMUDA_2001","BERMUDA",2001,0,"OD","Year",1,1,0,"OD","Year",1,1
"BERMUDA_2002","BERMUDA",2002,0,"OD","Year",1,1,0,"OD","Year",1,1
"BERMUDA_2003","BERMUDA",2003,0,"OD","Year",1,1,0,"OD","Year",1,1
"BERMUDA_2004","BERMUDA",2004,0,"OD","Year",1,1,0,"OD","Year",1,1
"BERMUDA_2005","BERMUDA",2005,2,"OD","Year",1,1,2,"OD","Year",1,1
"BERMUDA_2006","BERMUDA",2006,2,"OD","Year",1,1,2,"OD","Year",1,1
"BERMUDA_2007","BERMUDA",2007,0,"OD","Year",1,1,0,"OD","Year",1,1
"BERMUDA_2008","BERMUDA",2008,0,"OD","Year",1,1,0,"OD","Year",1,1
"BERMUDA_2009","BERMUDA",2009,0,"OD","Year",1,1,0,"OD","Year",1,1
"BERMUDA_2010","BERMUDA",2010,2,"OD","Year",1,1,2,"OD","Year",1,1
"BERMUDA_2011","BERMUDA",2011,1,"OD","Year",1,1,1,"OD","Year",1,1
"BERMUDA_2012","BERMUDA",2012,0,"OD","Year",1,1,0,"OD","Year",1,1
"BERMUDA_2013","BERMUDA",2013,1,"OD","Year",1,1,1,"OD","Year",1,1
"BERMUDA_2014","BERMUDA",2014,1,"OD","Week",53,1,1,"OD","Week",53,1
"BERMUDA_2015","BERMUDA",2015,0,"OD","Week",52,1,0,"OD","Week",52,1
"BERMUDA_2016","BERMUDA",2016,2,"OD","Week",52,1,2,"OD","Week",52,1
"BERMUDA_2017","BERMUDA",2017,0,"OD","Week",52,1,0,"OD","Week",52,1
"BERMUDA_2018","BERMUDA",2018,0,"OD","Week",52,1,0,"OD","Week",52,1
"BERMUDA_2019","BERMUDA",2019,2,"OD","Week",52,1,2,"OD","Week",52,1
"BERMUDA_2020","BERMUDA",2020,0,"OD","Week",53,1,0,"OD","Week",53,1
"BERMUDA_2021","BERMUDA",2021,0,"OD","Week",52,1,0,"OD","Week",52,1
"BERMUDA_2022","BERMUDA",2022,0,"OD","Week",52,1,0,"OD","Week",52,1
"BERMUDA_2023","BERMUDA",2023,1,"OD","Week",52,1,1,"OD","Week",52,1
"BERMUDA_2024","BERMUDA",2024,3,"OD","Week",52,1,3,"OD","Week",52,1
"BHUTAN_1990","BHUTAN",1990,0,"OD","Year",1,1,0,"OD","Year",1,1
"BHUTAN_1991","BHUTAN",1991,0,"OD","Year",1,1,0,"OD","Year",1,1
"BHUTAN_1992","BHUTAN",1992,0,"OD","Year",1,1,0,"OD","Year",1,1
"BHUTAN_1993","BHUTAN",1993,0,"OD","Year",1,1,0,"OD","Year",1,1
"BHUTAN_1994","BHUTAN",1994,0,"OD","Year",1,1,0,"OD","Year",1,1
"BHUTAN_1995","BHUTAN",1995,0,"OD","Year",1,1,0,"OD","Year",1,1
"BHUTAN_1996","BHUTAN",1996,0,"OD","Year",1,1,0,"OD","Year",1,1
"BHUTAN_1997","BHUTAN",1997,0,"OD","Year",1,1,0,"OD","Year",1,1
"BHUTAN_1998","BHUTAN",1998,0,"OD","Year",1,1,0,"OD","Year",1,1
"BHUTAN_1999","BHUTAN",1999,0,"OD","Year",1,1,0,"OD","Year",1,1
"BHUTAN_2000","BHUTAN",2000,0,"OD","Year",1,1,0,"OD","Year",1,1
"BHUTAN_2001","BHUTAN",2001,0,"OD","Year",1,1,0,"OD","Year",1,1
"BHUTAN_2002","BHUTAN",2002,0,"OD","Year",1,1,0,"OD","Year",1,1
"BHUTAN_2003","BHUTAN",2003,0,"OD","Year",1,1,0,"OD","Year",1,1
"BHUTAN_2004","BHUTAN",2004,2651,"ad_hoc_data","Year",1,1,2579,"OD","Year",1,1
"BHUTAN_2005","BHUTAN",2005,19,"OD","Year",1,1,19,"OD","Year",1,1
"BHUTAN_2006","BHUTAN",2006,480,"OD","Year",1,1,480,"OD","Year",1,1
"BHUTAN_2007","BHUTAN",2007,120,"ad_hoc_data","Year",1,1,86,"OD","Year",1,1
"BHUTAN_2008","BHUTAN",2008,73,"OD","Year",1,1,73,"OD","Year",1,1
"BHUTAN_2009","BHUTAN",2009,351,"OD","Year",1,1,351,"OD","Year",1,1
"BHUTAN_2010","BHUTAN",2010,887,"ad_hoc_data","Year",1,1,874,"OD","Year",1,1
"BHUTAN_2011","BHUTAN",2011,712,"OD","Year",1,1,712,"OD","Year",1,1
"BHUTAN_2012","BHUTAN",2012,1101,"OD","Year",1,1,1101,"OD","Year",1,1
"BHUTAN_2013","BHUTAN",2013,111,"OD","Year",1,1,111,"OD","Year",1,1
"BHUTAN_2014","BHUTAN",2014,0,"OD","Year",1,1,0,"OD","Year",1,1
"BHUTAN_2015","BHUTAN",2015,0,"OD","Year",1,1,0,"OD","Year",1,1
"BHUTAN_2016","BHUTAN",2016,550,"OD","Year",1,1,550,"OD","Year",1,1
"BHUTAN_2017","BHUTAN",2017,87,"OD","Year",1,1,87,"OD","Year",1,1
"BHUTAN_2018","BHUTAN",2018,28,"OD","Year",1,1,28,"OD","Year",1,1
"BHUTAN_2019","BHUTAN",2019,5480,"OD","Year",1,1,5480,"OD","Year",1,1
"BHUTAN_2020","BHUTAN",2020,16,"OD","Year",1,1,16,"OD","Year",1,1
"BHUTAN_2021","BHUTAN",2021,5,"OD","Year",1,1,5,"OD","Year",1,1
"BHUTAN_2022","BHUTAN",2022,460,"ad_hoc_data","Year",1,1,123,"OD","Year",1,1
"BHUTAN_2023","BHUTAN",2023,626,"OD","Year",1,1,626,"OD","Year",1,1
"BHUTAN_2024","BHUTAN",2024,214,"ad_hoc_data","Month",12,1,156,"OD","Month",10,0.833333333333333
"BOLIVIA_1990","BOLIVIA",1990,40642,"OD","Year",1,1,40642,"OD","Year",1,1
"BOLIVIA_1991","BOLIVIA",1991,97397,"OD","Year",1,1,97397,"OD","Year",1,1
"BOLIVIA_1992","BOLIVIA",1992,3501,"OD","Year",1,1,3501,"OD","Year",1,1
"BOLIVIA_1993","BOLIVIA",1993,6915,"OD","Year",1,1,6915,"OD","Year",1,1
"BOLIVIA_1994","BOLIVIA",1994,54453,"OD","Year",1,1,54453,"OD","Year",1,1
"BOLIVIA_1995","BOLIVIA",1995,7,"OD","Year",1,1,7,"OD","Year",1,1
"BOLIVIA_1996","BOLIVIA",1996,52,"OD","Year",1,1,52,"OD","Year",1,1
"BOLIVIA_1997","BOLIVIA",1997,539,"OD","Year",1,1,539,"OD","Year",1,1
"BOLIVIA_1998","BOLIVIA",1998,49,"OD","Year",1,1,49,"OD","Year",1,1
"BOLIVIA_1999","BOLIVIA",1999,43,"OD","Year",1,1,43,"OD","Year",1,1
"BOLIVIA_2000","BOLIVIA",2000,73,"OD","Year",1,1,73,"OD","Year",1,1
"BOLIVIA_2001","BOLIVIA",2001,176,"OD","Year",1,1,176,"OD","Year",1,1
"BOLIVIA_2002","BOLIVIA",2002,891,"OD","Year",1,1,891,"OD","Year",1,1
"BOLIVIA_2003","BOLIVIA",2003,6501,"OD","Year",1,1,6501,"OD","Year",1,1
"BOLIVIA_2004","BOLIVIA",2004,7365,"OD","Year",1,1,7365,"OD","Year",1,1
"BOLIVIA_2005","BOLIVIA",2005,4433,"OD","Year",1,1,4433,"OD","Year",1,1
"BOLIVIA_2006","BOLIVIA",2006,2039,"OD","Year",1,1,2039,"OD","Year",1,1
"BOLIVIA_2007","BOLIVIA",2007,7223,"OD","Year",1,1,7223,"OD","Year",1,1
"BOLIVIA_2008","BOLIVIA",2008,3178,"OD","Year",1,1,3178,"OD","Year",1,1
"BOLIVIA_2009","BOLIVIA",2009,83849,"OD","Year",1,1,83849,"OD","Year",1,1
"BOLIVIA_2010","BOLIVIA",2010,9918,"OD","Year",1,1,9918,"OD","Year",1,1
"BOLIVIA_2011","BOLIVIA",2011,26633,"OD","Year",1,1,26633,"OD","Year",1,1
"BOLIVIA_2012","BOLIVIA",2012,51694,"OD","Year",1,1,51694,"OD","Year",1,1
"BOLIVIA_2013","BOLIVIA",2013,13050,"OD","Year",1,1,13050,"OD","Year",1,1
"BOLIVIA_2014","BOLIVIA",2014,46942,"OD","Week",53,1,46942,"OD","Week",53,1
"BOLIVIA_2015","BOLIVIA",2015,54198,"OD","Week",52,1,54198,"OD","Week",52,1
"BOLIVIA_2016","BOLIVIA",2016,64772,"OD","Week",52,1,64772,"OD","Week",52,1
"BOLIVIA_2017","BOLIVIA",2017,19846,"OD","Week",52,1,19846,"OD","Week",52,1
"BOLIVIA_2018","BOLIVIA",2018,15194,"OD","Week",52,1,15194,"OD","Week",52,1
"BOLIVIA_2019","BOLIVIA",2019,19987,"OD","Week",52,1,19987,"OD","Week",52,1
"BOLIVIA_2020","BOLIVIA",2020,111347,"OD","Week",53,1,111347,"OD","Week",53,1
"BOLIVIA_2021","BOLIVIA",2021,8947,"OD","Week",52,1,8947,"OD","Week",52,1
"BOLIVIA_2022","BOLIVIA",2022,20007,"OD","Week",52,1,20007,"OD","Week",52,1
"BOLIVIA_2023","BOLIVIA",2023,158744,"OD","Week",52,1,158744,"OD","Week",52,1
"BOLIVIA_2024","BOLIVIA",2024,50439,"OD","Week",52,1,50439,"OD","Week",52,1
"BONAIRE, SAINT EUSTATIUS AND SABA_1990","BONAIRE, SAINT EUSTATIUS AND SABA",1990,4137,"OD","Year",1,1,4137,"OD","Year",1,1
"BONAIRE, SAINT EUSTATIUS AND SABA_1991","BONAIRE, SAINT EUSTATIUS AND SABA",1991,1885,"OD","Year",1,1,1885,"OD","Year",1,1
"BONAIRE, SAINT EUSTATIUS AND SABA_1992","BONAIRE, SAINT EUSTATIUS AND SABA",1992,5495,"OD","Year",1,1,5495,"OD","Year",1,1
"BONAIRE, SAINT EUSTATIUS AND SABA_1993","BONAIRE, SAINT EUSTATIUS AND SABA",1993,20469,"OD","Year",1,1,20469,"OD","Year",1,1
"BONAIRE, SAINT EUSTATIUS AND SABA_1994","BONAIRE, SAINT EUSTATIUS AND SABA",1994,0,"OD","Year",1,1,0,"OD","Year",1,1
"BONAIRE, SAINT EUSTATIUS AND SABA_1995","BONAIRE, SAINT EUSTATIUS AND SABA",1995,0,"OD","Year",1,1,0,"OD","Year",1,1
"BONAIRE, SAINT EUSTATIUS AND SABA_1996","BONAIRE, SAINT EUSTATIUS AND SABA",1996,0,"OD","Year",1,1,0,"OD","Year",1,1
"BONAIRE, SAINT EUSTATIUS AND SABA_1997","BONAIRE, SAINT EUSTATIUS AND SABA",1997,0,"OD","Year",1,1,0,"OD","Year",1,1
"BONAIRE, SAINT EUSTATIUS AND SABA_1998","BONAIRE, SAINT EUSTATIUS AND SABA",1998,0,"OD","Year",1,1,0,"OD","Year",1,1
"BONAIRE, SAINT EUSTATIUS AND SABA_1999","BONAIRE, SAINT EUSTATIUS AND SABA",1999,0,"OD","Year",1,1,0,"OD","Year",1,1
"BONAIRE, SAINT EUSTATIUS AND SABA_2000","BONAIRE, SAINT EUSTATIUS AND SABA",2000,0,"OD","Year",1,1,0,"OD","Year",1,1
"BONAIRE, SAINT EUSTATIUS AND SABA_2001","BONAIRE, SAINT EUSTATIUS AND SABA",2001,0,"OD","Year",1,1,0,"OD","Year",1,1
"BONAIRE, SAINT EUSTATIUS AND SABA_2002","BONAIRE, SAINT EUSTATIUS AND SABA",2002,0,"OD","Year",1,1,0,"OD","Year",1,1
"BONAIRE, SAINT EUSTATIUS AND SABA_2003","BONAIRE, SAINT EUSTATIUS AND SABA",2003,0,"OD","Year",1,1,0,"OD","Year",1,1
"BONAIRE, SAINT EUSTATIUS AND SABA_2004","BONAIRE, SAINT EUSTATIUS AND SABA",2004,0,"OD","Year",1,1,0,"OD","Year",1,1
"BONAIRE, SAINT EUSTATIUS AND SABA_2005","BONAIRE, SAINT EUSTATIUS AND SABA",2005,0,"OD","Year",1,1,0,"OD","Year",1,1
"BONAIRE, SAINT EUSTATIUS AND SABA_2006","BONAIRE, SAINT EUSTATIUS AND SABA",2006,0,"OD","Year",1,1,0,"OD","Year",1,1
"BONAIRE, SAINT EUSTATIUS AND SABA_2007","BONAIRE, SAINT EUSTATIUS AND SABA",2007,0,"OD","Year",1,1,0,"OD","Year",1,1
"BONAIRE, SAINT EUSTATIUS AND SABA_2008","BONAIRE, SAINT EUSTATIUS AND SABA",2008,0,"OD","Year",1,1,0,"OD","Year",1,1
"BONAIRE, SAINT EUSTATIUS AND SABA_2009","BONAIRE, SAINT EUSTATIUS AND SABA",2009,0,"OD","Year",1,1,0,"OD","Year",1,1
"BONAIRE, SAINT EUSTATIUS AND SABA_2010","BONAIRE, SAINT EUSTATIUS AND SABA",2010,166,"OD","Year",1,1,166,"OD","Year",1,1
"BONAIRE, SAINT EUSTATIUS AND SABA_2011","BONAIRE, SAINT EUSTATIUS AND SABA",2011,939,"OD","Year",1,1,939,"OD","Year",1,1
"BONAIRE, SAINT EUSTATIUS AND SABA_2012","BONAIRE, SAINT EUSTATIUS AND SABA",2012,121,"OD","Year",1,1,121,"OD","Year",1,1
"BONAIRE, SAINT EUSTATIUS AND SABA_2013","BONAIRE, SAINT EUSTATIUS AND SABA",2013,444,"OD","Year",1,1,444,"OD","Year",1,1
"BONAIRE, SAINT EUSTATIUS AND SABA_2014","BONAIRE, SAINT EUSTATIUS AND SABA",2014,0,"ad_hoc_data","Year",1,1,NA,"No_data",NA,NA,NA
"BONAIRE, SAINT EUSTATIUS AND SABA_2015","BONAIRE, SAINT EUSTATIUS AND SABA",2015,0,"ad_hoc_data","Year",1,1,NA,"No_data",NA,NA,NA
"BONAIRE, SAINT EUSTATIUS AND SABA_2016","BONAIRE, SAINT EUSTATIUS AND SABA",2016,0,"ad_hoc_data","Year",1,1,NA,"No_data",NA,NA,NA
"BONAIRE, SAINT EUSTATIUS AND SABA_2017","BONAIRE, SAINT EUSTATIUS AND SABA",2017,NA,"No_data",NA,NA,NA,NA,"No_data",NA,NA,NA
"BONAIRE, SAINT EUSTATIUS AND SABA_2018","BONAIRE, SAINT EUSTATIUS AND SABA",2018,0,"OD","Week",52,1,0,"OD","Week",52,1
"BONAIRE, SAINT EUSTATIUS AND SABA_2019","BONAIRE, SAINT EUSTATIUS AND SABA",2019,0,"OD","Week",52,1,0,"OD","Week",52,1
"BONAIRE, SAINT EUSTATIUS AND SABA_2020","BONAIRE, SAINT EUSTATIUS AND SABA",2020,0,"OD","Week",53,1,0,"OD","Week",53,1
"BONAIRE, SAINT EUSTATIUS AND SABA_2021","BONAIRE, SAINT EUSTATIUS AND SABA",2021,NA,"No_data",NA,NA,NA,NA,"No_data",NA,NA,NA
"BONAIRE, SAINT EUSTATIUS AND SABA_2022","BONAIRE, SAINT EUSTATIUS AND SABA",2022,NA,"No_data",NA,NA,NA,NA,"No_data",NA,NA,NA
"BONAIRE, SAINT EUSTATIUS AND SABA_2023","BONAIRE, SAINT EUSTATIUS AND SABA",2023,NA,"No_data",NA,NA,NA,NA,"No_data",NA,NA,NA
"BONAIRE, SAINT EUSTATIUS AND SABA_2024","BONAIRE, SAINT EUSTATIUS AND SABA",2024,207,"OD","Week",52,1,207,"OD","Week",52,1
"BRAZIL_1990","BRAZIL",1990,40642,"OD","Year",1,1,40642,"OD","Year",1,1
"BRAZIL_1991","BRAZIL",1991,97209,"OD","Year",1,1,97209,"OD","Year",1,1
"BRAZIL_1992","BRAZIL",1992,3501,"OD","Year",1,1,3501,"OD","Year",1,1
"BRAZIL_1993","BRAZIL",1993,6915,"OD","Month",12,1,6915,"OD","Month",12,1
"BRAZIL_1994","BRAZIL",1994,54453,"OD","Month",12,1,54453,"OD","Month",12,1
"BRAZIL_1995","BRAZIL",1995,124775,"OD","Month",12,1,124775,"OD","Month",12,1
"BRAZIL_1996","BRAZIL",1996,175749,"OD","Month",12,1,175749,"OD","Month",12,1
"BRAZIL_1997","BRAZIL",1997,254074,"OD","Month",12,1,254074,"OD","Month",12,1
"BRAZIL_1998","BRAZIL",1998,535283,"OD","Month",12,1,535283,"OD","Month",12,1
"BRAZIL_1999","BRAZIL",1999,204131,"OD","Month",12,1,204131,"OD","Month",12,1
"BRAZIL_2000","BRAZIL",2000,231412,"OD","Month",12,1,231412,"OD","Month",12,1
"BRAZIL_2001","BRAZIL",2001,412388,"OD","Month",12,1,412388,"OD","Month",12,1
"BRAZIL_2002","BRAZIL",2002,778037,"OD","Month",12,1,778037,"OD","Month",12,1
"BRAZIL_2003","BRAZIL",2003,341189,"OD","Year",1,1,341189,"OD","Year",1,1
"BRAZIL_2004","BRAZIL",2004,112851,"OD","Month",12,1,112851,"OD","Month",12,1
"BRAZIL_2005","BRAZIL",2005,203356,"OD","Month",12,1,203356,"OD","Month",12,1
"BRAZIL_2006","BRAZIL",2006,345922,"OD","Month",12,1,345922,"OD","Month",12,1
"BRAZIL_2007","BRAZIL",2007,558413,"OD","Month",12,1,558413,"OD","Month",12,1
"BRAZIL_2008","BRAZIL",2008,724427,"OD","Month",12,1,724427,"OD","Month",12,1
"BRAZIL_2009","BRAZIL",2009,520660,"OD","Month",12,1,520660,"OD","Month",12,1
"BRAZIL_2010","BRAZIL",2010,994158,"OD","Month",12,1,994158,"OD","Month",12,1
"BRAZIL_2011","BRAZIL",2011,753487,"OD","Month",12,1,753487,"OD","Month",12,1
"BRAZIL_2012","BRAZIL",2012,597450,"OD","Month",12,1,597450,"OD","Month",12,1
"BRAZIL_2013","BRAZIL",2013,1473645,"OD","Month",12,1,1473645,"OD","Month",12,1
"BRAZIL_2014","BRAZIL",2014,593561,"OD","Week",53,1,593561,"OD","Week",53,1
"BRAZIL_2015","BRAZIL",2015,1695323,"OD","Week",52,1,1695323,"OD","Week",52,1
"BRAZIL_2016","BRAZIL",2016,2220482,"OD","Week",52,1,2220482,"OD","Week",52,1
"BRAZIL_2017","BRAZIL",2017,505239,"OD","Week",52,1,505239,"OD","Week",52,1
"BRAZIL_2018","BRAZIL",2018,462326,"OD","Week",52,1,462326,"OD","Week",52,1
"BRAZIL_2019","BRAZIL",2019,2248570,"OD","Week",52,1,2248570,"OD","Week",52,1
"BRAZIL_2020","BRAZIL",2020,1467142,"OD","Week",53,1,1467142,"OD","Week",53,1
"BRAZIL_2021","BRAZIL",2021,975474,"OD","Week",52,1,975474,"OD","Week",52,1
"BRAZIL_2022","BRAZIL",2022,2363490,"OD","Week",52,1,2363490,"OD","Week",52,1
"BRAZIL_2023","BRAZIL",2023,3064739,"OD","Week",52,1,3064739,"OD","Week",52,1
"BRAZIL_2024","BRAZIL",2024,10267077,"OD","Week",52,1,10267077,"OD","Week",52,1
"BRUNEI DARUSSALAM_1990","BRUNEI DARUSSALAM",1990,0,"first_year","Year",1,1,NA,"No_data",NA,NA,NA
"BRUNEI DARUSSALAM_1991","BRUNEI DARUSSALAM",1991,0,"first_year","Year",1,1,NA,"No_data",NA,NA,NA
"BRUNEI DARUSSALAM_1992","BRUNEI DARUSSALAM",1992,0,"first_year","Year",1,1,NA,"No_data",NA,NA,NA
"BRUNEI DARUSSALAM_1993","BRUNEI DARUSSALAM",1993,0,"first_year","Year",1,1,NA,"No_data",NA,NA,NA
"BRUNEI DARUSSALAM_1994","BRUNEI DARUSSALAM",1994,38,"ad_hoc_data","Year",1,1,NA,"No_data",NA,NA,NA
"BRUNEI DARUSSALAM_1995","BRUNEI DARUSSALAM",1995,3,"OD","Year",1,1,3,"OD","Year",1,1
"BRUNEI DARUSSALAM_1996","BRUNEI DARUSSALAM",1996,2,"ad_hoc_data","Year",1,1,NA,"No_data",NA,NA,NA
"BRUNEI DARUSSALAM_1997","BRUNEI DARUSSALAM",1997,2,"ad_hoc_data","Year",1,1,NA,"No_data",NA,NA,NA
"BRUNEI DARUSSALAM_1998","BRUNEI DARUSSALAM",1998,2,"OD","Year",1,1,2,"OD","Year",1,1
"BRUNEI DARUSSALAM_1999","BRUNEI DARUSSALAM",1999,8,"OD","Year",1,1,8,"OD","Year",1,1
"BRUNEI DARUSSALAM_2000","BRUNEI DARUSSALAM",2000,0,"OD","Year",1,1,0,"OD","Year",1,1
"BRUNEI DARUSSALAM_2001","BRUNEI DARUSSALAM",2001,0,"OD","Year",1,1,0,"OD","Year",1,1
"BRUNEI DARUSSALAM_2002","BRUNEI DARUSSALAM",2002,26,"OD","Year",1,1,26,"OD","Year",1,1
"BRUNEI DARUSSALAM_2003","BRUNEI DARUSSALAM",2003,160,"OD","Year",1,1,160,"OD","Year",1,1
"BRUNEI DARUSSALAM_2004","BRUNEI DARUSSALAM",2004,36,"OD","Year",1,1,36,"OD","Year",1,1
"BRUNEI DARUSSALAM_2005","BRUNEI DARUSSALAM",2005,68,"OD","Year",1,1,68,"OD","Year",1,1
"BRUNEI DARUSSALAM_2006","BRUNEI DARUSSALAM",2006,68,"OD","Year",1,1,68,"OD","Year",1,1
"BRUNEI DARUSSALAM_2007","BRUNEI DARUSSALAM",2007,18,"OD","Year",1,1,18,"OD","Year",1,1
"BRUNEI DARUSSALAM_2008","BRUNEI DARUSSALAM",2008,32,"OD","Year",1,1,32,"OD","Year",1,1
"BRUNEI DARUSSALAM_2009","BRUNEI DARUSSALAM",2009,33,"OD","Year",1,1,33,"OD","Year",1,1
"BRUNEI DARUSSALAM_2010","BRUNEI DARUSSALAM",2010,299,"OD","Year",1,1,299,"OD","Year",1,1
"BRUNEI DARUSSALAM_2011","BRUNEI DARUSSALAM",2011,25,"OD","Year",1,1,25,"OD","Year",1,1
"BRUNEI DARUSSALAM_2012","BRUNEI DARUSSALAM",2012,290,"OD","Month",12,1,290,"OD","Month",12,1
"BRUNEI DARUSSALAM_2013","BRUNEI DARUSSALAM",2013,2025,"OD","Month",12,1,2025,"OD","Month",12,1
"BRUNEI DARUSSALAM_2014","BRUNEI DARUSSALAM",2014,436,"OD","Month",12,1,436,"OD","Month",12,1
"BRUNEI DARUSSALAM_2015","BRUNEI DARUSSALAM",2015,317,"OD","Month",12,1,317,"OD","Month",12,1
"BRUNEI DARUSSALAM_2016","BRUNEI DARUSSALAM",2016,84,"OD","Month",12,1,84,"OD","Month",12,1
"BRUNEI DARUSSALAM_2017","BRUNEI DARUSSALAM",2017,75,"OD","Year",1,1,75,"OD","Year",1,1
"BRUNEI DARUSSALAM_2018","BRUNEI DARUSSALAM",2018,NA,"No_data",NA,NA,NA,NA,"No_data",NA,NA,NA
"BRUNEI DARUSSALAM_2019","BRUNEI DARUSSALAM",2019,NA,"No_data",NA,NA,NA,NA,"No_data",NA,NA,NA
"BRUNEI DARUSSALAM_2020","BRUNEI DARUSSALAM",2020,NA,"No_data",NA,NA,NA,NA,"No_data",NA,NA,NA
"BRUNEI DARUSSALAM_2021","BRUNEI DARUSSALAM",2021,NA,"No_data",NA,NA,NA,NA,"No_data",NA,NA,NA
"BRUNEI DARUSSALAM_2022","BRUNEI DARUSSALAM",2022,NA,"No_data",NA,NA,NA,NA,"No_data",NA,NA,NA
"BRUNEI DARUSSALAM_2023","BRUNEI DARUSSALAM",2023,NA,"No_data",NA,NA,NA,NA,"No_data",NA,NA,NA
"BRUNEI DARUSSALAM_2024","BRUNEI DARUSSALAM",2024,NA,"No_data",NA,NA,NA,NA,"No_data",NA,NA,NA
"BURKINA FASO_1990","BURKINA FASO",1990,NA,"No_data",NA,NA,NA,NA,"No_data",NA,NA,NA
"BURKINA FASO_1991","BURKINA FASO",1991,NA,"No_data",NA,NA,NA,NA,"No_data",NA,NA,NA
"BURKINA FASO_1992","BURKINA FASO",1992,NA,"No_data",NA,NA,NA,NA,"No_data",NA,NA,NA
"BURKINA FASO_1993","BURKINA FASO",1993,NA,"No_data",NA,NA,NA,NA,"No_data",NA,NA,NA
"BURKINA FASO_1994","BURKINA FASO",1994,NA,"No_data",NA,NA,NA,NA,"No_data",NA,NA,NA
"BURKINA FASO_1995","BURKINA FASO",1995,NA,"No_data",NA,NA,NA,NA,"No_data",NA,NA,NA
"BURKINA FASO_1996","BURKINA FASO",1996,NA,"No_data",NA,NA,NA,NA,"No_data",NA,NA,NA
"BURKINA FASO_1997","BURKINA FASO",1997,NA,"No_data",NA,NA,NA,NA,"No_data",NA,NA,NA
"BURKINA FASO_1998","BURKINA FASO",1998,NA,"No_data",NA,NA,NA,NA,"No_data",NA,NA,NA
"BURKINA FASO_1999","BURKINA FASO",1999,NA,"No_data",NA,NA,NA,NA,"No_data",NA,NA,NA
"BURKINA FASO_2000","BURKINA FASO",2000,NA,"No_data",NA,NA,NA,NA,"No_data",NA,NA,NA
"BURKINA FASO_2001","BURKINA FASO",2001,NA,"No_data",NA,NA,NA,NA,"No_data",NA,NA,NA
"BURKINA FASO_2002","BURKINA FASO",2002,NA,"No_data",NA,NA,NA,NA,"No_data",NA,NA,NA
"BURKINA FASO_2003","BURKINA FASO",2003,NA,"No_data",NA,NA,NA,NA,"No_data",NA,NA,NA
"BURKINA FASO_2004","BURKINA FASO",2004,NA,"No_data",NA,NA,NA,NA,"No_data",NA,NA,NA
"BURKINA FASO_2005","BURKINA FASO",2005,NA,"No_data",NA,NA,NA,NA,"No_data",NA,NA,NA
"BURKINA FASO_2006","BURKINA FASO",2006,NA,"No_data",NA,NA,NA,NA,"No_data",NA,NA,NA
"BURKINA FASO_2007","BURKINA FASO",2007,NA,"No_data",NA,NA,NA,NA,"No_data",NA,NA,NA
"BURKINA FASO_2008","BURKINA FASO",2008,NA,"No_data",NA,NA,NA,NA,"No_data",NA,NA,NA
"BURKINA FASO_2009","BURKINA FASO",2009,NA,"No_data",NA,NA,NA,NA,"No_data",NA,NA,NA
"BURKINA FASO_2010","BURKINA FASO",2010,NA,"No_data",NA,NA,NA,NA,"No_data",NA,NA,NA
"BURKINA FASO_2011","BURKINA FASO",2011,NA,"No_data",NA,NA,NA,NA,"No_data",NA,NA,NA
"BURKINA FASO_2012","BURKINA FASO",2012,NA,"No_data",NA,NA,NA,NA,"No_data",NA,NA,NA
"BURKINA FASO_2013","BURKINA FASO",2013,NA,"No_data",NA,NA,NA,NA,"No_data",NA,NA,NA
"BURKINA FASO_2014","BURKINA FASO",2014,NA,"No_data",NA,NA,NA,NA,"No_data",NA,NA,NA
"BURKINA FASO_2015","BURKINA FASO",2015,399,"ad_hoc_data","Year",1,1,NA,"No_data",NA,NA,NA
"BURKINA FASO_2016","BURKINA FASO",2016,1579,"ad_hoc_data","Month",12,1,NA,"No_data",NA,NA,NA
"BURKINA FASO_2017","BURKINA FASO",2017,15164,"ad_hoc_data","Month",12,1,NA,"No_data",NA,NA,NA
"BURKINA FASO_2018","BURKINA FASO",2018,1665,"ad_hoc_data","Month",12,1,NA,"No_data",NA,NA,NA
"BURKINA FASO_2019","BURKINA FASO",2019,5289,"ad_hoc_data","Month",12,1,NA,"No_data",NA,NA,NA
"BURKINA FASO_2020","BURKINA FASO",2020,NA,"No_data",NA,NA,NA,NA,"No_data",NA,NA,NA
"BURKINA FASO_2021","BURKINA FASO",2021,NA,"No_data",NA,NA,NA,NA,"No_data",NA,NA,NA
"BURKINA FASO_2022","BURKINA FASO",2022,NA,"No_data",NA,NA,NA,NA,"No_data",NA,NA,NA
"BURKINA FASO_2023","BURKINA FASO",2023,237291,"ad_hoc_data","Week",52,1,NA,"No_data",NA,NA,NA
"BURKINA FASO_2024","BURKINA FASO",2024,73808,"OD","Month",12,1,73808,"OD","Month",12,1
"CABO VERDE_1990","CABO VERDE",1990,0,"first_year","Year",1,1,NA,"No_data",NA,NA,NA
"CABO VERDE_1991","CABO VERDE",1991,0,"first_year","Year",1,1,NA,"No_data",NA,NA,NA
"CABO VERDE_1992","CABO VERDE",1992,0,"first_year","Year",1,1,NA,"No_data",NA,NA,NA
"CABO VERDE_1993","CABO VERDE",1993,0,"first_year","Year",1,1,NA,"No_data",NA,NA,NA
"CABO VERDE_1994","CABO VERDE",1994,0,"first_year","Year",1,1,NA,"No_data",NA,NA,NA
"CABO VERDE_1995","CABO VERDE",1995,0,"first_year","Year",1,1,NA,"No_data",NA,NA,NA
"CABO VERDE_1996","CABO VERDE",1996,0,"first_year","Year",1,1,NA,"No_data",NA,NA,NA
"CABO VERDE_1997","CABO VERDE",1997,0,"first_year","Year",1,1,NA,"No_data",NA,NA,NA
"CABO VERDE_1998","CABO VERDE",1998,0,"first_year","Year",1,1,NA,"No_data",NA,NA,NA
"CABO VERDE_1999","CABO VERDE",1999,0,"first_year","Year",1,1,NA,"No_data",NA,NA,NA
"CABO VERDE_2000","CABO VERDE",2000,0,"first_year","Year",1,1,NA,"No_data",NA,NA,NA
"CABO VERDE_2001","CABO VERDE",2001,0,"first_year","Year",1,1,NA,"No_data",NA,NA,NA
"CABO VERDE_2002","CABO VERDE",2002,0,"first_year","Year",1,1,NA,"No_data",NA,NA,NA
"CABO VERDE_2003","CABO VERDE",2003,0,"first_year","Year",1,1,NA,"No_data",NA,NA,NA
"CABO VERDE_2004","CABO VERDE",2004,0,"first_year","Year",1,1,NA,"No_data",NA,NA,NA
"CABO VERDE_2005","CABO VERDE",2005,0,"first_year","Year",1,1,NA,"No_data",NA,NA,NA
"CABO VERDE_2006","CABO VERDE",2006,0,"first_year","Year",1,1,NA,"No_data",NA,NA,NA
"CABO VERDE_2007","CABO VERDE",2007,0,"first_year","Year",1,1,NA,"No_data",NA,NA,NA
"CABO VERDE_2008","CABO VERDE",2008,0,"first_year","Year",1,1,NA,"No_data",NA,NA,NA
"CABO VERDE_2009","CABO VERDE",2009,21313,"ad_hoc_data","Week",52,1,NA,"No_data",NA,NA,NA
"CABO VERDE_2010","CABO VERDE",2010,NA,"No_data",NA,NA,NA,NA,"No_data",NA,NA,NA
"CABO VERDE_2011","CABO VERDE",2011,NA,"No_data",NA,NA,NA,NA,"No_data",NA,NA,NA
"CABO VERDE_2012","CABO VERDE",2012,NA,"No_data",NA,NA,NA,NA,"No_data",NA,NA,NA
"CABO VERDE_2013","CABO VERDE",2013,NA,"No_data",NA,NA,NA,NA,"No_data",NA,NA,NA
"CABO VERDE_2014","CABO VERDE",2014,NA,"No_data",NA,NA,NA,NA,"No_data",NA,NA,NA
"CABO VERDE_2015","CABO VERDE",2015,NA,"No_data",NA,NA,NA,NA,"No_data",NA,NA,NA
"CABO VERDE_2016","CABO VERDE",2016,NA,"No_data",NA,NA,NA,NA,"No_data",NA,NA,NA
"CABO VERDE_2017","CABO VERDE",2017,NA,"No_data",NA,NA,NA,NA,"No_data",NA,NA,NA
"CABO VERDE_2018","CABO VERDE",2018,NA,"No_data",NA,NA,NA,NA,"No_data",NA,NA,NA
"CABO VERDE_2019","CABO VERDE",2019,NA,"No_data",NA,NA,NA,NA,"No_data",NA,NA,NA
"CABO VERDE_2020","CABO VERDE",2020,NA,"No_data",NA,NA,NA,NA,"No_data",NA,NA,NA
"CABO VERDE_2021","CABO VERDE",2021,NA,"No_data",NA,NA,NA,NA,"No_data",NA,NA,NA
"CABO VERDE_2022","CABO VERDE",2022,NA,"No_data",NA,NA,NA,NA,"No_data",NA,NA,NA
"CABO VERDE_2023","CABO VERDE",2023,513,"OD","Month",2,0.166666666666667,513,"OD","Month",2,0.166666666666667
"CABO VERDE_2024","CABO VERDE",2024,25290,"OD","Month",12,1,25290,"OD","Month",12,1
"CAMBODIA_1990","CAMBODIA",1990,7247,"OD","Year",1,1,7247,"OD","Year",1,1
"CAMBODIA_1991","CAMBODIA",1991,1882,"OD","Year",1,1,1882,"OD","Year",1,1
"CAMBODIA_1992","CAMBODIA",1992,4809,"ad_hoc_data","Year",1,1,4695,"OD","Year",1,1
"CAMBODIA_1993","CAMBODIA",1993,3913,"OD","Year",1,1,3913,"OD","Year",1,1
"CAMBODIA_1994","CAMBODIA",1994,1498,"OD","Year",1,1,1498,"OD","Year",1,1
"CAMBODIA_1995","CAMBODIA",1995,10428,"OD","Year",1,1,10428,"OD","Year",1,1
"CAMBODIA_1996","CAMBODIA",1996,14333,"ad_hoc_data","Year",1,1,1433,"OD","Year",1,1
"CAMBODIA_1997","CAMBODIA",1997,4224,"OD","Year",1,1,4224,"OD","Year",1,1
"CAMBODIA_1998","CAMBODIA",1998,16248,"OD","Month",12,1,16248,"OD","Month",12,1
"CAMBODIA_1999","CAMBODIA",1999,1530,"OD","Month",12,1,1530,"OD","Month",12,1
"CAMBODIA_2000","CAMBODIA",2000,3148,"OD","Month",12,1,3148,"OD","Month",12,1
"CAMBODIA_2001","CAMBODIA",2001,10569,"OD","Month",12,1,10569,"OD","Month",12,1
"CAMBODIA_2002","CAMBODIA",2002,12471,"OD","Month",12,1,12471,"OD","Month",12,1
"CAMBODIA_2003","CAMBODIA",2003,12081,"OD","Month",12,1,12081,"OD","Month",12,1
"CAMBODIA_2004","CAMBODIA",2004,10049,"OD","Month",12,1,10049,"OD","Month",12,1
"CAMBODIA_2005","CAMBODIA",2005,9042,"OD","Month",12,1,9042,"OD","Month",12,1
"CAMBODIA_2006","CAMBODIA",2006,16669,"OD","Month",12,1,16669,"OD","Month",12,1
"CAMBODIA_2007","CAMBODIA",2007,39851,"OD","Month",12,1,39851,"OD","Month",12,1
"CAMBODIA_2008","CAMBODIA",2008,9823,"OD","Month",12,1,9823,"OD","Month",12,1
"CAMBODIA_2009","CAMBODIA",2009,11699,"OD","Month",12,1,11699,"OD","Month",12,1
"CAMBODIA_2010","CAMBODIA",2010,12500,"OD","Month",12,1,12500,"OD","Month",12,1
"CAMBODIA_2011","CAMBODIA",2011,15980,"OD","Week",52,1,15980,"OD","Week",52,1
"CAMBODIA_2012","CAMBODIA",2012,42362,"OD","Week",52,1,42188,"OD","Week",52,1
"CAMBODIA_2013","CAMBODIA",2013,17533,"OD","Week",52,1,17533,"OD","Week",52,1
"CAMBODIA_2014","CAMBODIA",2014,3742,"OD","Week",52,0.981132075471698,3742,"OD","Week",52,0.981132075471698
"CAMBODIA_2015","CAMBODIA",2015,15412,"OD","Week",52,1,15412,"OD","Week",52,1
"CAMBODIA_2016","CAMBODIA",2016,12843,"OD","Year",1,1,12843,"OD","Year",1,1
"CAMBODIA_2017","CAMBODIA",2017,6372,"OD","Week",52,1,6372,"OD","Week",52,1
"CAMBODIA_2018","CAMBODIA",2018,24684,"OD","Year",1,1,24684,"OD","Year",1,1
"CAMBODIA_2019","CAMBODIA",2019,68657,"OD","Week",52,1,68597,"OD","Week",52,1
"CAMBODIA_2020","CAMBODIA",2020,11977,"OD","Week",52,0.981132075471698,11977,"OD","Week",52,0.981132075471698
"CAMBODIA_2021","CAMBODIA",2021,1903,"OD","Week",52,1,1903,"OD","Week",52,1
"CAMBODIA_2022","CAMBODIA",2022,12581,"OD","Week",50,0.961538461538462,12581,"OD","Week",50,0.961538461538462
"CAMBODIA_2023","CAMBODIA",2023,35261,"OD","Week",52,1,35261,"OD","Week",52,1
"CAMBODIA_2024","CAMBODIA",2024,19045,"OD","Week",52,1,19045,"OD","Week",52,1
"CAMEROON_1990","CAMEROON",1990,NA,"No_data",NA,NA,NA,NA,"No_data",NA,NA,NA
"CAMEROON_1991","CAMEROON",1991,NA,"No_data",NA,NA,NA,NA,"No_data",NA,NA,NA
"CAMEROON_1992","CAMEROON",1992,NA,"No_data",NA,NA,NA,NA,"No_data",NA,NA,NA
"CAMEROON_1993","CAMEROON",1993,NA,"No_data",NA,NA,NA,NA,"No_data",NA,NA,NA
"CAMEROON_1994","CAMEROON",1994,NA,"No_data",NA,NA,NA,NA,"No_data",NA,NA,NA
"CAMEROON_1995","CAMEROON",1995,NA,"No_data",NA,NA,NA,NA,"No_data",NA,NA,NA
"CAMEROON_1996","CAMEROON",1996,NA,"No_data",NA,NA,NA,NA,"No_data",NA,NA,NA
"CAMEROON_1997","CAMEROON",1997,NA,"No_data",NA,NA,NA,NA,"No_data",NA,NA,NA
"CAMEROON_1998","CAMEROON",1998,NA,"No_data",NA,NA,NA,NA,"No_data",NA,NA,NA
"CAMEROON_1999","CAMEROON",1999,NA,"No_data",NA,NA,NA,NA,"No_data",NA,NA,NA
"CAMEROON_2000","CAMEROON",2000,NA,"No_data",NA,NA,NA,NA,"No_data",NA,NA,NA
"CAMEROON_2001","CAMEROON",2001,NA,"No_data",NA,NA,NA,NA,"No_data",NA,NA,NA
"CAMEROON_2002","CAMEROON",2002,NA,"No_data",NA,NA,NA,NA,"No_data",NA,NA,NA
"CAMEROON_2003","CAMEROON",2003,NA,"No_data",NA,NA,NA,NA,"No_data",NA,NA,NA
"CAMEROON_2004","CAMEROON",2004,NA,"No_data",NA,NA,NA,NA,"No_data",NA,NA,NA
"CAMEROON_2005","CAMEROON",2005,NA,"No_data",NA,NA,NA,NA,"No_data",NA,NA,NA
"CAMEROON_2006","CAMEROON",2006,NA,"No_data",NA,NA,NA,NA,"No_data",NA,NA,NA
"CAMEROON_2007","CAMEROON",2007,NA,"No_data",NA,NA,NA,NA,"No_data",NA,NA,NA
"CAMEROON_2008","CAMEROON",2008,NA,"No_data",NA,NA,NA,NA,"No_data",NA,NA,NA
"CAMEROON_2009","CAMEROON",2009,NA,"No_data",NA,NA,NA,NA,"No_data",NA,NA,NA
"CAMEROON_2010","CAMEROON",2010,NA,"No_data",NA,NA,NA,NA,"No_data",NA,NA,NA
"CAMEROON_2011","CAMEROON",2011,NA,"No_data",NA,NA,NA,NA,"No_data",NA,NA,NA
"CAMEROON_2012","CAMEROON",2012,NA,"No_data",NA,NA,NA,NA,"No_data",NA,NA,NA
"CAMEROON_2013","CAMEROON",2013,NA,"No_data",NA,NA,NA,NA,"No_data",NA,NA,NA
"CAMEROON_2014","CAMEROON",2014,NA,"No_data",NA,NA,NA,NA,"No_data",NA,NA,NA
"CAMEROON_2015","CAMEROON",2015,349,"ad_hoc_data","Year",1,1,NA,"No_data",NA,NA,NA
"CAMEROON_2016","CAMEROON",2016,NA,"No_data",NA,NA,NA,NA,"No_data",NA,NA,NA
"CAMEROON_2017","CAMEROON",2017,791,"ad_hoc_data","Year",1,1,NA,"No_data",NA,NA,NA
"CAMEROON_2018","CAMEROON",2018,NA,"No_data",NA,NA,NA,NA,"No_data",NA,NA,NA
"CAMEROON_2019","CAMEROON",2019,310,"ad_hoc_data","Year",1,1,NA,"No_data",NA,NA,NA
"CAMEROON_2020","CAMEROON",2020,320,"ad_hoc_data","Year",1,1,NA,"No_data",NA,NA,NA
"CAMEROON_2021","CAMEROON",2021,NA,"No_data",NA,NA,NA,NA,"No_data",NA,NA,NA
"CAMEROON_2022","CAMEROON",2022,NA,"No_data",NA,NA,NA,NA,"No_data",NA,NA,NA
"CAMEROON_2023","CAMEROON",2023,NA,"No_data",NA,NA,NA,NA,"No_data",NA,NA,NA
"CAMEROON_2024","CAMEROON",2024,57,"OD","Month",12,1,57,"OD","Month",12,1
"CAYMAN ISLANDS_1990","CAYMAN ISLANDS",1990,0,"OD","Year",1,1,0,"OD","Year",1,1
"CAYMAN ISLANDS_1991","CAYMAN ISLANDS",1991,0,"OD","Year",1,1,0,"OD","Year",1,1
"CAYMAN ISLANDS_1992","CAYMAN ISLANDS",1992,0,"OD","Year",1,1,0,"OD","Year",1,1
"CAYMAN ISLANDS_1993","CAYMAN ISLANDS",1993,0,"OD","Year",1,1,0,"OD","Year",1,1
"CAYMAN ISLANDS_1994","CAYMAN ISLANDS",1994,0,"OD","Year",1,1,0,"OD","Year",1,1
"CAYMAN ISLANDS_1995","CAYMAN ISLANDS",1995,1,"OD","Year",1,1,1,"OD","Year",1,1
"CAYMAN ISLANDS_1996","CAYMAN ISLANDS",1996,0,"OD","Year",1,1,0,"OD","Year",1,1
"CAYMAN ISLANDS_1997","CAYMAN ISLANDS",1997,0,"OD","Year",1,1,0,"OD","Year",1,1
"CAYMAN ISLANDS_1998","CAYMAN ISLANDS",1998,2,"OD","Year",1,1,2,"OD","Year",1,1
"CAYMAN ISLANDS_1999","CAYMAN ISLANDS",1999,1,"OD","Year",1,1,1,"OD","Year",1,1
"CAYMAN ISLANDS_2000","CAYMAN ISLANDS",2000,0,"OD","Year",1,1,0,"OD","Year",1,1
"CAYMAN ISLANDS_2001","CAYMAN ISLANDS",2001,0,"OD","Year",1,1,0,"OD","Year",1,1
"CAYMAN ISLANDS_2002","CAYMAN ISLANDS",2002,1,"OD","Year",1,1,1,"OD","Year",1,1
"CAYMAN ISLANDS_2003","CAYMAN ISLANDS",2003,1,"OD","Year",1,1,1,"OD","Year",1,1
"CAYMAN ISLANDS_2004","CAYMAN ISLANDS",2004,0,"OD","Year",1,1,0,"OD","Year",1,1
"CAYMAN ISLANDS_2005","CAYMAN ISLANDS",2005,1,"OD","Year",1,1,1,"OD","Year",1,1
"CAYMAN ISLANDS_2006","CAYMAN ISLANDS",2006,0,"OD","Year",1,1,0,"OD","Year",1,1
"CAYMAN ISLANDS_2007","CAYMAN ISLANDS",2007,9,"OD","Year",1,1,9,"OD","Year",1,1
"CAYMAN ISLANDS_2008","CAYMAN ISLANDS",2008,1,"OD","Year",1,1,1,"OD","Year",1,1
"CAYMAN ISLANDS_2009","CAYMAN ISLANDS",2009,0,"OD","Year",1,1,0,"OD","Year",1,1
"CAYMAN ISLANDS_2010","CAYMAN ISLANDS",2010,8,"OD","Year",1,1,8,"OD","Year",1,1
"CAYMAN ISLANDS_2011","CAYMAN ISLANDS",2011,2,"OD","Year",1,1,2,"OD","Year",1,1
"CAYMAN ISLANDS_2012","CAYMAN ISLANDS",2012,53,"OD","Year",1,1,53,"OD","Year",1,1
"CAYMAN ISLANDS_2013","CAYMAN ISLANDS",2013,69,"OD","Year",1,1,69,"OD","Year",1,1
"CAYMAN ISLANDS_2014","CAYMAN ISLANDS",2014,124,"OD","Year",1,1,124,"OD","Year",1,1
"CAYMAN ISLANDS_2015","CAYMAN ISLANDS",2015,40,"OD","Year",1,1,40,"OD","Year",1,1
"CAYMAN ISLANDS_2016","CAYMAN ISLANDS",2016,150,"OD","Year",1,1,150,"OD","Year",1,1
"CAYMAN ISLANDS_2017","CAYMAN ISLANDS",2017,31,"OD","Year",1,1,31,"OD","Year",1,1
"CAYMAN ISLANDS_2018","CAYMAN ISLANDS",2018,24,"OD","Year",1,1,24,"OD","Year",1,1
"CAYMAN ISLANDS_2019","CAYMAN ISLANDS",2019,133,"OD","Week",52,1,133,"OD","Week",52,1
"CAYMAN ISLANDS_2020","CAYMAN ISLANDS",2020,35,"OD","Week",53,1,35,"OD","Week",53,1
"CAYMAN ISLANDS_2021","CAYMAN ISLANDS",2021,1,"OD","Week",52,1,1,"OD","Week",52,1
"CAYMAN ISLANDS_2022","CAYMAN ISLANDS",2022,2,"OD","Week",52,1,2,"OD","Week",52,1
"CAYMAN ISLANDS_2023","CAYMAN ISLANDS",2023,42,"OD","Year",1,1,42,"OD","Year",1,1
"CAYMAN ISLANDS_2024","CAYMAN ISLANDS",2024,9,"OD","Year",1,1,9,"OD","Year",1,1
"CENTRAL AFRICAN REPUBLIC_1990","CENTRAL AFRICAN REPUBLIC",1990,NA,"No_data",NA,NA,NA,NA,"No_data",NA,NA,NA
"CENTRAL AFRICAN REPUBLIC_1991","CENTRAL AFRICAN REPUBLIC",1991,NA,"No_data",NA,NA,NA,NA,"No_data",NA,NA,NA
"CENTRAL AFRICAN REPUBLIC_1992","CENTRAL AFRICAN REPUBLIC",1992,NA,"No_data",NA,NA,NA,NA,"No_data",NA,NA,NA
"CENTRAL AFRICAN REPUBLIC_1993","CENTRAL AFRICAN REPUBLIC",1993,NA,"No_data",NA,NA,NA,NA,"No_data",NA,NA,NA
"CENTRAL AFRICAN REPUBLIC_1994","CENTRAL AFRICAN REPUBLIC",1994,NA,"No_data",NA,NA,NA,NA,"No_data",NA,NA,NA
"CENTRAL AFRICAN REPUBLIC_1995","CENTRAL AFRICAN REPUBLIC",1995,NA,"No_data",NA,NA,NA,NA,"No_data",NA,NA,NA
"CENTRAL AFRICAN REPUBLIC_1996","CENTRAL AFRICAN REPUBLIC",1996,NA,"No_data",NA,NA,NA,NA,"No_data",NA,NA,NA
"CENTRAL AFRICAN REPUBLIC_1997","CENTRAL AFRICAN REPUBLIC",1997,NA,"No_data",NA,NA,NA,NA,"No_data",NA,NA,NA
"CENTRAL AFRICAN REPUBLIC_1998","CENTRAL AFRICAN REPUBLIC",1998,NA,"No_data",NA,NA,NA,NA,"No_data",NA,NA,NA
"CENTRAL AFRICAN REPUBLIC_1999","CENTRAL AFRICAN REPUBLIC",1999,NA,"No_data",NA,NA,NA,NA,"No_data",NA,NA,NA
"CENTRAL AFRICAN REPUBLIC_2000","CENTRAL AFRICAN REPUBLIC",2000,NA,"No_data",NA,NA,NA,NA,"No_data",NA,NA,NA
"CENTRAL AFRICAN REPUBLIC_2001","CENTRAL AFRICAN REPUBLIC",2001,NA,"No_data",NA,NA,NA,NA,"No_data",NA,NA,NA
"CENTRAL AFRICAN REPUBLIC_2002","CENTRAL AFRICAN REPUBLIC",2002,NA,"No_data",NA,NA,NA,NA,"No_data",NA,NA,NA
"CENTRAL AFRICAN REPUBLIC_2003","CENTRAL AFRICAN REPUBLIC",2003,NA,"No_data",NA,NA,NA,NA,"No_data",NA,NA,NA
"CENTRAL AFRICAN REPUBLIC_2004","CENTRAL AFRICAN REPUBLIC",2004,NA,"No_data",NA,NA,NA,NA,"No_data",NA,NA,NA
"CENTRAL AFRICAN REPUBLIC_2005","CENTRAL AFRICAN REPUBLIC",2005,NA,"No_data",NA,NA,NA,NA,"No_data",NA,NA,NA
"CENTRAL AFRICAN REPUBLIC_2006","CENTRAL AFRICAN REPUBLIC",2006,NA,"No_data",NA,NA,NA,NA,"No_data",NA,NA,NA
"CENTRAL AFRICAN REPUBLIC_2007","CENTRAL AFRICAN REPUBLIC",2007,NA,"No_data",NA,NA,NA,NA,"No_data",NA,NA,NA
"CENTRAL AFRICAN REPUBLIC_2008","CENTRAL AFRICAN REPUBLIC",2008,NA,"No_data",NA,NA,NA,NA,"No_data",NA,NA,NA
"CENTRAL AFRICAN REPUBLIC_2009","CENTRAL AFRICAN REPUBLIC",2009,NA,"No_data",NA,NA,NA,NA,"No_data",NA,NA,NA
"CENTRAL AFRICAN REPUBLIC_2010","CENTRAL AFRICAN REPUBLIC",2010,NA,"No_data",NA,NA,NA,NA,"No_data",NA,NA,NA
"CENTRAL AFRICAN REPUBLIC_2011","CENTRAL AFRICAN REPUBLIC",2011,NA,"No_data",NA,NA,NA,NA,"No_data",NA,NA,NA
"CENTRAL AFRICAN REPUBLIC_2012","CENTRAL AFRICAN REPUBLIC",2012,NA,"No_data",NA,NA,NA,NA,"No_data",NA,NA,NA
"CENTRAL AFRICAN REPUBLIC_2013","CENTRAL AFRICAN REPUBLIC",2013,NA,"No_data",NA,NA,NA,NA,"No_data",NA,NA,NA
"CENTRAL AFRICAN REPUBLIC_2014","CENTRAL AFRICAN REPUBLIC",2014,NA,"No_data",NA,NA,NA,NA,"No_data",NA,NA,NA
"CENTRAL AFRICAN REPUBLIC_2015","CENTRAL AFRICAN REPUBLIC",2015,NA,"No_data",NA,NA,NA,NA,"No_data",NA,NA,NA
"CENTRAL AFRICAN REPUBLIC_2016","CENTRAL AFRICAN REPUBLIC",2016,NA,"No_data",NA,NA,NA,NA,"No_data",NA,NA,NA
"CENTRAL AFRICAN REPUBLIC_2017","CENTRAL AFRICAN REPUBLIC",2017,NA,"No_data",NA,NA,NA,NA,"No_data",NA,NA,NA
"CENTRAL AFRICAN REPUBLIC_2018","CENTRAL AFRICAN REPUBLIC",2018,NA,"No_data",NA,NA,NA,NA,"No_data",NA,NA,NA
"CENTRAL AFRICAN REPUBLIC_2019","CENTRAL AFRICAN REPUBLIC",2019,NA,"No_data",NA,NA,NA,NA,"No_data",NA,NA,NA
"CENTRAL AFRICAN REPUBLIC_2020","CENTRAL AFRICAN REPUBLIC",2020,NA,"No_data",NA,NA,NA,NA,"No_data",NA,NA,NA
"CENTRAL AFRICAN REPUBLIC_2021","CENTRAL AFRICAN REPUBLIC",2021,NA,"No_data",NA,NA,NA,NA,"No_data",NA,NA,NA
"CENTRAL AFRICAN REPUBLIC_2022","CENTRAL AFRICAN REPUBLIC",2022,NA,"No_data",NA,NA,NA,NA,"No_data",NA,NA,NA
"CENTRAL AFRICAN REPUBLIC_2023","CENTRAL AFRICAN REPUBLIC",2023,NA,"No_data",NA,NA,NA,NA,"No_data",NA,NA,NA
"CENTRAL AFRICAN REPUBLIC_2024","CENTRAL AFRICAN REPUBLIC",2024,207,"OD","Month",7,0.583333333333333,207,"OD","Month",7,0.583333333333333
"CHAD_1990","CHAD",1990,0,"first_year","Year",1,1,NA,"No_data",NA,NA,NA
"CHAD_1991","CHAD",1991,0,"first_year","Year",1,1,NA,"No_data",NA,NA,NA
"CHAD_1992","CHAD",1992,0,"first_year","Year",1,1,NA,"No_data",NA,NA,NA
"CHAD_1993","CHAD",1993,0,"first_year","Year",1,1,NA,"No_data",NA,NA,NA
"CHAD_1994","CHAD",1994,0,"first_year","Year",1,1,NA,"No_data",NA,NA,NA
"CHAD_1995","CHAD",1995,0,"first_year","Year",1,1,NA,"No_data",NA,NA,NA
"CHAD_1996","CHAD",1996,0,"first_year","Year",1,1,NA,"No_data",NA,NA,NA
"CHAD_1997","CHAD",1997,0,"first_year","Year",1,1,NA,"No_data",NA,NA,NA
"CHAD_1998","CHAD",1998,0,"first_year","Year",1,1,NA,"No_data",NA,NA,NA
"CHAD_1999","CHAD",1999,0,"first_year","Year",1,1,NA,"No_data",NA,NA,NA
"CHAD_2000","CHAD",2000,0,"first_year","Year",1,1,NA,"No_data",NA,NA,NA
"CHAD_2001","CHAD",2001,0,"first_year","Year",1,1,NA,"No_data",NA,NA,NA
"CHAD_2002","CHAD",2002,0,"first_year","Year",1,1,NA,"No_data",NA,NA,NA
"CHAD_2003","CHAD",2003,0,"first_year","Year",1,1,NA,"No_data",NA,NA,NA
"CHAD_2004","CHAD",2004,0,"first_year","Year",1,1,NA,"No_data",NA,NA,NA
"CHAD_2005","CHAD",2005,0,"first_year","Year",1,1,NA,"No_data",NA,NA,NA
"CHAD_2006","CHAD",2006,0,"first_year","Year",1,1,NA,"No_data",NA,NA,NA
"CHAD_2007","CHAD",2007,0,"first_year","Year",1,1,NA,"No_data",NA,NA,NA
"CHAD_2008","CHAD",2008,0,"first_year","Year",1,1,NA,"No_data",NA,NA,NA
"CHAD_2009","CHAD",2009,0,"first_year","Year",1,1,NA,"No_data",NA,NA,NA
"CHAD_2010","CHAD",2010,0,"first_year","Year",1,1,NA,"No_data",NA,NA,NA
"CHAD_2011","CHAD",2011,0,"first_year","Year",1,1,NA,"No_data",NA,NA,NA
"CHAD_2012","CHAD",2012,0,"first_year","Year",1,1,NA,"No_data",NA,NA,NA
"CHAD_2013","CHAD",2013,0,"first_year","Year",1,1,NA,"No_data",NA,NA,NA
"CHAD_2014","CHAD",2014,0,"first_year","Year",1,1,NA,"No_data",NA,NA,NA
"CHAD_2015","CHAD",2015,0,"first_year","Year",1,1,NA,"No_data",NA,NA,NA
"CHAD_2016","CHAD",2016,0,"first_year","Year",1,1,NA,"No_data",NA,NA,NA
"CHAD_2017","CHAD",2017,0,"first_year","Year",1,1,NA,"No_data",NA,NA,NA
"CHAD_2018","CHAD",2018,0,"first_year","Year",1,1,NA,"No_data",NA,NA,NA
"CHAD_2019","CHAD",2019,0,"first_year","Year",1,1,NA,"No_data",NA,NA,NA
"CHAD_2020","CHAD",2020,0,"first_year","Year",1,1,NA,"No_data",NA,NA,NA
"CHAD_2021","CHAD",2021,0,"first_year","Year",1,1,NA,"No_data",NA,NA,NA
"CHAD_2022","CHAD",2022,0,"first_year","Year",1,1,NA,"No_data",NA,NA,NA
"CHAD_2023","CHAD",2023,1581,"ad_hoc_data","Year",1,1,NA,"No_data",NA,NA,NA
"CHAD_2024","CHAD",2024,0,"OD","Month",6,0.5,0,"OD","Month",6,0.5
"CHILE_1990","CHILE",1990,0,"OD","Year",1,1,0,"OD","Year",1,1
"CHILE_1991","CHILE",1991,0,"OD","Year",1,1,0,"OD","Year",1,1
"CHILE_1992","CHILE",1992,0,"OD","Year",1,1,0,"OD","Year",1,1
"CHILE_1993","CHILE",1993,0,"OD","Year",1,1,0,"OD","Year",1,1
"CHILE_1994","CHILE",1994,0,"OD","Year",1,1,0,"OD","Year",1,1
"CHILE_1995","CHILE",1995,0,"OD","Year",1,1,0,"OD","Year",1,1
"CHILE_1996","CHILE",1996,0,"OD","Year",1,1,0,"OD","Year",1,1
"CHILE_1997","CHILE",1997,0,"OD","Year",1,1,0,"OD","Year",1,1
"CHILE_1998","CHILE",1998,0,"OD","Year",1,1,0,"OD","Year",1,1
"CHILE_1999","CHILE",1999,0,"OD","Year",1,1,0,"OD","Year",1,1
"CHILE_2000","CHILE",2000,0,"OD","Year",1,1,0,"OD","Year",1,1
"CHILE_2001","CHILE",2001,0,"OD","Year",1,1,0,"OD","Year",1,1
"CHILE_2002","CHILE",2002,636,"OD","Year",1,1,636,"OD","Year",1,1
"CHILE_2003","CHILE",2003,0,"OD","Year",1,1,0,"OD","Year",1,1
"CHILE_2004","CHILE",2004,0,"OD","Year",1,1,0,"OD","Year",1,1
"CHILE_2005","CHILE",2005,0,"OD","Year",1,1,0,"OD","Year",1,1
"CHILE_2006","CHILE",2006,3,"OD","Year",1,1,3,"OD","Year",1,1
"CHILE_2007","CHILE",2007,28,"OD","Year",1,1,28,"OD","Year",1,1
"CHILE_2008","CHILE",2008,25,"OD","Year",1,1,25,"OD","Year",1,1
"CHILE_2009","CHILE",2009,51,"OD","Year",1,1,51,"OD","Year",1,1
"CHILE_2010","CHILE",2010,23,"OD","Year",1,1,23,"OD","Year",1,1
"CHILE_2011","CHILE",2011,1,"OD","Year",1,1,1,"OD","Year",1,1
"CHILE_2012","CHILE",2012,32,"OD","Year",1,1,32,"OD","Year",1,1
"CHILE_2013","CHILE",2013,44,"OD","Year",1,1,44,"OD","Year",1,1
"CHILE_2014","CHILE",2014,30,"OD","Year",1,1,30,"OD","Year",1,1
"CHILE_2015","CHILE",2015,40,"OD","Year",1,1,40,"OD","Year",1,1
"CHILE_2016","CHILE",2016,33,"OD","Year",1,1,33,"OD","Year",1,1
"CHILE_2017","CHILE",2017,10,"OD","Year",1,1,10,"OD","Year",1,1
"CHILE_2018","CHILE",2018,18,"OD","Week",52,1,18,"OD","Week",52,1
"CHILE_2019","CHILE",2019,29,"OD","Week",52,1,29,"OD","Week",52,1
"CHILE_2020","CHILE",2020,9,"OD","Week",53,1,9,"OD","Week",53,1
"CHILE_2021","CHILE",2021,0,"OD","Week",52,1,0,"OD","Week",52,1
"CHILE_2022","CHILE",2022,0,"OD","Week",52,1,0,"OD","Week",52,1
"CHILE_2023","CHILE",2023,0,"OD","Week",52,1,0,"OD","Week",52,1
"CHILE_2024","CHILE",2024,157,"OD","Week",52,1,157,"OD","Week",52,1
"CHINA_1990","CHINA",1990,376,"OD","Year",1,1,376,"OD","Year",1,1
"CHINA_1991","CHINA",1991,902,"OD","Year",1,1,902,"OD","Year",1,1
"CHINA_1992","CHINA",1992,2,"OD","Year",1,1,2,"OD","Year",1,1
"CHINA_1993","CHINA",1993,359,"OD","Year",1,1,359,"OD","Year",1,1
"CHINA_1994","CHINA",1994,17,"OD","Year",1,1,17,"OD","Year",1,1
"CHINA_1995","CHINA",1995,6812,"OD","Year",1,1,6812,"OD","Year",1,1
"CHINA_1996","CHINA",1996,8,"OD","Year",1,1,8,"OD","Year",1,1
"CHINA_1997","CHINA",1997,637,"OD","Year",1,1,637,"OD","Year",1,1
"CHINA_1998","CHINA",1998,490,"OD","Month",12,1,490,"OD","Month",12,1
"CHINA_1999","CHINA",1999,1868,"OD","Month",12,1,1868,"OD","Month",12,1
"CHINA_2000","CHINA",2000,405,"OD","Month",12,1,405,"OD","Month",12,1
"CHINA_2001","CHINA",2001,375,"OD","Month",12,1,375,"OD","Month",12,1
"CHINA_2002","CHINA",2002,1606,"OD","Month",12,1,1606,"OD","Month",12,1
"CHINA_2003","CHINA",2003,93,"OD","Month",12,1,93,"OD","Month",12,1
"CHINA_2004","CHINA",2004,247,"OD","Year",1,1,247,"OD","Year",1,1
"CHINA_2005","CHINA",2005,40,"OD","Year",1,1,40,"OD","Year",1,1
"CHINA_2006","CHINA",2006,1315,"OD","Year",1,1,1315,"OD","Year",1,1
"CHINA_2007","CHINA",2007,539,"OD","Year",1,1,539,"OD","Year",1,1
"CHINA_2008","CHINA",2008,203,"OD","Month",12,1,203,"OD","Month",12,1
"CHINA_2009","CHINA",2009,312,"OD","Month",12,1,312,"OD","Month",12,1
"CHINA_2010","CHINA",2010,223,"OD","Year",1,1,223,"OD","Year",1,1
"CHINA_2011","CHINA",2011,58,"OD","Year",1,1,58,"OD","Year",1,1
"CHINA_2012","CHINA",2012,498,"OD","Year",1,1,498,"OD","Year",1,1
"CHINA_2013","CHINA",2013,5277,"OD","Month",12,1,5277,"OD","Month",12,1
"CHINA_2014","CHINA",2014,47512,"OD","Month",12,1,47512,"OD","Month",12,1
"CHINA_2015","CHINA",2015,3858,"OD","Month",12,1,3858,"OD","Month",12,1
"CHINA_2016","CHINA",2016,2050,"OD","Month",12,1,2050,"OD","Month",12,1
"CHINA_2017","CHINA",2017,5893,"OD","Month",12,1,5893,"OD","Month",12,1
"CHINA_2018","CHINA",2018,5136,"OD","Month",12,1,5136,"OD","Month",12,1
"CHINA_2019","CHINA",2019,22317,"OD","Month",12,1,22317,"OD","Month",12,1
"CHINA_2020","CHINA",2020,616,"OD","Month",12,1,558,"OD","Month",12,1
"CHINA_2021","CHINA",2021,0,"OD","Month",12,1,0,"OD","Month",12,1
"CHINA_2022","CHINA",2022,487,"OD","Month",10,0.833333333333333,487,"OD","Month",10,0.833333333333333
"CHINA_2023","CHINA",2023,19627,"OD","Month",12,1,19627,"OD","Month",12,1
"CHINA_2024","CHINA",2024,24330,"OD","Month",12,1,24330,"OD","Month",12,1
"COLOMBIA_1990","COLOMBIA",1990,17350,"OD","Year",1,1,17350,"OD","Year",1,1
"COLOMBIA_1991","COLOMBIA",1991,15104,"OD","Year",1,1,15104,"OD","Year",1,1
"COLOMBIA_1992","COLOMBIA",1992,59853,"OD","Year",1,1,59853,"OD","Year",1,1
"COLOMBIA_1993","COLOMBIA",1993,8449,"OD","Year",1,1,8449,"OD","Year",1,1
"COLOMBIA_1994","COLOMBIA",1994,774,"OD","Year",1,1,774,"OD","Year",1,1
"COLOMBIA_1995","COLOMBIA",1995,50031,"OD","Year",1,1,50031,"OD","Year",1,1
"COLOMBIA_1996","COLOMBIA",1996,31398,"OD","Year",1,1,31398,"OD","Year",1,1
"COLOMBIA_1997","COLOMBIA",1997,20340,"OD","Year",1,1,20340,"OD","Year",1,1
"COLOMBIA_1998","COLOMBIA",1998,58011,"OD","Year",1,1,58011,"OD","Year",1,1
"COLOMBIA_1999","COLOMBIA",1999,19243,"OD","Year",1,1,19243,"OD","Year",1,1
"COLOMBIA_2000","COLOMBIA",2000,20956,"OD","Year",1,1,20956,"OD","Year",1,1
"COLOMBIA_2001","COLOMBIA",2001,48874,"OD","Year",1,1,48874,"OD","Year",1,1
"COLOMBIA_2002","COLOMBIA",2002,71727,"OD","Year",1,1,71727,"OD","Year",1,1
"COLOMBIA_2003","COLOMBIA",2003,55475,"OD","Year",1,1,55475,"OD","Year",1,1
"COLOMBIA_2004","COLOMBIA",2004,27014,"OD","Year",1,1,27014,"OD","Year",1,1
"COLOMBIA_2005","COLOMBIA",2005,40668,"OD","Year",1,1,40668,"OD","Year",1,1
"COLOMBIA_2006","COLOMBIA",2006,36829,"OD","Year",1,1,36829,"OD","Year",1,1
"COLOMBIA_2007","COLOMBIA",2007,40974,"OD","Week",52,1,40974,"OD","Week",52,1
"COLOMBIA_2008","COLOMBIA",2008,36493,"OD","Week",53,1,36493,"OD","Week",53,1
"COLOMBIA_2009","COLOMBIA",2009,51946,"OD","Week",52,1,51946,"OD","Week",52,1
"COLOMBIA_2010","COLOMBIA",2010,155255,"OD","Week",52,1,155255,"OD","Week",52,1
"COLOMBIA_2011","COLOMBIA",2011,31819,"OD","Week",52,1,31819,"OD","Week",52,1
"COLOMBIA_2012","COLOMBIA",2012,53490,"OD","Week",52,1,53490,"OD","Week",52,1
"COLOMBIA_2013","COLOMBIA",2013,126425,"OD","Week",52,1,126425,"OD","Week",52,1
"COLOMBIA_2014","COLOMBIA",2014,107975,"OD","Week",53,1,107975,"OD","Week",53,1
"COLOMBIA_2015","COLOMBIA",2015,96444,"OD","Week",52,1,96444,"OD","Week",52,1
"COLOMBIA_2016","COLOMBIA",2016,101016,"OD","Week",52,1,101016,"OD","Week",52,1
"COLOMBIA_2017","COLOMBIA",2017,25284,"OD","Week",52,1,25284,"OD","Week",52,1
"COLOMBIA_2018","COLOMBIA",2018,44825,"OD","Week",52,1,44825,"OD","Week",52,1
"COLOMBIA_2019","COLOMBIA",2019,127553,"OD","Week",52,1,127553,"OD","Week",52,1
"COLOMBIA_2020","COLOMBIA",2020,78979,"OD","Week",53,1,78979,"OD","Week",53,1
"COLOMBIA_2021","COLOMBIA",2021,53334,"OD","Week",52,1,53334,"OD","Week",52,1
"COLOMBIA_2022","COLOMBIA",2022,69497,"OD","Week",52,1,69497,"OD","Week",52,1
"COLOMBIA_2023","COLOMBIA",2023,131784,"OD","Week",52,1,131784,"OD","Week",52,1
"COLOMBIA_2024","COLOMBIA",2024,320982,"OD","Week",52,1,320982,"OD","Week",52,1
"COMOROS_1990","COMOROS",1990,NA,"No_data",NA,NA,NA,NA,NA,NA,NA,NA
"COMOROS_1991","COMOROS",1991,NA,"No_data",NA,NA,NA,NA,NA,NA,NA,NA
"COMOROS_1992","COMOROS",1992,NA,"No_data",NA,NA,NA,NA,NA,NA,NA,NA
"COMOROS_1993","COMOROS",1993,146,"ad_hoc_data","Year",1,1,NA,NA,NA,NA,NA
"COMOROS_1994","COMOROS",1994,NA,"No_data",NA,NA,NA,NA,NA,NA,NA,NA
"COMOROS_1995","COMOROS",1995,NA,"No_data",NA,NA,NA,NA,NA,NA,NA,NA
"COMOROS_1996","COMOROS",1996,NA,"No_data",NA,NA,NA,NA,NA,NA,NA,NA
"COMOROS_1997","COMOROS",1997,NA,"No_data",NA,NA,NA,NA,NA,NA,NA,NA
"COMOROS_1998","COMOROS",1998,NA,"No_data",NA,NA,NA,NA,NA,NA,NA,NA
"COMOROS_1999","COMOROS",1999,NA,"No_data",NA,NA,NA,NA,NA,NA,NA,NA
"COMOROS_2000","COMOROS",2000,NA,"No_data",NA,NA,NA,NA,NA,NA,NA,NA
"COMOROS_2001","COMOROS",2001,NA,"No_data",NA,NA,NA,NA,NA,NA,NA,NA
"COMOROS_2002","COMOROS",2002,NA,"No_data",NA,NA,NA,NA,NA,NA,NA,NA
"COMOROS_2003","COMOROS",2003,NA,"No_data",NA,NA,NA,NA,NA,NA,NA,NA
"COMOROS_2004","COMOROS",2004,NA,"No_data",NA,NA,NA,NA,NA,NA,NA,NA
"COMOROS_2005","COMOROS",2005,NA,"No_data",NA,NA,NA,NA,NA,NA,NA,NA
"COMOROS_2006","COMOROS",2006,NA,"No_data",NA,NA,NA,NA,NA,NA,NA,NA
"COMOROS_2007","COMOROS",2007,NA,"No_data",NA,NA,NA,NA,NA,NA,NA,NA
"COMOROS_2008","COMOROS",2008,NA,"No_data",NA,NA,NA,NA,NA,NA,NA,NA
"COMOROS_2009","COMOROS",2009,NA,"No_data",NA,NA,NA,NA,NA,NA,NA,NA
"COMOROS_2010","COMOROS",2010,NA,"No_data",NA,NA,NA,NA,NA,NA,NA,NA
"COMOROS_2011","COMOROS",2011,NA,"No_data",NA,NA,NA,NA,NA,NA,NA,NA
"COMOROS_2012","COMOROS",2012,NA,"No_data",NA,NA,NA,NA,NA,NA,NA,NA
"COMOROS_2013","COMOROS",2013,NA,"No_data",NA,NA,NA,NA,NA,NA,NA,NA
"COMOROS_2014","COMOROS",2014,NA,"No_data",NA,NA,NA,NA,NA,NA,NA,NA
"COMOROS_2015","COMOROS",2015,NA,"No_data",NA,NA,NA,NA,NA,NA,NA,NA
"COMOROS_2016","COMOROS",2016,NA,"No_data",NA,NA,NA,NA,NA,NA,NA,NA
"COMOROS_2017","COMOROS",2017,NA,"No_data",NA,NA,NA,NA,NA,NA,NA,NA
"COMOROS_2018","COMOROS",2018,NA,"No_data",NA,NA,NA,NA,NA,NA,NA,NA
"COMOROS_2019","COMOROS",2019,NA,"No_data",NA,NA,NA,NA,NA,NA,NA,NA
"COMOROS_2020","COMOROS",2020,696,"ad_hoc_data","Year",1,1,NA,NA,NA,NA,NA
"COMOROS_2021","COMOROS",2021,NA,"No_data",NA,NA,NA,NA,NA,NA,NA,NA
"COMOROS_2022","COMOROS",2022,NA,"No_data",NA,NA,NA,NA,NA,NA,NA,NA
"COMOROS_2023","COMOROS",2023,NA,"No_data",NA,NA,NA,NA,NA,NA,NA,NA
"COMOROS_2024","COMOROS",2024,NA,"No_data",NA,NA,NA,NA,NA,NA,NA,NA
"COOK ISLANDS_1990","COOK ISLANDS",1990,5,"ad_hoc_data","Month",12,1,5,"OD","Year",1,1
"COOK ISLANDS_1991","COOK ISLANDS",1991,1776,"ad_hoc_data","Month",12,1,1776,"OD","Year",1,1
"COOK ISLANDS_1992","COOK ISLANDS",1992,5,"ad_hoc_data","Month",12,1,5,"OD","Year",1,1
"COOK ISLANDS_1993","COOK ISLANDS",1993,0,"OD","Year",1,1,0,"OD","Year",1,1
"COOK ISLANDS_1994","COOK ISLANDS",1994,1,"ad_hoc_data","Month",12,1,1,"OD","Year",1,1
"COOK ISLANDS_1995","COOK ISLANDS",1995,786,"ad_hoc_data","Month",12,1,786,"OD","Year",1,1
"COOK ISLANDS_1996","COOK ISLANDS",1996,2,"ad_hoc_data","Month",12,1,2,"OD","Year",1,1
"COOK ISLANDS_1997","COOK ISLANDS",1997,1652,"ad_hoc_data","Year",1,1,1075,"OD","Year",1,1
"COOK ISLANDS_1998","COOK ISLANDS",1998,0,"OD","Year",1,1,0,"OD","Year",1,1
"COOK ISLANDS_1999","COOK ISLANDS",1999,0,"OD","Year",1,1,0,"OD","Year",1,1
"COOK ISLANDS_2000","COOK ISLANDS",2000,0,"OD","Year",1,1,0,"OD","Year",1,1
"COOK ISLANDS_2001","COOK ISLANDS",2001,21,"OD","Year",1,1,21,"OD","Year",1,1
"COOK ISLANDS_2002","COOK ISLANDS",2002,2256,"OD","Year",1,1,2256,"OD","Year",1,1
"COOK ISLANDS_2003","COOK ISLANDS",2003,1,"OD","Year",1,1,1,"OD","Year",1,1
"COOK ISLANDS_2004","COOK ISLANDS",2004,4,"OD","Year",1,1,4,"OD","Year",1,1
"COOK ISLANDS_2005","COOK ISLANDS",2005,0,"OD","Year",1,1,0,"OD","Year",1,1
"COOK ISLANDS_2006","COOK ISLANDS",2006,468,"OD","Year",1,1,468,"OD","Year",1,1
"COOK ISLANDS_2007","COOK ISLANDS",2007,1424,"ad_hoc_data","Year",1,1,1224,"OD","Year",1,1
"COOK ISLANDS_2008","COOK ISLANDS",2008,11,"OD","Year",1,1,11,"OD","Year",1,1
"COOK ISLANDS_2009","COOK ISLANDS",2009,170,"OD","Year",1,1,170,"OD","Year",1,1
"COOK ISLANDS_2010","COOK ISLANDS",2010,0,"OD","Year",1,1,0,"OD","Year",1,1
"COOK ISLANDS_2011","COOK ISLANDS",2011,0,"OD","Year",1,1,0,"OD","Year",1,1
"COOK ISLANDS_2012","COOK ISLANDS",2012,0,"OD","Year",1,1,0,"OD","Year",1,1
"COOK ISLANDS_2013","COOK ISLANDS",2013,NA,"No_data",NA,NA,NA,NA,"No_data",NA,NA,NA
"COOK ISLANDS_2014","COOK ISLANDS",2014,946,"OD","Year",1,1,946,"OD","Year",1,1
"COOK ISLANDS_2015","COOK ISLANDS",2015,765,"ad_hoc_data","Year",1,1,NA,"No_data",NA,NA,NA
"COOK ISLANDS_2016","COOK ISLANDS",2016,0,"OD","Year",1,1,0,"OD","Year",1,1
"COOK ISLANDS_2017","COOK ISLANDS",2017,1,"OD","Week",34,0.653846153846154,1,"OD","Week",34,0.653846153846154
"COOK ISLANDS_2018","COOK ISLANDS",2018,3,"OD","Week",44,0.846153846153846,3,"OD","Week",44,0.846153846153846
"COOK ISLANDS_2019","COOK ISLANDS",2019,132,"OD","Week",42,0.807692307692308,132,"OD","Week",42,0.807692307692308
"COOK ISLANDS_2020","COOK ISLANDS",2020,261,"OD","Week",20,0.377358490566038,261,"OD","Week",20,0.377358490566038
"COOK ISLANDS_2021","COOK ISLANDS",2021,2,"OD","Week",15,0.288461538461538,2,"OD","Week",15,0.288461538461538
"COOK ISLANDS_2022","COOK ISLANDS",2022,3,"OD","Week",44,0.846153846153846,3,"OD","Week",44,0.846153846153846
"COOK ISLANDS_2023","COOK ISLANDS",2023,0,"OD","Week",18,0.346153846153846,0,"OD","Week",18,0.346153846153846
"COOK ISLANDS_2024","COOK ISLANDS",2024,0,"OD","Week",40,0.769230769230769,0,"OD","Week",40,0.769230769230769
"COSTA RICA_1990","COSTA RICA",1990,0,"OD","Year",1,1,0,"OD","Year",1,1
"COSTA RICA_1991","COSTA RICA",1991,0,"OD","Year",1,1,0,"OD","Year",1,1
"COSTA RICA_1992","COSTA RICA",1992,0,"OD","Year",1,1,0,"OD","Year",1,1
"COSTA RICA_1993","COSTA RICA",1993,4612,"OD","Year",1,1,4612,"OD","Year",1,1
"COSTA RICA_1994","COSTA RICA",1994,13929,"OD","Year",1,1,13929,"OD","Year",1,1
"COSTA RICA_1995","COSTA RICA",1995,5137,"OD","Year",1,1,5137,"OD","Year",1,1
"COSTA RICA_1996","COSTA RICA",1996,2309,"OD","Year",1,1,2309,"OD","Year",1,1
"COSTA RICA_1997","COSTA RICA",1997,14421,"OD","Year",1,1,14421,"OD","Year",1,1
"COSTA RICA_1998","COSTA RICA",1998,2628,"OD","Year",1,1,2628,"OD","Year",1,1
"COSTA RICA_1999","COSTA RICA",1999,6041,"OD","Year",1,1,6041,"OD","Year",1,1
"COSTA RICA_2000","COSTA RICA",2000,4908,"OD","Year",1,1,4908,"OD","Year",1,1
"COSTA RICA_2001","COSTA RICA",2001,9464,"OD","Year",1,1,9464,"OD","Year",1,1
"COSTA RICA_2002","COSTA RICA",2002,12251,"OD","Year",1,1,12251,"OD","Year",1,1
"COSTA RICA_2003","COSTA RICA",2003,19703,"OD","Year",1,1,19703,"OD","Year",1,1
"COSTA RICA_2004","COSTA RICA",2004,9408,"OD","Year",1,1,9408,"OD","Year",1,1
"COSTA RICA_2005","COSTA RICA",2005,37798,"OD","Year",1,1,37798,"OD","Year",1,1
"COSTA RICA_2006","COSTA RICA",2006,12052,"OD","Year",1,1,12052,"OD","Year",1,1
"COSTA RICA_2007","COSTA RICA",2007,26504,"OD","Year",1,1,26504,"OD","Year",1,1
"COSTA RICA_2008","COSTA RICA",2008,8212,"OD","Year",1,1,8212,"OD","Year",1,1
"COSTA RICA_2009","COSTA RICA",2009,7214,"OD","Year",1,1,7214,"OD","Year",1,1
"COSTA RICA_2010","COSTA RICA",2010,31484,"OD","Year",1,1,31484,"OD","Year",1,1
"COSTA RICA_2011","COSTA RICA",2011,13838,"OD","Year",1,1,13838,"OD","Year",1,1
"COSTA RICA_2012","COSTA RICA",2012,22243,"OD","Year",1,1,22243,"OD","Year",1,1
"COSTA RICA_2013","COSTA RICA",2013,81942,"OD","Year",1,1,81942,"OD","Year",1,1
"COSTA RICA_2014","COSTA RICA",2014,16742,"OD","Week",53,1,16742,"OD","Week",53,1
"COSTA RICA_2015","COSTA RICA",2015,25852,"OD","Week",52,1,25852,"OD","Week",52,1
"COSTA RICA_2016","COSTA RICA",2016,30700,"OD","Week",52,1,30700,"OD","Week",52,1
"COSTA RICA_2017","COSTA RICA",2017,8340,"OD","Week",52,1,8340,"OD","Week",52,1
"COSTA RICA_2018","COSTA RICA",2018,4530,"OD","Week",52,1,4530,"OD","Week",52,1
"COSTA RICA_2019","COSTA RICA",2019,9400,"OD","Week",52,1,9400,"OD","Week",52,1
"COSTA RICA_2020","COSTA RICA",2020,10056,"OD","Week",53,1,10056,"OD","Week",53,1
"COSTA RICA_2021","COSTA RICA",2021,5174,"OD","Week",52,1,5174,"OD","Week",52,1
"COSTA RICA_2022","COSTA RICA",2022,7485,"OD","Week",52,1,7485,"OD","Week",52,1
"COSTA RICA_2023","COSTA RICA",2023,30649,"OD","Week",52,1,30649,"OD","Week",52,1
"COSTA RICA_2024","COSTA RICA",2024,31259,"OD","Week",52,1,31259,"OD","Week",52,1
"COTE D'IVOIRE_1990","COTE D'IVOIRE",1990,NA,"No_data",NA,NA,NA,NA,"No_data",NA,NA,NA
"COTE D'IVOIRE_1991","COTE D'IVOIRE",1991,NA,"No_data",NA,NA,NA,NA,"No_data",NA,NA,NA
"COTE D'IVOIRE_1992","COTE D'IVOIRE",1992,NA,"No_data",NA,NA,NA,NA,"No_data",NA,NA,NA
"COTE D'IVOIRE_1993","COTE D'IVOIRE",1993,NA,"No_data",NA,NA,NA,NA,"No_data",NA,NA,NA
"COTE D'IVOIRE_1994","COTE D'IVOIRE",1994,NA,"No_data",NA,NA,NA,NA,"No_data",NA,NA,NA
"COTE D'IVOIRE_1995","COTE D'IVOIRE",1995,NA,"No_data",NA,NA,NA,NA,"No_data",NA,NA,NA
"COTE D'IVOIRE_1996","COTE D'IVOIRE",1996,NA,"No_data",NA,NA,NA,NA,"No_data",NA,NA,NA
"COTE D'IVOIRE_1997","COTE D'IVOIRE",1997,NA,"No_data",NA,NA,NA,NA,"No_data",NA,NA,NA
"COTE D'IVOIRE_1998","COTE D'IVOIRE",1998,NA,"No_data",NA,NA,NA,NA,"No_data",NA,NA,NA
"COTE D'IVOIRE_1999","COTE D'IVOIRE",1999,NA,"No_data",NA,NA,NA,NA,"No_data",NA,NA,NA
"COTE D'IVOIRE_2000","COTE D'IVOIRE",2000,NA,"No_data",NA,NA,NA,NA,"No_data",NA,NA,NA
"COTE D'IVOIRE_2001","COTE D'IVOIRE",2001,NA,"No_data",NA,NA,NA,NA,"No_data",NA,NA,NA
"COTE D'IVOIRE_2002","COTE D'IVOIRE",2002,NA,"No_data",NA,NA,NA,NA,"No_data",NA,NA,NA
"COTE D'IVOIRE_2003","COTE D'IVOIRE",2003,NA,"No_data",NA,NA,NA,NA,"No_data",NA,NA,NA
"COTE D'IVOIRE_2004","COTE D'IVOIRE",2004,NA,"No_data",NA,NA,NA,NA,"No_data",NA,NA,NA
"COTE D'IVOIRE_2005","COTE D'IVOIRE",2005,NA,"No_data",NA,NA,NA,NA,"No_data",NA,NA,NA
"COTE D'IVOIRE_2006","COTE D'IVOIRE",2006,NA,"No_data",NA,NA,NA,NA,"No_data",NA,NA,NA
"COTE D'IVOIRE_2007","COTE D'IVOIRE",2007,NA,"No_data",NA,NA,NA,NA,"No_data",NA,NA,NA
"COTE D'IVOIRE_2008","COTE D'IVOIRE",2008,NA,"No_data",NA,NA,NA,NA,"No_data",NA,NA,NA
"COTE D'IVOIRE_2009","COTE D'IVOIRE",2009,NA,"No_data",NA,NA,NA,NA,"No_data",NA,NA,NA
"COTE D'IVOIRE_2010","COTE D'IVOIRE",2010,7,"ad_hoc_data","Year",1,1,NA,"No_data",NA,NA,NA
"COTE D'IVOIRE_2011","COTE D'IVOIRE",2011,NA,"No_data",NA,NA,NA,NA,"No_data",NA,NA,NA
"COTE D'IVOIRE_2012","COTE D'IVOIRE",2012,NA,"No_data",NA,NA,NA,NA,"No_data",NA,NA,NA
"COTE D'IVOIRE_2013","COTE D'IVOIRE",2013,NA,"No_data",NA,NA,NA,NA,"No_data",NA,NA,NA
"COTE D'IVOIRE_2014","COTE D'IVOIRE",2014,NA,"No_data",NA,NA,NA,NA,"No_data",NA,NA,NA
"COTE D'IVOIRE_2015","COTE D'IVOIRE",2015,NA,"No_data",NA,NA,NA,NA,"No_data",NA,NA,NA
"COTE D'IVOIRE_2016","COTE D'IVOIRE",2016,NA,"No_data",NA,NA,NA,NA,"No_data",NA,NA,NA
"COTE D'IVOIRE_2017","COTE D'IVOIRE",2017,2849,"ad_hoc_data","Month",12,1,NA,"No_data",NA,NA,NA
"COTE D'IVOIRE_2018","COTE D'IVOIRE",2018,NA,"No_data",NA,NA,NA,NA,"No_data",NA,NA,NA
"COTE D'IVOIRE_2019","COTE D'IVOIRE",2019,3201,"ad_hoc_data","Year",1,1,NA,"No_data",NA,NA,NA
"COTE D'IVOIRE_2020","COTE D'IVOIRE",2020,NA,"No_data",NA,NA,NA,NA,"No_data",NA,NA,NA
"COTE D'IVOIRE_2021","COTE D'IVOIRE",2021,4,"ad_hoc_data","Year",1,1,NA,"No_data",NA,NA,NA
"COTE D'IVOIRE_2022","COTE D'IVOIRE",2022,11,"ad_hoc_data","Year",1,1,NA,"No_data",NA,NA,NA
"COTE D'IVOIRE_2023","COTE D'IVOIRE",2023,3922,"OD","Month",12,1,3922,"OD","Month",12,1
"COTE D'IVOIRE_2024","COTE D'IVOIRE",2024,6134,"OD","Month",12,1,6134,"OD","Month",12,1
"CROATIA_1990","CROATIA",1990,0,"first_year","Year",1,1,NA,NA,NA,NA,NA
"CROATIA_1991","CROATIA",1991,0,"first_year","Year",1,1,NA,NA,NA,NA,NA
"CROATIA_1992","CROATIA",1992,0,"first_year","Year",1,1,NA,NA,NA,NA,NA
"CROATIA_1993","CROATIA",1993,0,"first_year","Year",1,1,NA,NA,NA,NA,NA
"CROATIA_1994","CROATIA",1994,0,"first_year","Year",1,1,NA,NA,NA,NA,NA
"CROATIA_1995","CROATIA",1995,0,"first_year","Year",1,1,NA,NA,NA,NA,NA
"CROATIA_1996","CROATIA",1996,0,"first_year","Year",1,1,NA,NA,NA,NA,NA
"CROATIA_1997","CROATIA",1997,0,"first_year","Year",1,1,NA,NA,NA,NA,NA
"CROATIA_1998","CROATIA",1998,0,"first_year","Year",1,1,NA,NA,NA,NA,NA
"CROATIA_1999","CROATIA",1999,0,"first_year","Year",1,1,NA,NA,NA,NA,NA
"CROATIA_2000","CROATIA",2000,0,"first_year","Year",1,1,NA,NA,NA,NA,NA
"CROATIA_2001","CROATIA",2001,0,"first_year","Year",1,1,NA,NA,NA,NA,NA
"CROATIA_2002","CROATIA",2002,0,"first_year","Year",1,1,NA,NA,NA,NA,NA
"CROATIA_2003","CROATIA",2003,0,"first_year","Year",1,1,NA,NA,NA,NA,NA
"CROATIA_2004","CROATIA",2004,0,"first_year","Year",1,1,NA,NA,NA,NA,NA
"CROATIA_2005","CROATIA",2005,0,"first_year","Year",1,1,NA,NA,NA,NA,NA
"CROATIA_2006","CROATIA",2006,0,"first_year","Year",1,1,NA,NA,NA,NA,NA
"CROATIA_2007","CROATIA",2007,0,"first_year","Year",1,1,NA,NA,NA,NA,NA
"CROATIA_2008","CROATIA",2008,0,"first_year","Year",1,1,NA,NA,NA,NA,NA
"CROATIA_2009","CROATIA",2009,0,"first_year","Year",1,1,NA,NA,NA,NA,NA
"CROATIA_2010","CROATIA",2010,10,"ad_hoc_data","Year",1,1,NA,NA,NA,NA,NA
"CROATIA_2011","CROATIA",2011,0,"ad_hoc_data","Year",1,1,NA,NA,NA,NA,NA
"CROATIA_2012","CROATIA",2012,0,"ad_hoc_data","Year",1,1,NA,NA,NA,NA,NA
"CROATIA_2013","CROATIA",2013,0,"ad_hoc_data","Year",1,1,NA,NA,NA,NA,NA
"CROATIA_2014","CROATIA",2014,0,"ad_hoc_data","Year",1,1,NA,NA,NA,NA,NA
"CROATIA_2015","CROATIA",2015,0,"ad_hoc_data","Year",1,1,NA,NA,NA,NA,NA
"CROATIA_2016","CROATIA",2016,0,"ad_hoc_data","Year",1,1,NA,NA,NA,NA,NA
"CROATIA_2017","CROATIA",2017,0,"ad_hoc_data","Year",1,1,NA,NA,NA,NA,NA
"CROATIA_2018","CROATIA",2018,0,"ad_hoc_data","Year",1,1,NA,NA,NA,NA,NA
"CROATIA_2019","CROATIA",2019,0,"ad_hoc_data","Year",1,1,NA,NA,NA,NA,NA
"CROATIA_2020","CROATIA",2020,0,"ad_hoc_data","Year",1,1,NA,NA,NA,NA,NA
"CROATIA_2021","CROATIA",2021,0,"ad_hoc_data","Year",1,1,NA,NA,NA,NA,NA
"CROATIA_2022","CROATIA",2022,0,"ad_hoc_data","Year",1,1,NA,NA,NA,NA,NA
"CROATIA_2023","CROATIA",2023,0,"ad_hoc_data","Year",1,1,NA,NA,NA,NA,NA
"CROATIA_2024","CROATIA",2024,0,"ad_hoc_data","Year",1,1,NA,NA,NA,NA,NA
"CUBA_1990","CUBA",1990,0,"OD","Year",1,1,0,"OD","Year",1,1
"CUBA_1991","CUBA",1991,0,"OD","Year",1,1,0,"OD","Year",1,1
"CUBA_1992","CUBA",1992,0,"OD","Year",1,1,0,"OD","Year",1,1
"CUBA_1993","CUBA",1993,0,"OD","Year",1,1,0,"OD","Year",1,1
"CUBA_1994","CUBA",1994,0,"OD","Year",1,1,0,"OD","Year",1,1
"CUBA_1995","CUBA",1995,0,"OD","Year",1,1,0,"OD","Year",1,1
"CUBA_1996","CUBA",1996,0,"OD","Year",1,1,0,"OD","Year",1,1
"CUBA_1997","CUBA",1997,2807,"OD","Year",1,1,2807,"OD","Year",1,1
"CUBA_1998","CUBA",1998,0,"OD","Year",1,1,0,"OD","Year",1,1
"CUBA_1999","CUBA",1999,0,"OD","Year",1,1,0,"OD","Year",1,1
"CUBA_2000","CUBA",2000,138,"OD","Year",1,1,138,"OD","Year",1,1
"CUBA_2001","CUBA",2001,11363,"OD","Year",1,1,11363,"OD","Year",1,1
"CUBA_2002","CUBA",2002,2999,"OD","Year",1,1,2999,"OD","Year",1,1
"CUBA_2003","CUBA",2003,0,"OD","Year",1,1,0,"OD","Year",1,1
"CUBA_2004","CUBA",2004,0,"OD","Month",12,1,0,"OD","Month",12,1
"CUBA_2005","CUBA",2005,75,"OD","Year",1,1,75,"OD","Year",1,1
"CUBA_2006","CUBA",2006,0,"OD","Year",1,1,0,"OD","Year",1,1
"CUBA_2007","CUBA",2007,28,"OD","Year",1,1,28,"OD","Year",1,1
"CUBA_2008","CUBA",2008,0,"OD","Year",1,1,0,"OD","Year",1,1
"CUBA_2009","CUBA",2009,70,"OD","Year",1,1,70,"OD","Year",1,1
"CUBA_2010","CUBA",2010,0,"OD","Year",1,1,0,"OD","Year",1,1
"CUBA_2011","CUBA",2011,0,"OD","Year",1,1,0,"OD","Year",1,1
"CUBA_2012","CUBA",2012,0,"OD","Year",1,1,0,"OD","Year",1,1
"CUBA_2013","CUBA",2013,0,"OD","Year",1,1,0,"OD","Year",1,1
"CUBA_2014","CUBA",2014,2522,"OD","Year",1,1,2522,"OD","Year",1,1
"CUBA_2015","CUBA",2015,1691,"OD","Year",1,1,1691,"OD","Year",1,1
"CUBA_2016","CUBA",2016,1836,"OD","Year",1,1,1836,"OD","Year",1,1
"CUBA_2017","CUBA",2017,1248,"OD","Year",1,1,1248,"OD","Year",1,1
"CUBA_2018","CUBA",2018,2128,"OD","Year",1,1,2128,"OD","Year",1,1
"CUBA_2019","CUBA",2019,3259,"OD","Year",1,1,3259,"OD","Year",1,1
"CUBA_2020","CUBA",2020,1418,"OD","Year",1,1,1418,"OD","Year",1,1
"CUBA_2021","CUBA",2021,1160,"OD","Year",1,1,1160,"OD","Year",1,1
"CUBA_2022","CUBA",2022,3036,"OD","Year",1,1,3036,"OD","Year",1,1
"CUBA_2023","CUBA",2023,NA,"No_data",NA,NA,NA,NA,"No_data",NA,NA,NA
"CUBA_2024","CUBA",2024,985,"OD","Year",1,1,985,"OD","Year",1,1
"CURACAO_1990","CURACAO",1990,0,"OD","Year",1,1,0,"OD","Year",1,1
"CURACAO_1991","CURACAO",1991,0,"OD","Year",1,1,0,"OD","Year",1,1
"CURACAO_1992","CURACAO",1992,0,"OD","Year",1,1,0,"OD","Year",1,1
"CURACAO_1993","CURACAO",1993,0,"OD","Year",1,1,0,"OD","Year",1,1
"CURACAO_1994","CURACAO",1994,0,"OD","Year",1,1,0,"OD","Year",1,1
"CURACAO_1995","CURACAO",1995,0,"OD","Year",1,1,0,"OD","Year",1,1
"CURACAO_1996","CURACAO",1996,0,"OD","Year",1,1,0,"OD","Year",1,1
"CURACAO_1997","CURACAO",1997,0,"OD","Year",1,1,0,"OD","Year",1,1
"CURACAO_1998","CURACAO",1998,5,"OD","Year",1,1,5,"OD","Year",1,1
"CURACAO_1999","CURACAO",1999,4,"OD","Year",1,1,4,"OD","Year",1,1
"CURACAO_2000","CURACAO",2000,10,"OD","Year",1,1,10,"OD","Year",1,1
"CURACAO_2001","CURACAO",2001,0,"OD","Year",1,1,0,"OD","Year",1,1
"CURACAO_2002","CURACAO",2002,0,"OD","Year",1,1,0,"OD","Year",1,1
"CURACAO_2003","CURACAO",2003,0,"OD","Year",1,1,0,"OD","Year",1,1
"CURACAO_2004","CURACAO",2004,0,"OD","Year",1,1,0,"OD","Year",1,1
"CURACAO_2005","CURACAO",2005,265,"OD","Year",1,1,265,"OD","Year",1,1
"CURACAO_2006","CURACAO",2006,0,"OD","Year",1,1,0,"OD","Year",1,1
"CURACAO_2007","CURACAO",2007,0,"OD","Year",1,1,0,"OD","Year",1,1
"CURACAO_2008","CURACAO",2008,0,"OD","Year",1,1,0,"OD","Year",1,1
"CURACAO_2009","CURACAO",2009,0,"OD","Year",1,1,0,"OD","Year",1,1
"CURACAO_2010","CURACAO",2010,1722,"OD","Year",1,1,1722,"OD","Year",1,1
"CURACAO_2011","CURACAO",2011,1553,"OD","Year",1,1,1553,"OD","Year",1,1
"CURACAO_2012","CURACAO",2012,524,"OD","Year",1,1,524,"OD","Year",1,1
"CURACAO_2013","CURACAO",2013,568,"OD","Year",1,1,568,"OD","Year",1,1
"CURACAO_2014","CURACAO",2014,194,"OD","Year",1,1,194,"OD","Year",1,1
"CURACAO_2015","CURACAO",2015,0,"OD","Week",52,1,0,"OD","Week",52,1
"CURACAO_2016","CURACAO",2016,0,"OD","Week",52,1,0,"OD","Week",52,1
"CURACAO_2017","CURACAO",2017,0,"OD","Week",52,1,0,"OD","Week",52,1
"CURACAO_2018","CURACAO",2018,0,"OD","Week",52,1,0,"OD","Week",52,1
"CURACAO_2019","CURACAO",2019,0,"OD","Week",52,1,0,"OD","Week",52,1
"CURACAO_2020","CURACAO",2020,0,"OD","Week",53,1,0,"OD","Week",53,1
"CURACAO_2021","CURACAO",2021,NA,"No_data",NA,NA,NA,NA,"No_data",NA,NA,NA
"CURACAO_2022","CURACAO",2022,NA,"No_data",NA,NA,NA,NA,"No_data",NA,NA,NA
"CURACAO_2023","CURACAO",2023,NA,"No_data",NA,NA,NA,NA,"No_data",NA,NA,NA
"CURACAO_2024","CURACAO",2024,262,"OD","Week",52,1,262,"OD","Week",52,1
"DEMOCRATIC REPUBLIC OF CONGO_1990","DEMOCRATIC REPUBLIC OF CONGO",1990,NA,"No_data",NA,NA,NA,NA,NA,NA,NA,NA
"DEMOCRATIC REPUBLIC OF CONGO_1991","DEMOCRATIC REPUBLIC OF CONGO",1991,NA,"No_data",NA,NA,NA,NA,NA,NA,NA,NA
"DEMOCRATIC REPUBLIC OF CONGO_1992","DEMOCRATIC REPUBLIC OF CONGO",1992,NA,"No_data",NA,NA,NA,NA,NA,NA,NA,NA
"DEMOCRATIC REPUBLIC OF CONGO_1993","DEMOCRATIC REPUBLIC OF CONGO",1993,NA,"No_data",NA,NA,NA,NA,NA,NA,NA,NA
"DEMOCRATIC REPUBLIC OF CONGO_1994","DEMOCRATIC REPUBLIC OF CONGO",1994,NA,"No_data",NA,NA,NA,NA,NA,NA,NA,NA
"DEMOCRATIC REPUBLIC OF CONGO_1995","DEMOCRATIC REPUBLIC OF CONGO",1995,NA,"No_data",NA,NA,NA,NA,NA,NA,NA,NA
"DEMOCRATIC REPUBLIC OF CONGO_1996","DEMOCRATIC REPUBLIC OF CONGO",1996,NA,"No_data",NA,NA,NA,NA,NA,NA,NA,NA
"DEMOCRATIC REPUBLIC OF CONGO_1997","DEMOCRATIC REPUBLIC OF CONGO",1997,NA,"No_data",NA,NA,NA,NA,NA,NA,NA,NA
"DEMOCRATIC REPUBLIC OF CONGO_1998","DEMOCRATIC REPUBLIC OF CONGO",1998,NA,"No_data",NA,NA,NA,NA,NA,NA,NA,NA
"DEMOCRATIC REPUBLIC OF CONGO_1999","DEMOCRATIC REPUBLIC OF CONGO",1999,NA,"No_data",NA,NA,NA,NA,NA,NA,NA,NA
"DEMOCRATIC REPUBLIC OF CONGO_2000","DEMOCRATIC REPUBLIC OF CONGO",2000,NA,"No_data",NA,NA,NA,NA,NA,NA,NA,NA
"DEMOCRATIC REPUBLIC OF CONGO_2001","DEMOCRATIC REPUBLIC OF CONGO",2001,NA,"No_data",NA,NA,NA,NA,NA,NA,NA,NA
"DEMOCRATIC REPUBLIC OF CONGO_2002","DEMOCRATIC REPUBLIC OF CONGO",2002,NA,"No_data",NA,NA,NA,NA,NA,NA,NA,NA
"DEMOCRATIC REPUBLIC OF CONGO_2003","DEMOCRATIC REPUBLIC OF CONGO",2003,NA,"No_data",NA,NA,NA,NA,NA,NA,NA,NA
"DEMOCRATIC REPUBLIC OF CONGO_2004","DEMOCRATIC REPUBLIC OF CONGO",2004,NA,"No_data",NA,NA,NA,NA,NA,NA,NA,NA
"DEMOCRATIC REPUBLIC OF CONGO_2005","DEMOCRATIC REPUBLIC OF CONGO",2005,NA,"No_data",NA,NA,NA,NA,NA,NA,NA,NA
"DEMOCRATIC REPUBLIC OF CONGO_2006","DEMOCRATIC REPUBLIC OF CONGO",2006,NA,"No_data",NA,NA,NA,NA,NA,NA,NA,NA
"DEMOCRATIC REPUBLIC OF CONGO_2007","DEMOCRATIC REPUBLIC OF CONGO",2007,NA,"No_data",NA,NA,NA,NA,NA,NA,NA,NA
"DEMOCRATIC REPUBLIC OF CONGO_2008","DEMOCRATIC REPUBLIC OF CONGO",2008,NA,"No_data",NA,NA,NA,NA,NA,NA,NA,NA
"DEMOCRATIC REPUBLIC OF CONGO_2009","DEMOCRATIC REPUBLIC OF CONGO",2009,NA,"No_data",NA,NA,NA,NA,NA,NA,NA,NA
"DEMOCRATIC REPUBLIC OF CONGO_2010","DEMOCRATIC REPUBLIC OF CONGO",2010,NA,"No_data",NA,NA,NA,NA,NA,NA,NA,NA
"DEMOCRATIC REPUBLIC OF CONGO_2011","DEMOCRATIC REPUBLIC OF CONGO",2011,NA,"No_data",NA,NA,NA,NA,NA,NA,NA,NA
"DEMOCRATIC REPUBLIC OF CONGO_2012","DEMOCRATIC REPUBLIC OF CONGO",2012,NA,"No_data",NA,NA,NA,NA,NA,NA,NA,NA
"DEMOCRATIC REPUBLIC OF CONGO_2013","DEMOCRATIC REPUBLIC OF CONGO",2013,NA,"No_data",NA,NA,NA,NA,NA,NA,NA,NA
"DEMOCRATIC REPUBLIC OF CONGO_2014","DEMOCRATIC REPUBLIC OF CONGO",2014,NA,"No_data",NA,NA,NA,NA,NA,NA,NA,NA
"DEMOCRATIC REPUBLIC OF CONGO_2015","DEMOCRATIC REPUBLIC OF CONGO",2015,NA,"No_data",NA,NA,NA,NA,NA,NA,NA,NA
"DEMOCRATIC REPUBLIC OF CONGO_2016","DEMOCRATIC REPUBLIC OF CONGO",2016,253,"ad_hoc_data","Year",1,1,NA,NA,NA,NA,NA
"DEMOCRATIC REPUBLIC OF CONGO_2017","DEMOCRATIC REPUBLIC OF CONGO",2017,NA,"No_data",NA,NA,NA,NA,NA,NA,NA,NA
"DEMOCRATIC REPUBLIC OF CONGO_2018","DEMOCRATIC REPUBLIC OF CONGO",2018,NA,"No_data",NA,NA,NA,NA,NA,NA,NA,NA
"DEMOCRATIC REPUBLIC OF CONGO_2019","DEMOCRATIC REPUBLIC OF CONGO",2019,NA,"No_data",NA,NA,NA,NA,NA,NA,NA,NA
"DEMOCRATIC REPUBLIC OF CONGO_2020","DEMOCRATIC REPUBLIC OF CONGO",2020,NA,"No_data",NA,NA,NA,NA,NA,NA,NA,NA
"DEMOCRATIC REPUBLIC OF CONGO_2021","DEMOCRATIC REPUBLIC OF CONGO",2021,NA,"No_data",NA,NA,NA,NA,NA,NA,NA,NA
"DEMOCRATIC REPUBLIC OF CONGO_2022","DEMOCRATIC REPUBLIC OF CONGO",2022,NA,"No_data",NA,NA,NA,NA,NA,NA,NA,NA
"DEMOCRATIC REPUBLIC OF CONGO_2023","DEMOCRATIC REPUBLIC OF CONGO",2023,NA,"No_data",NA,NA,NA,NA,NA,NA,NA,NA
"DEMOCRATIC REPUBLIC OF CONGO_2024","DEMOCRATIC REPUBLIC OF CONGO",2024,NA,"No_data",NA,NA,NA,NA,NA,NA,NA,NA
"DJIBOUTI_1990","DJIBOUTI",1990,NA,"No_data",NA,NA,NA,NA,NA,NA,NA,NA
"DJIBOUTI_1991","DJIBOUTI",1991,46,"ad_hoc_data","Year",1,1,NA,NA,NA,NA,NA
"DJIBOUTI_1992","DJIBOUTI",1992,NA,"No_data",NA,NA,NA,NA,NA,NA,NA,NA
"DJIBOUTI_1993","DJIBOUTI",1993,NA,"No_data",NA,NA,NA,NA,NA,NA,NA,NA
"DJIBOUTI_1994","DJIBOUTI",1994,NA,"No_data",NA,NA,NA,NA,NA,NA,NA,NA
"DJIBOUTI_1995","DJIBOUTI",1995,NA,"No_data",NA,NA,NA,NA,NA,NA,NA,NA
"DJIBOUTI_1996","DJIBOUTI",1996,NA,"No_data",NA,NA,NA,NA,NA,NA,NA,NA
"DJIBOUTI_1997","DJIBOUTI",1997,NA,"No_data",NA,NA,NA,NA,NA,NA,NA,NA
"DJIBOUTI_1998","DJIBOUTI",1998,NA,"No_data",NA,NA,NA,NA,NA,NA,NA,NA
"DJIBOUTI_1999","DJIBOUTI",1999,NA,"No_data",NA,NA,NA,NA,NA,NA,NA,NA
"DJIBOUTI_2000","DJIBOUTI",2000,NA,"No_data",NA,NA,NA,NA,NA,NA,NA,NA
"DJIBOUTI_2001","DJIBOUTI",2001,NA,"No_data",NA,NA,NA,NA,NA,NA,NA,NA
"DJIBOUTI_2002","DJIBOUTI",2002,NA,"No_data",NA,NA,NA,NA,NA,NA,NA,NA
"DJIBOUTI_2003","DJIBOUTI",2003,NA,"No_data",NA,NA,NA,NA,NA,NA,NA,NA
"DJIBOUTI_2004","DJIBOUTI",2004,NA,"No_data",NA,NA,NA,NA,NA,NA,NA,NA
"DJIBOUTI_2005","DJIBOUTI",2005,NA,"No_data",NA,NA,NA,NA,NA,NA,NA,NA
"DJIBOUTI_2006","DJIBOUTI",2006,NA,"No_data",NA,NA,NA,NA,NA,NA,NA,NA
"DJIBOUTI_2007","DJIBOUTI",2007,NA,"No_data",NA,NA,NA,NA,NA,NA,NA,NA
"DJIBOUTI_2008","DJIBOUTI",2008,NA,"No_data",NA,NA,NA,NA,NA,NA,NA,NA
"DJIBOUTI_2009","DJIBOUTI",2009,NA,"No_data",NA,NA,NA,NA,NA,NA,NA,NA
"DJIBOUTI_2010","DJIBOUTI",2010,NA,"No_data",NA,NA,NA,NA,NA,NA,NA,NA
"DJIBOUTI_2011","DJIBOUTI",2011,NA,"No_data",NA,NA,NA,NA,NA,NA,NA,NA
"DJIBOUTI_2012","DJIBOUTI",2012,354,"ad_hoc_data","Year",1,1,NA,NA,NA,NA,NA
"DJIBOUTI_2013","DJIBOUTI",2013,NA,"No_data",NA,NA,NA,NA,NA,NA,NA,NA
"DJIBOUTI_2014","DJIBOUTI",2014,NA,"No_data",NA,NA,NA,NA,NA,NA,NA,NA
"DJIBOUTI_2015","DJIBOUTI",2015,NA,"No_data",NA,NA,NA,NA,NA,NA,NA,NA
"DJIBOUTI_2016","DJIBOUTI",2016,NA,"No_data",NA,NA,NA,NA,NA,NA,NA,NA
"DJIBOUTI_2017","DJIBOUTI",2017,NA,"No_data",NA,NA,NA,NA,NA,NA,NA,NA
"DJIBOUTI_2018","DJIBOUTI",2018,NA,"No_data",NA,NA,NA,NA,NA,NA,NA,NA
"DJIBOUTI_2019","DJIBOUTI",2019,NA,"No_data",NA,NA,NA,NA,NA,NA,NA,NA
"DJIBOUTI_2020","DJIBOUTI",2020,NA,"No_data",NA,NA,NA,NA,NA,NA,NA,NA
"DJIBOUTI_2021","DJIBOUTI",2021,NA,"No_data",NA,NA,NA,NA,NA,NA,NA,NA
"DJIBOUTI_2022","DJIBOUTI",2022,NA,"No_data",NA,NA,NA,NA,NA,NA,NA,NA
"DJIBOUTI_2023","DJIBOUTI",2023,NA,"No_data",NA,NA,NA,NA,NA,NA,NA,NA
"DJIBOUTI_2024","DJIBOUTI",2024,NA,"No_data",NA,NA,NA,NA,NA,NA,NA,NA
"DOMINICA_1990","DOMINICA",1990,6,"OD","Year",1,1,6,"OD","Year",1,1
"DOMINICA_1991","DOMINICA",1991,12,"OD","Year",1,1,12,"OD","Year",1,1
"DOMINICA_1992","DOMINICA",1992,0,"OD","Year",1,1,0,"OD","Year",1,1
"DOMINICA_1993","DOMINICA",1993,1,"OD","Year",1,1,1,"OD","Year",1,1
"DOMINICA_1994","DOMINICA",1994,0,"OD","Year",1,1,0,"OD","Year",1,1
"DOMINICA_1995","DOMINICA",1995,282,"OD","Year",1,1,282,"OD","Year",1,1
"DOMINICA_1996","DOMINICA",1996,3,"OD","Year",1,1,3,"OD","Year",1,1
"DOMINICA_1997","DOMINICA",1997,0,"OD","Year",1,1,0,"OD","Year",1,1
"DOMINICA_1998","DOMINICA",1998,1,"OD","Year",1,1,1,"OD","Year",1,1
"DOMINICA_1999","DOMINICA",1999,1,"OD","Year",1,1,1,"OD","Year",1,1
"DOMINICA_2000","DOMINICA",2000,15,"OD","Year",1,1,15,"OD","Year",1,1
"DOMINICA_2001","DOMINICA",2001,5,"OD","Year",1,1,5,"OD","Year",1,1
"DOMINICA_2002","DOMINICA",2002,0,"OD","Year",1,1,0,"OD","Year",1,1
"DOMINICA_2003","DOMINICA",2003,0,"OD","Year",1,1,0,"OD","Year",1,1
"DOMINICA_2004","DOMINICA",2004,4,"OD","Year",1,1,4,"OD","Year",1,1
"DOMINICA_2005","DOMINICA",2005,7,"OD","Year",1,1,7,"OD","Year",1,1
"DOMINICA_2006","DOMINICA",2006,19,"OD","Year",1,1,19,"OD","Year",1,1
"DOMINICA_2007","DOMINICA",2007,110,"OD","Year",1,1,110,"OD","Year",1,1
"DOMINICA_2008","DOMINICA",2008,80,"OD","Year",1,1,80,"OD","Year",1,1
"DOMINICA_2009","DOMINICA",2009,2,"OD","Year",1,1,2,"OD","Year",1,1
"DOMINICA_2010","DOMINICA",2010,633,"OD","Year",1,1,633,"OD","Year",1,1
"DOMINICA_2011","DOMINICA",2011,40,"OD","Year",1,1,40,"OD","Year",1,1
"DOMINICA_2012","DOMINICA",2012,3,"OD","Year",1,1,3,"OD","Year",1,1
"DOMINICA_2013","DOMINICA",2013,197,"OD","Year",1,1,197,"OD","Year",1,1
"DOMINICA_2014","DOMINICA",2014,189,"OD","Year",1,1,189,"OD","Year",1,1
"DOMINICA_2015","DOMINICA",2015,38,"OD","Year",1,1,38,"OD","Year",1,1
"DOMINICA_2016","DOMINICA",2016,351,"OD","Year",1,1,351,"OD","Year",1,1
"DOMINICA_2017","DOMINICA",2017,33,"OD","Year",1,1,33,"OD","Year",1,1
"DOMINICA_2018","DOMINICA",2018,45,"OD","Year",1,1,45,"OD","Year",1,1
"DOMINICA_2019","DOMINICA",2019,1066,"OD","Year",1,1,1066,"OD","Year",1,1
"DOMINICA_2020","DOMINICA",2020,88,"OD","Year",1,1,88,"OD","Year",1,1
"DOMINICA_2021","DOMINICA",2021,65,"OD","Year",1,1,65,"OD","Year",1,1
"DOMINICA_2022","DOMINICA",2022,3,"OD","Week",52,1,3,"OD","Week",52,1
"DOMINICA_2023","DOMINICA",2023,419,"OD","Year",1,1,419,"OD","Year",1,1
"DOMINICA_2024","DOMINICA",2024,NA,"No_data",NA,NA,NA,NA,"No_data",NA,NA,NA
"DOMINICAN REPUBLIC_1990","DOMINICAN REPUBLIC",1990,39,"OD","Year",1,1,39,"OD","Year",1,1
"DOMINICAN REPUBLIC_1991","DOMINICAN REPUBLIC",1991,24,"OD","Year",1,1,24,"OD","Year",1,1
"DOMINICAN REPUBLIC_1992","DOMINICAN REPUBLIC",1992,107,"OD","Year",1,1,107,"OD","Year",1,1
"DOMINICAN REPUBLIC_1993","DOMINICAN REPUBLIC",1993,0,"OD","Year",1,1,0,"OD","Year",1,1
"DOMINICAN REPUBLIC_1994","DOMINICAN REPUBLIC",1994,0,"OD","Year",1,1,0,"OD","Year",1,1
"DOMINICAN REPUBLIC_1995","DOMINICAN REPUBLIC",1995,211,"OD","Year",1,1,211,"OD","Year",1,1
"DOMINICAN REPUBLIC_1996","DOMINICAN REPUBLIC",1996,72,"OD","Year",1,1,72,"OD","Year",1,1
"DOMINICAN REPUBLIC_1997","DOMINICAN REPUBLIC",1997,512,"OD","Year",1,1,512,"OD","Year",1,1
"DOMINICAN REPUBLIC_1998","DOMINICAN REPUBLIC",1998,2873,"OD","Year",1,1,2873,"OD","Year",1,1
"DOMINICAN REPUBLIC_1999","DOMINICAN REPUBLIC",1999,1059,"OD","Year",1,1,1059,"OD","Year",1,1
"DOMINICAN REPUBLIC_2000","DOMINICAN REPUBLIC",2000,3404,"OD","Year",1,1,3404,"OD","Year",1,1
"DOMINICAN REPUBLIC_2001","DOMINICAN REPUBLIC",2001,3588,"OD","Year",1,1,3588,"OD","Year",1,1
"DOMINICAN REPUBLIC_2002","DOMINICAN REPUBLIC",2002,3118,"OD","Year",1,1,3118,"OD","Year",1,1
"DOMINICAN REPUBLIC_2003","DOMINICAN REPUBLIC",2003,5911,"OD","Year",1,1,5911,"OD","Year",1,1
"DOMINICAN REPUBLIC_2004","DOMINICAN REPUBLIC",2004,2340,"OD","Year",1,1,2340,"OD","Year",1,1
"DOMINICAN REPUBLIC_2005","DOMINICAN REPUBLIC",2005,2776,"OD","Year",1,1,2776,"OD","Year",1,1
"DOMINICAN REPUBLIC_2006","DOMINICAN REPUBLIC",2006,5913,"OD","Year",1,1,5913,"OD","Year",1,1
"DOMINICAN REPUBLIC_2007","DOMINICAN REPUBLIC",2007,9403,"OD","Year",1,1,9403,"OD","Year",1,1
"DOMINICAN REPUBLIC_2008","DOMINICAN REPUBLIC",2008,4150,"OD","Year",1,1,4150,"OD","Year",1,1
"DOMINICAN REPUBLIC_2009","DOMINICAN REPUBLIC",2009,7297,"OD","Year",1,1,7297,"OD","Year",1,1
"DOMINICAN REPUBLIC_2010","DOMINICAN REPUBLIC",2010,11060,"OD","Year",1,1,11060,"OD","Year",1,1
"DOMINICAN REPUBLIC_2011","DOMINICAN REPUBLIC",2011,2232,"OD","Year",1,1,2232,"OD","Year",1,1
"DOMINICAN REPUBLIC_2012","DOMINICAN REPUBLIC",2012,9462,"OD","Week",50,0.961538461538462,9462,"OD","Week",50,0.961538461538462
"DOMINICAN REPUBLIC_2013","DOMINICAN REPUBLIC",2013,16503,"OD","Year",1,1,16503,"OD","Year",1,1
"DOMINICAN REPUBLIC_2014","DOMINICAN REPUBLIC",2014,6274,"OD","Week",53,1,6274,"OD","Week",53,1
"DOMINICAN REPUBLIC_2015","DOMINICAN REPUBLIC",2015,17048,"OD","Week",52,1,17048,"OD","Week",52,1
"DOMINICAN REPUBLIC_2016","DOMINICAN REPUBLIC",2016,6645,"OD","Week",52,1,6645,"OD","Week",52,1
"DOMINICAN REPUBLIC_2017","DOMINICAN REPUBLIC",2017,1363,"OD","Week",52,1,1363,"OD","Week",52,1
"DOMINICAN REPUBLIC_2018","DOMINICAN REPUBLIC",2018,1558,"OD","Week",52,1,1558,"OD","Week",52,1
"DOMINICAN REPUBLIC_2019","DOMINICAN REPUBLIC",2019,20183,"OD","Week",52,1,20183,"OD","Week",52,1
"DOMINICAN REPUBLIC_2020","DOMINICAN REPUBLIC",2020,3964,"OD","Week",53,1,3964,"OD","Week",53,1
"DOMINICAN REPUBLIC_2021","DOMINICAN REPUBLIC",2021,3746,"OD","Week",52,1,3746,"OD","Week",52,1
"DOMINICAN REPUBLIC_2022","DOMINICAN REPUBLIC",2022,10784,"OD","Week",52,1,10784,"OD","Week",52,1
"DOMINICAN REPUBLIC_2023","DOMINICAN REPUBLIC",2023,27972,"OD","Week",52,1,27972,"OD","Week",52,1
"DOMINICAN REPUBLIC_2024","DOMINICAN REPUBLIC",2024,10251,"OD","Week",52,1,10251,"OD","Week",52,1
"ECUADOR_1990","ECUADOR",1990,302,"OD","Year",1,1,302,"OD","Year",1,1
"ECUADOR_1991","ECUADOR",1991,94,"OD","Year",1,1,94,"OD","Year",1,1
"ECUADOR_1992","ECUADOR",1992,137,"OD","Year",1,1,137,"OD","Year",1,1
"ECUADOR_1993","ECUADOR",1993,9015,"OD","Year",1,1,9015,"OD","Year",1,1
"ECUADOR_1994","ECUADOR",1994,8145,"OD","Year",1,1,8145,"OD","Year",1,1
"ECUADOR_1995","ECUADOR",1995,6607,"OD","Year",1,1,6607,"OD","Year",1,1
"ECUADOR_1996","ECUADOR",1996,5189,"OD","Year",1,1,5189,"OD","Year",1,1
"ECUADOR_1997","ECUADOR",1997,3871,"OD","Year",1,1,3871,"OD","Year",1,1
"ECUADOR_1998","ECUADOR",1998,4606,"OD","Year",1,1,4606,"OD","Year",1,1
"ECUADOR_1999","ECUADOR",1999,2901,"OD","Year",1,1,2901,"OD","Year",1,1
"ECUADOR_2000","ECUADOR",2000,22934,"OD","Year",1,1,22934,"OD","Year",1,1
"ECUADOR_2001","ECUADOR",2001,10864,"OD","Year",1,1,10864,"OD","Year",1,1
"ECUADOR_2002","ECUADOR",2002,5675,"OD","Year",1,1,5675,"OD","Year",1,1
"ECUADOR_2003","ECUADOR",2003,9903,"OD","Year",1,1,9903,"OD","Year",1,1
"ECUADOR_2004","ECUADOR",2004,6101,"OD","Year",1,1,6101,"OD","Year",1,1
"ECUADOR_2005","ECUADOR",2005,11797,"OD","Year",1,1,11797,"OD","Year",1,1
"ECUADOR_2006","ECUADOR",2006,5871,"OD","Year",1,1,5871,"OD","Year",1,1
"ECUADOR_2007","ECUADOR",2007,10253,"OD","Year",1,1,10253,"OD","Year",1,1
"ECUADOR_2008","ECUADOR",2008,1879,"OD","Year",1,1,1879,"OD","Year",1,1
"ECUADOR_2009","ECUADOR",2009,4400,"OD","Year",1,1,4400,"OD","Year",1,1
"ECUADOR_2010","ECUADOR",2010,17516,"OD","Year",1,1,17516,"OD","Year",1,1
"ECUADOR_2011","ECUADOR",2011,7567,"OD","Year",1,1,7567,"OD","Year",1,1
"ECUADOR_2012","ECUADOR",2012,19367,"OD","Year",1,1,19367,"OD","Year",1,1
"ECUADOR_2013","ECUADOR",2013,11662,"OD","Year",1,1,11662,"OD","Year",1,1
"ECUADOR_2014","ECUADOR",2014,15531,"OD","Week",53,1,15531,"OD","Week",53,1
"ECUADOR_2015","ECUADOR",2015,42473,"OD","Week",52,1,42473,"OD","Week",52,1
"ECUADOR_2016","ECUADOR",2016,14159,"OD","Week",52,1,14159,"OD","Week",52,1
"ECUADOR_2017","ECUADOR",2017,11387,"OD","Week",52,1,11387,"OD","Week",52,1
"ECUADOR_2018","ECUADOR",2018,3099,"OD","Week",52,1,3099,"OD","Week",52,1
"ECUADOR_2019","ECUADOR",2019,8416,"OD","Week",52,1,8416,"OD","Week",52,1
"ECUADOR_2020","ECUADOR",2020,19950,"OD","Week",53,1,19950,"OD","Week",53,1
"ECUADOR_2021","ECUADOR",2021,20829,"OD","Week",52,1,20829,"OD","Week",52,1
"ECUADOR_2022","ECUADOR",2022,16017,"OD","Week",52,1,16017,"OD","Week",52,1
"ECUADOR_2023","ECUADOR",2023,27838,"OD","Week",52,1,27838,"OD","Week",52,1
"ECUADOR_2024","ECUADOR",2024,61329,"OD","Week",52,1,61329,"OD","Week",52,1
"EGYPT_1990","EGYPT",1990,NA,"No_data",NA,NA,NA,NA,NA,NA,NA,NA
"EGYPT_1991","EGYPT",1991,NA,"No_data",NA,NA,NA,NA,NA,NA,NA,NA
"EGYPT_1992","EGYPT",1992,NA,"No_data",NA,NA,NA,NA,NA,NA,NA,NA
"EGYPT_1993","EGYPT",1993,NA,"No_data",NA,NA,NA,NA,NA,NA,NA,NA
"EGYPT_1994","EGYPT",1994,NA,"No_data",NA,NA,NA,NA,NA,NA,NA,NA
"EGYPT_1995","EGYPT",1995,NA,"No_data",NA,NA,NA,NA,NA,NA,NA,NA
"EGYPT_1996","EGYPT",1996,NA,"No_data",NA,NA,NA,NA,NA,NA,NA,NA
"EGYPT_1997","EGYPT",1997,NA,"No_data",NA,NA,NA,NA,NA,NA,NA,NA
"EGYPT_1998","EGYPT",1998,NA,"No_data",NA,NA,NA,NA,NA,NA,NA,NA
"EGYPT_1999","EGYPT",1999,NA,"No_data",NA,NA,NA,NA,NA,NA,NA,NA
"EGYPT_2000","EGYPT",2000,NA,"No_data",NA,NA,NA,NA,NA,NA,NA,NA
"EGYPT_2001","EGYPT",2001,NA,"No_data",NA,NA,NA,NA,NA,NA,NA,NA
"EGYPT_2002","EGYPT",2002,NA,"No_data",NA,NA,NA,NA,NA,NA,NA,NA
"EGYPT_2003","EGYPT",2003,NA,"No_data",NA,NA,NA,NA,NA,NA,NA,NA
"EGYPT_2004","EGYPT",2004,NA,"No_data",NA,NA,NA,NA,NA,NA,NA,NA
"EGYPT_2005","EGYPT",2005,NA,"No_data",NA,NA,NA,NA,NA,NA,NA,NA
"EGYPT_2006","EGYPT",2006,NA,"No_data",NA,NA,NA,NA,NA,NA,NA,NA
"EGYPT_2007","EGYPT",2007,NA,"No_data",NA,NA,NA,NA,NA,NA,NA,NA
"EGYPT_2008","EGYPT",2008,NA,"No_data",NA,NA,NA,NA,NA,NA,NA,NA
"EGYPT_2009","EGYPT",2009,NA,"No_data",NA,NA,NA,NA,NA,NA,NA,NA
"EGYPT_2010","EGYPT",2010,NA,"No_data",NA,NA,NA,NA,NA,NA,NA,NA
"EGYPT_2011","EGYPT",2011,NA,"No_data",NA,NA,NA,NA,NA,NA,NA,NA
"EGYPT_2012","EGYPT",2012,NA,"No_data",NA,NA,NA,NA,NA,NA,NA,NA
"EGYPT_2013","EGYPT",2013,NA,"No_data",NA,NA,NA,NA,NA,NA,NA,NA
"EGYPT_2014","EGYPT",2014,NA,"No_data",NA,NA,NA,NA,NA,NA,NA,NA
"EGYPT_2015","EGYPT",2015,253,"ad_hoc_data","Year",1,1,NA,NA,NA,NA,NA
"EGYPT_2016","EGYPT",2016,NA,"No_data",NA,NA,NA,NA,NA,NA,NA,NA
"EGYPT_2017","EGYPT",2017,144,"ad_hoc_data","Year",1,1,NA,NA,NA,NA,NA
"EGYPT_2018","EGYPT",2018,NA,"No_data",NA,NA,NA,NA,NA,NA,NA,NA
"EGYPT_2019","EGYPT",2019,NA,"No_data",NA,NA,NA,NA,NA,NA,NA,NA
"EGYPT_2020","EGYPT",2020,NA,"No_data",NA,NA,NA,NA,NA,NA,NA,NA
"EGYPT_2021","EGYPT",2021,NA,"No_data",NA,NA,NA,NA,NA,NA,NA,NA
"EGYPT_2022","EGYPT",2022,NA,"No_data",NA,NA,NA,NA,NA,NA,NA,NA
"EGYPT_2023","EGYPT",2023,578,"ad_hoc_data","Year",1,1,NA,NA,NA,NA,NA
"EGYPT_2024","EGYPT",2024,NA,"No_data",NA,NA,NA,NA,NA,NA,NA,NA
"EL SALVADOR_1990","EL SALVADOR",1990,2381,"OD","Year",1,1,2381,"OD","Year",1,1
"EL SALVADOR_1991","EL SALVADOR",1991,1273,"OD","Year",1,1,1273,"OD","Year",1,1
"EL SALVADOR_1992","EL SALVADOR",1992,884,"OD","Year",1,1,884,"OD","Year",1,1
"EL SALVADOR_1993","EL SALVADOR",1993,9015,"OD","Year",1,1,9015,"OD","Year",1,1
"EL SALVADOR_1994","EL SALVADOR",1994,8145,"OD","Year",1,1,8145,"OD","Year",1,1
"EL SALVADOR_1995","EL SALVADOR",1995,9529,"OD","Year",1,1,9529,"OD","Year",1,1
"EL SALVADOR_1996","EL SALVADOR",1996,789,"OD","Year",1,1,789,"OD","Year",1,1
"EL SALVADOR_1997","EL SALVADOR",1997,423,"OD","Year",1,1,423,"OD","Year",1,1
"EL SALVADOR_1998","EL SALVADOR",1998,1686,"OD","Year",1,1,1686,"OD","Year",1,1
"EL SALVADOR_1999","EL SALVADOR",1999,556,"OD","Year",1,1,556,"OD","Year",1,1
"EL SALVADOR_2000","EL SALVADOR",2000,2837,"OD","Month",12,1,2837,"OD","Month",12,1
"EL SALVADOR_2001","EL SALVADOR",2001,1039,"OD","Month",12,1,1039,"OD","Month",12,1
"EL SALVADOR_2002","EL SALVADOR",2002,17902,"OD","Month",12,1,17902,"OD","Month",12,1
"EL SALVADOR_2003","EL SALVADOR",2003,7298,"OD","Month",12,1,7298,"OD","Month",12,1
"EL SALVADOR_2004","EL SALVADOR",2004,13190,"OD","Month",12,1,13190,"OD","Month",12,1
"EL SALVADOR_2005","EL SALVADOR",2005,15083,"OD","Month",12,1,15083,"OD","Month",12,1
"EL SALVADOR_2006","EL SALVADOR",2006,21843,"OD","Month",12,1,21843,"OD","Month",12,1
"EL SALVADOR_2007","EL SALVADOR",2007,12376,"OD","Month",12,1,12376,"OD","Month",12,1
"EL SALVADOR_2008","EL SALVADOR",2008,5774,"OD","Month",12,1,5774,"OD","Month",12,1
"EL SALVADOR_2009","EL SALVADOR",2009,14928,"OD","Year",1,1,14928,"OD","Year",1,1
"EL SALVADOR_2010","EL SALVADOR",2010,22221,"OD","Year",1,1,22221,"OD","Year",1,1
"EL SALVADOR_2011","EL SALVADOR",2011,20623,"OD","Year",1,1,20623,"OD","Year",1,1
"EL SALVADOR_2012","EL SALVADOR",2012,43163,"OD","Year",1,1,43163,"OD","Year",1,1
"EL SALVADOR_2013","EL SALVADOR",2013,28877,"OD","Year",1,1,28877,"OD","Year",1,1
"EL SALVADOR_2014","EL SALVADOR",2014,53460,"OD","Week",53,1,53460,"OD","Week",53,1
"EL SALVADOR_2015","EL SALVADOR",2015,50169,"OD","Week",52,1,50169,"OD","Week",52,1
"EL SALVADOR_2016","EL SALVADOR",2016,8789,"OD","Week",52,1,8789,"OD","Week",52,1
"EL SALVADOR_2017","EL SALVADOR",2017,4297,"OD","Week",52,1,4297,"OD","Week",52,1
"EL SALVADOR_2018","EL SALVADOR",2018,8448,"OD","Week",52,1,8448,"OD","Week",52,1
"EL SALVADOR_2019","EL SALVADOR",2019,27470,"OD","Week",52,1,27470,"OD","Week",52,1
"EL SALVADOR_2020","EL SALVADOR",2020,5450,"OD","Week",53,1,5450,"OD","Week",53,1
"EL SALVADOR_2021","EL SALVADOR",2021,5752,"OD","Week",52,1,5752,"OD","Week",52,1
"EL SALVADOR_2022","EL SALVADOR",2022,16542,"OD","Week",52,1,16542,"OD","Week",52,1
"EL SALVADOR_2023","EL SALVADOR",2023,5788,"OD","Week",52,1,5788,"OD","Week",52,1
"EL SALVADOR_2024","EL SALVADOR",2024,8552,"OD","Week",52,1,8552,"OD","Week",52,1
"ERITREA_1990","ERITREA",1990,NA,"No_data",NA,NA,NA,NA,"No_data",NA,NA,NA
"ERITREA_1991","ERITREA",1991,NA,"No_data",NA,NA,NA,NA,"No_data",NA,NA,NA
"ERITREA_1992","ERITREA",1992,NA,"No_data",NA,NA,NA,NA,"No_data",NA,NA,NA
"ERITREA_1993","ERITREA",1993,NA,"No_data",NA,NA,NA,NA,"No_data",NA,NA,NA
"ERITREA_1994","ERITREA",1994,NA,"No_data",NA,NA,NA,NA,"No_data",NA,NA,NA
"ERITREA_1995","ERITREA",1995,NA,"No_data",NA,NA,NA,NA,"No_data",NA,NA,NA
"ERITREA_1996","ERITREA",1996,NA,"No_data",NA,NA,NA,NA,"No_data",NA,NA,NA
"ERITREA_1997","ERITREA",1997,NA,"No_data",NA,NA,NA,NA,"No_data",NA,NA,NA
"ERITREA_1998","ERITREA",1998,NA,"No_data",NA,NA,NA,NA,"No_data",NA,NA,NA
"ERITREA_1999","ERITREA",1999,NA,"No_data",NA,NA,NA,NA,"No_data",NA,NA,NA
"ERITREA_2000","ERITREA",2000,NA,"No_data",NA,NA,NA,NA,"No_data",NA,NA,NA
"ERITREA_2001","ERITREA",2001,NA,"No_data",NA,NA,NA,NA,"No_data",NA,NA,NA
"ERITREA_2002","ERITREA",2002,NA,"No_data",NA,NA,NA,NA,"No_data",NA,NA,NA
"ERITREA_2003","ERITREA",2003,NA,"No_data",NA,NA,NA,NA,"No_data",NA,NA,NA
"ERITREA_2004","ERITREA",2004,NA,"No_data",NA,NA,NA,NA,"No_data",NA,NA,NA
"ERITREA_2005","ERITREA",2005,4481,"ad_hoc_data","Year",1,1,NA,"No_data",NA,NA,NA
"ERITREA_2006","ERITREA",2006,388,"ad_hoc_data","Year",1,1,NA,"No_data",NA,NA,NA
"ERITREA_2007","ERITREA",2007,662,"ad_hoc_data","Year",1,1,NA,"No_data",NA,NA,NA
"ERITREA_2008","ERITREA",2008,1284,"ad_hoc_data","Year",1,1,NA,"No_data",NA,NA,NA
"ERITREA_2009","ERITREA",2009,2947,"ad_hoc_data","Year",1,1,NA,"No_data",NA,NA,NA
"ERITREA_2010","ERITREA",2010,12946,"ad_hoc_data","Year",1,1,NA,"No_data",NA,NA,NA
"ERITREA_2011","ERITREA",2011,14195,"ad_hoc_data","Year",1,1,NA,"No_data",NA,NA,NA
"ERITREA_2012","ERITREA",2012,12939,"ad_hoc_data","Week",52,1,NA,"No_data",NA,NA,NA
"ERITREA_2013","ERITREA",2013,12503,"ad_hoc_data","Week",52,1,NA,"No_data",NA,NA,NA
"ERITREA_2014","ERITREA",2014,10889,"ad_hoc_data","Week",53,1,NA,"No_data",NA,NA,NA
"ERITREA_2015","ERITREA",2015,6871,"ad_hoc_data","Year",1,1,NA,"No_data",NA,NA,NA
"ERITREA_2016","ERITREA",2016,NA,"No_data",NA,NA,NA,NA,"No_data",NA,NA,NA
"ERITREA_2017","ERITREA",2017,NA,"No_data",NA,NA,NA,NA,"No_data",NA,NA,NA
"ERITREA_2018","ERITREA",2018,NA,"No_data",NA,NA,NA,NA,"No_data",NA,NA,NA
"ERITREA_2019","ERITREA",2019,NA,"No_data",NA,NA,NA,NA,"No_data",NA,NA,NA
"ERITREA_2020","ERITREA",2020,NA,"No_data",NA,NA,NA,NA,"No_data",NA,NA,NA
"ERITREA_2021","ERITREA",2021,NA,"No_data",NA,NA,NA,NA,"No_data",NA,NA,NA
"ERITREA_2022","ERITREA",2022,NA,"No_data",NA,NA,NA,NA,"No_data",NA,NA,NA
"ERITREA_2023","ERITREA",2023,NA,"No_data",NA,NA,NA,NA,"No_data",NA,NA,NA
"ERITREA_2024","ERITREA",2024,14679,"OD","Month",12,1,14679,"OD","Month",12,1
"ETHIOPIA_1990","ETHIOPIA",1990,0,"first_year","Year",1,1,NA,"No_data",NA,NA,NA
"ETHIOPIA_1991","ETHIOPIA",1991,0,"first_year","Year",1,1,NA,"No_data",NA,NA,NA
"ETHIOPIA_1992","ETHIOPIA",1992,0,"first_year","Year",1,1,NA,"No_data",NA,NA,NA
"ETHIOPIA_1993","ETHIOPIA",1993,0,"first_year","Year",1,1,NA,"No_data",NA,NA,NA
"ETHIOPIA_1994","ETHIOPIA",1994,0,"first_year","Year",1,1,NA,"No_data",NA,NA,NA
"ETHIOPIA_1995","ETHIOPIA",1995,0,"first_year","Year",1,1,NA,"No_data",NA,NA,NA
"ETHIOPIA_1996","ETHIOPIA",1996,0,"first_year","Year",1,1,NA,"No_data",NA,NA,NA
"ETHIOPIA_1997","ETHIOPIA",1997,0,"first_year","Year",1,1,NA,"No_data",NA,NA,NA
"ETHIOPIA_1998","ETHIOPIA",1998,0,"first_year","Year",1,1,NA,"No_data",NA,NA,NA
"ETHIOPIA_1999","ETHIOPIA",1999,0,"first_year","Year",1,1,NA,"No_data",NA,NA,NA
"ETHIOPIA_2000","ETHIOPIA",2000,0,"first_year","Year",1,1,NA,"No_data",NA,NA,NA
"ETHIOPIA_2001","ETHIOPIA",2001,0,"first_year","Year",1,1,NA,"No_data",NA,NA,NA
"ETHIOPIA_2002","ETHIOPIA",2002,0,"first_year","Year",1,1,NA,"No_data",NA,NA,NA
"ETHIOPIA_2003","ETHIOPIA",2003,0,"first_year","Year",1,1,NA,"No_data",NA,NA,NA
"ETHIOPIA_2004","ETHIOPIA",2004,0,"first_year","Year",1,1,NA,"No_data",NA,NA,NA
"ETHIOPIA_2005","ETHIOPIA",2005,0,"first_year","Year",1,1,NA,"No_data",NA,NA,NA
"ETHIOPIA_2006","ETHIOPIA",2006,0,"first_year","Year",1,1,NA,"No_data",NA,NA,NA
"ETHIOPIA_2007","ETHIOPIA",2007,0,"first_year","Year",1,1,NA,"No_data",NA,NA,NA
"ETHIOPIA_2008","ETHIOPIA",2008,0,"first_year","Year",1,1,NA,"No_data",NA,NA,NA
"ETHIOPIA_2009","ETHIOPIA",2009,0,"first_year","Year",1,1,NA,"No_data",NA,NA,NA
"ETHIOPIA_2010","ETHIOPIA",2010,0,"first_year","Year",1,1,NA,"No_data",NA,NA,NA
"ETHIOPIA_2011","ETHIOPIA",2011,0,"first_year","Year",1,1,NA,"No_data",NA,NA,NA
"ETHIOPIA_2012","ETHIOPIA",2012,0,"first_year","Year",1,1,NA,"No_data",NA,NA,NA
"ETHIOPIA_2013","ETHIOPIA",2013,11500,"ad_hoc_data","Week",52,1,NA,"No_data",NA,NA,NA
"ETHIOPIA_2014","ETHIOPIA",2014,37,"ad_hoc_data","Week",1,0.0188679245283019,NA,"No_data",NA,NA,NA
"ETHIOPIA_2015","ETHIOPIA",2015,NA,"No_data",NA,NA,NA,NA,"No_data",NA,NA,NA
"ETHIOPIA_2016","ETHIOPIA",2016,NA,"No_data",NA,NA,NA,NA,"No_data",NA,NA,NA
"ETHIOPIA_2017","ETHIOPIA",2017,101,"ad_hoc_data","Year",1,1,NA,"No_data",NA,NA,NA
"ETHIOPIA_2018","ETHIOPIA",2018,NA,"No_data",NA,NA,NA,NA,"No_data",NA,NA,NA
"ETHIOPIA_2019","ETHIOPIA",2019,1251,"ad_hoc_data","Week",52,1,NA,"No_data",NA,NA,NA
"ETHIOPIA_2020","ETHIOPIA",2020,NA,"No_data",NA,NA,NA,NA,"No_data",NA,NA,NA
"ETHIOPIA_2021","ETHIOPIA",2021,NA,"No_data",NA,NA,NA,NA,"No_data",NA,NA,NA
"ETHIOPIA_2022","ETHIOPIA",2022,NA,"No_data",NA,NA,NA,NA,"No_data",NA,NA,NA
"ETHIOPIA_2023","ETHIOPIA",2023,25939,"OD","Month",9,0.75,25939,"OD","Month",9,0.75
"ETHIOPIA_2024","ETHIOPIA",2024,4016,"OD","Month",12,1,4016,"OD","Month",12,1
"FIJI_1990","FIJI",1990,1473,"ad_hoc_data","Month",12,1,1461,"OD","Year",1,1
"FIJI_1991","FIJI",1991,65,"ad_hoc_data","Month",12,1,65,"OD","Year",1,1
"FIJI_1992","FIJI",1992,358,"ad_hoc_data","Month",12,1,358,"OD","Year",1,1
"FIJI_1993","FIJI",1993,39,"ad_hoc_data","Month",12,1,39,"OD","Year",1,1
"FIJI_1994","FIJI",1994,17,"ad_hoc_data","Month",12,1,0,"OD","Year",1,1
"FIJI_1995","FIJI",1995,31,"ad_hoc_data","Month",11,0.916666666666667,27,"OD","Year",1,1
"FIJI_1996","FIJI",1996,2,"ad_hoc_data","Month",12,1,2,"OD","Year",1,1
"FIJI_1997","FIJI",1997,0,"OD","Year",1,1,0,"OD","Year",1,1
"FIJI_1998","FIJI",1998,24780,"OD","Year",1,1,24780,"OD","Year",1,1
"FIJI_1999","FIJI",1999,430,"OD","Year",1,1,430,"OD","Year",1,1
"FIJI_2000","FIJI",2000,14,"OD","Year",1,1,14,"OD","Year",1,1
"FIJI_2001","FIJI",2001,3,"OD","Year",1,1,3,"OD","Year",1,1
"FIJI_2002","FIJI",2002,0,"OD","Year",1,1,0,"OD","Year",1,1
"FIJI_2003","FIJI",2003,16,"OD","Year",1,1,16,"OD","Year",1,1
"FIJI_2004","FIJI",2004,2,"OD","Year",1,1,2,"OD","Year",1,1
"FIJI_2005","FIJI",2005,0,"OD","Year",1,1,0,"OD","Year",1,1
"FIJI_2006","FIJI",2006,25,"OD","Year",1,1,25,"OD","Year",1,1
"FIJI_2007","FIJI",2007,100,"OD","Year",1,1,100,"OD","Year",1,1
"FIJI_2008","FIJI",2008,2014,"ad_hoc_data","Year",1,1,1895,"OD","Year",1,1
"FIJI_2009","FIJI",2009,374,"OD","Year",1,1,374,"OD","Year",1,1
"FIJI_2010","FIJI",2010,8,"OD","Year",1,1,8,"OD","Year",1,1
"FIJI_2011","FIJI",2011,245,"ad_hoc_data","Year",1,1,88,"OD","Year",1,1
"FIJI_2012","FIJI",2012,1777,"OD","Year",1,1,1777,"OD","Year",1,1
"FIJI_2013","FIJI",2013,355,"OD","Year",1,1,355,"OD","Year",1,1
"FIJI_2014","FIJI",2014,26595,"ad_hoc_data","Year",1,1,5244,"OD","Year",1,1
"FIJI_2015","FIJI",2015,1244,"OD","Year",1,1,1244,"OD","Year",1,1
"FIJI_2016","FIJI",2016,800,"OD","Year",1,1,800,"OD","Year",1,1
"FIJI_2017","FIJI",2017,3148,"OD","Week",34,0.653846153846154,3148,"OD","Week",34,0.653846153846154
"FIJI_2018","FIJI",2018,5389,"OD","Week",40,0.769230769230769,5389,"OD","Week",40,0.769230769230769
"FIJI_2019","FIJI",2019,2843,"OD","Week",28,0.538461538461538,2843,"OD","Week",28,0.538461538461538
"FIJI_2020","FIJI",2020,1834,"OD","Week",24,0.452830188679245,1834,"OD","Week",24,0.452830188679245
"FIJI_2021","FIJI",2021,929,"OD","Week",15,0.288461538461538,929,"OD","Week",15,0.288461538461538
"FIJI_2022","FIJI",2022,8550,"OD","Week",45,0.865384615384615,8550,"OD","Week",45,0.865384615384615
"FIJI_2023","FIJI",2023,6357,"OD","Week",21,0.403846153846154,6357,"OD","Week",21,0.403846153846154
"FIJI_2024","FIJI",2024,6238,"OD","Month",9,0.75,6238,"OD","Month",9,0.75
"FRANCE_1990","FRANCE",1990,0,"first_year","Year",1,1,NA,"No_data",NA,NA,NA
"FRANCE_1991","FRANCE",1991,0,"first_year","Year",1,1,NA,"No_data",NA,NA,NA
"FRANCE_1992","FRANCE",1992,0,"first_year","Year",1,1,NA,"No_data",NA,NA,NA
"FRANCE_1993","FRANCE",1993,0,"first_year","Year",1,1,NA,"No_data",NA,NA,NA
"FRANCE_1994","FRANCE",1994,0,"first_year","Year",1,1,NA,"No_data",NA,NA,NA
"FRANCE_1995","FRANCE",1995,0,"first_year","Year",1,1,NA,"No_data",NA,NA,NA
"FRANCE_1996","FRANCE",1996,0,"first_year","Year",1,1,NA,"No_data",NA,NA,NA
"FRANCE_1997","FRANCE",1997,0,"first_year","Year",1,1,NA,"No_data",NA,NA,NA
"FRANCE_1998","FRANCE",1998,0,"first_year","Year",1,1,NA,"No_data",NA,NA,NA
"FRANCE_1999","FRANCE",1999,0,"first_year","Year",1,1,NA,"No_data",NA,NA,NA
"FRANCE_2000","FRANCE",2000,0,"first_year","Year",1,1,NA,"No_data",NA,NA,NA
"FRANCE_2001","FRANCE",2001,0,"first_year","Year",1,1,NA,"No_data",NA,NA,NA
"FRANCE_2002","FRANCE",2002,0,"first_year","Year",1,1,NA,"No_data",NA,NA,NA
"FRANCE_2003","FRANCE",2003,0,"first_year","Year",1,1,NA,"No_data",NA,NA,NA
"FRANCE_2004","FRANCE",2004,0,"first_year","Year",1,1,NA,"No_data",NA,NA,NA
"FRANCE_2005","FRANCE",2005,0,"first_year","Year",1,1,NA,"No_data",NA,NA,NA
"FRANCE_2006","FRANCE",2006,0,"first_year","Year",1,1,NA,"No_data",NA,NA,NA
"FRANCE_2007","FRANCE",2007,0,"first_year","Year",1,1,NA,"No_data",NA,NA,NA
"FRANCE_2008","FRANCE",2008,0,"first_year","Year",1,1,0,"OD","Year",1,1
"FRANCE_2009","FRANCE",2009,0,"first_year","Year",1,1,0,"OD","Year",1,1
"FRANCE_2010","FRANCE",2010,2,"ad_hoc_data","Month",12,1,2,"OD","Year",1,1
"FRANCE_2011","FRANCE",2011,0,"OD","Year",1,1,0,"OD","Year",1,1
"FRANCE_2012","FRANCE",2012,0,"OD","Year",1,1,0,"OD","Year",1,1
"FRANCE_2013","FRANCE",2013,1,"ad_hoc_data","Month",12,1,1,"OD","Year",1,1
"FRANCE_2014","FRANCE",2014,4,"ad_hoc_data","Month",12,1,4,"OD","Year",1,1
"FRANCE_2015","FRANCE",2015,8,"ad_hoc_data","Month",12,1,8,"OD","Year",1,1
"FRANCE_2016","FRANCE",2016,0,"OD","Year",1,1,0,"OD","Year",1,1
"FRANCE_2017","FRANCE",2017,0,"OD","Year",1,1,0,"OD","Year",1,1
"FRANCE_2018","FRANCE",2018,8,"ad_hoc_data","Month",12,1,8,"OD","Year",1,1
"FRANCE_2019","FRANCE",2019,9,"ad_hoc_data","Month",12,1,9,"OD","Year",1,1
"FRANCE_2020","FRANCE",2020,14,"ad_hoc_data","Month",12,1,13,"OD","Year",1,1
"FRANCE_2021","FRANCE",2021,3,"ad_hoc_data","Month",12,1,3,"OD","Year",1,1
"FRANCE_2022","FRANCE",2022,65,"ad_hoc_data","Month",12,1,60,"OD","Year",1,1
"FRANCE_2023","FRANCE",2023,45,"ad_hoc_data","Month",12,1,44,"OD","Year",1,1
"FRANCE_2024","FRANCE",2024,85,"OD","Month",12,1,85,"OD","Month",12,1
"FRENCH GUIANA_1990","FRENCH GUIANA",1990,0,"OD","Year",1,1,0,"OD","Year",1,1
"FRENCH GUIANA_1991","FRENCH GUIANA",1991,15,"OD","Year",1,1,15,"OD","Year",1,1
"FRENCH GUIANA_1992","FRENCH GUIANA",1992,0,"OD","Year",1,1,0,"OD","Year",1,1
"FRENCH GUIANA_1993","FRENCH GUIANA",1993,0,"OD","Year",1,1,0,"OD","Year",1,1
"FRENCH GUIANA_1994","FRENCH GUIANA",1994,0,"OD","Year",1,1,0,"OD","Year",1,1
"FRENCH GUIANA_1995","FRENCH GUIANA",1995,895,"OD","Year",1,1,895,"OD","Year",1,1
"FRENCH GUIANA_1996","FRENCH GUIANA",1996,358,"OD","Year",1,1,358,"OD","Year",1,1
"FRENCH GUIANA_1997","FRENCH GUIANA",1997,848,"OD","Year",1,1,848,"OD","Year",1,1
"FRENCH GUIANA_1998","FRENCH GUIANA",1998,533,"OD","Year",1,1,533,"OD","Year",1,1
"FRENCH GUIANA_1999","FRENCH GUIANA",1999,88,"OD","Year",1,1,88,"OD","Year",1,1
"FRENCH GUIANA_2000","FRENCH GUIANA",2000,182,"OD","Year",1,1,182,"OD","Year",1,1
"FRENCH GUIANA_2001","FRENCH GUIANA",2001,2830,"OD","Year",1,1,2830,"OD","Year",1,1
"FRENCH GUIANA_2002","FRENCH GUIANA",2002,280,"OD","Year",1,1,280,"OD","Year",1,1
"FRENCH GUIANA_2003","FRENCH GUIANA",2003,2178,"OD","Year",1,1,2178,"OD","Year",1,1
"FRENCH GUIANA_2004","FRENCH GUIANA",2004,3147,"OD","Year",1,1,3147,"OD","Year",1,1
"FRENCH GUIANA_2005","FRENCH GUIANA",2005,4365,"OD","Year",1,1,4365,"OD","Year",1,1
"FRENCH GUIANA_2006","FRENCH GUIANA",2006,15904,"OD","Year",1,1,15904,"OD","Year",1,1
"FRENCH GUIANA_2007","FRENCH GUIANA",2007,661,"OD","Year",1,1,661,"OD","Year",1,1
"FRENCH GUIANA_2008","FRENCH GUIANA",2008,460,"OD","Year",1,1,460,"OD","Year",1,1
"FRENCH GUIANA_2009","FRENCH GUIANA",2009,11328,"OD","Year",1,1,11328,"OD","Year",1,1
"FRENCH GUIANA_2010","FRENCH GUIANA",2010,10488,"OD","Year",1,1,10488,"OD","Year",1,1
"FRENCH GUIANA_2011","FRENCH GUIANA",2011,663,"OD","Year",1,1,663,"OD","Year",1,1
"FRENCH GUIANA_2012","FRENCH GUIANA",2012,662,"OD","Year",1,1,662,"OD","Year",1,1
"FRENCH GUIANA_2013","FRENCH GUIANA",2013,16263,"OD","Year",1,1,16263,"OD","Year",1,1
"FRENCH GUIANA_2014","FRENCH GUIANA",2014,1180,"OD","Week",53,1,1180,"OD","Week",53,1
"FRENCH GUIANA_2015","FRENCH GUIANA",2015,2603,"OD","Year",1,1,2603,"OD","Year",1,1
"FRENCH GUIANA_2016","FRENCH GUIANA",2016,522,"OD","Year",1,1,522,"OD","Year",1,1
"FRENCH GUIANA_2017","FRENCH GUIANA",2017,625,"OD","Year",1,1,625,"OD","Year",1,1
"FRENCH GUIANA_2018","FRENCH GUIANA",2018,240,"OD","Year",1,1,240,"OD","Year",1,1
"FRENCH GUIANA_2019","FRENCH GUIANA",2019,250,"OD","Week",52,1,250,"OD","Week",52,1
"FRENCH GUIANA_2020","FRENCH GUIANA",2020,8759,"OD","Week",53,1,8759,"OD","Week",53,1
"FRENCH GUIANA_2021","FRENCH GUIANA",2021,1756,"OD","Week",52,1,1756,"OD","Week",52,1
"FRENCH GUIANA_2022","FRENCH GUIANA",2022,1,"ad_hoc_data","Year",1,1,NA,"No_data",NA,NA,NA
"FRENCH GUIANA_2023","FRENCH GUIANA",2023,2684,"OD","Year",1,1,2684,"OD","Year",1,1
"FRENCH GUIANA_2024","FRENCH GUIANA",2024,16141,"OD","Week",52,1,16141,"OD","Week",52,1
"FRENCH POLYNESIA_1990","FRENCH POLYNESIA",1990,3605,"ad_hoc_data","Month",12,1,NA,"No_data",NA,NA,NA
"FRENCH POLYNESIA_1991","FRENCH POLYNESIA",1991,518,"ad_hoc_data","Month",12,1,518,"OD","Year",1,1
"FRENCH POLYNESIA_1992","FRENCH POLYNESIA",1992,593,"ad_hoc_data","Month",12,1,593,"OD","Year",1,1
"FRENCH POLYNESIA_1993","FRENCH POLYNESIA",1993,355,"ad_hoc_data","Month",12,1,355,"OD","Year",1,1
"FRENCH POLYNESIA_1994","FRENCH POLYNESIA",1994,134,"ad_hoc_data","Month",11,0.916666666666667,134,"OD","Year",1,1
"FRENCH POLYNESIA_1995","FRENCH POLYNESIA",1995,208,"ad_hoc_data","Month",12,1,206,"OD","Year",1,1
"FRENCH POLYNESIA_1996","FRENCH POLYNESIA",1996,577,"ad_hoc_data","Month",12,1,577,"OD","Year",1,1
"FRENCH POLYNESIA_1997","FRENCH POLYNESIA",1997,0,"OD","Year",1,1,0,"OD","Year",1,1
"FRENCH POLYNESIA_1998","FRENCH POLYNESIA",1998,16,"ad_hoc_data","Year",1,1,14,"OD","Year",1,1
"FRENCH POLYNESIA_1999","FRENCH POLYNESIA",1999,33,"OD","Year",1,1,33,"OD","Year",1,1
"FRENCH POLYNESIA_2000","FRENCH POLYNESIA",2000,36,"OD","Year",1,1,36,"OD","Year",1,1
"FRENCH POLYNESIA_2001","FRENCH POLYNESIA",2001,32800,"OD","Year",1,1,32800,"OD","Year",1,1
"FRENCH POLYNESIA_2002","FRENCH POLYNESIA",2002,230,"OD","Year",1,1,230,"OD","Year",1,1
"FRENCH POLYNESIA_2003","FRENCH POLYNESIA",2003,47,"OD","Year",1,1,47,"OD","Year",1,1
"FRENCH POLYNESIA_2004","FRENCH POLYNESIA",2004,59,"OD","Year",1,1,59,"OD","Year",1,1
"FRENCH POLYNESIA_2005","FRENCH POLYNESIA",2005,50,"OD","Year",1,1,50,"OD","Year",1,1
"FRENCH POLYNESIA_2006","FRENCH POLYNESIA",2006,818,"OD","Year",1,1,818,"OD","Year",1,1
"FRENCH POLYNESIA_2007","FRENCH POLYNESIA",2007,1897,"OD","Year",1,1,1897,"OD","Year",1,1
"FRENCH POLYNESIA_2008","FRENCH POLYNESIA",2008,189,"ad_hoc_data","Year",1,1,176,"OD","Year",1,1
"FRENCH POLYNESIA_2009","FRENCH POLYNESIA",2009,2479,"OD","Year",1,1,2479,"OD","Year",1,1
"FRENCH POLYNESIA_2010","FRENCH POLYNESIA",2010,250,"OD","Year",1,1,250,"OD","Year",1,1
"FRENCH POLYNESIA_2011","FRENCH POLYNESIA",2011,12,"OD","Year",1,1,12,"OD","Year",1,1
"FRENCH POLYNESIA_2012","FRENCH POLYNESIA",2012,0,"OD","Year",1,1,0,"OD","Year",1,1
"FRENCH POLYNESIA_2013","FRENCH POLYNESIA",2013,1523,"OD","Year",1,1,1523,"OD","Year",1,1
"FRENCH POLYNESIA_2014","FRENCH POLYNESIA",2014,2155,"OD","Year",1,1,2155,"OD","Year",1,1
"FRENCH POLYNESIA_2015","FRENCH POLYNESIA",2015,1012,"OD","Week",52,1,1012,"OD","Week",52,1
"FRENCH POLYNESIA_2016","FRENCH POLYNESIA",2016,2094,"ad_hoc_data","Year",1,1,NA,"No_data",NA,NA,NA
"FRENCH POLYNESIA_2017","FRENCH POLYNESIA",2017,7,"OD","Week",29,0.557692307692308,7,"OD","Week",29,0.557692307692308
"FRENCH POLYNESIA_2018","FRENCH POLYNESIA",2018,267,"OD","Week",44,0.846153846153846,267,"OD","Week",44,0.846153846153846
"FRENCH POLYNESIA_2019","FRENCH POLYNESIA",2019,2400,"OD","Year",1,1,2400,"OD","Year",1,1
"FRENCH POLYNESIA_2020","FRENCH POLYNESIA",2020,257,"OD","Week",22,0.415094339622642,257,"OD","Week",22,0.415094339622642
"FRENCH POLYNESIA_2021","FRENCH POLYNESIA",2021,0,"ad_hoc_data","Year",1,1,NA,"No_data",NA,NA,NA
"FRENCH POLYNESIA_2022","FRENCH POLYNESIA",2022,198,"OD","Week",1,0.0192307692307692,198,"OD","Week",1,0.0192307692307692
"FRENCH POLYNESIA_2023","FRENCH POLYNESIA",2023,10,"OD","Week",2,0.0384615384615385,10,"OD","Week",2,0.0384615384615385
"FRENCH POLYNESIA_2024","FRENCH POLYNESIA",2024,147,"OD","Month",9,0.75,147,"OD","Month",9,0.75
"GABON_1990","GABON",1990,NA,"No_data",NA,NA,NA,NA,NA,NA,NA,NA
"GABON_1991","GABON",1991,NA,"No_data",NA,NA,NA,NA,NA,NA,NA,NA
"GABON_1992","GABON",1992,NA,"No_data",NA,NA,NA,NA,NA,NA,NA,NA
"GABON_1993","GABON",1993,NA,"No_data",NA,NA,NA,NA,NA,NA,NA,NA
"GABON_1994","GABON",1994,NA,"No_data",NA,NA,NA,NA,NA,NA,NA,NA
"GABON_1995","GABON",1995,NA,"No_data",NA,NA,NA,NA,NA,NA,NA,NA
"GABON_1996","GABON",1996,NA,"No_data",NA,NA,NA,NA,NA,NA,NA,NA
"GABON_1997","GABON",1997,NA,"No_data",NA,NA,NA,NA,NA,NA,NA,NA
"GABON_1998","GABON",1998,NA,"No_data",NA,NA,NA,NA,NA,NA,NA,NA
"GABON_1999","GABON",1999,NA,"No_data",NA,NA,NA,NA,NA,NA,NA,NA
"GABON_2000","GABON",2000,NA,"No_data",NA,NA,NA,NA,NA,NA,NA,NA
"GABON_2001","GABON",2001,NA,"No_data",NA,NA,NA,NA,NA,NA,NA,NA
"GABON_2002","GABON",2002,NA,"No_data",NA,NA,NA,NA,NA,NA,NA,NA
"GABON_2003","GABON",2003,NA,"No_data",NA,NA,NA,NA,NA,NA,NA,NA
"GABON_2004","GABON",2004,NA,"No_data",NA,NA,NA,NA,NA,NA,NA,NA
"GABON_2005","GABON",2005,NA,"No_data",NA,NA,NA,NA,NA,NA,NA,NA
"GABON_2006","GABON",2006,NA,"No_data",NA,NA,NA,NA,NA,NA,NA,NA
"GABON_2007","GABON",2007,68,"ad_hoc_data","Year",1,1,NA,NA,NA,NA,NA
"GABON_2008","GABON",2008,11,"ad_hoc_data","Year",1,1,NA,NA,NA,NA,NA
"GABON_2009","GABON",2009,9,"ad_hoc_data","Year",1,1,NA,NA,NA,NA,NA
"GABON_2010","GABON",2010,288,"ad_hoc_data","Year",1,1,NA,NA,NA,NA,NA
"GABON_2011","GABON",2011,NA,"No_data",NA,NA,NA,NA,NA,NA,NA,NA
"GABON_2012","GABON",2012,NA,"No_data",NA,NA,NA,NA,NA,NA,NA,NA
"GABON_2013","GABON",2013,NA,"No_data",NA,NA,NA,NA,NA,NA,NA,NA
"GABON_2014","GABON",2014,NA,"No_data",NA,NA,NA,NA,NA,NA,NA,NA
"GABON_2015","GABON",2015,NA,"No_data",NA,NA,NA,NA,NA,NA,NA,NA
"GABON_2016","GABON",2016,NA,"No_data",NA,NA,NA,NA,NA,NA,NA,NA
"GABON_2017","GABON",2017,NA,"No_data",NA,NA,NA,NA,NA,NA,NA,NA
"GABON_2018","GABON",2018,NA,"No_data",NA,NA,NA,NA,NA,NA,NA,NA
"GABON_2019","GABON",2019,NA,"No_data",NA,NA,NA,NA,NA,NA,NA,NA
"GABON_2020","GABON",2020,NA,"No_data",NA,NA,NA,NA,NA,NA,NA,NA
"GABON_2021","GABON",2021,NA,"No_data",NA,NA,NA,NA,NA,NA,NA,NA
"GABON_2022","GABON",2022,NA,"No_data",NA,NA,NA,NA,NA,NA,NA,NA
"GABON_2023","GABON",2023,NA,"No_data",NA,NA,NA,NA,NA,NA,NA,NA
"GABON_2024","GABON",2024,0,"ad_hoc_data","Month",9,0.75,NA,NA,NA,NA,NA
"GHANA_1990","GHANA",1990,NA,"No_data",NA,NA,NA,NA,"No_data",NA,NA,NA
"GHANA_1991","GHANA",1991,NA,"No_data",NA,NA,NA,NA,"No_data",NA,NA,NA
"GHANA_1992","GHANA",1992,NA,"No_data",NA,NA,NA,NA,"No_data",NA,NA,NA
"GHANA_1993","GHANA",1993,NA,"No_data",NA,NA,NA,NA,"No_data",NA,NA,NA
"GHANA_1994","GHANA",1994,NA,"No_data",NA,NA,NA,NA,"No_data",NA,NA,NA
"GHANA_1995","GHANA",1995,NA,"No_data",NA,NA,NA,NA,"No_data",NA,NA,NA
"GHANA_1996","GHANA",1996,NA,"No_data",NA,NA,NA,NA,"No_data",NA,NA,NA
"GHANA_1997","GHANA",1997,NA,"No_data",NA,NA,NA,NA,"No_data",NA,NA,NA
"GHANA_1998","GHANA",1998,NA,"No_data",NA,NA,NA,NA,"No_data",NA,NA,NA
"GHANA_1999","GHANA",1999,NA,"No_data",NA,NA,NA,NA,"No_data",NA,NA,NA
"GHANA_2000","GHANA",2000,NA,"No_data",NA,NA,NA,NA,"No_data",NA,NA,NA
"GHANA_2001","GHANA",2001,NA,"No_data",NA,NA,NA,NA,"No_data",NA,NA,NA
"GHANA_2002","GHANA",2002,NA,"No_data",NA,NA,NA,NA,"No_data",NA,NA,NA
"GHANA_2003","GHANA",2003,NA,"No_data",NA,NA,NA,NA,"No_data",NA,NA,NA
"GHANA_2004","GHANA",2004,NA,"No_data",NA,NA,NA,NA,"No_data",NA,NA,NA
"GHANA_2005","GHANA",2005,NA,"No_data",NA,NA,NA,NA,"No_data",NA,NA,NA
"GHANA_2006","GHANA",2006,NA,"No_data",NA,NA,NA,NA,"No_data",NA,NA,NA
"GHANA_2007","GHANA",2007,NA,"No_data",NA,NA,NA,NA,"No_data",NA,NA,NA
"GHANA_2008","GHANA",2008,NA,"No_data",NA,NA,NA,NA,"No_data",NA,NA,NA
"GHANA_2009","GHANA",2009,NA,"No_data",NA,NA,NA,NA,"No_data",NA,NA,NA
"GHANA_2010","GHANA",2010,NA,"No_data",NA,NA,NA,NA,"No_data",NA,NA,NA
"GHANA_2011","GHANA",2011,NA,"No_data",NA,NA,NA,NA,"No_data",NA,NA,NA
"GHANA_2012","GHANA",2012,NA,"No_data",NA,NA,NA,NA,"No_data",NA,NA,NA
"GHANA_2013","GHANA",2013,NA,"No_data",NA,NA,NA,NA,"No_data",NA,NA,NA
"GHANA_2014","GHANA",2014,NA,"No_data",NA,NA,NA,NA,"No_data",NA,NA,NA
"GHANA_2015","GHANA",2015,NA,"No_data",NA,NA,NA,NA,"No_data",NA,NA,NA
"GHANA_2016","GHANA",2016,NA,"No_data",NA,NA,NA,NA,"No_data",NA,NA,NA
"GHANA_2017","GHANA",2017,NA,"No_data",NA,NA,NA,NA,"No_data",NA,NA,NA
"GHANA_2018","GHANA",2018,150,"ad_hoc_data","Year",1,1,NA,"No_data",NA,NA,NA
"GHANA_2019","GHANA",2019,NA,"No_data",NA,NA,NA,NA,"No_data",NA,NA,NA
"GHANA_2020","GHANA",2020,NA,"No_data",NA,NA,NA,NA,"No_data",NA,NA,NA
"GHANA_2021","GHANA",2021,NA,"No_data",NA,NA,NA,NA,"No_data",NA,NA,NA
"GHANA_2022","GHANA",2022,NA,"No_data",NA,NA,NA,NA,"No_data",NA,NA,NA
"GHANA_2023","GHANA",2023,18,"ad_hoc_data","Year",1,1,NA,"No_data",NA,NA,NA
"GHANA_2024","GHANA",2024,1163,"OD","Month",12,1,1163,"OD","Month",12,1
"GRENADA_1990","GRENADA",1990,3,"OD","Year",1,1,3,"OD","Year",1,1
"GRENADA_1991","GRENADA",1991,1,"OD","Year",1,1,1,"OD","Year",1,1
"GRENADA_1992","GRENADA",1992,1,"OD","Year",1,1,1,"OD","Year",1,1
"GRENADA_1993","GRENADA",1993,1,"OD","Year",1,1,1,"OD","Year",1,1
"GRENADA_1994","GRENADA",1994,0,"OD","Year",1,1,0,"OD","Year",1,1
"GRENADA_1995","GRENADA",1995,73,"OD","Year",1,1,73,"OD","Year",1,1
"GRENADA_1996","GRENADA",1996,6,"OD","Year",1,1,6,"OD","Year",1,1
"GRENADA_1997","GRENADA",1997,22,"OD","Year",1,1,22,"OD","Year",1,1
"GRENADA_1998","GRENADA",1998,4,"OD","Year",1,1,4,"OD","Year",1,1
"GRENADA_1999","GRENADA",1999,85,"OD","Year",1,1,85,"OD","Year",1,1
"GRENADA_2000","GRENADA",2000,27,"OD","Year",1,1,27,"OD","Year",1,1
"GRENADA_2001","GRENADA",2001,12,"OD","Year",1,1,12,"OD","Year",1,1
"GRENADA_2002","GRENADA",2002,81,"OD","Year",1,1,81,"OD","Year",1,1
"GRENADA_2003","GRENADA",2003,17,"OD","Year",1,1,17,"OD","Year",1,1
"GRENADA_2004","GRENADA",2004,7,"OD","Year",1,1,7,"OD","Year",1,1
"GRENADA_2005","GRENADA",2005,0,"OD","Year",1,1,0,"OD","Year",1,1
"GRENADA_2006","GRENADA",2006,22,"OD","Year",1,1,22,"OD","Year",1,1
"GRENADA_2007","GRENADA",2007,0,"OD","Year",1,1,0,"OD","Year",1,1
"GRENADA_2008","GRENADA",2008,6,"OD","Year",1,1,6,"OD","Year",1,1
"GRENADA_2009","GRENADA",2009,23,"OD","Year",1,1,23,"OD","Year",1,1
"GRENADA_2010","GRENADA",2010,253,"OD","Week",52,1,253,"OD","Week",52,1
"GRENADA_2011","GRENADA",2011,125,"OD","Week",52,1,125,"OD","Week",52,1
"GRENADA_2012","GRENADA",2012,94,"OD","Week",52,1,94,"OD","Week",52,1
"GRENADA_2013","GRENADA",2013,226,"OD","Week",52,1,226,"OD","Week",52,1
"GRENADA_2014","GRENADA",2014,81,"OD","Week",53,1,81,"OD","Week",53,1
"GRENADA_2015","GRENADA",2015,25,"OD","Week",52,1,25,"OD","Week",52,1
"GRENADA_2016","GRENADA",2016,172,"OD","Week",52,1,172,"OD","Week",52,1
"GRENADA_2017","GRENADA",2017,239,"OD","Week",52,1,239,"OD","Week",52,1
"GRENADA_2018","GRENADA",2018,463,"OD","Week",52,1,463,"OD","Week",52,1
"GRENADA_2019","GRENADA",2019,107,"OD","Week",52,1,107,"OD","Week",52,1
"GRENADA_2020","GRENADA",2020,253,"OD","Week",53,1,253,"OD","Week",53,1
"GRENADA_2021","GRENADA",2021,230,"OD","Year",1,1,230,"OD","Year",1,1
"GRENADA_2022","GRENADA",2022,293,"OD","Week",52,1,293,"OD","Week",52,1
"GRENADA_2023","GRENADA",2023,635,"OD","Week",52,1,635,"OD","Week",52,1
"GRENADA_2024","GRENADA",2024,798,"OD","Week",52,1,798,"OD","Week",52,1
"GUADELOUPE_1990","GUADELOUPE",1990,0,"OD","Year",1,1,0,"OD","Year",1,1
"GUADELOUPE_1991","GUADELOUPE",1991,0,"OD","Year",1,1,0,"OD","Year",1,1
"GUADELOUPE_1992","GUADELOUPE",1992,0,"OD","Year",1,1,0,"OD","Year",1,1
"GUADELOUPE_1993","GUADELOUPE",1993,0,"OD","Year",1,1,0,"OD","Year",1,1
"GUADELOUPE_1994","GUADELOUPE",1994,0,"OD","Year",1,1,0,"OD","Year",1,1
"GUADELOUPE_1995","GUADELOUPE",1995,149,"OD","Year",1,1,149,"OD","Year",1,1
"GUADELOUPE_1996","GUADELOUPE",1996,186,"OD","Year",1,1,186,"OD","Year",1,1
"GUADELOUPE_1997","GUADELOUPE",1997,0,"OD","Year",1,1,0,"OD","Year",1,1
"GUADELOUPE_1998","GUADELOUPE",1998,0,"OD","Year",1,1,0,"OD","Year",1,1
"GUADELOUPE_1999","GUADELOUPE",1999,41,"OD","Year",1,1,41,"OD","Year",1,1
"GUADELOUPE_2000","GUADELOUPE",2000,59,"OD","Year",1,1,59,"OD","Year",1,1
"GUADELOUPE_2001","GUADELOUPE",2001,0,"OD","Year",1,1,0,"OD","Year",1,1
"GUADELOUPE_2002","GUADELOUPE",2002,93,"OD","Year",1,1,93,"OD","Year",1,1
"GUADELOUPE_2003","GUADELOUPE",2003,495,"OD","Year",1,1,495,"OD","Year",1,1
"GUADELOUPE_2004","GUADELOUPE",2004,0,"OD","Year",1,1,0,"OD","Year",1,1
"GUADELOUPE_2005","GUADELOUPE",2005,3358,"OD","Year",1,1,3358,"OD","Year",1,1
"GUADELOUPE_2006","GUADELOUPE",2006,2942,"OD","Year",1,1,2942,"OD","Year",1,1
"GUADELOUPE_2007","GUADELOUPE",2007,3162,"OD","Year",1,1,3162,"OD","Year",1,1
"GUADELOUPE_2008","GUADELOUPE",2008,277,"OD","Year",1,1,277,"OD","Year",1,1
"GUADELOUPE_2009","GUADELOUPE",2009,2233,"OD","Year",1,1,2233,"OD","Year",1,1
"GUADELOUPE_2010","GUADELOUPE",2010,40737,"OD","Year",1,1,40737,"OD","Year",1,1
"GUADELOUPE_2011","GUADELOUPE",2011,101,"OD","Year",1,1,101,"OD","Year",1,1
"GUADELOUPE_2012","GUADELOUPE",2012,1088,"OD","Year",1,1,1088,"OD","Year",1,1
"GUADELOUPE_2013","GUADELOUPE",2013,12706,"OD","Year",1,1,12706,"OD","Year",1,1
"GUADELOUPE_2014","GUADELOUPE",2014,1397,"OD","Year",1,1,1397,"OD","Year",1,1
"GUADELOUPE_2015","GUADELOUPE",2015,201,"OD","Year",1,1,201,"OD","Year",1,1
"GUADELOUPE_2016","GUADELOUPE",2016,177,"OD","Year",1,1,177,"OD","Year",1,1
"GUADELOUPE_2017","GUADELOUPE",2017,540,"OD","Year",1,1,540,"OD","Year",1,1
"GUADELOUPE_2018","GUADELOUPE",2018,438,"OD","Year",1,1,438,"OD","Year",1,1
"GUADELOUPE_2019","GUADELOUPE",2019,3230,"OD","Year",1,1,3230,"OD","Year",1,1
"GUADELOUPE_2020","GUADELOUPE",2020,19407,"OD","Week",53,1,19407,"OD","Week",53,1
"GUADELOUPE_2021","GUADELOUPE",2021,540,"OD","Week",52,1,540,"OD","Week",52,1
"GUADELOUPE_2022","GUADELOUPE",2022,790,"OD","Year",1,1,790,"OD","Year",1,1
"GUADELOUPE_2023","GUADELOUPE",2023,11751,"OD","Week",52,1,11751,"OD","Week",52,1
"GUADELOUPE_2024","GUADELOUPE",2024,11025,"OD","Week",52,1,11025,"OD","Week",52,1
"GUAM_1990","GUAM",1990,0,"first_year","Year",1,1,NA,"No_data",NA,NA,NA
"GUAM_1991","GUAM",1991,0,"first_year","Year",1,1,0,"OD","Year",1,1
"GUAM_1992","GUAM",1992,0,"first_year","Year",1,1,0,"OD","Year",1,1
"GUAM_1993","GUAM",1993,0,"first_year","Year",1,1,0,"OD","Year",1,1
"GUAM_1994","GUAM",1994,0,"first_year","Year",1,1,0,"OD","Year",1,1
"GUAM_1995","GUAM",1995,0,"first_year","Year",1,1,0,"OD","Year",1,1
"GUAM_1996","GUAM",1996,0,"first_year","Year",1,1,0,"OD","Year",1,1
"GUAM_1997","GUAM",1997,0,"first_year","Year",1,1,1,"OD","Year",1,1
"GUAM_1998","GUAM",1998,0,"first_year","Year",1,1,2,"OD","Year",1,1
"GUAM_1999","GUAM",1999,0,"first_year","Year",1,1,1,"OD","Year",1,1
"GUAM_2000","GUAM",2000,0,"first_year","Year",1,1,2,"OD","Year",1,1
"GUAM_2001","GUAM",2001,0,"first_year","Year",1,1,0,"OD","Year",1,1
"GUAM_2002","GUAM",2002,0,"first_year","Year",1,1,0,"OD","Year",1,1
"GUAM_2003","GUAM",2003,0,"first_year","Year",1,1,1,"OD","Year",1,1
"GUAM_2004","GUAM",2004,0,"first_year","Year",1,1,1,"OD","Year",1,1
"GUAM_2005","GUAM",2005,0,"first_year","Year",1,1,0,"OD","Year",1,1
"GUAM_2006","GUAM",2006,0,"first_year","Year",1,1,3,"OD","Year",1,1
"GUAM_2007","GUAM",2007,0,"first_year","Year",1,1,1,"OD","Year",1,1
"GUAM_2008","GUAM",2008,0,"first_year","Year",1,1,0,"OD","Year",1,1
"GUAM_2009","GUAM",2009,0,"first_year","Year",1,1,0,"OD","Year",1,1
"GUAM_2010","GUAM",2010,0,"first_year","Year",1,1,3,"OD","Year",1,1
"GUAM_2011","GUAM",2011,0,"first_year","Year",1,1,0,"OD","Year",1,1
"GUAM_2012","GUAM",2012,0,"first_year","Year",1,1,0,"OD","Year",1,1
"GUAM_2013","GUAM",2013,0,"first_year","Year",1,1,NA,"No_data",NA,NA,NA
"GUAM_2014","GUAM",2014,0,"first_year","Year",1,1,NA,"No_data",NA,NA,NA
"GUAM_2015","GUAM",2015,0,"first_year","Year",1,1,NA,"No_data",NA,NA,NA
"GUAM_2016","GUAM",2016,0,"first_year","Year",1,1,NA,"No_data",NA,NA,NA
"GUAM_2017","GUAM",2017,0,"first_year","Year",1,1,0,"OD","Week",27,0.519230769230769
"GUAM_2018","GUAM",2018,0,"first_year","Year",1,1,0,"OD","Week",22,0.423076923076923
"GUAM_2019","GUAM",2019,23,"OD","Year",1,1,23,"OD","Year",1,1
"GUAM_2020","GUAM",2020,2,"ad_hoc_data","Year",1,1,NA,"No_data",NA,NA,NA
"GUAM_2021","GUAM",2021,1,"ad_hoc_data","Year",1,1,NA,"No_data",NA,NA,NA
"GUAM_2022","GUAM",2022,119,"OD","Week",1,0.0192307692307692,119,"OD","Week",1,0.0192307692307692
"GUAM_2023","GUAM",2023,0,"ad_hoc_data","Year",1,1,NA,"No_data",NA,NA,NA
"GUAM_2024","GUAM",2024,0,"OD","Week",40,0.769230769230769,0,"OD","Week",40,0.769230769230769
"GUATEMALA_1990","GUATEMALA",1990,5757,"OD","Year",1,1,5757,"OD","Year",1,1
"GUATEMALA_1991","GUATEMALA",1991,10968,"OD","Year",1,1,10968,"OD","Year",1,1
"GUATEMALA_1992","GUATEMALA",1992,1286,"OD","Year",1,1,1286,"OD","Year",1,1
"GUATEMALA_1993","GUATEMALA",1993,1907,"OD","Year",1,1,1907,"OD","Year",1,1
"GUATEMALA_1994","GUATEMALA",1994,2872,"OD","Year",1,1,2872,"OD","Year",1,1
"GUATEMALA_1995","GUATEMALA",1995,3979,"OD","Year",1,1,3979,"OD","Year",1,1
"GUATEMALA_1996","GUATEMALA",1996,3660,"OD","Year",1,1,3660,"OD","Year",1,1
"GUATEMALA_1997","GUATEMALA",1997,5379,"OD","Year",1,1,5379,"OD","Year",1,1
"GUATEMALA_1998","GUATEMALA",1998,4653,"OD","Year",1,1,4653,"OD","Year",1,1
"GUATEMALA_1999","GUATEMALA",1999,3615,"OD","Year",1,1,3615,"OD","Year",1,1
"GUATEMALA_2000","GUATEMALA",2000,8964,"OD","Year",1,1,8964,"OD","Year",1,1
"GUATEMALA_2001","GUATEMALA",2001,4512,"OD","Year",1,1,4512,"OD","Year",1,1
"GUATEMALA_2002","GUATEMALA",2002,7552,"OD","Year",1,1,7552,"OD","Year",1,1
"GUATEMALA_2003","GUATEMALA",2003,6728,"OD","Year",1,1,6728,"OD","Year",1,1
"GUATEMALA_2004","GUATEMALA",2004,6313,"OD","Year",1,1,6313,"OD","Year",1,1
"GUATEMALA_2005","GUATEMALA",2005,6309,"OD","Year",1,1,6309,"OD","Year",1,1
"GUATEMALA_2006","GUATEMALA",2006,2422,"OD","Year",1,1,2422,"OD","Year",1,1
"GUATEMALA_2007","GUATEMALA",2007,5865,"OD","Year",1,1,5865,"OD","Year",1,1
"GUATEMALA_2008","GUATEMALA",2008,3227,"OD","Year",1,1,3227,"OD","Year",1,1
"GUATEMALA_2009","GUATEMALA",2009,10200,"OD","Year",1,1,10200,"OD","Year",1,1
"GUATEMALA_2010","GUATEMALA",2010,16842,"OD","Year",1,1,16842,"OD","Year",1,1
"GUATEMALA_2011","GUATEMALA",2011,2553,"OD","Year",1,1,2553,"OD","Year",1,1
"GUATEMALA_2012","GUATEMALA",2012,9331,"OD","Year",1,1,9331,"OD","Year",1,1
"GUATEMALA_2013","GUATEMALA",2013,11703,"OD","Year",1,1,11703,"OD","Year",1,1
"GUATEMALA_2014","GUATEMALA",2014,19863,"OD","Week",53,1,19863,"OD","Week",53,1
"GUATEMALA_2015","GUATEMALA",2015,18685,"OD","Week",52,1,18685,"OD","Week",52,1
"GUATEMALA_2016","GUATEMALA",2016,9070,"OD","Week",52,1,9070,"OD","Week",52,1
"GUATEMALA_2017","GUATEMALA",2017,4241,"OD","Week",52,1,4241,"OD","Week",52,1
"GUATEMALA_2018","GUATEMALA",2018,7592,"OD","Week",52,1,7592,"OD","Week",52,1
"GUATEMALA_2019","GUATEMALA",2019,50886,"OD","Week",52,1,50886,"OD","Week",52,1
"GUATEMALA_2020","GUATEMALA",2020,6075,"OD","Week",53,1,6075,"OD","Week",53,1
"GUATEMALA_2021","GUATEMALA",2021,2959,"OD","Week",52,1,2959,"OD","Week",52,1
"GUATEMALA_2022","GUATEMALA",2022,8553,"OD","Week",52,1,8553,"OD","Week",52,1
"GUATEMALA_2023","GUATEMALA",2023,72358,"OD","Week",52,1,72358,"OD","Week",52,1
"GUATEMALA_2024","GUATEMALA",2024,188585,"OD","Week",52,1,188585,"OD","Week",52,1
"GUINEA_1990","GUINEA",1990,NA,"No_data",NA,NA,NA,NA,"No_data",NA,NA,NA
"GUINEA_1991","GUINEA",1991,NA,"No_data",NA,NA,NA,NA,"No_data",NA,NA,NA
"GUINEA_1992","GUINEA",1992,NA,"No_data",NA,NA,NA,NA,"No_data",NA,NA,NA
"GUINEA_1993","GUINEA",1993,NA,"No_data",NA,NA,NA,NA,"No_data",NA,NA,NA
"GUINEA_1994","GUINEA",1994,NA,"No_data",NA,NA,NA,NA,"No_data",NA,NA,NA
"GUINEA_1995","GUINEA",1995,NA,"No_data",NA,NA,NA,NA,"No_data",NA,NA,NA
"GUINEA_1996","GUINEA",1996,NA,"No_data",NA,NA,NA,NA,"No_data",NA,NA,NA
"GUINEA_1997","GUINEA",1997,NA,"No_data",NA,NA,NA,NA,"No_data",NA,NA,NA
"GUINEA_1998","GUINEA",1998,NA,"No_data",NA,NA,NA,NA,"No_data",NA,NA,NA
"GUINEA_1999","GUINEA",1999,NA,"No_data",NA,NA,NA,NA,"No_data",NA,NA,NA
"GUINEA_2000","GUINEA",2000,NA,"No_data",NA,NA,NA,NA,"No_data",NA,NA,NA
"GUINEA_2001","GUINEA",2001,NA,"No_data",NA,NA,NA,NA,"No_data",NA,NA,NA
"GUINEA_2002","GUINEA",2002,NA,"No_data",NA,NA,NA,NA,"No_data",NA,NA,NA
"GUINEA_2003","GUINEA",2003,NA,"No_data",NA,NA,NA,NA,"No_data",NA,NA,NA
"GUINEA_2004","GUINEA",2004,NA,"No_data",NA,NA,NA,NA,"No_data",NA,NA,NA
"GUINEA_2005","GUINEA",2005,NA,"No_data",NA,NA,NA,NA,"No_data",NA,NA,NA
"GUINEA_2006","GUINEA",2006,NA,"No_data",NA,NA,NA,NA,"No_data",NA,NA,NA
"GUINEA_2007","GUINEA",2007,NA,"No_data",NA,NA,NA,NA,"No_data",NA,NA,NA
"GUINEA_2008","GUINEA",2008,NA,"No_data",NA,NA,NA,NA,"No_data",NA,NA,NA
"GUINEA_2009","GUINEA",2009,NA,"No_data",NA,NA,NA,NA,"No_data",NA,NA,NA
"GUINEA_2010","GUINEA",2010,NA,"No_data",NA,NA,NA,NA,"No_data",NA,NA,NA
"GUINEA_2011","GUINEA",2011,NA,"No_data",NA,NA,NA,NA,"No_data",NA,NA,NA
"GUINEA_2012","GUINEA",2012,NA,"No_data",NA,NA,NA,NA,"No_data",NA,NA,NA
"GUINEA_2013","GUINEA",2013,NA,"No_data",NA,NA,NA,NA,"No_data",NA,NA,NA
"GUINEA_2014","GUINEA",2014,NA,"No_data",NA,NA,NA,NA,"No_data",NA,NA,NA
"GUINEA_2015","GUINEA",2015,NA,"No_data",NA,NA,NA,NA,"No_data",NA,NA,NA
"GUINEA_2016","GUINEA",2016,NA,"No_data",NA,NA,NA,NA,"No_data",NA,NA,NA
"GUINEA_2017","GUINEA",2017,NA,"No_data",NA,NA,NA,NA,"No_data",NA,NA,NA
"GUINEA_2018","GUINEA",2018,NA,"No_data",NA,NA,NA,NA,"No_data",NA,NA,NA
"GUINEA_2019","GUINEA",2019,NA,"No_data",NA,NA,NA,NA,"No_data",NA,NA,NA
"GUINEA_2020","GUINEA",2020,NA,"No_data",NA,NA,NA,NA,"No_data",NA,NA,NA
"GUINEA_2021","GUINEA",2021,NA,"No_data",NA,NA,NA,NA,"No_data",NA,NA,NA
"GUINEA_2022","GUINEA",2022,NA,"No_data",NA,NA,NA,NA,"No_data",NA,NA,NA
"GUINEA_2023","GUINEA",2023,6,"ad_hoc_data","Year",1,1,NA,"No_data",NA,NA,NA
"GUINEA_2024","GUINEA",2024,2,"OD","Month",7,0.583333333333333,2,"OD","Month",7,0.583333333333333
"GUYANA_1990","GUYANA",1990,0,"OD","Year",1,1,0,"OD","Year",1,1
"GUYANA_1991","GUYANA",1991,0,"OD","Year",1,1,0,"OD","Year",1,1
"GUYANA_1992","GUYANA",1992,0,"OD","Year",1,1,0,"OD","Year",1,1
"GUYANA_1993","GUYANA",1993,0,"OD","Year",1,1,0,"OD","Year",1,1
"GUYANA_1994","GUYANA",1994,0,"OD","Year",1,1,0,"OD","Year",1,1
"GUYANA_1995","GUYANA",1995,0,"OD","Year",1,1,0,"OD","Year",1,1
"GUYANA_1996","GUYANA",1996,0,"OD","Year",1,1,0,"OD","Year",1,1
"GUYANA_1997","GUYANA",1997,0,"OD","Year",1,1,0,"OD","Year",1,1
"GUYANA_1998","GUYANA",1998,42,"OD","Year",1,1,42,"OD","Year",1,1
"GUYANA_1999","GUYANA",1999,0,"OD","Year",1,1,0,"OD","Year",1,1
"GUYANA_2000","GUYANA",2000,19,"OD","Year",1,1,19,"OD","Year",1,1
"GUYANA_2001","GUYANA",2001,60,"OD","Year",1,1,60,"OD","Year",1,1
"GUYANA_2002","GUYANA",2002,200,"OD","Year",1,1,200,"OD","Year",1,1
"GUYANA_2003","GUYANA",2003,33,"OD","Year",1,1,33,"OD","Year",1,1
"GUYANA_2004","GUYANA",2004,47,"OD","Year",1,1,47,"OD","Year",1,1
"GUYANA_2005","GUYANA",2005,178,"OD","Year",1,1,178,"OD","Year",1,1
"GUYANA_2006","GUYANA",2006,118,"OD","Year",1,1,118,"OD","Year",1,1
"GUYANA_2007","GUYANA",2007,200,"OD","Year",1,1,200,"OD","Year",1,1
"GUYANA_2008","GUYANA",2008,324,"OD","Year",1,1,324,"OD","Year",1,1
"GUYANA_2009","GUYANA",2009,993,"OD","Year",1,1,993,"OD","Year",1,1
"GUYANA_2010","GUYANA",2010,1467,"OD","Year",1,1,1467,"OD","Year",1,1
"GUYANA_2011","GUYANA",2011,1093,"OD","Year",1,1,1093,"OD","Year",1,1
"GUYANA_2012","GUYANA",2012,2189,"OD","Year",1,1,2189,"OD","Year",1,1
"GUYANA_2013","GUYANA",2013,1120,"OD","Year",1,1,1120,"OD","Year",1,1
"GUYANA_2014","GUYANA",2014,863,"OD","Year",1,1,863,"OD","Year",1,1
"GUYANA_2015","GUYANA",2015,388,"OD","Year",1,1,388,"OD","Year",1,1
"GUYANA_2016","GUYANA",2016,303,"OD","Year",1,1,303,"OD","Year",1,1
"GUYANA_2017","GUYANA",2017,4,"OD","Year",1,1,4,"OD","Year",1,1
"GUYANA_2018","GUYANA",2018,286,"OD","Year",1,1,286,"OD","Year",1,1
"GUYANA_2019","GUYANA",2019,230,"OD","Year",1,1,230,"OD","Year",1,1
"GUYANA_2020","GUYANA",2020,1724,"OD","Year",1,1,1724,"OD","Year",1,1
"GUYANA_2021","GUYANA",2021,4380,"OD","Year",1,1,4380,"OD","Year",1,1
"GUYANA_2022","GUYANA",2022,11811,"OD","Week",52,1,11811,"OD","Week",52,1
"GUYANA_2023","GUYANA",2023,27973,"OD","Week",52,1,27973,"OD","Week",52,1
"GUYANA_2024","GUYANA",2024,46306,"OD","Week",52,1,46306,"OD","Week",52,1
"HAITI_1990","HAITI",1990,0,"OD","Year",1,1,0,"OD","Year",1,1
"HAITI_1991","HAITI",1991,0,"OD","Year",1,1,0,"OD","Year",1,1
"HAITI_1992","HAITI",1992,0,"OD","Year",1,1,0,"OD","Year",1,1
"HAITI_1993","HAITI",1993,0,"OD","Year",1,1,0,"OD","Year",1,1
"HAITI_1994","HAITI",1994,0,"OD","Year",1,1,0,"OD","Year",1,1
"HAITI_1995","HAITI",1995,0,"OD","Year",1,1,0,"OD","Year",1,1
"HAITI_1996","HAITI",1996,0,"OD","Year",1,1,0,"OD","Year",1,1
"HAITI_1997","HAITI",1997,0,"OD","Year",1,1,0,"OD","Year",1,1
"HAITI_1998","HAITI",1998,0,"OD","Year",1,1,0,"OD","Year",1,1
"HAITI_1999","HAITI",1999,0,"OD","Year",1,1,0,"OD","Year",1,1
"HAITI_2000","HAITI",2000,0,"OD","Year",1,1,0,"OD","Year",1,1
"HAITI_2001","HAITI",2001,0,"OD","Year",1,1,0,"OD","Year",1,1
"HAITI_2002","HAITI",2002,0,"OD","Year",1,1,0,"OD","Year",1,1
"HAITI_2003","HAITI",2003,0,"OD","Year",1,1,0,"OD","Year",1,1
"HAITI_2004","HAITI",2004,0,"OD","Year",1,1,0,"OD","Year",1,1
"HAITI_2005","HAITI",2005,0,"OD","Year",1,1,0,"OD","Year",1,1
"HAITI_2006","HAITI",2006,0,"OD","Year",1,1,0,"OD","Year",1,1
"HAITI_2007","HAITI",2007,0,"OD","Year",1,1,0,"OD","Year",1,1
"HAITI_2008","HAITI",2008,0,"OD","Year",1,1,0,"OD","Year",1,1
"HAITI_2009","HAITI",2009,0,"OD","Year",1,1,0,"OD","Year",1,1
"HAITI_2010","HAITI",2010,0,"OD","Year",1,1,0,"OD","Year",1,1
"HAITI_2011","HAITI",2011,0,"OD","Year",1,1,0,"OD","Year",1,1
"HAITI_2012","HAITI",2012,240,"OD","Year",1,1,240,"OD","Year",1,1
"HAITI_2013","HAITI",2013,0,"OD","Year",1,1,0,"OD","Year",1,1
"HAITI_2014","HAITI",2014,0,"OD","Year",1,1,0,"OD","Year",1,1
"HAITI_2015","HAITI",2015,130,"OD","Year",1,1,130,"OD","Year",1,1
"HAITI_2016","HAITI",2016,NA,"No_data",NA,NA,NA,NA,"No_data",NA,NA,NA
"HAITI_2017","HAITI",2017,NA,"No_data",NA,NA,NA,NA,"No_data",NA,NA,NA
"HAITI_2018","HAITI",2018,90,"OD","Week",52,1,90,"OD","Week",52,1
"HAITI_2019","HAITI",2019,93,"OD","Week",52,1,93,"OD","Week",52,1
"HAITI_2020","HAITI",2020,1783,"OD","Week",53,1,1783,"OD","Week",53,1
"HAITI_2021","HAITI",2021,6298,"OD","Year",1,1,6298,"OD","Year",1,1
"HAITI_2022","HAITI",2022,3316,"OD","Year",1,1,3316,"OD","Year",1,1
"HAITI_2023","HAITI",2023,503,"ad_hoc_data","Year",1,1,NA,"No_data",NA,NA,NA
"HAITI_2024","HAITI",2024,NA,"No_data",NA,NA,NA,NA,"No_data",NA,NA,NA
"HONDURAS_1990","HONDURAS",1990,1700,"OD","Year",1,1,1700,"OD","Year",1,1
"HONDURAS_1991","HONDURAS",1991,5303,"OD","Year",1,1,5303,"OD","Year",1,1
"HONDURAS_1992","HONDURAS",1992,2114,"OD","Year",1,1,2114,"OD","Year",1,1
"HONDURAS_1993","HONDURAS",1993,2847,"OD","Year",1,1,2847,"OD","Year",1,1
"HONDURAS_1994","HONDURAS",1994,3055,"OD","Year",1,1,3055,"OD","Year",1,1
"HONDURAS_1995","HONDURAS",1995,27560,"OD","Year",1,1,27560,"OD","Year",1,1
"HONDURAS_1996","HONDURAS",1996,5047,"OD","Year",1,1,5047,"OD","Year",1,1
"HONDURAS_1997","HONDURAS",1997,11861,"OD","Year",1,1,11861,"OD","Year",1,1
"HONDURAS_1998","HONDURAS",1998,22200,"OD","Year",1,1,22200,"OD","Year",1,1
"HONDURAS_1999","HONDURAS",1999,17766,"OD","Year",1,1,17766,"OD","Year",1,1
"HONDURAS_2000","HONDURAS",2000,13328,"OD","Year",1,1,13328,"OD","Year",1,1
"HONDURAS_2001","HONDURAS",2001,8646,"OD","Year",1,1,8646,"OD","Year",1,1
"HONDURAS_2002","HONDURAS",2002,31406,"OD","Year",1,1,31406,"OD","Year",1,1
"HONDURAS_2003","HONDURAS",2003,16101,"OD","Year",1,1,16101,"OD","Year",1,1
"HONDURAS_2004","HONDURAS",2004,17626,"OD","Year",1,1,17626,"OD","Year",1,1
"HONDURAS_2005","HONDURAS",2005,17048,"OD","Year",1,1,17048,"OD","Year",1,1
"HONDURAS_2006","HONDURAS",2006,7800,"OD","Year",1,1,7800,"OD","Year",1,1
"HONDURAS_2007","HONDURAS",2007,29328,"OD","Year",1,1,29328,"OD","Year",1,1
"HONDURAS_2008","HONDURAS",2008,16460,"OD","Year",1,1,16460,"OD","Year",1,1
"HONDURAS_2009","HONDURAS",2009,14528,"OD","Year",1,1,14528,"OD","Year",1,1
"HONDURAS_2010","HONDURAS",2010,63546,"OD","Year",1,1,63546,"OD","Year",1,1
"HONDURAS_2011","HONDURAS",2011,7412,"OD","Year",1,1,7412,"OD","Year",1,1
"HONDURAS_2012","HONDURAS",2012,15554,"OD","Year",1,1,15554,"OD","Year",1,1
"HONDURAS_2013","HONDURAS",2013,39201,"OD","Year",1,1,39201,"OD","Year",1,1
"HONDURAS_2014","HONDURAS",2014,42753,"OD","Week",53,1,42753,"OD","Week",53,1
"HONDURAS_2015","HONDURAS",2015,44834,"OD","Week",52,1,44834,"OD","Week",52,1
"HONDURAS_2016","HONDURAS",2016,22961,"OD","Week",52,1,22961,"OD","Week",52,1
"HONDURAS_2017","HONDURAS",2017,5217,"OD","Week",52,1,5217,"OD","Week",52,1
"HONDURAS_2018","HONDURAS",2018,7942,"OD","Week",52,1,7942,"OD","Week",52,1
"HONDURAS_2019","HONDURAS",2019,132143,"OD","Week",52,1,132143,"OD","Week",52,1
"HONDURAS_2020","HONDURAS",2020,25180,"OD","Week",53,1,25180,"OD","Week",53,1
"HONDURAS_2021","HONDURAS",2021,19753,"OD","Week",52,1,19753,"OD","Week",52,1
"HONDURAS_2022","HONDURAS",2022,25337,"OD","Week",52,1,25337,"OD","Week",52,1
"HONDURAS_2023","HONDURAS",2023,34050,"OD","Week",52,1,34050,"OD","Week",52,1
"HONDURAS_2024","HONDURAS",2024,177209,"OD","Week",52,1,177209,"OD","Week",52,1
"HONG KONG_1990","HONG KONG",1990,0,"first_year","Year",1,1,NA,"No_data",NA,NA,NA
"HONG KONG_1991","HONG KONG",1991,0,"first_year","Year",1,1,NA,"No_data",NA,NA,NA
"HONG KONG_1992","HONG KONG",1992,0,"first_year","Year",1,1,NA,"No_data",NA,NA,NA
"HONG KONG_1993","HONG KONG",1993,0,"first_year","Year",1,1,NA,"No_data",NA,NA,NA
"HONG KONG_1994","HONG KONG",1994,0,"first_year","Year",1,1,0,"OD","Year",1,1
"HONG KONG_1995","HONG KONG",1995,0,"first_year","Year",1,1,0,"OD","Year",1,1
"HONG KONG_1996","HONG KONG",1996,0,"first_year","Year",1,1,0,"OD","Year",1,1
"HONG KONG_1997","HONG KONG",1997,0,"first_year","Year",1,1,0,"OD","Year",1,1
"HONG KONG_1998","HONG KONG",1998,0,"first_year","Year",1,1,0,"OD","Year",1,1
"HONG KONG_1999","HONG KONG",1999,0,"first_year","Year",1,1,0,"OD","Year",1,1
"HONG KONG_2000","HONG KONG",2000,0,"first_year","Year",1,1,0,"OD","Year",1,1
"HONG KONG_2001","HONG KONG",2001,0,"first_year","Year",1,1,0,"OD","Year",1,1
"HONG KONG_2002","HONG KONG",2002,20,"OD","Month",12,1,20,"OD","Month",12,1
"HONG KONG_2003","HONG KONG",2003,1,"OD","Month",12,1,1,"OD","Month",12,1
"HONG KONG_2004","HONG KONG",2004,0,"OD","Month",12,1,0,"OD","Month",12,1
"HONG KONG_2005","HONG KONG",2005,0,"OD","Month",12,1,0,"OD","Month",12,1
"HONG KONG_2006","HONG KONG",2006,0,"OD","Month",12,1,0,"OD","Month",12,1
"HONG KONG_2007","HONG KONG",2007,0,"OD","Month",12,1,0,"OD","Month",12,1
"HONG KONG_2008","HONG KONG",2008,0,"OD","Month",12,1,0,"OD","Month",12,1
"HONG KONG_2009","HONG KONG",2009,0,"OD","Month",12,1,0,"OD","Month",12,1
"HONG KONG_2010","HONG KONG",2010,4,"OD","Month",12,1,4,"OD","Month",12,1
"HONG KONG_2011","HONG KONG",2011,0,"OD","Month",12,1,0,"OD","Month",12,1
"HONG KONG_2012","HONG KONG",2012,0,"OD","Month",12,1,0,"OD","Month",12,1
"HONG KONG_2013","HONG KONG",2013,0,"OD","Month",12,1,0,"OD","Month",12,1
"HONG KONG_2014","HONG KONG",2014,3,"OD","Month",12,1,3,"OD","Month",12,1
"HONG KONG_2015","HONG KONG",2015,3,"OD","Month",12,1,3,"OD","Month",12,1
"HONG KONG_2016","HONG KONG",2016,4,"OD","Month",12,1,4,"OD","Month",12,1
"HONG KONG_2017","HONG KONG",2017,1,"OD","Month",12,1,1,"OD","Month",12,1
"HONG KONG_2018","HONG KONG",2018,29,"OD","Month",12,1,29,"OD","Month",12,1
"HONG KONG_2019","HONG KONG",2019,1,"OD","Month",12,1,1,"OD","Month",12,1
"HONG KONG_2020","HONG KONG",2020,1,"OD","Month",12,1,1,"OD","Month",12,1
"HONG KONG_2021","HONG KONG",2021,0,"OD","Month",12,1,0,"OD","Month",12,1
"HONG KONG_2022","HONG KONG",2022,0,"OD","Month",12,1,0,"OD","Month",12,1
"HONG KONG_2023","HONG KONG",2023,0,"OD","Month",12,1,0,"OD","Month",12,1
"HONG KONG_2024","HONG KONG",2024,5,"OD","Month",12,1,5,"OD","Month",12,1
"INDIA_1990","INDIA",1990,NA,"No_data",NA,NA,NA,NA,"No_data",NA,NA,NA
"INDIA_1991","INDIA",1991,6291,"OD","Year",1,1,6291,"OD","Year",1,1
"INDIA_1992","INDIA",1992,2683,"OD","Year",1,1,2683,"OD","Year",1,1
"INDIA_1993","INDIA",1993,11125,"OD","Year",1,1,11125,"OD","Year",1,1
"INDIA_1994","INDIA",1994,7494,"OD","Year",1,1,7494,"OD","Year",1,1
"INDIA_1995","INDIA",1995,7847,"OD","Year",1,1,7847,"OD","Year",1,1
"INDIA_1996","INDIA",1996,16517,"OD","Year",1,1,16517,"OD","Year",1,1
"INDIA_1997","INDIA",1997,1177,"OD","Year",1,1,1177,"OD","Year",1,1
"INDIA_1998","INDIA",1998,717,"ad_hoc_data","Year",1,1,707,"OD","Year",1,1
"INDIA_1999","INDIA",1999,944,"OD","Year",1,1,944,"OD","Year",1,1
"INDIA_2000","INDIA",2000,650,"OD","Year",1,1,650,"OD","Year",1,1
"INDIA_2001","INDIA",2001,3306,"OD","Year",1,1,3306,"OD","Year",1,1
"INDIA_2002","INDIA",2002,1926,"OD","Year",1,1,1926,"OD","Year",1,1
"INDIA_2003","INDIA",2003,12754,"OD","Year",1,1,12754,"OD","Year",1,1
"INDIA_2004","INDIA",2004,4153,"OD","Year",1,1,4153,"OD","Year",1,1
"INDIA_2005","INDIA",2005,11985,"OD","Year",1,1,11985,"OD","Year",1,1
"INDIA_2006","INDIA",2006,12317,"OD","Year",1,1,12317,"OD","Year",1,1
"INDIA_2007","INDIA",2007,5530,"OD","Year",1,1,5530,"OD","Year",1,1
"INDIA_2008","INDIA",2008,12561,"ad_hoc_data","Year",1,1,12540,"OD","Year",1,1
"INDIA_2009","INDIA",2009,15535,"OD","Year",1,1,15535,"OD","Year",1,1
"INDIA_2010","INDIA",2010,28292,"ad_hoc_data","Year",1,1,28292,"OD","Year",1,1
"INDIA_2011","INDIA",2011,18860,"ad_hoc_data","Year",1,1,18860,"OD","Year",1,1
"INDIA_2012","INDIA",2012,50222,"ad_hoc_data","Year",1,1,37070,"OD","Year",1,1
"INDIA_2013","INDIA",2013,75808,"ad_hoc_data","Year",1,1,55153,"OD","Year",1,1
"INDIA_2014","INDIA",2014,40571,"ad_hoc_data","Year",1,1,28933,"OD","Year",1,1
"INDIA_2015","INDIA",2015,99913,"OD","Year",1,1,99913,"OD","Year",1,1
"INDIA_2016","INDIA",2016,129166,"OD","Year",1,1,129166,"OD","Year",1,1
"INDIA_2017","INDIA",2017,188401,"OD","Year",1,1,188401,"OD","Year",1,1
"INDIA_2018","INDIA",2018,101192,"ad_hoc_data","Month",12,1,101192,"OD","Year",1,1
"INDIA_2019","INDIA",2019,157315,"OD","Year",1,1,157315,"OD","Year",1,1
"INDIA_2020","INDIA",2020,44585,"OD","Year",1,1,44585,"OD","Year",1,1
"INDIA_2021","INDIA",2021,193245,"OD","Year",1,1,193245,"OD","Year",1,1
"INDIA_2022","INDIA",2022,233251,"OD","Year",1,1,233251,"OD","Year",1,1
"INDIA_2023","INDIA",2023,289235,"OD","Year",1,1,289235,"OD","Year",1,1
"INDIA_2024","INDIA",2024,233519,"ad_hoc_data","Month",12,1,233519,"OD","Year",1,1
"INDONESIA_1990","INDONESIA",1990,22807,"OD","Year",1,1,22807,"OD","Year",1,1
"INDONESIA_1991","INDONESIA",1991,21120,"OD","Year",1,1,21120,"OD","Year",1,1
"INDONESIA_1992","INDONESIA",1992,17620,"OD","Year",1,1,17620,"OD","Year",1,1
"INDONESIA_1993","INDONESIA",1993,17418,"OD","Year",1,1,17418,"OD","Year",1,1
"INDONESIA_1994","INDONESIA",1994,18783,"OD","Year",1,1,18783,"OD","Year",1,1
"INDONESIA_1995","INDONESIA",1995,35102,"OD","Year",1,1,35102,"OD","Year",1,1
"INDONESIA_1996","INDONESIA",1996,44650,"OD","Year",1,1,44650,"OD","Year",1,1
"INDONESIA_1997","INDONESIA",1997,30730,"OD","Year",1,1,30730,"OD","Year",1,1
"INDONESIA_1998","INDONESIA",1998,72133,"OD","Year",1,1,72133,"OD","Year",1,1
"INDONESIA_1999","INDONESIA",1999,21134,"OD","Year",1,1,21134,"OD","Year",1,1
"INDONESIA_2000","INDONESIA",2000,33443,"OD","Year",1,1,33443,"OD","Year",1,1
"INDONESIA_2001","INDONESIA",2001,45904,"OD","Year",1,1,45904,"OD","Year",1,1
"INDONESIA_2002","INDONESIA",2002,40377,"OD","Year",1,1,40377,"OD","Year",1,1
"INDONESIA_2003","INDONESIA",2003,51934,"OD","Year",1,1,51934,"OD","Year",1,1
"INDONESIA_2004","INDONESIA",2004,79462,"OD","Year",1,1,79462,"OD","Year",1,1
"INDONESIA_2005","INDONESIA",2005,95279,"OD","Month",12,1,95279,"OD","Month",12,1
"INDONESIA_2006","INDONESIA",2006,114656,"OD","Year",1,1,114656,"OD","Year",1,1
"INDONESIA_2007","INDONESIA",2007,158115,"OD","Month",12,1,158115,"OD","Month",12,1
"INDONESIA_2008","INDONESIA",2008,155607,"OD","Month",12,1,155607,"OD","Month",12,1
"INDONESIA_2009","INDONESIA",2009,158912,"OD","Month",12,1,158912,"OD","Month",12,1
"INDONESIA_2010","INDONESIA",2010,156086,"OD","Month",12,1,156086,"OD","Month",12,1
"INDONESIA_2011","INDONESIA",2011,65725,"OD","Month",12,1,65725,"OD","Month",12,1
"INDONESIA_2012","INDONESIA",2012,90245,"OD","Month",12,1,90245,"OD","Month",12,1
"INDONESIA_2013","INDONESIA",2013,112511,"OD","Month",12,1,112511,"OD","Month",12,1
"INDONESIA_2014","INDONESIA",2014,100347,"OD","Month",12,1,100347,"OD","Month",12,1
"INDONESIA_2015","INDONESIA",2015,129689,"OD","Month",12,1,129689,"OD","Month",12,1
"INDONESIA_2016","INDONESIA",2016,204172,"OD","Month",12,1,204172,"OD","Month",12,1
"INDONESIA_2017","INDONESIA",2017,68407,"OD","Month",12,1,68407,"OD","Month",12,1
"INDONESIA_2018","INDONESIA",2018,65600,"OD","Month",12,1,65600,"OD","Month",12,1
"INDONESIA_2019","INDONESIA",2019,138131,"OD","Month",12,1,138131,"OD","Month",12,1
"INDONESIA_2020","INDONESIA",2020,108303,"OD","Month",12,1,108303,"OD","Month",12,1
"INDONESIA_2021","INDONESIA",2021,73518,"OD","Month",12,1,73518,"OD","Month",12,1
"INDONESIA_2022","INDONESIA",2022,143266,"OD","Month",12,1,143266,"OD","Month",12,1
"INDONESIA_2023","INDONESIA",2023,114720,"OD","Month",12,1,114720,"OD","Month",12,1
"INDONESIA_2024","INDONESIA",2024,236831,"ad_hoc_data","Month",12,1,210644,"OD","Month",10,0.833333333333333
"IRAN (ISLAMIC REPUBLIC OF)_1990","IRAN (ISLAMIC REPUBLIC OF)",1990,0,"first_year","Year",1,1,NA,NA,NA,NA,NA
"IRAN (ISLAMIC REPUBLIC OF)_1991","IRAN (ISLAMIC REPUBLIC OF)",1991,0,"first_year","Year",1,1,NA,NA,NA,NA,NA
"IRAN (ISLAMIC REPUBLIC OF)_1992","IRAN (ISLAMIC REPUBLIC OF)",1992,0,"first_year","Year",1,1,NA,NA,NA,NA,NA
"IRAN (ISLAMIC REPUBLIC OF)_1993","IRAN (ISLAMIC REPUBLIC OF)",1993,0,"first_year","Year",1,1,NA,NA,NA,NA,NA
"IRAN (ISLAMIC REPUBLIC OF)_1994","IRAN (ISLAMIC REPUBLIC OF)",1994,0,"first_year","Year",1,1,NA,NA,NA,NA,NA
"IRAN (ISLAMIC REPUBLIC OF)_1995","IRAN (ISLAMIC REPUBLIC OF)",1995,0,"first_year","Year",1,1,NA,NA,NA,NA,NA
"IRAN (ISLAMIC REPUBLIC OF)_1996","IRAN (ISLAMIC REPUBLIC OF)",1996,0,"first_year","Year",1,1,NA,NA,NA,NA,NA
"IRAN (ISLAMIC REPUBLIC OF)_1997","IRAN (ISLAMIC REPUBLIC OF)",1997,0,"first_year","Year",1,1,NA,NA,NA,NA,NA
"IRAN (ISLAMIC REPUBLIC OF)_1998","IRAN (ISLAMIC REPUBLIC OF)",1998,0,"first_year","Year",1,1,NA,NA,NA,NA,NA
"IRAN (ISLAMIC REPUBLIC OF)_1999","IRAN (ISLAMIC REPUBLIC OF)",1999,0,"first_year","Year",1,1,NA,NA,NA,NA,NA
"IRAN (ISLAMIC REPUBLIC OF)_2000","IRAN (ISLAMIC REPUBLIC OF)",2000,0,"first_year","Year",1,1,NA,NA,NA,NA,NA
"IRAN (ISLAMIC REPUBLIC OF)_2001","IRAN (ISLAMIC REPUBLIC OF)",2001,0,"first_year","Year",1,1,NA,NA,NA,NA,NA
"IRAN (ISLAMIC REPUBLIC OF)_2002","IRAN (ISLAMIC REPUBLIC OF)",2002,0,"first_year","Year",1,1,NA,NA,NA,NA,NA
"IRAN (ISLAMIC REPUBLIC OF)_2003","IRAN (ISLAMIC REPUBLIC OF)",2003,0,"first_year","Year",1,1,NA,NA,NA,NA,NA
"IRAN (ISLAMIC REPUBLIC OF)_2004","IRAN (ISLAMIC REPUBLIC OF)",2004,0,"first_year","Year",1,1,NA,NA,NA,NA,NA
"IRAN (ISLAMIC REPUBLIC OF)_2005","IRAN (ISLAMIC REPUBLIC OF)",2005,0,"first_year","Year",1,1,NA,NA,NA,NA,NA
"IRAN (ISLAMIC REPUBLIC OF)_2006","IRAN (ISLAMIC REPUBLIC OF)",2006,0,"first_year","Year",1,1,NA,NA,NA,NA,NA
"IRAN (ISLAMIC REPUBLIC OF)_2007","IRAN (ISLAMIC REPUBLIC OF)",2007,0,"first_year","Year",1,1,NA,NA,NA,NA,NA
"IRAN (ISLAMIC REPUBLIC OF)_2008","IRAN (ISLAMIC REPUBLIC OF)",2008,0,"first_year","Year",1,1,NA,NA,NA,NA,NA
"IRAN (ISLAMIC REPUBLIC OF)_2009","IRAN (ISLAMIC REPUBLIC OF)",2009,0,"first_year","Year",1,1,NA,NA,NA,NA,NA
"IRAN (ISLAMIC REPUBLIC OF)_2010","IRAN (ISLAMIC REPUBLIC OF)",2010,0,"first_year","Year",1,1,NA,NA,NA,NA,NA
"IRAN (ISLAMIC REPUBLIC OF)_2011","IRAN (ISLAMIC REPUBLIC OF)",2011,0,"first_year","Year",1,1,NA,NA,NA,NA,NA
"IRAN (ISLAMIC REPUBLIC OF)_2012","IRAN (ISLAMIC REPUBLIC OF)",2012,0,"first_year","Year",1,1,NA,NA,NA,NA,NA
"IRAN (ISLAMIC REPUBLIC OF)_2013","IRAN (ISLAMIC REPUBLIC OF)",2013,0,"first_year","Year",1,1,NA,NA,NA,NA,NA
"IRAN (ISLAMIC REPUBLIC OF)_2014","IRAN (ISLAMIC REPUBLIC OF)",2014,0,"first_year","Year",1,1,NA,NA,NA,NA,NA
"IRAN (ISLAMIC REPUBLIC OF)_2015","IRAN (ISLAMIC REPUBLIC OF)",2015,0,"first_year","Year",1,1,NA,NA,NA,NA,NA
"IRAN (ISLAMIC REPUBLIC OF)_2016","IRAN (ISLAMIC REPUBLIC OF)",2016,0,"first_year","Year",1,1,NA,NA,NA,NA,NA
"IRAN (ISLAMIC REPUBLIC OF)_2017","IRAN (ISLAMIC REPUBLIC OF)",2017,0,"first_year","Year",1,1,NA,NA,NA,NA,NA
"IRAN (ISLAMIC REPUBLIC OF)_2018","IRAN (ISLAMIC REPUBLIC OF)",2018,0,"first_year","Year",1,1,NA,NA,NA,NA,NA
"IRAN (ISLAMIC REPUBLIC OF)_2019","IRAN (ISLAMIC REPUBLIC OF)",2019,0,"first_year","Year",1,1,NA,NA,NA,NA,NA
"IRAN (ISLAMIC REPUBLIC OF)_2020","IRAN (ISLAMIC REPUBLIC OF)",2020,0,"first_year","Year",1,1,NA,NA,NA,NA,NA
"IRAN (ISLAMIC REPUBLIC OF)_2021","IRAN (ISLAMIC REPUBLIC OF)",2021,0,"first_year","Year",1,1,NA,NA,NA,NA,NA
"IRAN (ISLAMIC REPUBLIC OF)_2022","IRAN (ISLAMIC REPUBLIC OF)",2022,0,"first_year","Year",1,1,NA,NA,NA,NA,NA
"IRAN (ISLAMIC REPUBLIC OF)_2023","IRAN (ISLAMIC REPUBLIC OF)",2023,0,"first_year","Year",1,1,NA,NA,NA,NA,NA
"IRAN (ISLAMIC REPUBLIC OF)_2024","IRAN (ISLAMIC REPUBLIC OF)",2024,851,"ad_hoc_data","Month",12,1,NA,NA,NA,NA,NA
"ITALY_1990","ITALY",1990,0,"first_year","Year",1,1,NA,"No_data",NA,NA,NA
"ITALY_1991","ITALY",1991,0,"first_year","Year",1,1,NA,"No_data",NA,NA,NA
"ITALY_1992","ITALY",1992,0,"first_year","Year",1,1,NA,"No_data",NA,NA,NA
"ITALY_1993","ITALY",1993,0,"first_year","Year",1,1,NA,"No_data",NA,NA,NA
"ITALY_1994","ITALY",1994,0,"first_year","Year",1,1,NA,"No_data",NA,NA,NA
"ITALY_1995","ITALY",1995,0,"first_year","Year",1,1,NA,"No_data",NA,NA,NA
"ITALY_1996","ITALY",1996,0,"first_year","Year",1,1,NA,"No_data",NA,NA,NA
"ITALY_1997","ITALY",1997,0,"first_year","Year",1,1,NA,"No_data",NA,NA,NA
"ITALY_1998","ITALY",1998,0,"first_year","Year",1,1,NA,"No_data",NA,NA,NA
"ITALY_1999","ITALY",1999,0,"first_year","Year",1,1,NA,"No_data",NA,NA,NA
"ITALY_2000","ITALY",2000,0,"first_year","Year",1,1,NA,"No_data",NA,NA,NA
"ITALY_2001","ITALY",2001,0,"first_year","Year",1,1,NA,"No_data",NA,NA,NA
"ITALY_2002","ITALY",2002,0,"first_year","Year",1,1,NA,"No_data",NA,NA,NA
"ITALY_2003","ITALY",2003,0,"first_year","Year",1,1,NA,"No_data",NA,NA,NA
"ITALY_2004","ITALY",2004,0,"first_year","Year",1,1,NA,"No_data",NA,NA,NA
"ITALY_2005","ITALY",2005,0,"first_year","Year",1,1,NA,"No_data",NA,NA,NA
"ITALY_2006","ITALY",2006,0,"first_year","Year",1,1,NA,"No_data",NA,NA,NA
"ITALY_2007","ITALY",2007,0,"first_year","Year",1,1,NA,"No_data",NA,NA,NA
"ITALY_2008","ITALY",2008,0,"first_year","Year",1,1,0,"OD","Year",1,1
"ITALY_2009","ITALY",2009,0,"first_year","Year",1,1,0,"OD","Year",1,1
"ITALY_2010","ITALY",2010,0,"first_year","Year",1,1,0,"OD","Year",1,1
"ITALY_2011","ITALY",2011,0,"first_year","Year",1,1,0,"OD","Year",1,1
"ITALY_2012","ITALY",2012,0,"first_year","Year",1,1,0,"OD","Year",1,1
"ITALY_2013","ITALY",2013,0,"first_year","Year",1,1,0,"OD","Year",1,1
"ITALY_2014","ITALY",2014,0,"first_year","Year",1,1,0,"OD","Year",1,1
"ITALY_2015","ITALY",2015,0,"first_year","Year",1,1,0,"OD","Year",1,1
"ITALY_2016","ITALY",2016,0,"first_year","Year",1,1,0,"OD","Year",1,1
"ITALY_2017","ITALY",2017,0,"first_year","Year",1,1,0,"OD","Year",1,1
"ITALY_2018","ITALY",2018,0,"first_year","Year",1,1,0,"OD","Year",1,1
"ITALY_2019","ITALY",2019,0,"first_year","Year",1,1,0,"OD","Year",1,1
"ITALY_2020","ITALY",2020,11,"ad_hoc_data","Month",12,1,11,"OD","Year",1,1
"ITALY_2021","ITALY",2021,0,"OD","Year",1,1,0,"OD","Year",1,1
"ITALY_2022","ITALY",2022,0,"OD","Year",1,1,0,"OD","Year",1,1
"ITALY_2023","ITALY",2023,82,"ad_hoc_data","Month",12,1,82,"OD","Year",1,1
"ITALY_2024","ITALY",2024,213,"OD","Month",12,1,213,"OD","Month",12,1
"JAMAICA_1990","JAMAICA",1990,9,"OD","Year",1,1,9,"OD","Year",1,1
"JAMAICA_1991","JAMAICA",1991,5,"OD","Year",1,1,5,"OD","Year",1,1
"JAMAICA_1992","JAMAICA",1992,296,"OD","Year",1,1,296,"OD","Year",1,1
"JAMAICA_1993","JAMAICA",1993,0,"OD","Year",1,1,0,"OD","Year",1,1
"JAMAICA_1994","JAMAICA",1994,0,"OD","Year",1,1,0,"OD","Year",1,1
"JAMAICA_1995","JAMAICA",1995,1776,"OD","Year",1,1,1776,"OD","Year",1,1
"JAMAICA_1996","JAMAICA",1996,46,"OD","Year",1,1,46,"OD","Year",1,1
"JAMAICA_1997","JAMAICA",1997,16,"OD","Year",1,1,16,"OD","Year",1,1
"JAMAICA_1998","JAMAICA",1998,1509,"OD","Year",1,1,1509,"OD","Year",1,1
"JAMAICA_1999","JAMAICA",1999,24,"OD","Year",1,1,24,"OD","Year",1,1
"JAMAICA_2000","JAMAICA",2000,25,"OD","Year",1,1,25,"OD","Year",1,1
"JAMAICA_2001","JAMAICA",2001,39,"OD","Year",1,1,39,"OD","Year",1,1
"JAMAICA_2002","JAMAICA",2002,90,"OD","Year",1,1,90,"OD","Year",1,1
"JAMAICA_2003","JAMAICA",2003,52,"OD","Year",1,1,52,"OD","Year",1,1
"JAMAICA_2004","JAMAICA",2004,9,"OD","Year",1,1,9,"OD","Year",1,1
"JAMAICA_2005","JAMAICA",2005,46,"OD","Year",1,1,46,"OD","Year",1,1
"JAMAICA_2006","JAMAICA",2006,79,"OD","Year",1,1,79,"OD","Year",1,1
"JAMAICA_2007","JAMAICA",2007,1448,"OD","Year",1,1,1448,"OD","Year",1,1
"JAMAICA_2008","JAMAICA",2008,357,"OD","Year",1,1,357,"OD","Year",1,1
"JAMAICA_2009","JAMAICA",2009,70,"OD","Year",1,1,70,"OD","Year",1,1
"JAMAICA_2010","JAMAICA",2010,2887,"OD","Year",1,1,2887,"OD","Year",1,1
"JAMAICA_2011","JAMAICA",2011,404,"OD","Year",1,1,404,"OD","Year",1,1
"JAMAICA_2012","JAMAICA",2012,4670,"OD","Year",1,1,4670,"OD","Year",1,1
"JAMAICA_2013","JAMAICA",2013,861,"OD","Year",1,1,861,"OD","Year",1,1
"JAMAICA_2014","JAMAICA",2014,880,"OD","Week",53,1,880,"OD","Week",53,1
"JAMAICA_2015","JAMAICA",2015,88,"OD","Week",52,1,88,"OD","Week",52,1
"JAMAICA_2016","JAMAICA",2016,2297,"OD","Week",52,1,2297,"OD","Week",52,1
"JAMAICA_2017","JAMAICA",2017,215,"OD","Week",52,1,215,"OD","Week",52,1
"JAMAICA_2018","JAMAICA",2018,986,"OD","Week",52,1,986,"OD","Week",52,1
"JAMAICA_2019","JAMAICA",2019,7555,"OD","Week",52,1,7555,"OD","Week",52,1
"JAMAICA_2020","JAMAICA",2020,898,"OD","Week",53,1,898,"OD","Week",53,1
"JAMAICA_2021","JAMAICA",2021,96,"OD","Week",52,1,96,"OD","Week",52,1
"JAMAICA_2022","JAMAICA",2022,100,"OD","Week",52,1,100,"OD","Week",52,1
"JAMAICA_2023","JAMAICA",2023,8180,"OD","Week",52,1,8180,"OD","Week",52,1
"JAMAICA_2024","JAMAICA",2024,2034,"OD","Week",52,1,2034,"OD","Week",52,1
"JAPAN_1990","JAPAN",1990,0,"first_year","Year",1,1,NA,"No_data",NA,NA,NA
"JAPAN_1991","JAPAN",1991,0,"first_year","Year",1,1,NA,"No_data",NA,NA,NA
"JAPAN_1992","JAPAN",1992,0,"first_year","Year",1,1,NA,"No_data",NA,NA,NA
"JAPAN_1993","JAPAN",1993,0,"first_year","Year",1,1,NA,"No_data",NA,NA,NA
"JAPAN_1994","JAPAN",1994,0,"first_year","Year",1,1,NA,"No_data",NA,NA,NA
"JAPAN_1995","JAPAN",1995,0,"first_year","Year",1,1,NA,"No_data",NA,NA,NA
"JAPAN_1996","JAPAN",1996,0,"first_year","Year",1,1,NA,"No_data",NA,NA,NA
"JAPAN_1997","JAPAN",1997,0,"first_year","Year",1,1,NA,"No_data",NA,NA,NA
"JAPAN_1998","JAPAN",1998,0,"first_year","Year",1,1,NA,"No_data",NA,NA,NA
"JAPAN_1999","JAPAN",1999,0,"first_year","Year",1,1,9,"OD","Year",1,1
"JAPAN_2000","JAPAN",2000,0,"first_year","Year",1,1,18,"OD","Year",1,1
"JAPAN_2001","JAPAN",2001,0,"first_year","Year",1,1,50,"OD","Year",1,1
"JAPAN_2002","JAPAN",2002,0,"first_year","Year",1,1,52,"OD","Year",1,1
"JAPAN_2003","JAPAN",2003,0,"first_year","Year",1,1,32,"OD","Year",1,1
"JAPAN_2004","JAPAN",2004,0,"first_year","Year",1,1,49,"OD","Year",1,1
"JAPAN_2005","JAPAN",2005,0,"first_year","Year",1,1,74,"OD","Year",1,1
"JAPAN_2006","JAPAN",2006,0,"first_year","Year",1,1,58,"OD","Year",1,1
"JAPAN_2007","JAPAN",2007,0,"first_year","Year",1,1,89,"OD","Year",1,1
"JAPAN_2008","JAPAN",2008,0,"first_year","Year",1,1,101,"OD","Year",1,1
"JAPAN_2009","JAPAN",2009,0,"first_year","Year",1,1,92,"OD","Year",1,1
"JAPAN_2010","JAPAN",2010,0,"first_year","Year",1,1,145,"OD","Year",1,1
"JAPAN_2011","JAPAN",2011,0,"first_year","Year",1,1,NA,"No_data",NA,NA,NA
"JAPAN_2012","JAPAN",2012,0,"first_year","Year",1,1,NA,"No_data",NA,NA,NA
"JAPAN_2013","JAPAN",2013,0,"first_year","Year",1,1,249,"OD","Year",1,1
"JAPAN_2014","JAPAN",2014,161,"ad_hoc_data","Week",53,1,341,"OD","Year",1,1
"JAPAN_2015","JAPAN",2015,0,"OD","Week",52,1,0,"OD","Week",52,1
"JAPAN_2016","JAPAN",2016,0,"OD","Week",52,1,0,"OD","Week",52,1
"JAPAN_2017","JAPAN",2017,0,"OD","Week",52,1,0,"OD","Week",52,1
"JAPAN_2018","JAPAN",2018,0,"OD","Week",52,1,0,"OD","Week",52,1
"JAPAN_2019","JAPAN",2019,3,"OD","Week",52,1,3,"OD","Week",52,1
"JAPAN_2020","JAPAN",2020,0,"ad_hoc_data","Year",1,1,NA,"No_data",NA,NA,NA
"JAPAN_2021","JAPAN",2021,0,"ad_hoc_data","Year",1,1,NA,"No_data",NA,NA,NA
"JAPAN_2022","JAPAN",2022,0,"ad_hoc_data","Year",1,1,NA,"No_data",NA,NA,NA
"JAPAN_2023","JAPAN",2023,0,"ad_hoc_data","Year",1,1,NA,"No_data",NA,NA,NA
"JAPAN_2024","JAPAN",2024,0,"ad_hoc_data","Year",1,1,NA,"No_data",NA,NA,NA
"KENYA_1990","KENYA",1990,NA,"No_data",NA,NA,NA,NA,"No_data",NA,NA,NA
"KENYA_1991","KENYA",1991,NA,"No_data",NA,NA,NA,NA,"No_data",NA,NA,NA
"KENYA_1992","KENYA",1992,NA,"No_data",NA,NA,NA,NA,"No_data",NA,NA,NA
"KENYA_1993","KENYA",1993,NA,"No_data",NA,NA,NA,NA,"No_data",NA,NA,NA
"KENYA_1994","KENYA",1994,NA,"No_data",NA,NA,NA,NA,"No_data",NA,NA,NA
"KENYA_1995","KENYA",1995,NA,"No_data",NA,NA,NA,NA,"No_data",NA,NA,NA
"KENYA_1996","KENYA",1996,NA,"No_data",NA,NA,NA,NA,"No_data",NA,NA,NA
"KENYA_1997","KENYA",1997,NA,"No_data",NA,NA,NA,NA,"No_data",NA,NA,NA
"KENYA_1998","KENYA",1998,NA,"No_data",NA,NA,NA,NA,"No_data",NA,NA,NA
"KENYA_1999","KENYA",1999,NA,"No_data",NA,NA,NA,NA,"No_data",NA,NA,NA
"KENYA_2000","KENYA",2000,NA,"No_data",NA,NA,NA,NA,"No_data",NA,NA,NA
"KENYA_2001","KENYA",2001,NA,"No_data",NA,NA,NA,NA,"No_data",NA,NA,NA
"KENYA_2002","KENYA",2002,NA,"No_data",NA,NA,NA,NA,"No_data",NA,NA,NA
"KENYA_2003","KENYA",2003,NA,"No_data",NA,NA,NA,NA,"No_data",NA,NA,NA
"KENYA_2004","KENYA",2004,NA,"No_data",NA,NA,NA,NA,"No_data",NA,NA,NA
"KENYA_2005","KENYA",2005,NA,"No_data",NA,NA,NA,NA,"No_data",NA,NA,NA
"KENYA_2006","KENYA",2006,NA,"No_data",NA,NA,NA,NA,"No_data",NA,NA,NA
"KENYA_2007","KENYA",2007,NA,"No_data",NA,NA,NA,NA,"No_data",NA,NA,NA
"KENYA_2008","KENYA",2008,NA,"No_data",NA,NA,NA,NA,"No_data",NA,NA,NA
"KENYA_2009","KENYA",2009,NA,"No_data",NA,NA,NA,NA,"No_data",NA,NA,NA
"KENYA_2010","KENYA",2010,NA,"No_data",NA,NA,NA,NA,"No_data",NA,NA,NA
"KENYA_2011","KENYA",2011,NA,"No_data",NA,NA,NA,NA,"No_data",NA,NA,NA
"KENYA_2012","KENYA",2012,NA,"No_data",NA,NA,NA,NA,"No_data",NA,NA,NA
"KENYA_2013","KENYA",2013,267,"ad_hoc_data","Year",1,1,NA,"No_data",NA,NA,NA
"KENYA_2014","KENYA",2014,1022,"ad_hoc_data","Month",12,1,NA,"No_data",NA,NA,NA
"KENYA_2015","KENYA",2015,108,"ad_hoc_data","Month",12,1,NA,"No_data",NA,NA,NA
"KENYA_2016","KENYA",2016,560,"ad_hoc_data","Month",12,1,NA,"No_data",NA,NA,NA
"KENYA_2017","KENYA",2017,1537,"ad_hoc_data","Year",1,1,NA,"No_data",NA,NA,NA
"KENYA_2018","KENYA",2018,NA,"No_data",NA,NA,NA,NA,"No_data",NA,NA,NA
"KENYA_2019","KENYA",2019,660,"ad_hoc_data","Year",1,1,NA,"No_data",NA,NA,NA
"KENYA_2020","KENYA",2020,NA,"No_data",NA,NA,NA,NA,"No_data",NA,NA,NA
"KENYA_2021","KENYA",2021,867,"ad_hoc_data","Year",1,1,NA,"No_data",NA,NA,NA
"KENYA_2022","KENYA",2022,2426,"ad_hoc_data","Year",1,1,NA,"No_data",NA,NA,NA
"KENYA_2023","KENYA",2023,NA,"No_data",NA,NA,NA,NA,"No_data",NA,NA,NA
"KENYA_2024","KENYA",2024,4443,"OD","Month",12,1,4443,"OD","Month",12,1
"KIRIBATI_1990","KIRIBATI",1990,9,"ad_hoc_data","Month",12,1,0,"OD","Year",1,1
"KIRIBATI_1991","KIRIBATI",1991,0,"OD","Year",1,1,0,"OD","Year",1,1
"KIRIBATI_1992","KIRIBATI",1992,0,"ad_hoc_data","Month",12,1,0,"OD","Year",1,1
"KIRIBATI_1993","KIRIBATI",1993,0,"ad_hoc_data","Month",12,1,0,"OD","Year",1,1
"KIRIBATI_1994","KIRIBATI",1994,0,"OD","Year",1,1,0,"OD","Year",1,1
"KIRIBATI_1995","KIRIBATI",1995,0,"ad_hoc_data","Month",12,1,0,"OD","Year",1,1
"KIRIBATI_1996","KIRIBATI",1996,0,"ad_hoc_data","Month",12,1,0,"OD","Year",1,1
"KIRIBATI_1997","KIRIBATI",1997,0,"OD","Year",1,1,0,"OD","Year",1,1
"KIRIBATI_1998","KIRIBATI",1998,0,"OD","Year",1,1,0,"OD","Year",1,1
"KIRIBATI_1999","KIRIBATI",1999,0,"OD","Year",1,1,0,"OD","Year",1,1
"KIRIBATI_2000","KIRIBATI",2000,0,"OD","Year",1,1,0,"OD","Year",1,1
"KIRIBATI_2001","KIRIBATI",2001,0,"OD","Year",1,1,0,"OD","Year",1,1
"KIRIBATI_2002","KIRIBATI",2002,483,"OD","Year",1,1,483,"OD","Year",1,1
"KIRIBATI_2003","KIRIBATI",2003,1660,"OD","Year",1,1,1660,"OD","Year",1,1
"KIRIBATI_2004","KIRIBATI",2004,0,"OD","Year",1,1,0,"OD","Year",1,1
"KIRIBATI_2005","KIRIBATI",2005,0,"OD","Year",1,1,0,"OD","Year",1,1
"KIRIBATI_2006","KIRIBATI",2006,0,"OD","Year",1,1,0,"OD","Year",1,1
"KIRIBATI_2007","KIRIBATI",2007,0,"OD","Year",1,1,0,"OD","Year",1,1
"KIRIBATI_2008","KIRIBATI",2008,831,"OD","Year",1,1,831,"OD","Year",1,1
"KIRIBATI_2009","KIRIBATI",2009,7,"OD","Year",1,1,7,"OD","Year",1,1
"KIRIBATI_2010","KIRIBATI",2010,20,"OD","Year",1,1,20,"OD","Year",1,1
"KIRIBATI_2011","KIRIBATI",2011,4,"OD","Year",1,1,4,"OD","Year",1,1
"KIRIBATI_2012","KIRIBATI",2012,243,"ad_hoc_data","Year",1,1,0,"OD","Year",1,1
"KIRIBATI_2013","KIRIBATI",2013,129,"ad_hoc_data","Month",12,1,NA,"No_data",NA,NA,NA
"KIRIBATI_2014","KIRIBATI",2014,127,"ad_hoc_data","Month",12,1,NA,"No_data",NA,NA,NA
"KIRIBATI_2015","KIRIBATI",2015,470,"ad_hoc_data","Month",12,1,NA,"No_data",NA,NA,NA
"KIRIBATI_2016","KIRIBATI",2016,0,"OD","Year",1,1,0,"OD","Year",1,1
"KIRIBATI_2017","KIRIBATI",2017,40,"OD","Week",27,0.519230769230769,40,"OD","Week",27,0.519230769230769
"KIRIBATI_2018","KIRIBATI",2018,1899,"OD","Year",1,1,1899,"OD","Year",1,1
"KIRIBATI_2019","KIRIBATI",2019,2,"OD","Week",39,0.75,2,"OD","Week",39,0.75
"KIRIBATI_2020","KIRIBATI",2020,0,"OD","Week",22,0.415094339622642,0,"OD","Week",22,0.415094339622642
"KIRIBATI_2021","KIRIBATI",2021,2,"OD","Week",11,0.211538461538462,2,"OD","Week",11,0.211538461538462
"KIRIBATI_2022","KIRIBATI",2022,2662,"OD","Week",34,0.653846153846154,2662,"OD","Week",34,0.653846153846154
"KIRIBATI_2023","KIRIBATI",2023,0,"OD","Week",18,0.346153846153846,0,"OD","Week",18,0.346153846153846
"KIRIBATI_2024","KIRIBATI",2024,59,"OD","Week",40,0.769230769230769,59,"OD","Week",40,0.769230769230769
"LAO PEOPLE'S DEMOCRATIC REPUBLIC_1990","LAO PEOPLE'S DEMOCRATIC REPUBLIC",1990,60,"OD","Year",1,1,60,"OD","Year",1,1
"LAO PEOPLE'S DEMOCRATIC REPUBLIC_1991","LAO PEOPLE'S DEMOCRATIC REPUBLIC",1991,249,"OD","Year",1,1,249,"OD","Year",1,1
"LAO PEOPLE'S DEMOCRATIC REPUBLIC_1992","LAO PEOPLE'S DEMOCRATIC REPUBLIC",1992,265,"OD","Year",1,1,265,"OD","Year",1,1
"LAO PEOPLE'S DEMOCRATIC REPUBLIC_1993","LAO PEOPLE'S DEMOCRATIC REPUBLIC",1993,343,"OD","Year",1,1,343,"OD","Year",1,1
"LAO PEOPLE'S DEMOCRATIC REPUBLIC_1994","LAO PEOPLE'S DEMOCRATIC REPUBLIC",1994,2585,"OD","Year",1,1,2585,"OD","Year",1,1
"LAO PEOPLE'S DEMOCRATIC REPUBLIC_1995","LAO PEOPLE'S DEMOCRATIC REPUBLIC",1995,7781,"OD","Year",1,1,7781,"OD","Year",1,1
"LAO PEOPLE'S DEMOCRATIC REPUBLIC_1996","LAO PEOPLE'S DEMOCRATIC REPUBLIC",1996,8197,"OD","Year",1,1,8197,"OD","Year",1,1
"LAO PEOPLE'S DEMOCRATIC REPUBLIC_1997","LAO PEOPLE'S DEMOCRATIC REPUBLIC",1997,3411,"OD","Year",1,1,3411,"OD","Year",1,1
"LAO PEOPLE'S DEMOCRATIC REPUBLIC_1998","LAO PEOPLE'S DEMOCRATIC REPUBLIC",1998,7671,"OD","Month",12,1,7671,"OD","Month",12,1
"LAO PEOPLE'S DEMOCRATIC REPUBLIC_1999","LAO PEOPLE'S DEMOCRATIC REPUBLIC",1999,2507,"OD","Month",12,1,2507,"OD","Month",12,1
"LAO PEOPLE'S DEMOCRATIC REPUBLIC_2000","LAO PEOPLE'S DEMOCRATIC REPUBLIC",2000,1377,"OD","Month",12,1,1377,"OD","Month",12,1
"LAO PEOPLE'S DEMOCRATIC REPUBLIC_2001","LAO PEOPLE'S DEMOCRATIC REPUBLIC",2001,3968,"OD","Month",12,1,3968,"OD","Month",12,1
"LAO PEOPLE'S DEMOCRATIC REPUBLIC_2002","LAO PEOPLE'S DEMOCRATIC REPUBLIC",2002,9192,"OD","Month",12,1,9176,"OD","Month",12,1
"LAO PEOPLE'S DEMOCRATIC REPUBLIC_2003","LAO PEOPLE'S DEMOCRATIC REPUBLIC",2003,17690,"OD","Month",12,1,17690,"OD","Month",12,1
"LAO PEOPLE'S DEMOCRATIC REPUBLIC_2004","LAO PEOPLE'S DEMOCRATIC REPUBLIC",2004,3972,"OD","Month",12,1,3972,"OD","Month",12,1
"LAO PEOPLE'S DEMOCRATIC REPUBLIC_2005","LAO PEOPLE'S DEMOCRATIC REPUBLIC",2005,6152,"OD","Month",12,1,6152,"OD","Month",12,1
"LAO PEOPLE'S DEMOCRATIC REPUBLIC_2006","LAO PEOPLE'S DEMOCRATIC REPUBLIC",2006,7114,"OD","Month",12,1,7114,"OD","Month",12,1
"LAO PEOPLE'S DEMOCRATIC REPUBLIC_2007","LAO PEOPLE'S DEMOCRATIC REPUBLIC",2007,5391,"OD","Month",12,1,5391,"OD","Month",12,1
"LAO PEOPLE'S DEMOCRATIC REPUBLIC_2008","LAO PEOPLE'S DEMOCRATIC REPUBLIC",2008,4487,"OD","Month",12,1,4487,"OD","Month",12,1
"LAO PEOPLE'S DEMOCRATIC REPUBLIC_2009","LAO PEOPLE'S DEMOCRATIC REPUBLIC",2009,7804,"OD","Month",12,1,7804,"OD","Month",12,1
"LAO PEOPLE'S DEMOCRATIC REPUBLIC_2010","LAO PEOPLE'S DEMOCRATIC REPUBLIC",2010,22929,"OD","Month",12,1,22929,"OD","Month",12,1
"LAO PEOPLE'S DEMOCRATIC REPUBLIC_2011","LAO PEOPLE'S DEMOCRATIC REPUBLIC",2011,3905,"OD","Week",52,1,3816,"OD","Week",52,1
"LAO PEOPLE'S DEMOCRATIC REPUBLIC_2012","LAO PEOPLE'S DEMOCRATIC REPUBLIC",2012,9955,"OD","Week",52,1,9955,"OD","Week",52,1
"LAO PEOPLE'S DEMOCRATIC REPUBLIC_2013","LAO PEOPLE'S DEMOCRATIC REPUBLIC",2013,44250,"OD","Year",1,1,44250,"OD","Year",1,1
"LAO PEOPLE'S DEMOCRATIC REPUBLIC_2014","LAO PEOPLE'S DEMOCRATIC REPUBLIC",2014,1937,"OD","Week",53,1,1937,"OD","Week",53,1
"LAO PEOPLE'S DEMOCRATIC REPUBLIC_2015","LAO PEOPLE'S DEMOCRATIC REPUBLIC",2015,1959,"OD","Week",52,1,1959,"OD","Week",52,1
"LAO PEOPLE'S DEMOCRATIC REPUBLIC_2016","LAO PEOPLE'S DEMOCRATIC REPUBLIC",2016,5636,"OD","Week",52,1,5636,"OD","Week",52,1
"LAO PEOPLE'S DEMOCRATIC REPUBLIC_2017","LAO PEOPLE'S DEMOCRATIC REPUBLIC",2017,11067,"OD","Week",52,1,11067,"OD","Week",52,1
"LAO PEOPLE'S DEMOCRATIC REPUBLIC_2018","LAO PEOPLE'S DEMOCRATIC REPUBLIC",2018,6446,"OD","Week",52,1,6446,"OD","Week",52,1
"LAO PEOPLE'S DEMOCRATIC REPUBLIC_2019","LAO PEOPLE'S DEMOCRATIC REPUBLIC",2019,39091,"OD","Week",52,1,39091,"OD","Week",52,1
"LAO PEOPLE'S DEMOCRATIC REPUBLIC_2020","LAO PEOPLE'S DEMOCRATIC REPUBLIC",2020,7735,"OD","Week",53,1,7735,"OD","Week",53,1
"LAO PEOPLE'S DEMOCRATIC REPUBLIC_2021","LAO PEOPLE'S DEMOCRATIC REPUBLIC",2021,1340,"OD","Week",52,1,1340,"OD","Week",52,1
"LAO PEOPLE'S DEMOCRATIC REPUBLIC_2022","LAO PEOPLE'S DEMOCRATIC REPUBLIC",2022,29014,"OD","Week",51,0.980769230769231,29014,"OD","Week",51,0.980769230769231
"LAO PEOPLE'S DEMOCRATIC REPUBLIC_2023","LAO PEOPLE'S DEMOCRATIC REPUBLIC",2023,31943,"OD","Week",49,0.942307692307692,31943,"OD","Week",49,0.942307692307692
"LAO PEOPLE'S DEMOCRATIC REPUBLIC_2024","LAO PEOPLE'S DEMOCRATIC REPUBLIC",2024,19486,"OD","Month",12,1,19486,"OD","Month",12,1
"LIBERIA_1990","LIBERIA",1990,NA,"No_data",NA,NA,NA,NA,NA,NA,NA,NA
"LIBERIA_1991","LIBERIA",1991,NA,"No_data",NA,NA,NA,NA,NA,NA,NA,NA
"LIBERIA_1992","LIBERIA",1992,NA,"No_data",NA,NA,NA,NA,NA,NA,NA,NA
"LIBERIA_1993","LIBERIA",1993,NA,"No_data",NA,NA,NA,NA,NA,NA,NA,NA
"LIBERIA_1994","LIBERIA",1994,NA,"No_data",NA,NA,NA,NA,NA,NA,NA,NA
"LIBERIA_1995","LIBERIA",1995,NA,"No_data",NA,NA,NA,NA,NA,NA,NA,NA
"LIBERIA_1996","LIBERIA",1996,NA,"No_data",NA,NA,NA,NA,NA,NA,NA,NA
"LIBERIA_1997","LIBERIA",1997,NA,"No_data",NA,NA,NA,NA,NA,NA,NA,NA
"LIBERIA_1998","LIBERIA",1998,NA,"No_data",NA,NA,NA,NA,NA,NA,NA,NA
"LIBERIA_1999","LIBERIA",1999,NA,"No_data",NA,NA,NA,NA,NA,NA,NA,NA
"LIBERIA_2000","LIBERIA",2000,NA,"No_data",NA,NA,NA,NA,NA,NA,NA,NA
"LIBERIA_2001","LIBERIA",2001,NA,"No_data",NA,NA,NA,NA,NA,NA,NA,NA
"LIBERIA_2002","LIBERIA",2002,NA,"No_data",NA,NA,NA,NA,NA,NA,NA,NA
"LIBERIA_2003","LIBERIA",2003,NA,"No_data",NA,NA,NA,NA,NA,NA,NA,NA
"LIBERIA_2004","LIBERIA",2004,NA,"No_data",NA,NA,NA,NA,NA,NA,NA,NA
"LIBERIA_2005","LIBERIA",2005,NA,"No_data",NA,NA,NA,NA,NA,NA,NA,NA
"LIBERIA_2006","LIBERIA",2006,NA,"No_data",NA,NA,NA,NA,NA,NA,NA,NA
"LIBERIA_2007","LIBERIA",2007,NA,"No_data",NA,NA,NA,NA,NA,NA,NA,NA
"LIBERIA_2008","LIBERIA",2008,NA,"No_data",NA,NA,NA,NA,NA,NA,NA,NA
"LIBERIA_2009","LIBERIA",2009,NA,"No_data",NA,NA,NA,NA,NA,NA,NA,NA
"LIBERIA_2010","LIBERIA",2010,NA,"No_data",NA,NA,NA,NA,NA,NA,NA,NA
"LIBERIA_2011","LIBERIA",2011,NA,"No_data",NA,NA,NA,NA,NA,NA,NA,NA
"LIBERIA_2012","LIBERIA",2012,NA,"No_data",NA,NA,NA,NA,NA,NA,NA,NA
"LIBERIA_2013","LIBERIA",2013,NA,"No_data",NA,NA,NA,NA,NA,NA,NA,NA
"LIBERIA_2014","LIBERIA",2014,NA,"No_data",NA,NA,NA,NA,NA,NA,NA,NA
"LIBERIA_2015","LIBERIA",2015,NA,"No_data",NA,NA,NA,NA,NA,NA,NA,NA
"LIBERIA_2016","LIBERIA",2016,NA,"No_data",NA,NA,NA,NA,NA,NA,NA,NA
"LIBERIA_2017","LIBERIA",2017,NA,"No_data",NA,NA,NA,NA,NA,NA,NA,NA
"LIBERIA_2018","LIBERIA",2018,NA,"No_data",NA,NA,NA,NA,NA,NA,NA,NA
"LIBERIA_2019","LIBERIA",2019,NA,"No_data",NA,NA,NA,NA,NA,NA,NA,NA
"LIBERIA_2020","LIBERIA",2020,NA,"No_data",NA,NA,NA,NA,NA,NA,NA,NA
"LIBERIA_2021","LIBERIA",2021,NA,"No_data",NA,NA,NA,NA,NA,NA,NA,NA
"LIBERIA_2022","LIBERIA",2022,NA,"No_data",NA,NA,NA,NA,NA,NA,NA,NA
"LIBERIA_2023","LIBERIA",2023,NA,"No_data",NA,NA,NA,NA,NA,NA,NA,NA
"LIBERIA_2024","LIBERIA",2024,45,"ad_hoc_data","Month",7,0.583333333333333,NA,NA,NA,NA,NA
"MACAU_1990","MACAU",1990,0,"first_year","Year",1,1,NA,"No_data",NA,NA,NA
"MACAU_1991","MACAU",1991,0,"first_year","Year",1,1,NA,"No_data",NA,NA,NA
"MACAU_1992","MACAU",1992,0,"first_year","Year",1,1,NA,"No_data",NA,NA,NA
"MACAU_1993","MACAU",1993,0,"first_year","Year",1,1,NA,"No_data",NA,NA,NA
"MACAU_1994","MACAU",1994,0,"first_year","Year",1,1,NA,"No_data",NA,NA,NA
"MACAU_1995","MACAU",1995,0,"first_year","Year",1,1,NA,"No_data",NA,NA,NA
"MACAU_1996","MACAU",1996,0,"first_year","Year",1,1,NA,"No_data",NA,NA,NA
"MACAU_1997","MACAU",1997,0,"first_year","Year",1,1,NA,"No_data",NA,NA,NA
"MACAU_1998","MACAU",1998,0,"first_year","Year",1,1,NA,"No_data",NA,NA,NA
"MACAU_1999","MACAU",1999,0,"first_year","Year",1,1,NA,"No_data",NA,NA,NA
"MACAU_2000","MACAU",2000,0,"first_year","Year",1,1,0,"OD","Year",1,1
"MACAU_2001","MACAU",2001,1418,"OD","Year",1,1,1418,"OD","Year",1,1
"MACAU_2002","MACAU",2002,2,"OD","Year",1,1,2,"OD","Year",1,1
"MACAU_2003","MACAU",2003,28,"OD","Year",1,1,28,"OD","Year",1,1
"MACAU_2004","MACAU",2004,2,"OD","Year",1,1,2,"OD","Year",1,1
"MACAU_2005","MACAU",2005,0,"OD","Year",1,1,0,"OD","Year",1,1
"MACAU_2006","MACAU",2006,6,"OD","Year",1,1,6,"OD","Year",1,1
"MACAU_2007","MACAU",2007,14,"OD","Year",1,1,14,"OD","Year",1,1
"MACAU_2008","MACAU",2008,3,"OD","Year",1,1,3,"OD","Year",1,1
"MACAU_2009","MACAU",2009,6,"ad_hoc_data","Year",1,1,NA,"No_data",NA,NA,NA
"MACAU_2010","MACAU",2010,6,"OD","Year",1,1,6,"OD","Year",1,1
"MACAU_2011","MACAU",2011,3,"ad_hoc_data","Year",1,1,NA,"No_data",NA,NA,NA
"MACAU_2012","MACAU",2012,24,"ad_hoc_data","Year",1,1,NA,"No_data",NA,NA,NA
"MACAU_2013","MACAU",2013,9,"OD","Year",1,1,9,"OD","Year",1,1
"MACAU_2014","MACAU",2014,17,"OD","Year",1,1,17,"OD","Year",1,1
"MACAU_2015","MACAU",2015,3,"OD","Year",1,1,3,"OD","Year",1,1
"MACAU_2016","MACAU",2016,11,"OD","Year",1,1,11,"OD","Year",1,1
"MACAU_2017","MACAU",2017,17,"OD","Year",1,1,17,"OD","Year",1,1
"MACAU_2018","MACAU",2018,18,"OD","Year",1,1,18,"OD","Year",1,1
"MACAU_2019","MACAU",2019,0,"ad_hoc_data","Year",1,1,NA,"No_data",NA,NA,NA
"MACAU_2020","MACAU",2020,0,"ad_hoc_data","Year",1,1,NA,"No_data",NA,NA,NA
"MACAU_2021","MACAU",2021,0,"ad_hoc_data","Year",1,1,NA,"No_data",NA,NA,NA
"MACAU_2022","MACAU",2022,0,"ad_hoc_data","Year",1,1,NA,"No_data",NA,NA,NA
"MACAU_2023","MACAU",2023,0,"ad_hoc_data","Year",1,1,NA,"No_data",NA,NA,NA
"MACAU_2024","MACAU",2024,48,"ad_hoc_data","Year",1,1,NA,"No_data",NA,NA,NA
"MADAGASCAR_1990","MADAGASCAR",1990,NA,"No_data",NA,NA,NA,NA,NA,NA,NA,NA
"MADAGASCAR_1991","MADAGASCAR",1991,NA,"No_data",NA,NA,NA,NA,NA,NA,NA,NA
"MADAGASCAR_1992","MADAGASCAR",1992,NA,"No_data",NA,NA,NA,NA,NA,NA,NA,NA
"MADAGASCAR_1993","MADAGASCAR",1993,NA,"No_data",NA,NA,NA,NA,NA,NA,NA,NA
"MADAGASCAR_1994","MADAGASCAR",1994,NA,"No_data",NA,NA,NA,NA,NA,NA,NA,NA
"MADAGASCAR_1995","MADAGASCAR",1995,NA,"No_data",NA,NA,NA,NA,NA,NA,NA,NA
"MADAGASCAR_1996","MADAGASCAR",1996,NA,"No_data",NA,NA,NA,NA,NA,NA,NA,NA
"MADAGASCAR_1997","MADAGASCAR",1997,NA,"No_data",NA,NA,NA,NA,NA,NA,NA,NA
"MADAGASCAR_1998","MADAGASCAR",1998,NA,"No_data",NA,NA,NA,NA,NA,NA,NA,NA
"MADAGASCAR_1999","MADAGASCAR",1999,NA,"No_data",NA,NA,NA,NA,NA,NA,NA,NA
"MADAGASCAR_2000","MADAGASCAR",2000,NA,"No_data",NA,NA,NA,NA,NA,NA,NA,NA
"MADAGASCAR_2001","MADAGASCAR",2001,NA,"No_data",NA,NA,NA,NA,NA,NA,NA,NA
"MADAGASCAR_2002","MADAGASCAR",2002,NA,"No_data",NA,NA,NA,NA,NA,NA,NA,NA
"MADAGASCAR_2003","MADAGASCAR",2003,NA,"No_data",NA,NA,NA,NA,NA,NA,NA,NA
"MADAGASCAR_2004","MADAGASCAR",2004,NA,"No_data",NA,NA,NA,NA,NA,NA,NA,NA
"MADAGASCAR_2005","MADAGASCAR",2005,NA,"No_data",NA,NA,NA,NA,NA,NA,NA,NA
"MADAGASCAR_2006","MADAGASCAR",2006,2942,"ad_hoc_data","Week",52,1,NA,NA,NA,NA,NA
"MADAGASCAR_2007","MADAGASCAR",2007,NA,"No_data",NA,NA,NA,NA,NA,NA,NA,NA
"MADAGASCAR_2008","MADAGASCAR",2008,55,"ad_hoc_data","Year",1,1,NA,NA,NA,NA,NA
"MADAGASCAR_2009","MADAGASCAR",2009,NA,"No_data",NA,NA,NA,NA,NA,NA,NA,NA
"MADAGASCAR_2010","MADAGASCAR",2010,NA,"No_data",NA,NA,NA,NA,NA,NA,NA,NA
"MADAGASCAR_2011","MADAGASCAR",2011,NA,"No_data",NA,NA,NA,NA,NA,NA,NA,NA
"MADAGASCAR_2012","MADAGASCAR",2012,NA,"No_data",NA,NA,NA,NA,NA,NA,NA,NA
"MADAGASCAR_2013","MADAGASCAR",2013,NA,"No_data",NA,NA,NA,NA,NA,NA,NA,NA
"MADAGASCAR_2014","MADAGASCAR",2014,NA,"No_data",NA,NA,NA,NA,NA,NA,NA,NA
"MADAGASCAR_2015","MADAGASCAR",2015,NA,"No_data",NA,NA,NA,NA,NA,NA,NA,NA
"MADAGASCAR_2016","MADAGASCAR",2016,NA,"No_data",NA,NA,NA,NA,NA,NA,NA,NA
"MADAGASCAR_2017","MADAGASCAR",2017,NA,"No_data",NA,NA,NA,NA,NA,NA,NA,NA
"MADAGASCAR_2018","MADAGASCAR",2018,NA,"No_data",NA,NA,NA,NA,NA,NA,NA,NA
"MADAGASCAR_2019","MADAGASCAR",2019,NA,"No_data",NA,NA,NA,NA,NA,NA,NA,NA
"MADAGASCAR_2020","MADAGASCAR",2020,NA,"No_data",NA,NA,NA,NA,NA,NA,NA,NA
"MADAGASCAR_2021","MADAGASCAR",2021,NA,"No_data",NA,NA,NA,NA,NA,NA,NA,NA
"MADAGASCAR_2022","MADAGASCAR",2022,NA,"No_data",NA,NA,NA,NA,NA,NA,NA,NA
"MADAGASCAR_2023","MADAGASCAR",2023,NA,"No_data",NA,NA,NA,NA,NA,NA,NA,NA
"MADAGASCAR_2024","MADAGASCAR",2024,0,"ad_hoc_data","Month",6,0.5,NA,NA,NA,NA,NA
"MALAYSIA_1990","MALAYSIA",1990,4880,"OD","Year",1,1,4880,"OD","Year",1,1
"MALAYSIA_1991","MALAYSIA",1991,6628,"OD","Year",1,1,6628,"OD","Year",1,1
"MALAYSIA_1992","MALAYSIA",1992,5473,"OD","Year",1,1,5473,"OD","Year",1,1
"MALAYSIA_1993","MALAYSIA",1993,5615,"OD","Month",12,1,5615,"OD","Month",12,1
"MALAYSIA_1994","MALAYSIA",1994,3133,"OD","Month",12,1,3133,"OD","Month",12,1
"MALAYSIA_1995","MALAYSIA",1995,6600,"OD","Month",12,1,6600,"OD","Month",12,1
"MALAYSIA_1996","MALAYSIA",1996,14255,"OD","Month",12,1,14255,"OD","Month",12,1
"MALAYSIA_1997","MALAYSIA",1997,19544,"OD","Month",12,1,19429,"OD","Month",12,1
"MALAYSIA_1998","MALAYSIA",1998,27381,"OD","Month",12,1,27381,"OD","Month",12,1
"MALAYSIA_1999","MALAYSIA",1999,10146,"OD","Month",12,1,10146,"OD","Month",12,1
"MALAYSIA_2000","MALAYSIA",2000,8805,"OD","Month",12,1,8805,"OD","Month",12,1
"MALAYSIA_2001","MALAYSIA",2001,16368,"OD","Month",12,1,16368,"OD","Month",12,1
"MALAYSIA_2002","MALAYSIA",2002,32767,"OD","Month",12,1,32767,"OD","Month",12,1
"MALAYSIA_2003","MALAYSIA",2003,31545,"OD","Month",12,1,31545,"OD","Month",12,1
"MALAYSIA_2004","MALAYSIA",2004,33895,"OD","Month",12,1,33895,"OD","Month",12,1
"MALAYSIA_2005","MALAYSIA",2005,39686,"OD","Month",12,1,39686,"OD","Month",12,1
"MALAYSIA_2006","MALAYSIA",2006,38556,"OD","Month",12,1,38556,"OD","Month",12,1
"MALAYSIA_2007","MALAYSIA",2007,48846,"OD","Month",12,1,48846,"OD","Month",12,1
"MALAYSIA_2008","MALAYSIA",2008,49335,"OD","Month",12,1,49335,"OD","Month",12,1
"MALAYSIA_2009","MALAYSIA",2009,41486,"OD","Month",12,1,41486,"OD","Month",12,1
"MALAYSIA_2010","MALAYSIA",2010,46171,"OD","Month",12,1,46171,"OD","Month",12,1
"MALAYSIA_2011","MALAYSIA",2011,20040,"OD","Week",52,1,20040,"OD","Week",52,1
"MALAYSIA_2012","MALAYSIA",2012,22673,"OD","Week",52,1,22673,"OD","Week",52,1
"MALAYSIA_2013","MALAYSIA",2013,43346,"OD","Week",52,1,43346,"OD","Week",52,1
"MALAYSIA_2014","MALAYSIA",2014,108698,"OD","Year",1,1,108698,"OD","Year",1,1
"MALAYSIA_2015","MALAYSIA",2015,121619,"OD","Week",52,1,121619,"OD","Week",52,1
"MALAYSIA_2016","MALAYSIA",2016,109037,"OD","Week",52,1,109037,"OD","Week",52,1
"MALAYSIA_2017","MALAYSIA",2017,89487,"OD","Week",52,1,89487,"OD","Week",52,1
"MALAYSIA_2018","MALAYSIA",2018,82122,"OD","Week",52,1,82122,"OD","Week",52,1
"MALAYSIA_2019","MALAYSIA",2019,130101,"OD","Week",52,1,130101,"OD","Week",52,1
"MALAYSIA_2020","MALAYSIA",2020,88386,"OD","Week",50,0.943396226415094,88386,"OD","Week",50,0.943396226415094
"MALAYSIA_2021","MALAYSIA",2021,26978,"OD","Week",52,1,26978,"OD","Week",52,1
"MALAYSIA_2022","MALAYSIA",2022,65732,"OD","Week",52,1,65732,"OD","Week",52,1
"MALAYSIA_2023","MALAYSIA",2023,123133,"OD","Year",1,1,123133,"OD","Year",1,1
"MALAYSIA_2024","MALAYSIA",2024,122423,"OD","Month",12,1,122423,"OD","Month",12,1
"MALDIVES_1990","MALDIVES",1990,0,"OD","Year",1,1,0,"OD","Year",1,1
"MALDIVES_1991","MALDIVES",1991,0,"OD","Year",1,1,0,"OD","Year",1,1
"MALDIVES_1992","MALDIVES",1992,0,"OD","Year",1,1,0,"OD","Year",1,1
"MALDIVES_1993","MALDIVES",1993,0,"OD","Year",1,1,0,"OD","Year",1,1
"MALDIVES_1994","MALDIVES",1994,0,"OD","Year",1,1,0,"OD","Year",1,1
"MALDIVES_1995","MALDIVES",1995,0,"OD","Year",1,1,0,"OD","Year",1,1
"MALDIVES_1996","MALDIVES",1996,0,"OD","Year",1,1,0,"OD","Year",1,1
"MALDIVES_1997","MALDIVES",1997,3,"OD","Year",1,1,3,"OD","Year",1,1
"MALDIVES_1998","MALDIVES",1998,2000,"ad_hoc_data","Year",1,1,1750,"OD","Year",1,1
"MALDIVES_1999","MALDIVES",1999,118,"OD","Year",1,1,118,"OD","Year",1,1
"MALDIVES_2000","MALDIVES",2000,180,"OD","Year",1,1,180,"OD","Year",1,1
"MALDIVES_2001","MALDIVES",2001,73,"OD","Year",1,1,73,"OD","Year",1,1
"MALDIVES_2002","MALDIVES",2002,27,"OD","Year",1,1,27,"OD","Year",1,1
"MALDIVES_2003","MALDIVES",2003,38,"OD","Year",1,1,38,"OD","Year",1,1
"MALDIVES_2004","MALDIVES",2004,742,"OD","Year",1,1,742,"OD","Year",1,1
"MALDIVES_2005","MALDIVES",2005,1126,"OD","Year",1,1,1126,"OD","Year",1,1
"MALDIVES_2006","MALDIVES",2006,2836,"OD","Month",12,1,2777,"OD","Month",12,1
"MALDIVES_2007","MALDIVES",2007,1680,"OD","Month",12,1,1680,"OD","Month",12,1
"MALDIVES_2008","MALDIVES",2008,1824,"OD","Month",12,1,1824,"OD","Month",12,1
"MALDIVES_2009","MALDIVES",2009,845,"OD","Month",12,1,845,"OD","Month",12,1
"MALDIVES_2010","MALDIVES",2010,1000,"OD","Month",12,1,1000,"OD","Month",12,1
"MALDIVES_2011","MALDIVES",2011,2909,"OD","Month",12,1,2909,"OD","Month",12,1
"MALDIVES_2012","MALDIVES",2012,1083,"OD","Month",12,1,1083,"OD","Month",12,1
"MALDIVES_2013","MALDIVES",2013,725,"OD","Month",12,1,725,"OD","Month",12,1
"MALDIVES_2014","MALDIVES",2014,824,"OD","Month",12,1,824,"OD","Month",12,1
"MALDIVES_2015","MALDIVES",2015,1890,"OD","Month",12,1,1890,"OD","Month",12,1
"MALDIVES_2016","MALDIVES",2016,1962,"OD","Month",12,1,1962,"OD","Month",12,1
"MALDIVES_2017","MALDIVES",2017,851,"OD","Year",1,1,851,"OD","Year",1,1
"MALDIVES_2018","MALDIVES",2018,3403,"ad_hoc_data","Year",1,1,1838,"OD","Year",1,1
"MALDIVES_2019","MALDIVES",2019,5008,"ad_hoc_data","Year",1,1,2156,"OD","Year",1,1
"MALDIVES_2020","MALDIVES",2020,328,"OD","Month",12,1,328,"OD","Month",12,1
"MALDIVES_2021","MALDIVES",2021,NA,"No_data",NA,NA,NA,NA,"No_data",NA,NA,NA
"MALDIVES_2022","MALDIVES",2022,2695,"ad_hoc_data","Month",12,1,2648,"OD","Month",10,0.833333333333333
"MALDIVES_2023","MALDIVES",2023,3417,"OD","Month",12,1,3417,"OD","Month",12,1
"MALDIVES_2024","MALDIVES",2024,3294,"OD","Month",12,1,3294,"OD","Month",12,1
"MALI_1990","MALI",1990,NA,"No_data",NA,NA,NA,NA,"No_data",NA,NA,NA
"MALI_1991","MALI",1991,NA,"No_data",NA,NA,NA,NA,"No_data",NA,NA,NA
"MALI_1992","MALI",1992,NA,"No_data",NA,NA,NA,NA,"No_data",NA,NA,NA
"MALI_1993","MALI",1993,NA,"No_data",NA,NA,NA,NA,"No_data",NA,NA,NA
"MALI_1994","MALI",1994,NA,"No_data",NA,NA,NA,NA,"No_data",NA,NA,NA
"MALI_1995","MALI",1995,NA,"No_data",NA,NA,NA,NA,"No_data",NA,NA,NA
"MALI_1996","MALI",1996,NA,"No_data",NA,NA,NA,NA,"No_data",NA,NA,NA
"MALI_1997","MALI",1997,NA,"No_data",NA,NA,NA,NA,"No_data",NA,NA,NA
"MALI_1998","MALI",1998,NA,"No_data",NA,NA,NA,NA,"No_data",NA,NA,NA
"MALI_1999","MALI",1999,NA,"No_data",NA,NA,NA,NA,"No_data",NA,NA,NA
"MALI_2000","MALI",2000,NA,"No_data",NA,NA,NA,NA,"No_data",NA,NA,NA
"MALI_2001","MALI",2001,NA,"No_data",NA,NA,NA,NA,"No_data",NA,NA,NA
"MALI_2002","MALI",2002,NA,"No_data",NA,NA,NA,NA,"No_data",NA,NA,NA
"MALI_2003","MALI",2003,NA,"No_data",NA,NA,NA,NA,"No_data",NA,NA,NA
"MALI_2004","MALI",2004,NA,"No_data",NA,NA,NA,NA,"No_data",NA,NA,NA
"MALI_2005","MALI",2005,NA,"No_data",NA,NA,NA,NA,"No_data",NA,NA,NA
"MALI_2006","MALI",2006,NA,"No_data",NA,NA,NA,NA,"No_data",NA,NA,NA
"MALI_2007","MALI",2007,NA,"No_data",NA,NA,NA,NA,"No_data",NA,NA,NA
"MALI_2008","MALI",2008,72,"ad_hoc_data","Year",1,1,NA,"No_data",NA,NA,NA
"MALI_2009","MALI",2009,NA,"No_data",NA,NA,NA,NA,"No_data",NA,NA,NA
"MALI_2010","MALI",2010,NA,"No_data",NA,NA,NA,NA,"No_data",NA,NA,NA
"MALI_2011","MALI",2011,NA,"No_data",NA,NA,NA,NA,"No_data",NA,NA,NA
"MALI_2012","MALI",2012,NA,"No_data",NA,NA,NA,NA,"No_data",NA,NA,NA
"MALI_2013","MALI",2013,NA,"No_data",NA,NA,NA,NA,"No_data",NA,NA,NA
"MALI_2014","MALI",2014,NA,"No_data",NA,NA,NA,NA,"No_data",NA,NA,NA
"MALI_2015","MALI",2015,NA,"No_data",NA,NA,NA,NA,"No_data",NA,NA,NA
"MALI_2016","MALI",2016,NA,"No_data",NA,NA,NA,NA,"No_data",NA,NA,NA
"MALI_2017","MALI",2017,429,"ad_hoc_data","Year",1,1,NA,"No_data",NA,NA,NA
"MALI_2018","MALI",2018,NA,"No_data",NA,NA,NA,NA,"No_data",NA,NA,NA
"MALI_2019","MALI",2019,20,"ad_hoc_data","Year",1,1,NA,"No_data",NA,NA,NA
"MALI_2020","MALI",2020,NA,"No_data",NA,NA,NA,NA,"No_data",NA,NA,NA
"MALI_2021","MALI",2021,NA,"No_data",NA,NA,NA,NA,"No_data",NA,NA,NA
"MALI_2022","MALI",2022,NA,"No_data",NA,NA,NA,NA,"No_data",NA,NA,NA
"MALI_2023","MALI",2023,5537,"ad_hoc_data","Week",52,1,NA,"No_data",NA,NA,NA
"MALI_2024","MALI",2024,9556,"OD","Month",12,1,9556,"OD","Month",12,1
"MARSHALL ISLANDS_1990","MARSHALL ISLANDS",1990,NA,"No_data",NA,NA,NA,NA,"No_data",NA,NA,NA
"MARSHALL ISLANDS_1991","MARSHALL ISLANDS",1991,56,"ad_hoc_data","Month",12,1,56,"OD","Year",1,1
"MARSHALL ISLANDS_1992","MARSHALL ISLANDS",1992,0,"OD","Year",1,1,0,"OD","Year",1,1
"MARSHALL ISLANDS_1993","MARSHALL ISLANDS",1993,0,"OD","Year",1,1,0,"OD","Year",1,1
"MARSHALL ISLANDS_1994","MARSHALL ISLANDS",1994,0,"OD","Year",1,1,0,"OD","Year",1,1
"MARSHALL ISLANDS_1995","MARSHALL ISLANDS",1995,0,"ad_hoc_data","Month",12,1,0,"OD","Year",1,1
"MARSHALL ISLANDS_1996","MARSHALL ISLANDS",1996,0,"ad_hoc_data","Month",12,1,0,"OD","Year",1,1
"MARSHALL ISLANDS_1997","MARSHALL ISLANDS",1997,0,"OD","Year",1,1,0,"OD","Year",1,1
"MARSHALL ISLANDS_1998","MARSHALL ISLANDS",1998,0,"OD","Year",1,1,0,"OD","Year",1,1
"MARSHALL ISLANDS_1999","MARSHALL ISLANDS",1999,0,"OD","Year",1,1,0,"OD","Year",1,1
"MARSHALL ISLANDS_2000","MARSHALL ISLANDS",2000,0,"OD","Year",1,1,0,"OD","Year",1,1
"MARSHALL ISLANDS_2001","MARSHALL ISLANDS",2001,0,"OD","Year",1,1,0,"OD","Year",1,1
"MARSHALL ISLANDS_2002","MARSHALL ISLANDS",2002,0,"OD","Year",1,1,0,"OD","Year",1,1
"MARSHALL ISLANDS_2003","MARSHALL ISLANDS",2003,0,"OD","Year",1,1,0,"OD","Year",1,1
"MARSHALL ISLANDS_2004","MARSHALL ISLANDS",2004,0,"OD","Year",1,1,0,"OD","Year",1,1
"MARSHALL ISLANDS_2005","MARSHALL ISLANDS",2005,0,"OD","Year",1,1,0,"OD","Year",1,1
"MARSHALL ISLANDS_2006","MARSHALL ISLANDS",2006,0,"OD","Year",1,1,0,"OD","Year",1,1
"MARSHALL ISLANDS_2007","MARSHALL ISLANDS",2007,0,"OD","Year",1,1,0,"OD","Year",1,1
"MARSHALL ISLANDS_2008","MARSHALL ISLANDS",2008,0,"OD","Year",1,1,0,"OD","Year",1,1
"MARSHALL ISLANDS_2009","MARSHALL ISLANDS",2009,0,"OD","Year",1,1,0,"OD","Year",1,1
"MARSHALL ISLANDS_2010","MARSHALL ISLANDS",2010,0,"OD","Year",1,1,0,"OD","Year",1,1
"MARSHALL ISLANDS_2011","MARSHALL ISLANDS",2011,1257,"OD","Year",1,1,1257,"OD","Year",1,1
"MARSHALL ISLANDS_2012","MARSHALL ISLANDS",2012,182,"ad_hoc_data","Year",1,1,0,"OD","Year",1,1
"MARSHALL ISLANDS_2013","MARSHALL ISLANDS",2013,0,"ad_hoc_data","Year",1,1,NA,"No_data",NA,NA,NA
"MARSHALL ISLANDS_2014","MARSHALL ISLANDS",2014,0,"ad_hoc_data","Year",1,1,NA,"No_data",NA,NA,NA
"MARSHALL ISLANDS_2015","MARSHALL ISLANDS",2015,0,"ad_hoc_data","Year",1,1,NA,"No_data",NA,NA,NA
"MARSHALL ISLANDS_2016","MARSHALL ISLANDS",2016,1,"ad_hoc_data","Year",1,1,NA,"No_data",NA,NA,NA
"MARSHALL ISLANDS_2017","MARSHALL ISLANDS",2017,0,"OD","Week",22,0.423076923076923,0,"OD","Week",22,0.423076923076923
"MARSHALL ISLANDS_2018","MARSHALL ISLANDS",2018,0,"OD","Week",19,0.365384615384615,0,"OD","Week",19,0.365384615384615
"MARSHALL ISLANDS_2019","MARSHALL ISLANDS",2019,1635,"OD","Year",1,1,1635,"OD","Year",1,1
"MARSHALL ISLANDS_2020","MARSHALL ISLANDS",2020,990,"OD","Week",18,0.339622641509434,990,"OD","Week",18,0.339622641509434
"MARSHALL ISLANDS_2021","MARSHALL ISLANDS",2021,0,"OD","Week",13,0.25,0,"OD","Week",13,0.25
"MARSHALL ISLANDS_2022","MARSHALL ISLANDS",2022,510,"OD","Week",27,0.519230769230769,510,"OD","Week",27,0.519230769230769
"MARSHALL ISLANDS_2023","MARSHALL ISLANDS",2023,1,"OD","Week",18,0.346153846153846,1,"OD","Week",18,0.346153846153846
"MARSHALL ISLANDS_2024","MARSHALL ISLANDS",2024,0,"OD","Week",40,0.769230769230769,0,"OD","Week",40,0.769230769230769
"MARTINIQUE_1990","MARTINIQUE",1990,4,"OD","Year",1,1,4,"OD","Year",1,1
"MARTINIQUE_1991","MARTINIQUE",1991,0,"OD","Year",1,1,0,"OD","Year",1,1
"MARTINIQUE_1992","MARTINIQUE",1992,38,"OD","Year",1,1,38,"OD","Year",1,1
"MARTINIQUE_1993","MARTINIQUE",1993,0,"OD","Year",1,1,0,"OD","Year",1,1
"MARTINIQUE_1994","MARTINIQUE",1994,0,"OD","Year",1,1,0,"OD","Year",1,1
"MARTINIQUE_1995","MARTINIQUE",1995,516,"OD","Year",1,1,516,"OD","Year",1,1
"MARTINIQUE_1996","MARTINIQUE",1996,416,"OD","Year",1,1,416,"OD","Year",1,1
"MARTINIQUE_1997","MARTINIQUE",1997,235,"OD","Year",1,1,235,"OD","Year",1,1
"MARTINIQUE_1998","MARTINIQUE",1998,44,"OD","Year",1,1,44,"OD","Year",1,1
"MARTINIQUE_1999","MARTINIQUE",1999,268,"OD","Year",1,1,268,"OD","Year",1,1
"MARTINIQUE_2000","MARTINIQUE",2000,171,"OD","Year",1,1,171,"OD","Year",1,1
"MARTINIQUE_2001","MARTINIQUE",2001,4468,"OD","Year",1,1,4468,"OD","Year",1,1
"MARTINIQUE_2002","MARTINIQUE",2002,392,"OD","Year",1,1,392,"OD","Year",1,1
"MARTINIQUE_2003","MARTINIQUE",2003,791,"OD","Year",1,1,791,"OD","Year",1,1
"MARTINIQUE_2004","MARTINIQUE",2004,0,"OD","Year",1,1,0,"OD","Year",1,1
"MARTINIQUE_2005","MARTINIQUE",2005,6080,"OD","Year",1,1,6080,"OD","Year",1,1
"MARTINIQUE_2006","MARTINIQUE",2006,4085,"OD","Year",1,1,4085,"OD","Year",1,1
"MARTINIQUE_2007","MARTINIQUE",2007,4918,"OD","Year",1,1,4918,"OD","Year",1,1
"MARTINIQUE_2008","MARTINIQUE",2008,586,"OD","Year",1,1,586,"OD","Year",1,1
"MARTINIQUE_2009","MARTINIQUE",2009,1377,"OD","Year",1,1,1377,"OD","Year",1,1
"MARTINIQUE_2010","MARTINIQUE",2010,36579,"OD","Year",1,1,36579,"OD","Year",1,1
"MARTINIQUE_2011","MARTINIQUE",2011,275,"OD","Year",1,1,275,"OD","Year",1,1
"MARTINIQUE_2012","MARTINIQUE",2012,1511,"OD","Year",1,1,1511,"OD","Year",1,1
"MARTINIQUE_2013","MARTINIQUE",2013,7040,"OD","Year",1,1,7040,"OD","Year",1,1
"MARTINIQUE_2014","MARTINIQUE",2014,1680,"OD","Week",53,1,1680,"OD","Week",53,1
"MARTINIQUE_2015","MARTINIQUE",2015,207,"OD","Year",1,1,207,"OD","Year",1,1
"MARTINIQUE_2016","MARTINIQUE",2016,158,"OD","Year",1,1,158,"OD","Year",1,1
"MARTINIQUE_2017","MARTINIQUE",2017,113,"OD","Week",52,1,113,"OD","Week",52,1
"MARTINIQUE_2018","MARTINIQUE",2018,73,"OD","Week",52,1,73,"OD","Week",52,1
"MARTINIQUE_2019","MARTINIQUE",2019,1530,"OD","Year",1,1,1530,"OD","Year",1,1
"MARTINIQUE_2020","MARTINIQUE",2020,32398,"OD","Week",53,1,32398,"OD","Week",53,1
"MARTINIQUE_2021","MARTINIQUE",2021,1073,"OD","Week",52,1,1073,"OD","Week",52,1
"MARTINIQUE_2022","MARTINIQUE",2022,360,"OD","Year",1,1,360,"OD","Year",1,1
"MARTINIQUE_2023","MARTINIQUE",2023,13239,"OD","Week",52,1,13239,"OD","Week",52,1
"MARTINIQUE_2024","MARTINIQUE",2024,7371,"OD","Week",52,1,7371,"OD","Week",52,1
"MAURITANIA_1990","MAURITANIA",1990,NA,"No_data",NA,NA,NA,NA,"No_data",NA,NA,NA
"MAURITANIA_1991","MAURITANIA",1991,NA,"No_data",NA,NA,NA,NA,"No_data",NA,NA,NA
"MAURITANIA_1992","MAURITANIA",1992,NA,"No_data",NA,NA,NA,NA,"No_data",NA,NA,NA
"MAURITANIA_1993","MAURITANIA",1993,NA,"No_data",NA,NA,NA,NA,"No_data",NA,NA,NA
"MAURITANIA_1994","MAURITANIA",1994,NA,"No_data",NA,NA,NA,NA,"No_data",NA,NA,NA
"MAURITANIA_1995","MAURITANIA",1995,NA,"No_data",NA,NA,NA,NA,"No_data",NA,NA,NA
"MAURITANIA_1996","MAURITANIA",1996,NA,"No_data",NA,NA,NA,NA,"No_data",NA,NA,NA
"MAURITANIA_1997","MAURITANIA",1997,NA,"No_data",NA,NA,NA,NA,"No_data",NA,NA,NA
"MAURITANIA_1998","MAURITANIA",1998,NA,"No_data",NA,NA,NA,NA,"No_data",NA,NA,NA
"MAURITANIA_1999","MAURITANIA",1999,NA,"No_data",NA,NA,NA,NA,"No_data",NA,NA,NA
"MAURITANIA_2000","MAURITANIA",2000,NA,"No_data",NA,NA,NA,NA,"No_data",NA,NA,NA
"MAURITANIA_2001","MAURITANIA",2001,NA,"No_data",NA,NA,NA,NA,"No_data",NA,NA,NA
"MAURITANIA_2002","MAURITANIA",2002,NA,"No_data",NA,NA,NA,NA,"No_data",NA,NA,NA
"MAURITANIA_2003","MAURITANIA",2003,NA,"No_data",NA,NA,NA,NA,"No_data",NA,NA,NA
"MAURITANIA_2004","MAURITANIA",2004,NA,"No_data",NA,NA,NA,NA,"No_data",NA,NA,NA
"MAURITANIA_2005","MAURITANIA",2005,NA,"No_data",NA,NA,NA,NA,"No_data",NA,NA,NA
"MAURITANIA_2006","MAURITANIA",2006,NA,"No_data",NA,NA,NA,NA,"No_data",NA,NA,NA
"MAURITANIA_2007","MAURITANIA",2007,NA,"No_data",NA,NA,NA,NA,"No_data",NA,NA,NA
"MAURITANIA_2008","MAURITANIA",2008,NA,"No_data",NA,NA,NA,NA,"No_data",NA,NA,NA
"MAURITANIA_2009","MAURITANIA",2009,NA,"No_data",NA,NA,NA,NA,"No_data",NA,NA,NA
"MAURITANIA_2010","MAURITANIA",2010,NA,"No_data",NA,NA,NA,NA,"No_data",NA,NA,NA
"MAURITANIA_2011","MAURITANIA",2011,NA,"No_data",NA,NA,NA,NA,"No_data",NA,NA,NA
"MAURITANIA_2012","MAURITANIA",2012,NA,"No_data",NA,NA,NA,NA,"No_data",NA,NA,NA
"MAURITANIA_2013","MAURITANIA",2013,NA,"No_data",NA,NA,NA,NA,"No_data",NA,NA,NA
"MAURITANIA_2014","MAURITANIA",2014,NA,"No_data",NA,NA,NA,NA,"No_data",NA,NA,NA
"MAURITANIA_2015","MAURITANIA",2015,NA,"No_data",NA,NA,NA,NA,"No_data",NA,NA,NA
"MAURITANIA_2016","MAURITANIA",2016,NA,"No_data",NA,NA,NA,NA,"No_data",NA,NA,NA
"MAURITANIA_2017","MAURITANIA",2017,307,"ad_hoc_data","Year",1,1,NA,"No_data",NA,NA,NA
"MAURITANIA_2018","MAURITANIA",2018,322,"ad_hoc_data","Year",1,1,NA,"No_data",NA,NA,NA
"MAURITANIA_2019","MAURITANIA",2019,NA,"No_data",NA,NA,NA,NA,"No_data",NA,NA,NA
"MAURITANIA_2020","MAURITANIA",2020,7,"ad_hoc_data","Year",1,1,NA,"No_data",NA,NA,NA
"MAURITANIA_2021","MAURITANIA",2021,NA,"No_data",NA,NA,NA,NA,"No_data",NA,NA,NA
"MAURITANIA_2022","MAURITANIA",2022,NA,"No_data",NA,NA,NA,NA,"No_data",NA,NA,NA
"MAURITANIA_2023","MAURITANIA",2023,3582,"OD","Month",12,1,3582,"OD","Month",12,1
"MAURITANIA_2024","MAURITANIA",2024,3640,"OD","Month",12,1,3640,"OD","Month",12,1
"MAURITIUS_1990","MAURITIUS",1990,NA,"No_data",NA,NA,NA,NA,"No_data",NA,NA,NA
"MAURITIUS_1991","MAURITIUS",1991,NA,"No_data",NA,NA,NA,NA,"No_data",NA,NA,NA
"MAURITIUS_1992","MAURITIUS",1992,NA,"No_data",NA,NA,NA,NA,"No_data",NA,NA,NA
"MAURITIUS_1993","MAURITIUS",1993,NA,"No_data",NA,NA,NA,NA,"No_data",NA,NA,NA
"MAURITIUS_1994","MAURITIUS",1994,NA,"No_data",NA,NA,NA,NA,"No_data",NA,NA,NA
"MAURITIUS_1995","MAURITIUS",1995,NA,"No_data",NA,NA,NA,NA,"No_data",NA,NA,NA
"MAURITIUS_1996","MAURITIUS",1996,NA,"No_data",NA,NA,NA,NA,"No_data",NA,NA,NA
"MAURITIUS_1997","MAURITIUS",1997,NA,"No_data",NA,NA,NA,NA,"No_data",NA,NA,NA
"MAURITIUS_1998","MAURITIUS",1998,NA,"No_data",NA,NA,NA,NA,"No_data",NA,NA,NA
"MAURITIUS_1999","MAURITIUS",1999,NA,"No_data",NA,NA,NA,NA,"No_data",NA,NA,NA
"MAURITIUS_2000","MAURITIUS",2000,NA,"No_data",NA,NA,NA,NA,"No_data",NA,NA,NA
"MAURITIUS_2001","MAURITIUS",2001,NA,"No_data",NA,NA,NA,NA,"No_data",NA,NA,NA
"MAURITIUS_2002","MAURITIUS",2002,NA,"No_data",NA,NA,NA,NA,"No_data",NA,NA,NA
"MAURITIUS_2003","MAURITIUS",2003,NA,"No_data",NA,NA,NA,NA,"No_data",NA,NA,NA
"MAURITIUS_2004","MAURITIUS",2004,NA,"No_data",NA,NA,NA,NA,"No_data",NA,NA,NA
"MAURITIUS_2005","MAURITIUS",2005,NA,"No_data",NA,NA,NA,NA,"No_data",NA,NA,NA
"MAURITIUS_2006","MAURITIUS",2006,NA,"No_data",NA,NA,NA,NA,"No_data",NA,NA,NA
"MAURITIUS_2007","MAURITIUS",2007,NA,"No_data",NA,NA,NA,NA,"No_data",NA,NA,NA
"MAURITIUS_2008","MAURITIUS",2008,NA,"No_data",NA,NA,NA,NA,"No_data",NA,NA,NA
"MAURITIUS_2009","MAURITIUS",2009,200,"ad_hoc_data","Year",1,1,NA,"No_data",NA,NA,NA
"MAURITIUS_2010","MAURITIUS",2010,NA,"No_data",NA,NA,NA,NA,"No_data",NA,NA,NA
"MAURITIUS_2011","MAURITIUS",2011,NA,"No_data",NA,NA,NA,NA,"No_data",NA,NA,NA
"MAURITIUS_2012","MAURITIUS",2012,NA,"No_data",NA,NA,NA,NA,"No_data",NA,NA,NA
"MAURITIUS_2013","MAURITIUS",2013,NA,"No_data",NA,NA,NA,NA,"No_data",NA,NA,NA
"MAURITIUS_2014","MAURITIUS",2014,NA,"No_data",NA,NA,NA,NA,"No_data",NA,NA,NA
"MAURITIUS_2015","MAURITIUS",2015,NA,"No_data",NA,NA,NA,NA,"No_data",NA,NA,NA
"MAURITIUS_2016","MAURITIUS",2016,NA,"No_data",NA,NA,NA,NA,"No_data",NA,NA,NA
"MAURITIUS_2017","MAURITIUS",2017,NA,"No_data",NA,NA,NA,NA,"No_data",NA,NA,NA
"MAURITIUS_2018","MAURITIUS",2018,NA,"No_data",NA,NA,NA,NA,"No_data",NA,NA,NA
"MAURITIUS_2019","MAURITIUS",2019,265,"ad_hoc_data","Year",1,1,NA,"No_data",NA,NA,NA
"MAURITIUS_2020","MAURITIUS",2020,NA,"No_data",NA,NA,NA,NA,"No_data",NA,NA,NA
"MAURITIUS_2021","MAURITIUS",2021,NA,"No_data",NA,NA,NA,NA,"No_data",NA,NA,NA
"MAURITIUS_2022","MAURITIUS",2022,NA,"No_data",NA,NA,NA,NA,"No_data",NA,NA,NA
"MAURITIUS_2023","MAURITIUS",2023,265,"ad_hoc_data","Year",1,1,13,"OD","Month",1,0.0833333333333333
"MAURITIUS_2024","MAURITIUS",2024,9917,"OD","Month",12,1,9917,"OD","Month",12,1
"MAYOTTE_1990","MAYOTTE",1990,NA,"No_data",NA,NA,NA,NA,"No_data",NA,NA,NA
"MAYOTTE_1991","MAYOTTE",1991,NA,"No_data",NA,NA,NA,NA,"No_data",NA,NA,NA
"MAYOTTE_1992","MAYOTTE",1992,NA,"No_data",NA,NA,NA,NA,"No_data",NA,NA,NA
"MAYOTTE_1993","MAYOTTE",1993,NA,"No_data",NA,NA,NA,NA,"No_data",NA,NA,NA
"MAYOTTE_1994","MAYOTTE",1994,NA,"No_data",NA,NA,NA,NA,"No_data",NA,NA,NA
"MAYOTTE_1995","MAYOTTE",1995,NA,"No_data",NA,NA,NA,NA,"No_data",NA,NA,NA
"MAYOTTE_1996","MAYOTTE",1996,NA,"No_data",NA,NA,NA,NA,"No_data",NA,NA,NA
"MAYOTTE_1997","MAYOTTE",1997,NA,"No_data",NA,NA,NA,NA,"No_data",NA,NA,NA
"MAYOTTE_1998","MAYOTTE",1998,NA,"No_data",NA,NA,NA,NA,"No_data",NA,NA,NA
"MAYOTTE_1999","MAYOTTE",1999,NA,"No_data",NA,NA,NA,NA,"No_data",NA,NA,NA
"MAYOTTE_2000","MAYOTTE",2000,NA,"No_data",NA,NA,NA,NA,"No_data",NA,NA,NA
"MAYOTTE_2001","MAYOTTE",2001,NA,"No_data",NA,NA,NA,NA,"No_data",NA,NA,NA
"MAYOTTE_2002","MAYOTTE",2002,NA,"No_data",NA,NA,NA,NA,"No_data",NA,NA,NA
"MAYOTTE_2003","MAYOTTE",2003,NA,"No_data",NA,NA,NA,NA,"No_data",NA,NA,NA
"MAYOTTE_2004","MAYOTTE",2004,NA,"No_data",NA,NA,NA,NA,"No_data",NA,NA,NA
"MAYOTTE_2005","MAYOTTE",2005,NA,"No_data",NA,NA,NA,NA,"No_data",NA,NA,NA
"MAYOTTE_2006","MAYOTTE",2006,NA,"No_data",NA,NA,NA,NA,"No_data",NA,NA,NA
"MAYOTTE_2007","MAYOTTE",2007,NA,"No_data",NA,NA,NA,NA,"No_data",NA,NA,NA
"MAYOTTE_2008","MAYOTTE",2008,NA,"No_data",NA,NA,NA,NA,"No_data",NA,NA,NA
"MAYOTTE_2009","MAYOTTE",2009,NA,"No_data",NA,NA,NA,NA,"No_data",NA,NA,NA
"MAYOTTE_2010","MAYOTTE",2010,54,"ad_hoc_data","Year",1,1,NA,"No_data",NA,NA,NA
"MAYOTTE_2011","MAYOTTE",2011,NA,"No_data",NA,NA,NA,NA,"No_data",NA,NA,NA
"MAYOTTE_2012","MAYOTTE",2012,43,"ad_hoc_data","Year",1,1,NA,"No_data",NA,NA,NA
"MAYOTTE_2013","MAYOTTE",2013,NA,"No_data",NA,NA,NA,NA,"No_data",NA,NA,NA
"MAYOTTE_2014","MAYOTTE",2014,519,"ad_hoc_data","Week",53,1,NA,"No_data",NA,NA,NA
"MAYOTTE_2015","MAYOTTE",2015,0,"ad_hoc_data","Year",1,1,NA,"No_data",NA,NA,NA
"MAYOTTE_2016","MAYOTTE",2016,0,"ad_hoc_data","Year",1,1,NA,"No_data",NA,NA,NA
"MAYOTTE_2017","MAYOTTE",2017,0,"ad_hoc_data","Year",1,1,NA,"No_data",NA,NA,NA
"MAYOTTE_2018","MAYOTTE",2018,0,"ad_hoc_data","Year",1,1,NA,"No_data",NA,NA,NA
"MAYOTTE_2019","MAYOTTE",2019,186,"ad_hoc_data","Year",1,1,NA,"No_data",NA,NA,NA
"MAYOTTE_2020","MAYOTTE",2020,4305,"ad_hoc_data","Year",1,1,NA,"No_data",NA,NA,NA
"MAYOTTE_2021","MAYOTTE",2021,NA,"No_data",NA,NA,NA,NA,"No_data",NA,NA,NA
"MAYOTTE_2022","MAYOTTE",2022,NA,"No_data",NA,NA,NA,NA,"No_data",NA,NA,NA
"MAYOTTE_2023","MAYOTTE",2023,NA,"No_data",NA,NA,NA,NA,"No_data",NA,NA,NA
"MAYOTTE_2024","MAYOTTE",2024,64,"OD","Month",10,0.833333333333333,64,"OD","Month",10,0.833333333333333
"MEXICO_1990","MEXICO",1990,14485,"OD","Year",1,1,14485,"OD","Year",1,1
"MEXICO_1991","MEXICO",1991,5863,"OD","Year",1,1,5863,"OD","Year",1,1
"MEXICO_1992","MEXICO",1992,11348,"OD","Year",1,1,11348,"OD","Year",1,1
"MEXICO_1993","MEXICO",1993,2899,"OD","Year",1,1,2899,"OD","Year",1,1
"MEXICO_1994","MEXICO",1994,6770,"OD","Year",1,1,6770,"OD","Year",1,1
"MEXICO_1995","MEXICO",1995,36029,"OD","Year",1,1,36029,"OD","Year",1,1
"MEXICO_1996","MEXICO",1996,35082,"OD","Year",1,1,35082,"OD","Year",1,1
"MEXICO_1997","MEXICO",1997,52561,"OD","Year",1,1,52561,"OD","Year",1,1
"MEXICO_1998","MEXICO",1998,23267,"OD","Year",1,1,23267,"OD","Year",1,1
"MEXICO_1999","MEXICO",1999,14655,"OD","Year",1,1,14655,"OD","Year",1,1
"MEXICO_2000","MEXICO",2000,21665,"OD","Year",1,1,21665,"OD","Year",1,1
"MEXICO_2001","MEXICO",2001,6019,"OD","Year",1,1,6019,"OD","Year",1,1
"MEXICO_2002","MEXICO",2002,8415,"OD","Year",1,1,8415,"OD","Year",1,1
"MEXICO_2003","MEXICO",2003,6234,"OD","Week",53,1,6234,"OD","Week",53,1
"MEXICO_2004","MEXICO",2004,7983,"OD","Week",52,1,7983,"OD","Week",52,1
"MEXICO_2005","MEXICO",2005,20912,"OD","Week",52,1,20912,"OD","Week",52,1
"MEXICO_2006","MEXICO",2006,27334,"OD","Week",52,1,27334,"OD","Week",52,1
"MEXICO_2007","MEXICO",2007,49120,"OD","Week",52,1,49120,"OD","Week",52,1
"MEXICO_2008","MEXICO",2008,25040,"OD","Year",1,1,25040,"OD","Year",1,1
"MEXICO_2009","MEXICO",2009,238389,"OD","Year",1,1,238389,"OD","Year",1,1
"MEXICO_2010","MEXICO",2010,51635,"OD","Year",1,1,51635,"OD","Year",1,1
"MEXICO_2011","MEXICO",2011,63628,"OD","Year",1,1,63628,"OD","Year",1,1
"MEXICO_2012","MEXICO",2012,165749,"OD","Year",1,1,165749,"OD","Year",1,1
"MEXICO_2013","MEXICO",2013,231498,"OD","Week",52,1,231498,"OD","Week",52,1
"MEXICO_2014","MEXICO",2014,124943,"OD","Week",53,1,124943,"OD","Week",53,1
"MEXICO_2015","MEXICO",2015,219593,"OD","Week",52,1,219593,"OD","Week",52,1
"MEXICO_2016","MEXICO",2016,130069,"OD","Week",52,1,130069,"OD","Week",52,1
"MEXICO_2017","MEXICO",2017,89893,"OD","Week",52,1,89893,"OD","Week",52,1
"MEXICO_2018","MEXICO",2018,78621,"OD","Week",52,1,78621,"OD","Week",52,1
"MEXICO_2019","MEXICO",2019,268458,"OD","Week",52,1,268458,"OD","Week",52,1
"MEXICO_2020","MEXICO",2020,120639,"OD","Week",53,1,120639,"OD","Week",53,1
"MEXICO_2021","MEXICO",2021,36742,"OD","Week",52,1,36742,"OD","Week",52,1
"MEXICO_2022","MEXICO",2022,59918,"OD","Week",52,1,59918,"OD","Week",52,1
"MEXICO_2023","MEXICO",2023,277963,"OD","Week",52,1,277963,"OD","Week",52,1
"MEXICO_2024","MEXICO",2024,558846,"OD","Week",52,1,558846,"OD","Week",52,1
"MICRONESIA (FEDERATED STATES OF)_1990","MICRONESIA (FEDERATED STATES OF)",1990,13,"ad_hoc_data","Month",5,0.416666666666667,NA,"No_data",NA,NA,NA
"MICRONESIA (FEDERATED STATES OF)_1991","MICRONESIA (FEDERATED STATES OF)",1991,NA,"No_data",NA,NA,NA,NA,"No_data",NA,NA,NA
"MICRONESIA (FEDERATED STATES OF)_1992","MICRONESIA (FEDERATED STATES OF)",1992,NA,"No_data",NA,NA,NA,NA,"No_data",NA,NA,NA
"MICRONESIA (FEDERATED STATES OF)_1993","MICRONESIA (FEDERATED STATES OF)",1993,0,"OD","Year",1,1,0,"OD","Year",1,1
"MICRONESIA (FEDERATED STATES OF)_1994","MICRONESIA (FEDERATED STATES OF)",1994,0,"OD","Year",1,1,0,"OD","Year",1,1
"MICRONESIA (FEDERATED STATES OF)_1995","MICRONESIA (FEDERATED STATES OF)",1995,66,"ad_hoc_data","Month",12,1,66,"OD","Year",1,1
"MICRONESIA (FEDERATED STATES OF)_1996","MICRONESIA (FEDERATED STATES OF)",1996,67,"ad_hoc_data","Month",12,1,67,"OD","Year",1,1
"MICRONESIA (FEDERATED STATES OF)_1997","MICRONESIA (FEDERATED STATES OF)",1997,NA,"No_data",NA,NA,NA,NA,"No_data",NA,NA,NA
"MICRONESIA (FEDERATED STATES OF)_1998","MICRONESIA (FEDERATED STATES OF)",1998,700,"OD","Year",1,1,700,"OD","Year",1,1
"MICRONESIA (FEDERATED STATES OF)_1999","MICRONESIA (FEDERATED STATES OF)",1999,0,"OD","Year",1,1,0,"OD","Year",1,1
"MICRONESIA (FEDERATED STATES OF)_2000","MICRONESIA (FEDERATED STATES OF)",2000,14,"OD","Year",1,1,14,"OD","Year",1,1
"MICRONESIA (FEDERATED STATES OF)_2001","MICRONESIA (FEDERATED STATES OF)",2001,0,"OD","Year",1,1,0,"OD","Year",1,1
"MICRONESIA (FEDERATED STATES OF)_2002","MICRONESIA (FEDERATED STATES OF)",2002,0,"OD","Year",1,1,0,"OD","Year",1,1
"MICRONESIA (FEDERATED STATES OF)_2003","MICRONESIA (FEDERATED STATES OF)",2003,0,"OD","Year",1,1,0,"OD","Year",1,1
"MICRONESIA (FEDERATED STATES OF)_2004","MICRONESIA (FEDERATED STATES OF)",2004,658,"OD","Year",1,1,658,"OD","Year",1,1
"MICRONESIA (FEDERATED STATES OF)_2005","MICRONESIA (FEDERATED STATES OF)",2005,NA,"No_data",NA,NA,NA,NA,"No_data",NA,NA,NA
"MICRONESIA (FEDERATED STATES OF)_2006","MICRONESIA (FEDERATED STATES OF)",2006,0,"OD","Year",1,1,0,"OD","Year",1,1
"MICRONESIA (FEDERATED STATES OF)_2007","MICRONESIA (FEDERATED STATES OF)",2007,6,"OD","Year",1,1,6,"OD","Year",1,1
"MICRONESIA (FEDERATED STATES OF)_2008","MICRONESIA (FEDERATED STATES OF)",2008,10,"OD","Year",1,1,10,"OD","Year",1,1
"MICRONESIA (FEDERATED STATES OF)_2009","MICRONESIA (FEDERATED STATES OF)",2009,37,"OD","Year",1,1,37,"OD","Year",1,1
"MICRONESIA (FEDERATED STATES OF)_2010","MICRONESIA (FEDERATED STATES OF)",2010,23,"OD","Year",1,1,23,"OD","Year",1,1
"MICRONESIA (FEDERATED STATES OF)_2011","MICRONESIA (FEDERATED STATES OF)",2011,0,"ad_hoc_data","Year",1,1,NA,"No_data",NA,NA,NA
"MICRONESIA (FEDERATED STATES OF)_2012","MICRONESIA (FEDERATED STATES OF)",2012,0,"ad_hoc_data","Year",1,1,NA,"No_data",NA,NA,NA
"MICRONESIA (FEDERATED STATES OF)_2013","MICRONESIA (FEDERATED STATES OF)",2013,217,"OD","Year",1,1,217,"OD","Year",1,1
"MICRONESIA (FEDERATED STATES OF)_2014","MICRONESIA (FEDERATED STATES OF)",2014,0,"ad_hoc_data","Year",1,1,NA,"No_data",NA,NA,NA
"MICRONESIA (FEDERATED STATES OF)_2015","MICRONESIA (FEDERATED STATES OF)",2015,0,"ad_hoc_data","Year",1,1,NA,"No_data",NA,NA,NA
"MICRONESIA (FEDERATED STATES OF)_2016","MICRONESIA (FEDERATED STATES OF)",2016,90,"OD","Year",1,1,90,"OD","Year",1,1
"MICRONESIA (FEDERATED STATES OF)_2017","MICRONESIA (FEDERATED STATES OF)",2017,14,"OD","Week",29,0.557692307692308,14,"OD","Week",29,0.557692307692308
"MICRONESIA (FEDERATED STATES OF)_2018","MICRONESIA (FEDERATED STATES OF)",2018,35,"OD","Week",39,0.75,35,"OD","Week",39,0.75
"MICRONESIA (FEDERATED STATES OF)_2019","MICRONESIA (FEDERATED STATES OF)",2019,1464,"OD","Year",1,1,1464,"OD","Year",1,1
"MICRONESIA (FEDERATED STATES OF)_2020","MICRONESIA (FEDERATED STATES OF)",2020,13,"OD","Week",14,0.264150943396226,13,"OD","Week",14,0.264150943396226
"MICRONESIA (FEDERATED STATES OF)_2021","MICRONESIA (FEDERATED STATES OF)",2021,15,"OD","Week",9,0.173076923076923,15,"OD","Week",9,0.173076923076923
"MICRONESIA (FEDERATED STATES OF)_2022","MICRONESIA (FEDERATED STATES OF)",2022,2732,"OD","Week",27,0.519230769230769,2732,"OD","Week",27,0.519230769230769
"MICRONESIA (FEDERATED STATES OF)_2023","MICRONESIA (FEDERATED STATES OF)",2023,6,"OD","Week",9,0.173076923076923,6,"OD","Week",9,0.173076923076923
"MICRONESIA (FEDERATED STATES OF)_2024","MICRONESIA (FEDERATED STATES OF)",2024,61,"OD","Week",40,0.769230769230769,61,"OD","Week",40,0.769230769230769
"MONTSERRAT_1990","MONTSERRAT",1990,0,"OD","Year",1,1,0,"OD","Year",1,1
"MONTSERRAT_1991","MONTSERRAT",1991,0,"OD","Year",1,1,0,"OD","Year",1,1
"MONTSERRAT_1992","MONTSERRAT",1992,0,"OD","Year",1,1,0,"OD","Year",1,1
"MONTSERRAT_1993","MONTSERRAT",1993,0,"OD","Year",1,1,0,"OD","Year",1,1
"MONTSERRAT_1994","MONTSERRAT",1994,0,"OD","Year",1,1,0,"OD","Year",1,1
"MONTSERRAT_1995","MONTSERRAT",1995,75,"OD","Year",1,1,75,"OD","Year",1,1
"MONTSERRAT_1996","MONTSERRAT",1996,3,"OD","Year",1,1,3,"OD","Year",1,1
"MONTSERRAT_1997","MONTSERRAT",1997,0,"OD","Year",1,1,0,"OD","Year",1,1
"MONTSERRAT_1998","MONTSERRAT",1998,0,"OD","Year",1,1,0,"OD","Year",1,1
"MONTSERRAT_1999","MONTSERRAT",1999,0,"OD","Year",1,1,0,"OD","Year",1,1
"MONTSERRAT_2000","MONTSERRAT",2000,9,"OD","Year",1,1,9,"OD","Year",1,1
"MONTSERRAT_2001","MONTSERRAT",2001,1,"OD","Year",1,1,1,"OD","Year",1,1
"MONTSERRAT_2002","MONTSERRAT",2002,1,"OD","Year",1,1,1,"OD","Year",1,1
"MONTSERRAT_2003","MONTSERRAT",2003,1,"OD","Year",1,1,1,"OD","Year",1,1
"MONTSERRAT_2004","MONTSERRAT",2004,0,"OD","Year",1,1,0,"OD","Year",1,1
"MONTSERRAT_2005","MONTSERRAT",2005,0,"OD","Year",1,1,0,"OD","Year",1,1
"MONTSERRAT_2006","MONTSERRAT",2006,0,"OD","Year",1,1,0,"OD","Year",1,1
"MONTSERRAT_2007","MONTSERRAT",2007,0,"OD","Year",1,1,0,"OD","Year",1,1
"MONTSERRAT_2008","MONTSERRAT",2008,2,"OD","Year",1,1,2,"OD","Year",1,1
"MONTSERRAT_2009","MONTSERRAT",2009,0,"OD","Year",1,1,0,"OD","Year",1,1
"MONTSERRAT_2010","MONTSERRAT",2010,0,"OD","Year",1,1,0,"OD","Year",1,1
"MONTSERRAT_2011","MONTSERRAT",2011,3,"OD","Year",1,1,3,"OD","Year",1,1
"MONTSERRAT_2012","MONTSERRAT",2012,0,"OD","Year",1,1,0,"OD","Year",1,1
"MONTSERRAT_2013","MONTSERRAT",2013,6,"OD","Year",1,1,6,"OD","Year",1,1
"MONTSERRAT_2014","MONTSERRAT",2014,17,"OD","Year",1,1,17,"OD","Year",1,1
"MONTSERRAT_2015","MONTSERRAT",2015,0,"OD","Week",52,1,0,"OD","Week",52,1
"MONTSERRAT_2016","MONTSERRAT",2016,25,"OD","Year",1,1,25,"OD","Year",1,1
"MONTSERRAT_2017","MONTSERRAT",2017,0,"OD","Week",52,1,0,"OD","Week",52,1
"MONTSERRAT_2018","MONTSERRAT",2018,1,"OD","Week",52,1,1,"OD","Week",52,1
"MONTSERRAT_2019","MONTSERRAT",2019,1,"OD","Week",52,1,1,"OD","Week",52,1
"MONTSERRAT_2020","MONTSERRAT",2020,0,"OD","Week",53,1,0,"OD","Week",53,1
"MONTSERRAT_2021","MONTSERRAT",2021,3,"OD","Week",12,0.230769230769231,3,"OD","Week",12,0.230769230769231
"MONTSERRAT_2022","MONTSERRAT",2022,9,"OD","Year",1,1,9,"OD","Year",1,1
"MONTSERRAT_2023","MONTSERRAT",2023,6,"OD","Week",52,1,6,"OD","Week",52,1
"MONTSERRAT_2024","MONTSERRAT",2024,3,"OD","Week",52,1,3,"OD","Week",52,1
"MOZAMBIQUE_1990","MOZAMBIQUE",1990,NA,"No_data",NA,NA,NA,NA,NA,NA,NA,NA
"MOZAMBIQUE_1991","MOZAMBIQUE",1991,NA,"No_data",NA,NA,NA,NA,NA,NA,NA,NA
"MOZAMBIQUE_1992","MOZAMBIQUE",1992,NA,"No_data",NA,NA,NA,NA,NA,NA,NA,NA
"MOZAMBIQUE_1993","MOZAMBIQUE",1993,NA,"No_data",NA,NA,NA,NA,NA,NA,NA,NA
"MOZAMBIQUE_1994","MOZAMBIQUE",1994,NA,"No_data",NA,NA,NA,NA,NA,NA,NA,NA
"MOZAMBIQUE_1995","MOZAMBIQUE",1995,NA,"No_data",NA,NA,NA,NA,NA,NA,NA,NA
"MOZAMBIQUE_1996","MOZAMBIQUE",1996,NA,"No_data",NA,NA,NA,NA,NA,NA,NA,NA
"MOZAMBIQUE_1997","MOZAMBIQUE",1997,NA,"No_data",NA,NA,NA,NA,NA,NA,NA,NA
"MOZAMBIQUE_1998","MOZAMBIQUE",1998,NA,"No_data",NA,NA,NA,NA,NA,NA,NA,NA
"MOZAMBIQUE_1999","MOZAMBIQUE",1999,NA,"No_data",NA,NA,NA,NA,NA,NA,NA,NA
"MOZAMBIQUE_2000","MOZAMBIQUE",2000,NA,"No_data",NA,NA,NA,NA,NA,NA,NA,NA
"MOZAMBIQUE_2001","MOZAMBIQUE",2001,NA,"No_data",NA,NA,NA,NA,NA,NA,NA,NA
"MOZAMBIQUE_2002","MOZAMBIQUE",2002,NA,"No_data",NA,NA,NA,NA,NA,NA,NA,NA
"MOZAMBIQUE_2003","MOZAMBIQUE",2003,NA,"No_data",NA,NA,NA,NA,NA,NA,NA,NA
"MOZAMBIQUE_2004","MOZAMBIQUE",2004,NA,"No_data",NA,NA,NA,NA,NA,NA,NA,NA
"MOZAMBIQUE_2005","MOZAMBIQUE",2005,NA,"No_data",NA,NA,NA,NA,NA,NA,NA,NA
"MOZAMBIQUE_2006","MOZAMBIQUE",2006,NA,"No_data",NA,NA,NA,NA,NA,NA,NA,NA
"MOZAMBIQUE_2007","MOZAMBIQUE",2007,NA,"No_data",NA,NA,NA,NA,NA,NA,NA,NA
"MOZAMBIQUE_2008","MOZAMBIQUE",2008,NA,"No_data",NA,NA,NA,NA,NA,NA,NA,NA
"MOZAMBIQUE_2009","MOZAMBIQUE",2009,NA,"No_data",NA,NA,NA,NA,NA,NA,NA,NA
"MOZAMBIQUE_2010","MOZAMBIQUE",2010,NA,"No_data",NA,NA,NA,NA,NA,NA,NA,NA
"MOZAMBIQUE_2011","MOZAMBIQUE",2011,NA,"No_data",NA,NA,NA,NA,NA,NA,NA,NA
"MOZAMBIQUE_2012","MOZAMBIQUE",2012,NA,"No_data",NA,NA,NA,NA,NA,NA,NA,NA
"MOZAMBIQUE_2013","MOZAMBIQUE",2013,NA,"No_data",NA,NA,NA,NA,NA,NA,NA,NA
"MOZAMBIQUE_2014","MOZAMBIQUE",2014,NA,"No_data",NA,NA,NA,NA,NA,NA,NA,NA
"MOZAMBIQUE_2015","MOZAMBIQUE",2015,192,"ad_hoc_data","Year",1,1,NA,NA,NA,NA,NA
"MOZAMBIQUE_2016","MOZAMBIQUE",2016,NA,"No_data",NA,NA,NA,NA,NA,NA,NA,NA
"MOZAMBIQUE_2017","MOZAMBIQUE",2017,NA,"No_data",NA,NA,NA,NA,NA,NA,NA,NA
"MOZAMBIQUE_2018","MOZAMBIQUE",2018,NA,"No_data",NA,NA,NA,NA,NA,NA,NA,NA
"MOZAMBIQUE_2019","MOZAMBIQUE",2019,NA,"No_data",NA,NA,NA,NA,NA,NA,NA,NA
"MOZAMBIQUE_2020","MOZAMBIQUE",2020,NA,"No_data",NA,NA,NA,NA,NA,NA,NA,NA
"MOZAMBIQUE_2021","MOZAMBIQUE",2021,NA,"No_data",NA,NA,NA,NA,NA,NA,NA,NA
"MOZAMBIQUE_2022","MOZAMBIQUE",2022,NA,"No_data",NA,NA,NA,NA,NA,NA,NA,NA
"MOZAMBIQUE_2023","MOZAMBIQUE",2023,NA,"No_data",NA,NA,NA,NA,NA,NA,NA,NA
"MOZAMBIQUE_2024","MOZAMBIQUE",2024,0,"ad_hoc_data","Month",6,0.5,NA,NA,NA,NA,NA
"MYANMAR_1990","MYANMAR",1990,6318,"ad_hoc_data","Year",1,1,5696,"OD","Year",1,1
"MYANMAR_1991","MYANMAR",1991,8055,"ad_hoc_data","Year",1,1,6677,"OD","Year",1,1
"MYANMAR_1992","MYANMAR",1992,1685,"ad_hoc_data","Year",1,1,1418,"OD","Year",1,1
"MYANMAR_1993","MYANMAR",1993,2279,"ad_hoc_data","Year",1,1,1742,"OD","Year",1,1
"MYANMAR_1994","MYANMAR",1994,11647,"ad_hoc_data","Year",1,1,11591,"OD","Year",1,1
"MYANMAR_1995","MYANMAR",1995,2477,"ad_hoc_data","Year",1,1,2063,"OD","Year",1,1
"MYANMAR_1996","MYANMAR",1996,1854,"ad_hoc_data","Year",1,1,1731,"OD","Year",1,1
"MYANMAR_1997","MYANMAR",1997,4500,"ad_hoc_data","Year",1,1,3697,"OD","Year",1,1
"MYANMAR_1998","MYANMAR",1998,13002,"ad_hoc_data","Year",1,1,12231,"OD","Year",1,1
"MYANMAR_1999","MYANMAR",1999,12918,"ad_hoc_data","Year",1,1,5495,"OD","Year",1,1
"MYANMAR_2000","MYANMAR",2000,1884,"ad_hoc_data","Year",1,1,1222,"OD","Year",1,1
"MYANMAR_2001","MYANMAR",2001,15695,"ad_hoc_data","Year",1,1,15503,"OD","Year",1,1
"MYANMAR_2002","MYANMAR",2002,16047,"ad_hoc_data","Year",1,1,15663,"OD","Year",1,1
"MYANMAR_2003","MYANMAR",2003,7907,"ad_hoc_data","Year",1,1,6792,"OD","Year",1,1
"MYANMAR_2004","MYANMAR",2004,7369,"ad_hoc_data","Year",1,1,6624,"OD","Year",1,1
"MYANMAR_2005","MYANMAR",2005,17454,"ad_hoc_data","Year",1,1,16965,"OD","Year",1,1
"MYANMAR_2006","MYANMAR",2006,11383,"ad_hoc_data","Year",1,1,10392,"OD","Year",1,1
"MYANMAR_2007","MYANMAR",2007,15285,"ad_hoc_data","Year",1,1,14658,"OD","Year",1,1
"MYANMAR_2008","MYANMAR",2008,17281,"OD","Year",1,1,17281,"OD","Year",1,1
"MYANMAR_2009","MYANMAR",2009,24287,"ad_hoc_data","Year",1,1,23681,"OD","Year",1,1
"MYANMAR_2010","MYANMAR",2010,16529,"ad_hoc_data","Year",1,1,15631,"OD","Year",1,1
"MYANMAR_2011","MYANMAR",2011,4738,"ad_hoc_data","Year",1,1,4297,"OD","Year",1,1
"MYANMAR_2012","MYANMAR",2012,7006,"OD","Month",12,1,7006,"OD","Month",12,1
"MYANMAR_2013","MYANMAR",2013,22166,"OD","Month",12,1,22166,"OD","Month",12,1
"MYANMAR_2014","MYANMAR",2014,14410,"OD","Month",12,1,14410,"OD","Month",12,1
"MYANMAR_2015","MYANMAR",2015,42540,"OD","Month",12,1,42540,"OD","Month",12,1
"MYANMAR_2016","MYANMAR",2016,10385,"OD","Month",12,1,10385,"OD","Month",12,1
"MYANMAR_2017","MYANMAR",2017,32891,"OD","Month",12,1,32891,"OD","Month",12,1
"MYANMAR_2018","MYANMAR",2018,22659,"OD","Year",1,1,22659,"OD","Year",1,1
"MYANMAR_2019","MYANMAR",2019,23203,"OD","Year",1,1,23203,"OD","Year",1,1
"MYANMAR_2020","MYANMAR",2020,15131,"OD","Year",1,1,15131,"OD","Year",1,1
"MYANMAR_2021","MYANMAR",2021,5446,"OD","Year",1,1,5446,"OD","Year",1,1
"MYANMAR_2022","MYANMAR",2022,24971,"OD","Year",1,1,24971,"OD","Year",1,1
"MYANMAR_2023","MYANMAR",2023,16130,"OD","Year",1,1,16130,"OD","Year",1,1
"MYANMAR_2024","MYANMAR",2024,6388,"OD","Month",12,1,6388,"OD","Month",12,1
"NAURU_1990","NAURU",1990,NA,"No_data",NA,NA,NA,NA,"No_data",NA,NA,NA
"NAURU_1991","NAURU",1991,0,"OD","Year",1,1,0,"OD","Year",1,1
"NAURU_1992","NAURU",1992,0,"OD","Year",1,1,0,"OD","Year",1,1
"NAURU_1993","NAURU",1993,0,"OD","Year",1,1,0,"OD","Year",1,1
"NAURU_1994","NAURU",1994,0,"ad_hoc_data","Month",6,0.5,0,"OD","Year",1,1
"NAURU_1995","NAURU",1995,0,"OD","Year",1,1,0,"OD","Year",1,1
"NAURU_1996","NAURU",1996,0,"OD","Year",1,1,0,"OD","Year",1,1
"NAURU_1997","NAURU",1997,0,"OD","Year",1,1,0,"OD","Year",1,1
"NAURU_1998","NAURU",1998,0,"OD","Year",1,1,0,"OD","Year",1,1
"NAURU_1999","NAURU",1999,0,"OD","Year",1,1,0,"OD","Year",1,1
"NAURU_2000","NAURU",2000,0,"OD","Year",1,1,0,"OD","Year",1,1
"NAURU_2001","NAURU",2001,0,"OD","Year",1,1,0,"OD","Year",1,1
"NAURU_2002","NAURU",2002,0,"OD","Year",1,1,0,"OD","Year",1,1
"NAURU_2003","NAURU",2003,233,"OD","Year",1,1,233,"OD","Year",1,1
"NAURU_2004","NAURU",2004,0,"OD","Year",1,1,0,"OD","Year",1,1
"NAURU_2005","NAURU",2005,0,"OD","Year",1,1,0,"OD","Year",1,1
"NAURU_2006","NAURU",2006,0,"OD","Year",1,1,0,"OD","Year",1,1
"NAURU_2007","NAURU",2007,0,"OD","Year",1,1,0,"OD","Year",1,1
"NAURU_2008","NAURU",2008,2,"OD","Year",1,1,2,"OD","Year",1,1
"NAURU_2009","NAURU",2009,0,"OD","Year",1,1,0,"OD","Year",1,1
"NAURU_2010","NAURU",2010,0,"OD","Year",1,1,0,"OD","Year",1,1
"NAURU_2011","NAURU",2011,0,"OD","Year",1,1,0,"OD","Year",1,1
"NAURU_2012","NAURU",2012,0,"OD","Year",1,1,0,"OD","Year",1,1
"NAURU_2013","NAURU",2013,NA,"No_data",NA,NA,NA,NA,"No_data",NA,NA,NA
"NAURU_2014","NAURU",2014,251,"ad_hoc_data","Year",1,1,NA,"No_data",NA,NA,NA
"NAURU_2015","NAURU",2015,NA,"No_data",NA,NA,NA,NA,"No_data",NA,NA,NA
"NAURU_2016","NAURU",2016,0,"OD","Year",1,1,0,"OD","Year",1,1
"NAURU_2017","NAURU",2017,964,"OD","Year",1,1,964,"OD","Year",1,1
"NAURU_2018","NAURU",2018,114,"OD","Year",1,1,114,"OD","Year",1,1
"NAURU_2019","NAURU",2019,NA,"No_data",NA,NA,NA,NA,"No_data",NA,NA,NA
"NAURU_2020","NAURU",2020,NA,"No_data",NA,NA,NA,NA,"No_data",NA,NA,NA
"NAURU_2021","NAURU",2021,NA,"No_data",NA,NA,NA,NA,"No_data",NA,NA,NA
"NAURU_2022","NAURU",2022,NA,"No_data",NA,NA,NA,NA,"No_data",NA,NA,NA
"NAURU_2023","NAURU",2023,NA,"No_data",NA,NA,NA,NA,"No_data",NA,NA,NA
"NAURU_2024","NAURU",2024,0,"OD","Week",40,0.769230769230769,0,"OD","Week",40,0.769230769230769
"NEPAL_1990","NEPAL",1990,0,"OD","Year",1,1,0,"OD","Year",1,1
"NEPAL_1991","NEPAL",1991,0,"OD","Year",1,1,0,"OD","Year",1,1
"NEPAL_1992","NEPAL",1992,0,"OD","Year",1,1,0,"OD","Year",1,1
"NEPAL_1993","NEPAL",1993,0,"OD","Year",1,1,0,"OD","Year",1,1
"NEPAL_1994","NEPAL",1994,0,"OD","Year",1,1,0,"OD","Year",1,1
"NEPAL_1995","NEPAL",1995,0,"OD","Year",1,1,0,"OD","Year",1,1
"NEPAL_1996","NEPAL",1996,0,"OD","Year",1,1,0,"OD","Year",1,1
"NEPAL_1997","NEPAL",1997,0,"OD","Year",1,1,0,"OD","Year",1,1
"NEPAL_1998","NEPAL",1998,0,"OD","Year",1,1,0,"OD","Year",1,1
"NEPAL_1999","NEPAL",1999,0,"OD","Year",1,1,0,"OD","Year",1,1
"NEPAL_2000","NEPAL",2000,0,"OD","Year",1,1,0,"OD","Year",1,1
"NEPAL_2001","NEPAL",2001,0,"OD","Year",1,1,0,"OD","Year",1,1
"NEPAL_2002","NEPAL",2002,0,"OD","Year",1,1,0,"OD","Year",1,1
"NEPAL_2003","NEPAL",2003,0,"OD","Year",1,1,0,"OD","Year",1,1
"NEPAL_2004","NEPAL",2004,0,"OD","Year",1,1,0,"OD","Year",1,1
"NEPAL_2005","NEPAL",2005,0,"OD","Year",1,1,0,"OD","Year",1,1
"NEPAL_2006","NEPAL",2006,32,"OD","Year",1,1,32,"OD","Year",1,1
"NEPAL_2007","NEPAL",2007,27,"OD","Year",1,1,27,"OD","Year",1,1
"NEPAL_2008","NEPAL",2008,10,"OD","Year",1,1,10,"OD","Year",1,1
"NEPAL_2009","NEPAL",2009,30,"OD","Year",1,1,30,"OD","Year",1,1
"NEPAL_2010","NEPAL",2010,917,"OD","Year",1,1,917,"OD","Year",1,1
"NEPAL_2011","NEPAL",2011,79,"OD","Year",1,1,79,"OD","Year",1,1
"NEPAL_2012","NEPAL",2012,183,"OD","Year",1,1,183,"OD","Year",1,1
"NEPAL_2013","NEPAL",2013,728,"ad_hoc_data","Year",1,1,642,"OD","Year",1,1
"NEPAL_2014","NEPAL",2014,362,"ad_hoc_data","Year",1,1,356,"OD","Year",1,1
"NEPAL_2015","NEPAL",2015,26,"OD","Year",1,1,26,"OD","Year",1,1
"NEPAL_2016","NEPAL",2016,1523,"OD","Year",1,1,1523,"OD","Year",1,1
"NEPAL_2017","NEPAL",2017,1201,"OD","Month",12,1,1201,"OD","Month",12,1
"NEPAL_2018","NEPAL",2018,230,"OD","Month",12,1,230,"OD","Month",12,1
"NEPAL_2019","NEPAL",2019,17992,"OD","Month",12,1,12100,"OD","Month",12,1
"NEPAL_2020","NEPAL",2020,10808,"OD","Month",12,1,630,"OD","Month",12,1
"NEPAL_2021","NEPAL",2021,540,"OD","Month",12,1,540,"OD","Month",12,1
"NEPAL_2022","NEPAL",2022,54784,"OD","Month",12,1,54784,"OD","Month",12,1
"NEPAL_2023","NEPAL",2023,52790,"OD","Month",12,1,52790,"OD","Month",12,1
"NEPAL_2024","NEPAL",2024,41865,"OD","Month",12,1,41865,"OD","Month",12,1
"NEW CALEDONIA_1990","NEW CALEDONIA",1990,326,"ad_hoc_data","Month",12,1,92,"OD","Year",1,1
"NEW CALEDONIA_1991","NEW CALEDONIA",1991,26,"ad_hoc_data","Month",12,1,26,"OD","Year",1,1
"NEW CALEDONIA_1992","NEW CALEDONIA",1992,10,"ad_hoc_data","Month",12,1,10,"OD","Year",1,1
"NEW CALEDONIA_1993","NEW CALEDONIA",1993,4,"ad_hoc_data","Month",12,1,4,"OD","Year",1,1
"NEW CALEDONIA_1994","NEW CALEDONIA",1994,11,"ad_hoc_data","Month",12,1,11,"OD","Year",1,1
"NEW CALEDONIA_1995","NEW CALEDONIA",1995,2211,"ad_hoc_data","Month",12,1,1820,"OD","Year",1,1
"NEW CALEDONIA_1996","NEW CALEDONIA",1996,2121,"ad_hoc_data","Month",12,1,0,"OD","Year",1,1
"NEW CALEDONIA_1997","NEW CALEDONIA",1997,250,"ad_hoc_data","Year",1,1,154,"OD","Year",1,1
"NEW CALEDONIA_1998","NEW CALEDONIA",1998,2618,"OD","Year",1,1,2618,"OD","Year",1,1
"NEW CALEDONIA_1999","NEW CALEDONIA",1999,359,"OD","Year",1,1,359,"OD","Year",1,1
"NEW CALEDONIA_2000","NEW CALEDONIA",2000,15,"OD","Year",1,1,15,"OD","Year",1,1
"NEW CALEDONIA_2001","NEW CALEDONIA",2001,34,"OD","Year",1,1,34,"OD","Year",1,1
"NEW CALEDONIA_2002","NEW CALEDONIA",2002,105,"OD","Year",1,1,105,"OD","Year",1,1
"NEW CALEDONIA_2003","NEW CALEDONIA",2003,5673,"OD","Year",1,1,5673,"OD","Year",1,1
"NEW CALEDONIA_2004","NEW CALEDONIA",2004,792,"OD","Year",1,1,792,"OD","Year",1,1
"NEW CALEDONIA_2005","NEW CALEDONIA",2005,46,"OD","Year",1,1,46,"OD","Year",1,1
"NEW CALEDONIA_2006","NEW CALEDONIA",2006,48,"OD","Year",1,1,48,"OD","Year",1,1
"NEW CALEDONIA_2007","NEW CALEDONIA",2007,47,"OD","Year",1,1,47,"OD","Year",1,1
"NEW CALEDONIA_2008","NEW CALEDONIA",2008,1179,"OD","Year",1,1,1179,"OD","Year",1,1
"NEW CALEDONIA_2009","NEW CALEDONIA",2009,8610,"OD","Year",1,1,8610,"OD","Year",1,1
"NEW CALEDONIA_2010","NEW CALEDONIA",2010,113,"OD","Year",1,1,113,"OD","Year",1,1
"NEW CALEDONIA_2011","NEW CALEDONIA",2011,1,"OD","Year",1,1,1,"OD","Year",1,1
"NEW CALEDONIA_2012","NEW CALEDONIA",2012,660,"OD","Week",52,1,660,"OD","Week",52,1
"NEW CALEDONIA_2013","NEW CALEDONIA",2013,10750,"OD","Week",52,1,10750,"OD","Week",52,1
"NEW CALEDONIA_2014","NEW CALEDONIA",2014,310,"ad_hoc_data","Year",1,1,NA,"No_data",NA,NA,NA
"NEW CALEDONIA_2015","NEW CALEDONIA",2015,3,"ad_hoc_data","Year",1,1,NA,"No_data",NA,NA,NA
"NEW CALEDONIA_2016","NEW CALEDONIA",2016,2,"ad_hoc_data","Year",1,1,NA,"No_data",NA,NA,NA
"NEW CALEDONIA_2017","NEW CALEDONIA",2017,4421,"OD","Week",50,0.961538461538462,4421,"OD","Week",50,0.961538461538462
"NEW CALEDONIA_2018","NEW CALEDONIA",2018,1997,"OD","Year",1,1,1997,"OD","Year",1,1
"NEW CALEDONIA_2019","NEW CALEDONIA",2019,3925,"ad_hoc_data","Week",52,1,3916,"OD","Year",1,1
"NEW CALEDONIA_2020","NEW CALEDONIA",2020,59,"OD","Week",51,0.962264150943396,59,"OD","Week",51,0.962264150943396
"NEW CALEDONIA_2021","NEW CALEDONIA",2021,136,"OD","Week",52,1,136,"OD","Week",52,1
"NEW CALEDONIA_2022","NEW CALEDONIA",2022,518,"OD","Week",42,0.807692307692308,518,"OD","Week",42,0.807692307692308
"NEW CALEDONIA_2023","NEW CALEDONIA",2023,6,"OD","Week",21,0.403846153846154,6,"OD","Week",21,0.403846153846154
"NEW CALEDONIA_2024","NEW CALEDONIA",2024,18,"OD","Month",12,1,18,"OD","Month",12,1
"NICARAGUA_1990","NICARAGUA",1990,4137,"OD","Year",1,1,4137,"OD","Year",1,1
"NICARAGUA_1991","NICARAGUA",1991,1885,"OD","Year",1,1,1885,"OD","Year",1,1
"NICARAGUA_1992","NICARAGUA",1992,5495,"OD","Year",1,1,5495,"OD","Year",1,1
"NICARAGUA_1993","NICARAGUA",1993,8938,"OD","Year",1,1,8938,"OD","Year",1,1
"NICARAGUA_1994","NICARAGUA",1994,20469,"OD","Year",1,1,20469,"OD","Year",1,1
"NICARAGUA_1995","NICARAGUA",1995,18454,"OD","Year",1,1,18454,"OD","Year",1,1
"NICARAGUA_1996","NICARAGUA",1996,2743,"OD","Year",1,1,2743,"OD","Year",1,1
"NICARAGUA_1997","NICARAGUA",1997,3058,"OD","Year",1,1,3058,"OD","Year",1,1
"NICARAGUA_1998","NICARAGUA",1998,13160,"OD","Year",1,1,13160,"OD","Year",1,1
"NICARAGUA_1999","NICARAGUA",1999,10401,"OD","Year",1,1,10401,"OD","Year",1,1
"NICARAGUA_2000","NICARAGUA",2000,6681,"OD","Month",12,1,6681,"OD","Month",12,1
"NICARAGUA_2001","NICARAGUA",2001,2333,"OD","Month",12,1,2333,"OD","Month",12,1
"NICARAGUA_2002","NICARAGUA",2002,2269,"OD","Month",12,1,2269,"OD","Month",12,1
"NICARAGUA_2003","NICARAGUA",2003,2715,"OD","Month",12,1,2715,"OD","Month",12,1
"NICARAGUA_2004","NICARAGUA",2004,8332,"OD","Week",52,1,8332,"OD","Week",52,1
"NICARAGUA_2005","NICARAGUA",2005,14678,"OD","Week",52,1,14678,"OD","Week",52,1
"NICARAGUA_2006","NICARAGUA",2006,10456,"OD","Week",52,1,10456,"OD","Week",52,1
"NICARAGUA_2007","NICARAGUA",2007,12292,"OD","Week",52,1,12292,"OD","Week",52,1
"NICARAGUA_2008","NICARAGUA",2008,8813,"OD","Week",52,0.981132075471698,8813,"OD","Week",52,0.981132075471698
"NICARAGUA_2009","NICARAGUA",2009,18063,"OD","Week",52,1,18063,"OD","Week",52,1
"NICARAGUA_2010","NICARAGUA",2010,25174,"OD","Week",52,1,25174,"OD","Week",52,1
"NICARAGUA_2011","NICARAGUA",2011,11881,"OD","Week",52,1,11881,"OD","Week",52,1
"NICARAGUA_2012","NICARAGUA",2012,30378,"OD","Week",52,1,30378,"OD","Week",52,1
"NICARAGUA_2013","NICARAGUA",2013,77179,"OD","Week",52,1,77179,"OD","Week",52,1
"NICARAGUA_2014","NICARAGUA",2014,35425,"OD","Week",53,1,35425,"OD","Week",53,1
"NICARAGUA_2015","NICARAGUA",2015,49326,"OD","Week",52,1,49326,"OD","Week",52,1
"NICARAGUA_2016","NICARAGUA",2016,88463,"OD","Week",52,1,88463,"OD","Week",52,1
"NICARAGUA_2017","NICARAGUA",2017,68785,"OD","Week",52,1,68785,"OD","Week",52,1
"NICARAGUA_2018","NICARAGUA",2018,58746,"OD","Week",52,1,58746,"OD","Week",52,1
"NICARAGUA_2019","NICARAGUA",2019,186173,"OD","Week",52,1,186173,"OD","Week",52,1
"NICARAGUA_2020","NICARAGUA",2020,53953,"OD","Week",53,1,53953,"OD","Week",53,1
"NICARAGUA_2021","NICARAGUA",2021,36741,"OD","Week",52,1,36741,"OD","Week",52,1
"NICARAGUA_2022","NICARAGUA",2022,97541,"OD","Week",52,1,97541,"OD","Week",52,1
"NICARAGUA_2023","NICARAGUA",2023,181096,"OD","Week",52,1,181096,"OD","Week",52,1
"NICARAGUA_2024","NICARAGUA",2024,92022,"OD","Week",52,1,92022,"OD","Week",52,1
"NIGER_1990","NIGER",1990,NA,"No_data",NA,NA,NA,NA,"No_data",NA,NA,NA
"NIGER_1991","NIGER",1991,NA,"No_data",NA,NA,NA,NA,"No_data",NA,NA,NA
"NIGER_1992","NIGER",1992,NA,"No_data",NA,NA,NA,NA,"No_data",NA,NA,NA
"NIGER_1993","NIGER",1993,NA,"No_data",NA,NA,NA,NA,"No_data",NA,NA,NA
"NIGER_1994","NIGER",1994,NA,"No_data",NA,NA,NA,NA,"No_data",NA,NA,NA
"NIGER_1995","NIGER",1995,NA,"No_data",NA,NA,NA,NA,"No_data",NA,NA,NA
"NIGER_1996","NIGER",1996,NA,"No_data",NA,NA,NA,NA,"No_data",NA,NA,NA
"NIGER_1997","NIGER",1997,NA,"No_data",NA,NA,NA,NA,"No_data",NA,NA,NA
"NIGER_1998","NIGER",1998,NA,"No_data",NA,NA,NA,NA,"No_data",NA,NA,NA
"NIGER_1999","NIGER",1999,NA,"No_data",NA,NA,NA,NA,"No_data",NA,NA,NA
"NIGER_2000","NIGER",2000,NA,"No_data",NA,NA,NA,NA,"No_data",NA,NA,NA
"NIGER_2001","NIGER",2001,NA,"No_data",NA,NA,NA,NA,"No_data",NA,NA,NA
"NIGER_2002","NIGER",2002,NA,"No_data",NA,NA,NA,NA,"No_data",NA,NA,NA
"NIGER_2003","NIGER",2003,NA,"No_data",NA,NA,NA,NA,"No_data",NA,NA,NA
"NIGER_2004","NIGER",2004,NA,"No_data",NA,NA,NA,NA,"No_data",NA,NA,NA
"NIGER_2005","NIGER",2005,NA,"No_data",NA,NA,NA,NA,"No_data",NA,NA,NA
"NIGER_2006","NIGER",2006,NA,"No_data",NA,NA,NA,NA,"No_data",NA,NA,NA
"NIGER_2007","NIGER",2007,NA,"No_data",NA,NA,NA,NA,"No_data",NA,NA,NA
"NIGER_2008","NIGER",2008,NA,"No_data",NA,NA,NA,NA,"No_data",NA,NA,NA
"NIGER_2009","NIGER",2009,NA,"No_data",NA,NA,NA,NA,"No_data",NA,NA,NA
"NIGER_2010","NIGER",2010,NA,"No_data",NA,NA,NA,NA,"No_data",NA,NA,NA
"NIGER_2011","NIGER",2011,NA,"No_data",NA,NA,NA,NA,"No_data",NA,NA,NA
"NIGER_2012","NIGER",2012,NA,"No_data",NA,NA,NA,NA,"No_data",NA,NA,NA
"NIGER_2013","NIGER",2013,NA,"No_data",NA,NA,NA,NA,"No_data",NA,NA,NA
"NIGER_2014","NIGER",2014,NA,"No_data",NA,NA,NA,NA,"No_data",NA,NA,NA
"NIGER_2015","NIGER",2015,NA,"No_data",NA,NA,NA,NA,"No_data",NA,NA,NA
"NIGER_2016","NIGER",2016,NA,"No_data",NA,NA,NA,NA,"No_data",NA,NA,NA
"NIGER_2017","NIGER",2017,NA,"No_data",NA,NA,NA,NA,"No_data",NA,NA,NA
"NIGER_2018","NIGER",2018,NA,"No_data",NA,NA,NA,NA,"No_data",NA,NA,NA
"NIGER_2019","NIGER",2019,NA,"No_data",NA,NA,NA,NA,"No_data",NA,NA,NA
"NIGER_2020","NIGER",2020,NA,"No_data",NA,NA,NA,NA,"No_data",NA,NA,NA
"NIGER_2021","NIGER",2021,NA,"No_data",NA,NA,NA,NA,"No_data",NA,NA,NA
"NIGER_2022","NIGER",2022,1,"ad_hoc_data","Year",1,1,NA,"No_data",NA,NA,NA
"NIGER_2023","NIGER",2023,148,"ad_hoc_data","Year",1,1,NA,"No_data",NA,NA,NA
"NIGER_2024","NIGER",2024,58,"OD","Month",12,1,58,"OD","Month",12,1
"NIGERIA_1990","NIGERIA",1990,NA,"No_data",NA,NA,NA,NA,NA,NA,NA,NA
"NIGERIA_1991","NIGERIA",1991,NA,"No_data",NA,NA,NA,NA,NA,NA,NA,NA
"NIGERIA_1992","NIGERIA",1992,NA,"No_data",NA,NA,NA,NA,NA,NA,NA,NA
"NIGERIA_1993","NIGERIA",1993,NA,"No_data",NA,NA,NA,NA,NA,NA,NA,NA
"NIGERIA_1994","NIGERIA",1994,NA,"No_data",NA,NA,NA,NA,NA,NA,NA,NA
"NIGERIA_1995","NIGERIA",1995,NA,"No_data",NA,NA,NA,NA,NA,NA,NA,NA
"NIGERIA_1996","NIGERIA",1996,NA,"No_data",NA,NA,NA,NA,NA,NA,NA,NA
"NIGERIA_1997","NIGERIA",1997,NA,"No_data",NA,NA,NA,NA,NA,NA,NA,NA
"NIGERIA_1998","NIGERIA",1998,NA,"No_data",NA,NA,NA,NA,NA,NA,NA,NA
"NIGERIA_1999","NIGERIA",1999,NA,"No_data",NA,NA,NA,NA,NA,NA,NA,NA
"NIGERIA_2000","NIGERIA",2000,NA,"No_data",NA,NA,NA,NA,NA,NA,NA,NA
"NIGERIA_2001","NIGERIA",2001,NA,"No_data",NA,NA,NA,NA,NA,NA,NA,NA
"NIGERIA_2002","NIGERIA",2002,NA,"No_data",NA,NA,NA,NA,NA,NA,NA,NA
"NIGERIA_2003","NIGERIA",2003,NA,"No_data",NA,NA,NA,NA,NA,NA,NA,NA
"NIGERIA_2004","NIGERIA",2004,NA,"No_data",NA,NA,NA,NA,NA,NA,NA,NA
"NIGERIA_2005","NIGERIA",2005,NA,"No_data",NA,NA,NA,NA,NA,NA,NA,NA
"NIGERIA_2006","NIGERIA",2006,NA,"No_data",NA,NA,NA,NA,NA,NA,NA,NA
"NIGERIA_2007","NIGERIA",2007,NA,"No_data",NA,NA,NA,NA,NA,NA,NA,NA
"NIGERIA_2008","NIGERIA",2008,NA,"No_data",NA,NA,NA,NA,NA,NA,NA,NA
"NIGERIA_2009","NIGERIA",2009,NA,"No_data",NA,NA,NA,NA,NA,NA,NA,NA
"NIGERIA_2010","NIGERIA",2010,NA,"No_data",NA,NA,NA,NA,NA,NA,NA,NA
"NIGERIA_2011","NIGERIA",2011,NA,"No_data",NA,NA,NA,NA,NA,NA,NA,NA
"NIGERIA_2012","NIGERIA",2012,NA,"No_data",NA,NA,NA,NA,NA,NA,NA,NA
"NIGERIA_2013","NIGERIA",2013,NA,"No_data",NA,NA,NA,NA,NA,NA,NA,NA
"NIGERIA_2014","NIGERIA",2014,526,"ad_hoc_data","Year",1,1,NA,NA,NA,NA,NA
"NIGERIA_2015","NIGERIA",2015,NA,"No_data",NA,NA,NA,NA,NA,NA,NA,NA
"NIGERIA_2016","NIGERIA",2016,NA,"No_data",NA,NA,NA,NA,NA,NA,NA,NA
"NIGERIA_2017","NIGERIA",2017,NA,"No_data",NA,NA,NA,NA,NA,NA,NA,NA
"NIGERIA_2018","NIGERIA",2018,130,"ad_hoc_data","Year",1,1,NA,NA,NA,NA,NA
"NIGERIA_2019","NIGERIA",2019,NA,"No_data",NA,NA,NA,NA,NA,NA,NA,NA
"NIGERIA_2020","NIGERIA",2020,82,"ad_hoc_data","Year",1,1,NA,NA,NA,NA,NA
"NIGERIA_2021","NIGERIA",2021,NA,"No_data",NA,NA,NA,NA,NA,NA,NA,NA
"NIGERIA_2022","NIGERIA",2022,NA,"No_data",NA,NA,NA,NA,NA,NA,NA,NA
"NIGERIA_2023","NIGERIA",2023,84,"ad_hoc_data","Year",1,1,NA,NA,NA,NA,NA
"NIGERIA_2024","NIGERIA",2024,NA,"No_data",NA,NA,NA,NA,NA,NA,NA,NA
"NIUE_1990","NIUE",1990,NA,"No_data",NA,NA,NA,NA,"No_data",NA,NA,NA
"NIUE_1991","NIUE",1991,2,"ad_hoc_data","Month",12,1,2,"OD","Year",1,1
"NIUE_1992","NIUE",1992,0,"OD","Year",1,1,0,"OD","Year",1,1
"NIUE_1993","NIUE",1993,0,"ad_hoc_data","Month",12,1,0,"OD","Year",1,1
"NIUE_1994","NIUE",1994,0,"ad_hoc_data","Month",6,0.5,0,"OD","Year",1,1
"NIUE_1995","NIUE",1995,0,"ad_hoc_data","Month",12,1,0,"OD","Year",1,1
"NIUE_1996","NIUE",1996,1,"OD","Year",1,1,1,"OD","Year",1,1
"NIUE_1997","NIUE",1997,0,"OD","Year",1,1,0,"OD","Year",1,1
"NIUE_1998","NIUE",1998,0,"OD","Year",1,1,0,"OD","Year",1,1
"NIUE_1999","NIUE",1999,0,"OD","Year",1,1,0,"OD","Year",1,1
"NIUE_2000","NIUE",2000,0,"OD","Year",1,1,0,"OD","Year",1,1
"NIUE_2001","NIUE",2001,1,"OD","Year",1,1,1,"OD","Year",1,1
"NIUE_2002","NIUE",2002,0,"OD","Year",1,1,0,"OD","Year",1,1
"NIUE_2003","NIUE",2003,0,"OD","Year",1,1,0,"OD","Year",1,1
"NIUE_2004","NIUE",2004,0,"OD","Year",1,1,0,"OD","Year",1,1
"NIUE_2005","NIUE",2005,0,"OD","Year",1,1,0,"OD","Year",1,1
"NIUE_2006","NIUE",2006,0,"OD","Year",1,1,0,"OD","Year",1,1
"NIUE_2007","NIUE",2007,0,"OD","Year",1,1,0,"OD","Year",1,1
"NIUE_2008","NIUE",2008,3,"OD","Year",1,1,3,"OD","Year",1,1
"NIUE_2009","NIUE",2009,0,"OD","Year",1,1,0,"OD","Year",1,1
"NIUE_2010","NIUE",2010,0,"OD","Year",1,1,0,"OD","Year",1,1
"NIUE_2011","NIUE",2011,0,"OD","Year",1,1,0,"OD","Year",1,1
"NIUE_2012","NIUE",2012,128,"ad_hoc_data","Year",1,1,0,"OD","Year",1,1
"NIUE_2013","NIUE",2013,NA,"No_data",NA,NA,NA,NA,"No_data",NA,NA,NA
"NIUE_2014","NIUE",2014,NA,"No_data",NA,NA,NA,NA,"No_data",NA,NA,NA
"NIUE_2015","NIUE",2015,NA,"No_data",NA,NA,NA,NA,"No_data",NA,NA,NA
"NIUE_2016","NIUE",2016,0,"OD","Year",1,1,0,"OD","Year",1,1
"NIUE_2017","NIUE",2017,9,"OD","Week",18,0.346153846153846,9,"OD","Week",18,0.346153846153846
"NIUE_2018","NIUE",2018,0,"OD","Week",16,0.307692307692308,0,"OD","Week",16,0.307692307692308
"NIUE_2019","NIUE",2019,0,"OD","Week",22,0.423076923076923,0,"OD","Week",22,0.423076923076923
"NIUE_2020","NIUE",2020,0,"OD","Week",7,0.132075471698113,0,"OD","Week",7,0.132075471698113
"NIUE_2021","NIUE",2021,0,"OD","Week",13,0.25,0,"OD","Week",13,0.25
"NIUE_2022","NIUE",2022,12,"OD","Week",37,0.711538461538462,12,"OD","Week",37,0.711538461538462
"NIUE_2023","NIUE",2023,0,"OD","Week",20,0.384615384615385,0,"OD","Week",20,0.384615384615385
"NIUE_2024","NIUE",2024,0,"OD","Week",40,0.769230769230769,0,"OD","Week",40,0.769230769230769
"NORTHERN MARIANA ISLANDS_1990","NORTHERN MARIANA ISLANDS",1990,NA,"No_data",NA,NA,NA,NA,"No_data",NA,NA,NA
"NORTHERN MARIANA ISLANDS_1991","NORTHERN MARIANA ISLANDS",1991,NA,"No_data",NA,NA,NA,NA,"No_data",NA,NA,NA
"NORTHERN MARIANA ISLANDS_1992","NORTHERN MARIANA ISLANDS",1992,0,"ad_hoc_data","Month",12,1,0,"OD","Year",1,1
"NORTHERN MARIANA ISLANDS_1993","NORTHERN MARIANA ISLANDS",1993,0,"ad_hoc_data","Month",12,1,0,"OD","Year",1,1
"NORTHERN MARIANA ISLANDS_1994","NORTHERN MARIANA ISLANDS",1994,0,"ad_hoc_data","Month",12,1,0,"OD","Year",1,1
"NORTHERN MARIANA ISLANDS_1995","NORTHERN MARIANA ISLANDS",1995,0,"ad_hoc_data","Month",2,0.166666666666667,0,"OD","Year",1,1
"NORTHERN MARIANA ISLANDS_1996","NORTHERN MARIANA ISLANDS",1996,1,"ad_hoc_data","Year",1,1,NA,"No_data",NA,NA,NA
"NORTHERN MARIANA ISLANDS_1997","NORTHERN MARIANA ISLANDS",1997,NA,"No_data",NA,NA,NA,NA,"No_data",NA,NA,NA
"NORTHERN MARIANA ISLANDS_1998","NORTHERN MARIANA ISLANDS",1998,3,"OD","Year",1,1,3,"OD","Year",1,1
"NORTHERN MARIANA ISLANDS_1999","NORTHERN MARIANA ISLANDS",1999,0,"OD","Year",1,1,0,"OD","Year",1,1
"NORTHERN MARIANA ISLANDS_2000","NORTHERN MARIANA ISLANDS",2000,0,"OD","Year",1,1,0,"OD","Year",1,1
"NORTHERN MARIANA ISLANDS_2001","NORTHERN MARIANA ISLANDS",2001,1418,"OD","Year",1,1,1418,"OD","Year",1,1
"NORTHERN MARIANA ISLANDS_2002","NORTHERN MARIANA ISLANDS",2002,0,"OD","Year",1,1,0,"OD","Year",1,1
"NORTHERN MARIANA ISLANDS_2003","NORTHERN MARIANA ISLANDS",2003,0,"OD","Year",1,1,0,"OD","Year",1,1
"NORTHERN MARIANA ISLANDS_2004","NORTHERN MARIANA ISLANDS",2004,0,"OD","Year",1,1,0,"OD","Year",1,1
"NORTHERN MARIANA ISLANDS_2005","NORTHERN MARIANA ISLANDS",2005,0,"OD","Year",1,1,0,"OD","Year",1,1
"NORTHERN MARIANA ISLANDS_2006","NORTHERN MARIANA ISLANDS",2006,0,"OD","Year",1,1,0,"OD","Year",1,1
"NORTHERN MARIANA ISLANDS_2007","NORTHERN MARIANA ISLANDS",2007,0,"OD","Year",1,1,0,"OD","Year",1,1
"NORTHERN MARIANA ISLANDS_2008","NORTHERN MARIANA ISLANDS",2008,0,"OD","Year",1,1,0,"OD","Year",1,1
"NORTHERN MARIANA ISLANDS_2009","NORTHERN MARIANA ISLANDS",2009,0,"OD","Year",1,1,0,"OD","Year",1,1
"NORTHERN MARIANA ISLANDS_2010","NORTHERN MARIANA ISLANDS",2010,0,"OD","Year",1,1,0,"OD","Year",1,1
"NORTHERN MARIANA ISLANDS_2011","NORTHERN MARIANA ISLANDS",2011,0,"OD","Year",1,1,0,"OD","Year",1,1
"NORTHERN MARIANA ISLANDS_2012","NORTHERN MARIANA ISLANDS",2012,0,"OD","Year",1,1,0,"OD","Year",1,1
"NORTHERN MARIANA ISLANDS_2013","NORTHERN MARIANA ISLANDS",2013,0,"ad_hoc_data","Year",1,1,NA,"No_data",NA,NA,NA
"NORTHERN MARIANA ISLANDS_2014","NORTHERN MARIANA ISLANDS",2014,0,"ad_hoc_data","Year",1,1,NA,"No_data",NA,NA,NA
"NORTHERN MARIANA ISLANDS_2015","NORTHERN MARIANA ISLANDS",2015,0,"ad_hoc_data","Year",1,1,NA,"No_data",NA,NA,NA
"NORTHERN MARIANA ISLANDS_2016","NORTHERN MARIANA ISLANDS",2016,0,"ad_hoc_data","Year",1,1,NA,"No_data",NA,NA,NA
"NORTHERN MARIANA ISLANDS_2017","NORTHERN MARIANA ISLANDS",2017,0,"OD","Week",32,0.615384615384615,0,"OD","Week",32,0.615384615384615
"NORTHERN MARIANA ISLANDS_2018","NORTHERN MARIANA ISLANDS",2018,0,"OD","Week",35,0.673076923076923,0,"OD","Week",35,0.673076923076923
"NORTHERN MARIANA ISLANDS_2019","NORTHERN MARIANA ISLANDS",2019,4,"OD","Week",30,0.576923076923077,4,"OD","Week",30,0.576923076923077
"NORTHERN MARIANA ISLANDS_2020","NORTHERN MARIANA ISLANDS",2020,0,"OD","Week",2,0.0377358490566038,0,"OD","Week",2,0.0377358490566038
"NORTHERN MARIANA ISLANDS_2021","NORTHERN MARIANA ISLANDS",2021,0,"OD","Week",14,0.269230769230769,0,"OD","Week",14,0.269230769230769
"NORTHERN MARIANA ISLANDS_2022","NORTHERN MARIANA ISLANDS",2022,929,"OD","Week",42,0.807692307692308,929,"OD","Week",42,0.807692307692308
"NORTHERN MARIANA ISLANDS_2023","NORTHERN MARIANA ISLANDS",2023,0,"OD","Week",21,0.403846153846154,0,"OD","Week",21,0.403846153846154
"NORTHERN MARIANA ISLANDS_2024","NORTHERN MARIANA ISLANDS",2024,1,"OD","Week",40,0.769230769230769,1,"OD","Week",40,0.769230769230769
"OMAN_1990","OMAN",1990,0,"first_year","Year",1,1,NA,"No_data",NA,NA,NA
"OMAN_1991","OMAN",1991,0,"first_year","Year",1,1,NA,"No_data",NA,NA,NA
"OMAN_1992","OMAN",1992,0,"first_year","Year",1,1,NA,"No_data",NA,NA,NA
"OMAN_1993","OMAN",1993,0,"first_year","Year",1,1,NA,"No_data",NA,NA,NA
"OMAN_1994","OMAN",1994,0,"first_year","Year",1,1,NA,"No_data",NA,NA,NA
"OMAN_1995","OMAN",1995,0,"first_year","Year",1,1,NA,"No_data",NA,NA,NA
"OMAN_1996","OMAN",1996,0,"first_year","Year",1,1,NA,"No_data",NA,NA,NA
"OMAN_1997","OMAN",1997,0,"first_year","Year",1,1,NA,"No_data",NA,NA,NA
"OMAN_1998","OMAN",1998,0,"first_year","Year",1,1,NA,"No_data",NA,NA,NA
"OMAN_1999","OMAN",1999,0,"first_year","Year",1,1,NA,"No_data",NA,NA,NA
"OMAN_2000","OMAN",2000,0,"first_year","Year",1,1,NA,"No_data",NA,NA,NA
"OMAN_2001","OMAN",2001,0,"first_year","Year",1,1,NA,"No_data",NA,NA,NA
"OMAN_2002","OMAN",2002,0,"first_year","Year",1,1,NA,"No_data",NA,NA,NA
"OMAN_2003","OMAN",2003,0,"first_year","Year",1,1,NA,"No_data",NA,NA,NA
"OMAN_2004","OMAN",2004,0,"first_year","Year",1,1,NA,"No_data",NA,NA,NA
"OMAN_2005","OMAN",2005,0,"first_year","Year",1,1,NA,"No_data",NA,NA,NA
"OMAN_2006","OMAN",2006,0,"first_year","Year",1,1,NA,"No_data",NA,NA,NA
"OMAN_2007","OMAN",2007,0,"first_year","Year",1,1,NA,"No_data",NA,NA,NA
"OMAN_2008","OMAN",2008,0,"first_year","Year",1,1,NA,"No_data",NA,NA,NA
"OMAN_2009","OMAN",2009,0,"first_year","Year",1,1,NA,"No_data",NA,NA,NA
"OMAN_2010","OMAN",2010,0,"first_year","Year",1,1,NA,"No_data",NA,NA,NA
"OMAN_2011","OMAN",2011,0,"first_year","Year",1,1,NA,"No_data",NA,NA,NA
"OMAN_2012","OMAN",2012,0,"first_year","Year",1,1,NA,"No_data",NA,NA,NA
"OMAN_2013","OMAN",2013,0,"first_year","Year",1,1,NA,"No_data",NA,NA,NA
"OMAN_2014","OMAN",2014,0,"first_year","Year",1,1,NA,"No_data",NA,NA,NA
"OMAN_2015","OMAN",2015,0,"first_year","Year",1,1,NA,"No_data",NA,NA,NA
"OMAN_2016","OMAN",2016,0,"first_year","Year",1,1,NA,"No_data",NA,NA,NA
"OMAN_2017","OMAN",2017,0,"first_year","Year",1,1,NA,"No_data",NA,NA,NA
"OMAN_2018","OMAN",2018,64,"OD","Month",12,1,64,"OD","Month",12,1
"OMAN_2019","OMAN",2019,109,"OD","Month",12,1,109,"OD","Month",12,1
"OMAN_2020","OMAN",2020,310,"OD","Month",12,1,310,"OD","Month",12,1
"OMAN_2021","OMAN",2021,24,"OD","Month",12,1,24,"OD","Month",12,1
"OMAN_2022","OMAN",2022,1989,"OD","Month",12,1,1989,"OD","Month",12,1
"OMAN_2023","OMAN",2023,2711,"OD","Month",12,1,2711,"OD","Month",12,1
"OMAN_2024","OMAN",2024,NA,"No_data",NA,NA,NA,NA,"No_data",NA,NA,NA
"PAKISTAN_1990","PAKISTAN",1990,0,"first_year","Year",1,1,NA,"No_data",NA,NA,NA
"PAKISTAN_1991","PAKISTAN",1991,0,"first_year","Year",1,1,NA,"No_data",NA,NA,NA
"PAKISTAN_1992","PAKISTAN",1992,0,"first_year","Year",1,1,NA,"No_data",NA,NA,NA
"PAKISTAN_1993","PAKISTAN",1993,0,"first_year","Year",1,1,NA,"No_data",NA,NA,NA
"PAKISTAN_1994","PAKISTAN",1994,145,"OD","Year",1,1,145,"OD","Year",1,1
"PAKISTAN_1995","PAKISTAN",1995,76,"OD","Year",1,1,76,"OD","Year",1,1
"PAKISTAN_1996","PAKISTAN",1996,0,"ad_hoc_data","Year",1,1,NA,"No_data",NA,NA,NA
"PAKISTAN_1997","PAKISTAN",1997,251,"OD","Year",1,1,251,"OD","Year",1,1
"PAKISTAN_1998","PAKISTAN",1998,0,"ad_hoc_data","Year",1,1,NA,"No_data",NA,NA,NA
"PAKISTAN_1999","PAKISTAN",1999,0,"ad_hoc_data","Year",1,1,NA,"No_data",NA,NA,NA
"PAKISTAN_2000","PAKISTAN",2000,0,"ad_hoc_data","Year",1,1,NA,"No_data",NA,NA,NA
"PAKISTAN_2001","PAKISTAN",2001,0,"ad_hoc_data","Year",1,1,NA,"No_data",NA,NA,NA
"PAKISTAN_2002","PAKISTAN",2002,0,"ad_hoc_data","Year",1,1,NA,"No_data",NA,NA,NA
"PAKISTAN_2003","PAKISTAN",2003,17,"OD","Year",1,1,17,"OD","Year",1,1
"PAKISTAN_2004","PAKISTAN",2004,25,"OD","Year",1,1,25,"OD","Year",1,1
"PAKISTAN_2005","PAKISTAN",2005,3940,"OD","Year",1,1,3940,"OD","Year",1,1
"PAKISTAN_2006","PAKISTAN",2006,1931,"OD","Year",1,1,1931,"OD","Year",1,1
"PAKISTAN_2007","PAKISTAN",2007,1199,"OD","Year",1,1,1199,"OD","Year",1,1
"PAKISTAN_2008","PAKISTAN",2008,1795,"OD","Year",1,1,1795,"OD","Year",1,1
"PAKISTAN_2009","PAKISTAN",2009,946,"OD","Year",1,1,946,"OD","Year",1,1
"PAKISTAN_2010","PAKISTAN",2010,9785,"OD","Year",1,1,9785,"OD","Year",1,1
"PAKISTAN_2011","PAKISTAN",2011,24928,"OD","Year",1,1,24928,"OD","Year",1,1
"PAKISTAN_2012","PAKISTAN",2012,3764,"OD","Year",1,1,3764,"OD","Year",1,1
"PAKISTAN_2013","PAKISTAN",2013,28883,"OD","Week",52,1,28883,"OD","Week",52,1
"PAKISTAN_2014","PAKISTAN",2014,4128,"OD","Year",1,1,4128,"OD","Year",1,1
"PAKISTAN_2015","PAKISTAN",2015,13088,"OD","Year",1,1,13088,"OD","Year",1,1
"PAKISTAN_2016","PAKISTAN",2016,9260,"OD","Year",1,1,9260,"OD","Year",1,1
"PAKISTAN_2017","PAKISTAN",2017,25023,"OD","Year",1,1,25023,"OD","Year",1,1
"PAKISTAN_2018","PAKISTAN",2018,6054,"OD","Year",1,1,6054,"OD","Year",1,1
"PAKISTAN_2019","PAKISTAN",2019,54079,"OD","Month",12,1,48330,"OD","Month",12,1
"PAKISTAN_2020","PAKISTAN",2020,125794,"ad_hoc_data","Year",1,1,45121,"OD","Year",1,1
"PAKISTAN_2021","PAKISTAN",2021,293579,"ad_hoc_data","Year",1,1,53682,"OD","Year",1,1
"PAKISTAN_2022","PAKISTAN",2022,78802,"OD","Year",1,1,78802,"OD","Year",1,1
"PAKISTAN_2023","PAKISTAN",2023,20072,"ad_hoc_data","Year",1,1,6638,"OD","Month",7,0.583333333333333
"PAKISTAN_2024","PAKISTAN",2024,58670,"ad_hoc_data","Month",12,1,58433,"OD","Month",12,1
"PALAU_1990","PALAU",1990,NA,"No_data",NA,NA,NA,NA,"No_data",NA,NA,NA
"PALAU_1991","PALAU",1991,0,"OD","Year",1,1,0,"OD","Year",1,1
"PALAU_1992","PALAU",1992,0,"OD","Year",1,1,0,"OD","Year",1,1
"PALAU_1993","PALAU",1993,0,"OD","Year",1,1,0,"OD","Year",1,1
"PALAU_1994","PALAU",1994,0,"ad_hoc_data","Month",12,1,0,"OD","Year",1,1
"PALAU_1995","PALAU",1995,857,"ad_hoc_data","Month",12,1,857,"OD","Year",1,1
"PALAU_1996","PALAU",1996,1,"ad_hoc_data","Month",12,1,0,"OD","Year",1,1
"PALAU_1997","PALAU",1997,0,"OD","Year",1,1,0,"OD","Year",1,1
"PALAU_1998","PALAU",1998,14,"OD","Year",1,1,14,"OD","Year",1,1
"PALAU_1999","PALAU",1999,1,"OD","Year",1,1,1,"OD","Year",1,1
"PALAU_2000","PALAU",2000,1208,"OD","Year",1,1,1208,"OD","Year",1,1
"PALAU_2001","PALAU",2001,863,"OD","Year",1,1,863,"OD","Year",1,1
"PALAU_2002","PALAU",2002,45,"OD","Year",1,1,45,"OD","Year",1,1
"PALAU_2003","PALAU",2003,15,"OD","Year",1,1,15,"OD","Year",1,1
"PALAU_2004","PALAU",2004,57,"ad_hoc_data","Year",1,1,37,"OD","Year",1,1
"PALAU_2005","PALAU",2005,0,"OD","Year",1,1,0,"OD","Year",1,1
"PALAU_2006","PALAU",2006,28,"OD","Year",1,1,28,"OD","Year",1,1
"PALAU_2007","PALAU",2007,80,"OD","Year",1,1,80,"OD","Year",1,1
"PALAU_2008","PALAU",2008,204,"OD","Year",1,1,204,"OD","Year",1,1
"PALAU_2009","PALAU",2009,4,"OD","Year",1,1,4,"OD","Year",1,1
"PALAU_2010","PALAU",2010,9,"OD","Year",1,1,9,"OD","Year",1,1
"PALAU_2011","PALAU",2011,334,"OD","Year",1,1,334,"OD","Year",1,1
"PALAU_2012","PALAU",2012,0,"OD","Year",1,1,0,"OD","Year",1,1
"PALAU_2013","PALAU",2013,9,"OD","Year",1,1,9,"OD","Year",1,1
"PALAU_2014","PALAU",2014,13,"OD","Year",1,1,13,"OD","Year",1,1
"PALAU_2015","PALAU",2015,20,"ad_hoc_data","Year",1,1,NA,"No_data",NA,NA,NA
"PALAU_2016","PALAU",2016,NA,"No_data",NA,NA,NA,NA,"No_data",NA,NA,NA
"PALAU_2017","PALAU",2017,681,"OD","Week",29,0.557692307692308,681,"OD","Week",29,0.557692307692308
"PALAU_2018","PALAU",2018,570,"OD","Year",1,1,570,"OD","Year",1,1
"PALAU_2019","PALAU",2019,1347,"OD","Week",38,0.730769230769231,1347,"OD","Week",38,0.730769230769231
"PALAU_2020","PALAU",2020,141,"OD","Week",20,0.377358490566038,141,"OD","Week",20,0.377358490566038
"PALAU_2021","PALAU",2021,5,"OD","Week",15,0.288461538461538,5,"OD","Week",15,0.288461538461538
"PALAU_2022","PALAU",2022,122,"OD","Week",40,0.769230769230769,122,"OD","Week",40,0.769230769230769
"PALAU_2023","PALAU",2023,4,"OD","Week",20,0.384615384615385,4,"OD","Week",20,0.384615384615385
"PALAU_2024","PALAU",2024,4,"OD","Month",9,0.75,4,"OD","Month",9,0.75
"PANAMA_1990","PANAMA",1990,0,"OD","Year",1,1,0,"OD","Year",1,1
"PANAMA_1991","PANAMA",1991,0,"OD","Year",1,1,0,"OD","Year",1,1
"PANAMA_1992","PANAMA",1992,0,"OD","Year",1,1,0,"OD","Year",1,1
"PANAMA_1993","PANAMA",1993,13,"OD","Year",1,1,13,"OD","Year",1,1
"PANAMA_1994","PANAMA",1994,20469,"OD","Year",1,1,20469,"OD","Year",1,1
"PANAMA_1995","PANAMA",1995,3080,"OD","Year",1,1,3080,"OD","Year",1,1
"PANAMA_1996","PANAMA",1996,811,"OD","Year",1,1,811,"OD","Year",1,1
"PANAMA_1997","PANAMA",1997,2628,"OD","Year",1,1,2628,"OD","Year",1,1
"PANAMA_1998","PANAMA",1998,2716,"OD","Year",1,1,2716,"OD","Year",1,1
"PANAMA_1999","PANAMA",1999,2782,"OD","Year",1,1,2782,"OD","Year",1,1
"PANAMA_2000","PANAMA",2000,314,"OD","Year",1,1,314,"OD","Year",1,1
"PANAMA_2001","PANAMA",2001,1538,"OD","Year",1,1,1538,"OD","Year",1,1
"PANAMA_2002","PANAMA",2002,706,"OD","Year",1,1,706,"OD","Year",1,1
"PANAMA_2003","PANAMA",2003,293,"OD","Year",1,1,293,"OD","Year",1,1
"PANAMA_2004","PANAMA",2004,369,"OD","Month",12,1,369,"OD","Month",12,1
"PANAMA_2005","PANAMA",2005,3998,"OD","Year",1,1,3998,"OD","Year",1,1
"PANAMA_2006","PANAMA",2006,4293,"OD","Year",1,1,4293,"OD","Year",1,1
"PANAMA_2007","PANAMA",2007,3399,"OD","Year",1,1,3399,"OD","Year",1,1
"PANAMA_2008","PANAMA",2008,2284,"OD","Year",1,1,2284,"OD","Year",1,1
"PANAMA_2009","PANAMA",2009,6783,"OD","Year",1,1,6783,"OD","Year",1,1
"PANAMA_2010","PANAMA",2010,1999,"OD","Year",1,1,1999,"OD","Year",1,1
"PANAMA_2011","PANAMA",2011,3844,"OD","Week",52,1,3844,"OD","Week",52,1
"PANAMA_2012","PANAMA",2012,1194,"OD","Year",1,1,1194,"OD","Year",1,1
"PANAMA_2013","PANAMA",2013,4774,"OD","Year",1,1,4774,"OD","Year",1,1
"PANAMA_2014","PANAMA",2014,5517,"OD","Week",53,1,5517,"OD","Week",53,1
"PANAMA_2015","PANAMA",2015,4815,"OD","Week",52,1,4815,"OD","Week",52,1
"PANAMA_2016","PANAMA",2016,9526,"OD","Week",52,1,9526,"OD","Week",52,1
"PANAMA_2017","PANAMA",2017,10702,"OD","Week",52,1,10702,"OD","Week",52,1
"PANAMA_2018","PANAMA",2018,7944,"OD","Week",52,1,7944,"OD","Week",52,1
"PANAMA_2019","PANAMA",2019,9661,"OD","Week",52,1,9661,"OD","Week",52,1
"PANAMA_2020","PANAMA",2020,4091,"OD","Week",51,0.962264150943396,4091,"OD","Week",51,0.962264150943396
"PANAMA_2021","PANAMA",2021,3685,"OD","Week",52,1,3685,"OD","Week",52,1
"PANAMA_2022","PANAMA",2022,11924,"OD","Week",52,1,11924,"OD","Week",52,1
"PANAMA_2023","PANAMA",2023,20924,"OD","Week",52,1,20924,"OD","Week",52,1
"PANAMA_2024","PANAMA",2024,37231,"OD","Week",52,1,37231,"OD","Week",52,1
"PAPUA NEW GUINEA_1990","PAPUA NEW GUINEA",1990,NA,"No_data",NA,NA,NA,NA,"No_data",NA,NA,NA
"PAPUA NEW GUINEA_1991","PAPUA NEW GUINEA",1991,475,"OD","Year",1,1,475,"OD","Year",1,1
"PAPUA NEW GUINEA_1992","PAPUA NEW GUINEA",1992,0,"OD","Year",1,1,0,"OD","Year",1,1
"PAPUA NEW GUINEA_1993","PAPUA NEW GUINEA",1993,0,"OD","Year",1,1,0,"OD","Year",1,1
"PAPUA NEW GUINEA_1994","PAPUA NEW GUINEA",1994,0,"OD","Year",1,1,0,"OD","Year",1,1
"PAPUA NEW GUINEA_1995","PAPUA NEW GUINEA",1995,0,"OD","Year",1,1,0,"OD","Year",1,1
"PAPUA NEW GUINEA_1996","PAPUA NEW GUINEA",1996,0,"OD","Year",1,1,0,"OD","Year",1,1
"PAPUA NEW GUINEA_1997","PAPUA NEW GUINEA",1997,0,"OD","Year",1,1,0,"OD","Year",1,1
"PAPUA NEW GUINEA_1998","PAPUA NEW GUINEA",1998,0,"OD","Year",1,1,0,"OD","Year",1,1
"PAPUA NEW GUINEA_1999","PAPUA NEW GUINEA",1999,0,"OD","Year",1,1,0,"OD","Year",1,1
"PAPUA NEW GUINEA_2000","PAPUA NEW GUINEA",2000,0,"OD","Year",1,1,0,"OD","Year",1,1
"PAPUA NEW GUINEA_2001","PAPUA NEW GUINEA",2001,0,"OD","Year",1,1,0,"OD","Year",1,1
"PAPUA NEW GUINEA_2002","PAPUA NEW GUINEA",2002,22,"OD","Year",1,1,22,"OD","Year",1,1
"PAPUA NEW GUINEA_2003","PAPUA NEW GUINEA",2003,0,"OD","Year",1,1,0,"OD","Year",1,1
"PAPUA NEW GUINEA_2004","PAPUA NEW GUINEA",2004,0,"OD","Year",1,1,0,"OD","Year",1,1
"PAPUA NEW GUINEA_2005","PAPUA NEW GUINEA",2005,0,"OD","Year",1,1,0,"OD","Year",1,1
"PAPUA NEW GUINEA_2006","PAPUA NEW GUINEA",2006,0,"OD","Year",1,1,0,"OD","Year",1,1
"PAPUA NEW GUINEA_2007","PAPUA NEW GUINEA",2007,0,"OD","Year",1,1,0,"OD","Year",1,1
"PAPUA NEW GUINEA_2008","PAPUA NEW GUINEA",2008,0,"OD","Year",1,1,0,"OD","Year",1,1
"PAPUA NEW GUINEA_2009","PAPUA NEW GUINEA",2009,28,"OD","Year",1,1,28,"OD","Year",1,1
"PAPUA NEW GUINEA_2010","PAPUA NEW GUINEA",2010,0,"OD","Year",1,1,0,"OD","Year",1,1
"PAPUA NEW GUINEA_2011","PAPUA NEW GUINEA",2011,3,"OD","Year",1,1,3,"OD","Year",1,1
"PAPUA NEW GUINEA_2012","PAPUA NEW GUINEA",2012,0,"OD","Year",1,1,0,"OD","Year",1,1
"PAPUA NEW GUINEA_2013","PAPUA NEW GUINEA",2013,NA,"No_data",NA,NA,NA,NA,"No_data",NA,NA,NA
"PAPUA NEW GUINEA_2014","PAPUA NEW GUINEA",2014,6,"OD","Year",1,1,6,"OD","Year",1,1
"PAPUA NEW GUINEA_2015","PAPUA NEW GUINEA",2015,170,"ad_hoc_data","Year",1,1,NA,"No_data",NA,NA,NA
"PAPUA NEW GUINEA_2016","PAPUA NEW GUINEA",2016,NA,"No_data",NA,NA,NA,NA,"No_data",NA,NA,NA
"PAPUA NEW GUINEA_2017","PAPUA NEW GUINEA",2017,NA,"No_data",NA,NA,NA,NA,"No_data",NA,NA,NA
"PAPUA NEW GUINEA_2018","PAPUA NEW GUINEA",2018,NA,"No_data",NA,NA,NA,NA,"No_data",NA,NA,NA
"PAPUA NEW GUINEA_2019","PAPUA NEW GUINEA",2019,NA,"No_data",NA,NA,NA,NA,"No_data",NA,NA,NA
"PAPUA NEW GUINEA_2020","PAPUA NEW GUINEA",2020,NA,"No_data",NA,NA,NA,NA,"No_data",NA,NA,NA
"PAPUA NEW GUINEA_2021","PAPUA NEW GUINEA",2021,NA,"No_data",NA,NA,NA,NA,"No_data",NA,NA,NA
"PAPUA NEW GUINEA_2022","PAPUA NEW GUINEA",2022,NA,"No_data",NA,NA,NA,NA,"No_data",NA,NA,NA
"PAPUA NEW GUINEA_2023","PAPUA NEW GUINEA",2023,NA,"No_data",NA,NA,NA,NA,"No_data",NA,NA,NA
"PAPUA NEW GUINEA_2024","PAPUA NEW GUINEA",2024,0,"OD","Week",40,0.769230769230769,0,"OD","Week",40,0.769230769230769
"PARAGUAY_1990","PARAGUAY",1990,0,"OD","Year",1,1,0,"OD","Year",1,1
"PARAGUAY_1991","PARAGUAY",1991,0,"OD","Year",1,1,0,"OD","Year",1,1
"PARAGUAY_1992","PARAGUAY",1992,0,"OD","Year",1,1,0,"OD","Year",1,1
"PARAGUAY_1993","PARAGUAY",1993,0,"OD","Year",1,1,0,"OD","Year",1,1
"PARAGUAY_1994","PARAGUAY",1994,0,"OD","Year",1,1,0,"OD","Year",1,1
"PARAGUAY_1995","PARAGUAY",1995,0,"OD","Year",1,1,0,"OD","Year",1,1
"PARAGUAY_1996","PARAGUAY",1996,0,"OD","Year",1,1,0,"OD","Year",1,1
"PARAGUAY_1997","PARAGUAY",1997,0,"OD","Year",1,1,0,"OD","Year",1,1
"PARAGUAY_1998","PARAGUAY",1998,0,"OD","Year",1,1,0,"OD","Year",1,1
"PARAGUAY_1999","PARAGUAY",1999,1164,"OD","Year",1,1,1164,"OD","Year",1,1
"PARAGUAY_2000","PARAGUAY",2000,24282,"OD","Year",1,1,24282,"OD","Year",1,1
"PARAGUAY_2001","PARAGUAY",2001,38,"OD","Year",1,1,38,"OD","Year",1,1
"PARAGUAY_2002","PARAGUAY",2002,1871,"OD","Year",1,1,1871,"OD","Year",1,1
"PARAGUAY_2003","PARAGUAY",2003,137,"OD","Year",1,1,137,"OD","Year",1,1
"PARAGUAY_2004","PARAGUAY",2004,164,"OD","Year",1,1,164,"OD","Year",1,1
"PARAGUAY_2005","PARAGUAY",2005,405,"OD","Year",1,1,405,"OD","Year",1,1
"PARAGUAY_2006","PARAGUAY",2006,4271,"OD","Year",1,1,4271,"OD","Year",1,1
"PARAGUAY_2007","PARAGUAY",2007,28127,"OD","Year",1,1,28127,"OD","Year",1,1
"PARAGUAY_2008","PARAGUAY",2008,1953,"OD","Year",1,1,1953,"OD","Year",1,1
"PARAGUAY_2009","PARAGUAY",2009,6143,"OD","Year",1,1,6143,"OD","Year",1,1
"PARAGUAY_2010","PARAGUAY",2010,13523,"OD","Year",1,1,13523,"OD","Year",1,1
"PARAGUAY_2011","PARAGUAY",2011,42847,"OD","Year",1,1,42847,"OD","Year",1,1
"PARAGUAY_2012","PARAGUAY",2012,39063,"OD","Year",1,1,39063,"OD","Year",1,1
"PARAGUAY_2013","PARAGUAY",2013,144470,"OD","Year",1,1,144470,"OD","Year",1,1
"PARAGUAY_2014","PARAGUAY",2014,10014,"OD","Year",1,1,10014,"OD","Year",1,1
"PARAGUAY_2015","PARAGUAY",2015,68652,"OD","Year",1,1,68652,"OD","Year",1,1
"PARAGUAY_2016","PARAGUAY",2016,70215,"OD","Week",52,1,70215,"OD","Week",52,1
"PARAGUAY_2017","PARAGUAY",2017,1832,"OD","Week",52,1,1832,"OD","Week",52,1
"PARAGUAY_2018","PARAGUAY",2018,32359,"OD","Week",52,1,32359,"OD","Week",52,1
"PARAGUAY_2019","PARAGUAY",2019,11811,"OD","Week",52,1,11811,"OD","Week",52,1
"PARAGUAY_2020","PARAGUAY",2020,223782,"OD","Week",53,1,223782,"OD","Week",53,1
"PARAGUAY_2021","PARAGUAY",2021,16897,"OD","Week",52,1,16897,"OD","Week",52,1
"PARAGUAY_2022","PARAGUAY",2022,7428,"OD","Week",52,1,7428,"OD","Week",52,1
"PARAGUAY_2023","PARAGUAY",2023,63216,"OD","Week",52,1,63216,"OD","Week",52,1
"PARAGUAY_2024","PARAGUAY",2024,295785,"OD","Week",52,1,295785,"OD","Week",52,1
"PERU_1990","PERU",1990,7858,"OD","Year",1,1,7858,"OD","Year",1,1
"PERU_1991","PERU",1991,714,"OD","Year",1,1,714,"OD","Year",1,1
"PERU_1992","PERU",1992,1971,"OD","Year",1,1,1971,"OD","Year",1,1
"PERU_1993","PERU",1993,897,"OD","Year",1,1,897,"OD","Year",1,1
"PERU_1994","PERU",1994,1471,"OD","Year",1,1,1471,"OD","Year",1,1
"PERU_1995","PERU",1995,2732,"OD","Year",1,1,2732,"OD","Year",1,1
"PERU_1996","PERU",1996,6395,"OD","Year",1,1,6395,"OD","Year",1,1
"PERU_1997","PERU",1997,1357,"OD","Year",1,1,1357,"OD","Year",1,1
"PERU_1998","PERU",1998,988,"OD","Year",1,1,988,"OD","Year",1,1
"PERU_1999","PERU",1999,554,"OD","Year",1,1,554,"OD","Year",1,1
"PERU_2000","PERU",2000,5557,"OD","Week",52,1,5557,"OD","Week",52,1
"PERU_2001","PERU",2001,23526,"OD","Week",52,1,23526,"OD","Week",52,1
"PERU_2002","PERU",2002,8862,"OD","Week",52,1,8862,"OD","Week",52,1
"PERU_2003","PERU",2003,3622,"OD","Week",53,1,3622,"OD","Week",53,1
"PERU_2004","PERU",2004,9739,"OD","Week",52,1,9739,"OD","Week",52,1
"PERU_2005","PERU",2005,6342,"OD","Week",52,1,6342,"OD","Week",52,1
"PERU_2006","PERU",2006,5527,"OD","Week",52,1,5527,"OD","Week",52,1
"PERU_2007","PERU",2007,6872,"OD","Week",52,1,6872,"OD","Week",52,1
"PERU_2008","PERU",2008,12939,"OD","Week",53,1,12939,"OD","Week",53,1
"PERU_2009","PERU",2009,13326,"OD","Week",52,1,13326,"OD","Week",52,1
"PERU_2010","PERU",2010,18484,"OD","Week",52,1,18484,"OD","Week",52,1
"PERU_2011","PERU",2011,31439,"OD","Week",52,1,31439,"OD","Week",52,1
"PERU_2012","PERU",2012,31005,"OD","Week",52,1,31005,"OD","Week",52,1
"PERU_2013","PERU",2013,15039,"OD","Week",52,1,15039,"OD","Week",52,1
"PERU_2014","PERU",2014,19043,"OD","Week",53,1,19043,"OD","Week",53,1
"PERU_2015","PERU",2015,35837,"OD","Week",52,1,35837,"OD","Week",52,1
"PERU_2016","PERU",2016,31868,"OD","Week",52,1,31868,"OD","Week",52,1
"PERU_2017","PERU",2017,76093,"OD","Week",52,1,76093,"OD","Week",52,1
"PERU_2018","PERU",2018,6930,"OD","Week",52,1,6930,"OD","Week",52,1
"PERU_2019","PERU",2019,17143,"OD","Week",52,1,17143,"OD","Week",52,1
"PERU_2020","PERU",2020,56394,"OD","Week",53,1,56394,"OD","Week",53,1
"PERU_2021","PERU",2021,49274,"OD","Week",52,1,49274,"OD","Week",52,1
"PERU_2022","PERU",2022,72851,"OD","Week",52,1,72851,"OD","Week",52,1
"PERU_2023","PERU",2023,274227,"OD","Week",52,1,274227,"OD","Week",52,1
"PERU_2024","PERU",2024,280726,"OD","Week",52,1,280726,"OD","Week",52,1
"PHILIPPINES_1990","PHILIPPINES",1990,588,"OD","Year",1,1,588,"OD","Year",1,1
"PHILIPPINES_1991","PHILIPPINES",1991,11317,"OD","Year",1,1,11317,"OD","Year",1,1
"PHILIPPINES_1992","PHILIPPINES",1992,9108,"OD","Year",1,1,9108,"OD","Year",1,1
"PHILIPPINES_1993","PHILIPPINES",1993,5715,"ad_hoc_data","Year",1,1,5448,"OD","Year",1,1
"PHILIPPINES_1994","PHILIPPINES",1994,5603,"OD","Month",12,1,5603,"OD","Month",12,1
"PHILIPPINES_1995","PHILIPPINES",1995,7413,"OD","Month",12,1,5166,"OD","Month",12,1
"PHILIPPINES_1996","PHILIPPINES",1996,14649,"OD","Month",12,1,14649,"OD","Month",12,1
"PHILIPPINES_1997","PHILIPPINES",1997,12811,"OD","Month",12,1,12811,"OD","Month",12,1
"PHILIPPINES_1998","PHILIPPINES",1998,36162,"OD","Month",12,1,35648,"OD","Month",12,1
"PHILIPPINES_1999","PHILIPPINES",1999,9406,"OD","Month",12,1,9406,"OD","Month",12,1
"PHILIPPINES_2000","PHILIPPINES",2000,8561,"OD","Month",12,1,8561,"OD","Month",12,1
"PHILIPPINES_2001","PHILIPPINES",2001,25216,"OD","Month",12,1,25002,"OD","Month",12,1
"PHILIPPINES_2002","PHILIPPINES",2002,16663,"OD","Month",12,1,16663,"OD","Month",12,1
"PHILIPPINES_2003","PHILIPPINES",2003,29946,"OD","Month",12,1,29946,"OD","Month",12,1
"PHILIPPINES_2004","PHILIPPINES",2004,23040,"OD","Month",12,1,23040,"OD","Month",12,1
"PHILIPPINES_2005","PHILIPPINES",2005,33901,"OD","Month",12,1,33901,"OD","Month",12,1
"PHILIPPINES_2006","PHILIPPINES",2006,37101,"OD","Month",12,1,37101,"OD","Month",12,1
"PHILIPPINES_2007","PHILIPPINES",2007,55639,"OD","Month",12,1,55639,"OD","Month",12,1
"PHILIPPINES_2008","PHILIPPINES",2008,39620,"OD","Month",12,1,39620,"OD","Month",12,1
"PHILIPPINES_2009","PHILIPPINES",2009,57819,"OD","Month",12,1,57819,"OD","Month",12,1
"PHILIPPINES_2010","PHILIPPINES",2010,135355,"OD","Month",12,1,135355,"OD","Month",12,1
"PHILIPPINES_2011","PHILIPPINES",2011,125975,"OD","Month",12,1,117418,"OD","Month",12,1
"PHILIPPINES_2012","PHILIPPINES",2012,187031,"ad_hoc_data","Year",1,1,67699,"OD","Year",1,1
"PHILIPPINES_2013","PHILIPPINES",2013,215868,"OD","Week",52,1,215868,"OD","Week",52,1
"PHILIPPINES_2014","PHILIPPINES",2014,121580,"ad_hoc_data","Year",1,1,113801,"OD","Week",52,0.981132075471698
"PHILIPPINES_2015","PHILIPPINES",2015,213930,"OD","Year",1,1,213930,"OD","Year",1,1
"PHILIPPINES_2016","PHILIPPINES",2016,220518,"OD","Year",1,1,220518,"OD","Year",1,1
"PHILIPPINES_2017","PHILIPPINES",2017,152224,"OD","Year",1,1,152224,"OD","Year",1,1
"PHILIPPINES_2018","PHILIPPINES",2018,216190,"OD","Year",1,1,216190,"OD","Year",1,1
"PHILIPPINES_2019","PHILIPPINES",2019,437777,"OD","Week",52,1,437777,"OD","Week",52,1
"PHILIPPINES_2020","PHILIPPINES",2020,88595,"OD","Week",53,1,88595,"OD","Week",53,1
"PHILIPPINES_2021","PHILIPPINES",2021,79592,"OD","Year",1,1,79592,"OD","Year",1,1
"PHILIPPINES_2022","PHILIPPINES",2022,219469,"OD","Week",49,0.942307692307692,219469,"OD","Week",49,0.942307692307692
"PHILIPPINES_2023","PHILIPPINES",2023,167355,"ad_hoc_data","Year",1,1,72025,"OD","Week",48,0.923076923076923
"PHILIPPINES_2024","PHILIPPINES",2024,NA,"No_data",NA,NA,NA,NA,"No_data",NA,NA,NA
"PORTUGAL_1990","PORTUGAL",1990,0,"first_year","Year",1,1,NA,NA,NA,NA,NA
"PORTUGAL_1991","PORTUGAL",1991,0,"first_year","Year",1,1,NA,NA,NA,NA,NA
"PORTUGAL_1992","PORTUGAL",1992,0,"first_year","Year",1,1,NA,NA,NA,NA,NA
"PORTUGAL_1993","PORTUGAL",1993,0,"first_year","Year",1,1,NA,NA,NA,NA,NA
"PORTUGAL_1994","PORTUGAL",1994,0,"first_year","Year",1,1,NA,NA,NA,NA,NA
"PORTUGAL_1995","PORTUGAL",1995,0,"first_year","Year",1,1,NA,NA,NA,NA,NA
"PORTUGAL_1996","PORTUGAL",1996,0,"first_year","Year",1,1,NA,NA,NA,NA,NA
"PORTUGAL_1997","PORTUGAL",1997,0,"first_year","Year",1,1,NA,NA,NA,NA,NA
"PORTUGAL_1998","PORTUGAL",1998,0,"first_year","Year",1,1,NA,NA,NA,NA,NA
"PORTUGAL_1999","PORTUGAL",1999,0,"first_year","Year",1,1,NA,NA,NA,NA,NA
"PORTUGAL_2000","PORTUGAL",2000,0,"first_year","Year",1,1,NA,NA,NA,NA,NA
"PORTUGAL_2001","PORTUGAL",2001,0,"first_year","Year",1,1,NA,NA,NA,NA,NA
"PORTUGAL_2002","PORTUGAL",2002,0,"first_year","Year",1,1,NA,NA,NA,NA,NA
"PORTUGAL_2003","PORTUGAL",2003,0,"first_year","Year",1,1,NA,NA,NA,NA,NA
"PORTUGAL_2004","PORTUGAL",2004,0,"first_year","Year",1,1,NA,NA,NA,NA,NA
"PORTUGAL_2005","PORTUGAL",2005,0,"first_year","Year",1,1,NA,NA,NA,NA,NA
"PORTUGAL_2006","PORTUGAL",2006,0,"first_year","Year",1,1,NA,NA,NA,NA,NA
"PORTUGAL_2007","PORTUGAL",2007,0,"first_year","Year",1,1,NA,NA,NA,NA,NA
"PORTUGAL_2008","PORTUGAL",2008,0,"first_year","Year",1,1,NA,NA,NA,NA,NA
"PORTUGAL_2009","PORTUGAL",2009,0,"first_year","Year",1,1,NA,NA,NA,NA,NA
"PORTUGAL_2010","PORTUGAL",2010,0,"first_year","Year",1,1,NA,NA,NA,NA,NA
"PORTUGAL_2011","PORTUGAL",2011,0,"first_year","Year",1,1,NA,NA,NA,NA,NA
"PORTUGAL_2012","PORTUGAL",2012,1070,"ad_hoc_data","Week",52,1,NA,NA,NA,NA,NA
"PORTUGAL_2013","PORTUGAL",2013,9,"ad_hoc_data","Week",52,1,NA,NA,NA,NA,NA
"PORTUGAL_2014","PORTUGAL",2014,0,"ad_hoc_data","Year",1,1,NA,NA,NA,NA,NA
"PORTUGAL_2015","PORTUGAL",2015,0,"ad_hoc_data","Year",1,1,NA,NA,NA,NA,NA
"PORTUGAL_2016","PORTUGAL",2016,0,"ad_hoc_data","Year",1,1,NA,NA,NA,NA,NA
"PORTUGAL_2017","PORTUGAL",2017,0,"ad_hoc_data","Year",1,1,NA,NA,NA,NA,NA
"PORTUGAL_2018","PORTUGAL",2018,0,"ad_hoc_data","Year",1,1,NA,NA,NA,NA,NA
"PORTUGAL_2019","PORTUGAL",2019,0,"ad_hoc_data","Year",1,1,NA,NA,NA,NA,NA
"PORTUGAL_2020","PORTUGAL",2020,0,"ad_hoc_data","Year",1,1,NA,NA,NA,NA,NA
"PORTUGAL_2021","PORTUGAL",2021,0,"ad_hoc_data","Year",1,1,NA,NA,NA,NA,NA
"PORTUGAL_2022","PORTUGAL",2022,0,"ad_hoc_data","Year",1,1,NA,NA,NA,NA,NA
"PORTUGAL_2023","PORTUGAL",2023,0,"ad_hoc_data","Year",1,1,NA,NA,NA,NA,NA
"PORTUGAL_2024","PORTUGAL",2024,0,"ad_hoc_data","Year",1,1,NA,NA,NA,NA,NA
"PUERTO RICO_1990","PUERTO RICO",1990,9444,"OD","Year",1,1,9444,"OD","Year",1,1
"PUERTO RICO_1991","PUERTO RICO",1991,10305,"OD","Year",1,1,10305,"OD","Year",1,1
"PUERTO RICO_1992","PUERTO RICO",1992,13009,"OD","Year",1,1,13009,"OD","Year",1,1
"PUERTO RICO_1993","PUERTO RICO",1993,6600,"OD","Year",1,1,6600,"OD","Year",1,1
"PUERTO RICO_1994","PUERTO RICO",1994,22000,"OD","Year",1,1,22000,"OD","Year",1,1
"PUERTO RICO_1995","PUERTO RICO",1995,6491,"OD","Year",1,1,6491,"OD","Year",1,1
"PUERTO RICO_1996","PUERTO RICO",1996,4631,"OD","Year",1,1,4631,"OD","Year",1,1
"PUERTO RICO_1997","PUERTO RICO",1997,6893,"OD","Year",1,1,6893,"OD","Year",1,1
"PUERTO RICO_1998","PUERTO RICO",1998,17068,"OD","Year",1,1,17068,"OD","Year",1,1
"PUERTO RICO_1999","PUERTO RICO",1999,4959,"OD","Year",1,1,4959,"OD","Year",1,1
"PUERTO RICO_2000","PUERTO RICO",2000,2409,"OD","Year",1,1,2409,"OD","Year",1,1
"PUERTO RICO_2001","PUERTO RICO",2001,5197,"OD","Year",1,1,5197,"OD","Year",1,1
"PUERTO RICO_2002","PUERTO RICO",2002,2883,"OD","Year",1,1,2883,"OD","Year",1,1
"PUERTO RICO_2003","PUERTO RICO",2003,3730,"OD","Year",1,1,3730,"OD","Year",1,1
"PUERTO RICO_2004","PUERTO RICO",2004,3277,"OD","Year",1,1,3277,"OD","Year",1,1
"PUERTO RICO_2005","PUERTO RICO",2005,5682,"OD","Year",1,1,5682,"OD","Year",1,1
"PUERTO RICO_2006","PUERTO RICO",2006,3036,"OD","Year",1,1,3036,"OD","Year",1,1
"PUERTO RICO_2007","PUERTO RICO",2007,10964,"OD","Year",1,1,10964,"OD","Year",1,1
"PUERTO RICO_2008","PUERTO RICO",2008,3319,"OD","Year",1,1,3319,"OD","Year",1,1
"PUERTO RICO_2009","PUERTO RICO",2009,6588,"OD","Year",1,1,6588,"OD","Year",1,1
"PUERTO RICO_2010","PUERTO RICO",2010,21265,"OD","Year",1,1,21265,"OD","Year",1,1
"PUERTO RICO_2011","PUERTO RICO",2011,5623,"OD","Year",1,1,5623,"OD","Year",1,1
"PUERTO RICO_2012","PUERTO RICO",2012,11774,"OD","Year",1,1,11774,"OD","Year",1,1
"PUERTO RICO_2013","PUERTO RICO",2013,18164,"OD","Year",1,1,18164,"OD","Year",1,1
"PUERTO RICO_2014","PUERTO RICO",2014,8880,"OD","Week",53,1,8880,"OD","Week",53,1
"PUERTO RICO_2015","PUERTO RICO",2015,1867,"OD","Week",52,1,1867,"OD","Week",52,1
"PUERTO RICO_2016","PUERTO RICO",2016,168,"OD","Week",52,1,168,"OD","Week",52,1
"PUERTO RICO_2017","PUERTO RICO",2017,0,"OD","Week",52,1,0,"OD","Week",52,1
"PUERTO RICO_2018","PUERTO RICO",2018,0,"OD","Week",52,1,0,"OD","Week",52,1
"PUERTO RICO_2019","PUERTO RICO",2019,37,"OD","Week",52,1,37,"OD","Week",52,1
"PUERTO RICO_2020","PUERTO RICO",2020,914,"OD","Week",53,1,914,"OD","Week",53,1
"PUERTO RICO_2021","PUERTO RICO",2021,636,"OD","Week",52,1,636,"OD","Week",52,1
"PUERTO RICO_2022","PUERTO RICO",2022,1023,"OD","Week",52,1,1023,"OD","Week",52,1
"PUERTO RICO_2023","PUERTO RICO",2023,1242,"OD","Week",52,1,1242,"OD","Week",52,1
"PUERTO RICO_2024","PUERTO RICO",2024,6088,"OD","Week",52,1,6088,"OD","Week",52,1
"REUNION_1990","REUNION",1990,NA,"No_data",NA,NA,NA,NA,"No_data",NA,NA,NA
"REUNION_1991","REUNION",1991,NA,"No_data",NA,NA,NA,NA,"No_data",NA,NA,NA
"REUNION_1992","REUNION",1992,NA,"No_data",NA,NA,NA,NA,"No_data",NA,NA,NA
"REUNION_1993","REUNION",1993,NA,"No_data",NA,NA,NA,NA,"No_data",NA,NA,NA
"REUNION_1994","REUNION",1994,NA,"No_data",NA,NA,NA,NA,"No_data",NA,NA,NA
"REUNION_1995","REUNION",1995,NA,"No_data",NA,NA,NA,NA,"No_data",NA,NA,NA
"REUNION_1996","REUNION",1996,NA,"No_data",NA,NA,NA,NA,"No_data",NA,NA,NA
"REUNION_1997","REUNION",1997,NA,"No_data",NA,NA,NA,NA,"No_data",NA,NA,NA
"REUNION_1998","REUNION",1998,NA,"No_data",NA,NA,NA,NA,"No_data",NA,NA,NA
"REUNION_1999","REUNION",1999,NA,"No_data",NA,NA,NA,NA,"No_data",NA,NA,NA
"REUNION_2000","REUNION",2000,NA,"No_data",NA,NA,NA,NA,"No_data",NA,NA,NA
"REUNION_2001","REUNION",2001,NA,"No_data",NA,NA,NA,NA,"No_data",NA,NA,NA
"REUNION_2002","REUNION",2002,NA,"No_data",NA,NA,NA,NA,"No_data",NA,NA,NA
"REUNION_2003","REUNION",2003,NA,"No_data",NA,NA,NA,NA,"No_data",NA,NA,NA
"REUNION_2004","REUNION",2004,228,"ad_hoc_data","Year",1,1,NA,"No_data",NA,NA,NA
"REUNION_2005","REUNION",2005,NA,"No_data",NA,NA,NA,NA,"No_data",NA,NA,NA
"REUNION_2006","REUNION",2006,1,"ad_hoc_data","Week",52,1,NA,"No_data",NA,NA,NA
"REUNION_2007","REUNION",2007,28,"ad_hoc_data","Week",52,1,NA,"No_data",NA,NA,NA
"REUNION_2008","REUNION",2008,44,"ad_hoc_data","Year",1,1,NA,"No_data",NA,NA,NA
"REUNION_2009","REUNION",2009,8,"ad_hoc_data","Year",1,1,NA,"No_data",NA,NA,NA
"REUNION_2010","REUNION",2010,18,"ad_hoc_data","Week",19,0.365384615384615,NA,"No_data",NA,NA,NA
"REUNION_2011","REUNION",2011,2,"ad_hoc_data","Week",2,0.0384615384615385,NA,"No_data",NA,NA,NA
"REUNION_2012","REUNION",2012,31,"ad_hoc_data","Week",52,1,NA,"No_data",NA,NA,NA
"REUNION_2013","REUNION",2013,21,"ad_hoc_data","Week",52,1,NA,"No_data",NA,NA,NA
"REUNION_2014","REUNION",2014,29,"ad_hoc_data","Week",53,1,NA,"No_data",NA,NA,NA
"REUNION_2015","REUNION",2015,7,"ad_hoc_data","Week",52,1,NA,"No_data",NA,NA,NA
"REUNION_2016","REUNION",2016,221,"ad_hoc_data","Week",52,1,NA,"No_data",NA,NA,NA
"REUNION_2017","REUNION",2017,97,"ad_hoc_data","Week",52,1,NA,"No_data",NA,NA,NA
"REUNION_2018","REUNION",2018,6770,"ad_hoc_data","Week",52,1,NA,"No_data",NA,NA,NA
"REUNION_2019","REUNION",2019,18217,"ad_hoc_data","Week",52,1,NA,"No_data",NA,NA,NA
"REUNION_2020","REUNION",2020,16414,"ad_hoc_data","Week",53,1,NA,"No_data",NA,NA,NA
"REUNION_2021","REUNION",2021,29608,"ad_hoc_data","Week",34,0.653846153846154,NA,"No_data",NA,NA,NA
"REUNION_2022","REUNION",2022,1212,"ad_hoc_data","Year",1,1,NA,"No_data",NA,NA,NA
"REUNION_2023","REUNION",2023,NA,"No_data",NA,NA,NA,NA,"No_data",NA,NA,NA
"REUNION_2024","REUNION",2024,1227,"OD","Month",6,0.5,1227,"OD","Month",6,0.5
"SAINT BARTHELEMY_1990","SAINT BARTHELEMY",1990,0,"OD","Year",1,1,0,"OD","Year",1,1
"SAINT BARTHELEMY_1991","SAINT BARTHELEMY",1991,0,"OD","Year",1,1,0,"OD","Year",1,1
"SAINT BARTHELEMY_1992","SAINT BARTHELEMY",1992,0,"OD","Year",1,1,0,"OD","Year",1,1
"SAINT BARTHELEMY_1993","SAINT BARTHELEMY",1993,0,"OD","Year",1,1,0,"OD","Year",1,1
"SAINT BARTHELEMY_1994","SAINT BARTHELEMY",1994,0,"OD","Year",1,1,0,"OD","Year",1,1
"SAINT BARTHELEMY_1995","SAINT BARTHELEMY",1995,0,"OD","Year",1,1,0,"OD","Year",1,1
"SAINT BARTHELEMY_1996","SAINT BARTHELEMY",1996,0,"OD","Year",1,1,0,"OD","Year",1,1
"SAINT BARTHELEMY_1997","SAINT BARTHELEMY",1997,0,"OD","Year",1,1,0,"OD","Year",1,1
"SAINT BARTHELEMY_1998","SAINT BARTHELEMY",1998,0,"OD","Year",1,1,0,"OD","Year",1,1
"SAINT BARTHELEMY_1999","SAINT BARTHELEMY",1999,0,"OD","Year",1,1,0,"OD","Year",1,1
"SAINT BARTHELEMY_2000","SAINT BARTHELEMY",2000,0,"OD","Year",1,1,0,"OD","Year",1,1
"SAINT BARTHELEMY_2001","SAINT BARTHELEMY",2001,0,"OD","Year",1,1,0,"OD","Year",1,1
"SAINT BARTHELEMY_2002","SAINT BARTHELEMY",2002,0,"OD","Year",1,1,0,"OD","Year",1,1
"SAINT BARTHELEMY_2003","SAINT BARTHELEMY",2003,0,"OD","Year",1,1,0,"OD","Year",1,1
"SAINT BARTHELEMY_2004","SAINT BARTHELEMY",2004,0,"OD","Year",1,1,0,"OD","Year",1,1
"SAINT BARTHELEMY_2005","SAINT BARTHELEMY",2005,0,"OD","Year",1,1,0,"OD","Year",1,1
"SAINT BARTHELEMY_2006","SAINT BARTHELEMY",2006,0,"OD","Year",1,1,0,"OD","Year",1,1
"SAINT BARTHELEMY_2007","SAINT BARTHELEMY",2007,0,"OD","Year",1,1,0,"OD","Year",1,1
"SAINT BARTHELEMY_2008","SAINT BARTHELEMY",2008,0,"OD","Year",1,1,0,"OD","Year",1,1
"SAINT BARTHELEMY_2009","SAINT BARTHELEMY",2009,804,"OD","Year",1,1,804,"OD","Year",1,1
"SAINT BARTHELEMY_2010","SAINT BARTHELEMY",2010,0,"OD","Year",1,1,0,"OD","Year",1,1
"SAINT BARTHELEMY_2011","SAINT BARTHELEMY",2011,23,"OD","Year",1,1,23,"OD","Year",1,1
"SAINT BARTHELEMY_2012","SAINT BARTHELEMY",2012,40,"OD","Year",1,1,40,"OD","Year",1,1
"SAINT BARTHELEMY_2013","SAINT BARTHELEMY",2013,966,"OD","Year",1,1,966,"OD","Year",1,1
"SAINT BARTHELEMY_2014","SAINT BARTHELEMY",2014,56,"OD","Year",1,1,56,"OD","Year",1,1
"SAINT BARTHELEMY_2015","SAINT BARTHELEMY",2015,428,"OD","Year",1,1,428,"OD","Year",1,1
"SAINT BARTHELEMY_2016","SAINT BARTHELEMY",2016,78,"OD","Year",1,1,78,"OD","Year",1,1
"SAINT BARTHELEMY_2017","SAINT BARTHELEMY",2017,55,"OD","Week",52,1,55,"OD","Week",52,1
"SAINT BARTHELEMY_2018","SAINT BARTHELEMY",2018,0,"OD","Week",52,1,0,"OD","Week",52,1
"SAINT BARTHELEMY_2019","SAINT BARTHELEMY",2019,11,"OD","Week",52,1,11,"OD","Week",52,1
"SAINT BARTHELEMY_2020","SAINT BARTHELEMY",2020,1616,"OD","Week",53,1,1616,"OD","Week",53,1
"SAINT BARTHELEMY_2021","SAINT BARTHELEMY",2021,70,"OD","Week",52,1,70,"OD","Week",52,1
"SAINT BARTHELEMY_2022","SAINT BARTHELEMY",2022,93,"OD","Year",1,1,93,"OD","Year",1,1
"SAINT BARTHELEMY_2023","SAINT BARTHELEMY",2023,737,"OD","Week",52,1,737,"OD","Week",52,1
"SAINT BARTHELEMY_2024","SAINT BARTHELEMY",2024,173,"OD","Week",52,1,173,"OD","Week",52,1
"SAINT KITTS AND NEVIS_1990","SAINT KITTS AND NEVIS",1990,0,"OD","Year",1,1,0,"OD","Year",1,1
"SAINT KITTS AND NEVIS_1991","SAINT KITTS AND NEVIS",1991,8,"OD","Year",1,1,8,"OD","Year",1,1
"SAINT KITTS AND NEVIS_1992","SAINT KITTS AND NEVIS",1992,0,"OD","Year",1,1,0,"OD","Year",1,1
"SAINT KITTS AND NEVIS_1993","SAINT KITTS AND NEVIS",1993,0,"OD","Year",1,1,0,"OD","Year",1,1
"SAINT KITTS AND NEVIS_1994","SAINT KITTS AND NEVIS",1994,0,"OD","Year",1,1,0,"OD","Year",1,1
"SAINT KITTS AND NEVIS_1995","SAINT KITTS AND NEVIS",1995,27,"OD","Year",1,1,27,"OD","Year",1,1
"SAINT KITTS AND NEVIS_1996","SAINT KITTS AND NEVIS",1996,6,"OD","Year",1,1,6,"OD","Year",1,1
"SAINT KITTS AND NEVIS_1997","SAINT KITTS AND NEVIS",1997,0,"OD","Year",1,1,0,"OD","Year",1,1
"SAINT KITTS AND NEVIS_1998","SAINT KITTS AND NEVIS",1998,0,"OD","Year",1,1,0,"OD","Year",1,1
"SAINT KITTS AND NEVIS_1999","SAINT KITTS AND NEVIS",1999,1,"OD","Year",1,1,1,"OD","Year",1,1
"SAINT KITTS AND NEVIS_2000","SAINT KITTS AND NEVIS",2000,5,"OD","Year",1,1,5,"OD","Year",1,1
"SAINT KITTS AND NEVIS_2001","SAINT KITTS AND NEVIS",2001,85,"OD","Year",1,1,85,"OD","Year",1,1
"SAINT KITTS AND NEVIS_2002","SAINT KITTS AND NEVIS",2002,20,"OD","Year",1,1,20,"OD","Year",1,1
"SAINT KITTS AND NEVIS_2003","SAINT KITTS AND NEVIS",2003,2,"OD","Year",1,1,2,"OD","Year",1,1
"SAINT KITTS AND NEVIS_2004","SAINT KITTS AND NEVIS",2004,4,"OD","Year",1,1,4,"OD","Year",1,1
"SAINT KITTS AND NEVIS_2005","SAINT KITTS AND NEVIS",2005,0,"OD","Year",1,1,0,"OD","Year",1,1
"SAINT KITTS AND NEVIS_2006","SAINT KITTS AND NEVIS",2006,1,"OD","Year",1,1,1,"OD","Year",1,1
"SAINT KITTS AND NEVIS_2007","SAINT KITTS AND NEVIS",2007,0,"OD","Year",1,1,0,"OD","Year",1,1
"SAINT KITTS AND NEVIS_2008","SAINT KITTS AND NEVIS",2008,49,"OD","Year",1,1,49,"OD","Year",1,1
"SAINT KITTS AND NEVIS_2009","SAINT KITTS AND NEVIS",2009,2,"OD","Year",1,1,2,"OD","Year",1,1
"SAINT KITTS AND NEVIS_2010","SAINT KITTS AND NEVIS",2010,19,"OD","Year",1,1,19,"OD","Year",1,1
"SAINT KITTS AND NEVIS_2011","SAINT KITTS AND NEVIS",2011,46,"OD","Year",1,1,46,"OD","Year",1,1
"SAINT KITTS AND NEVIS_2012","SAINT KITTS AND NEVIS",2012,2,"OD","Year",1,1,2,"OD","Year",1,1
"SAINT KITTS AND NEVIS_2013","SAINT KITTS AND NEVIS",2013,100,"OD","Year",1,1,100,"OD","Year",1,1
"SAINT KITTS AND NEVIS_2014","SAINT KITTS AND NEVIS",2014,75,"OD","Year",1,1,75,"OD","Year",1,1
"SAINT KITTS AND NEVIS_2015","SAINT KITTS AND NEVIS",2015,5,"OD","Week",52,1,5,"OD","Week",52,1
"SAINT KITTS AND NEVIS_2016","SAINT KITTS AND NEVIS",2016,136,"OD","Year",1,1,136,"OD","Year",1,1
"SAINT KITTS AND NEVIS_2017","SAINT KITTS AND NEVIS",2017,10,"OD","Year",1,1,10,"OD","Year",1,1
"SAINT KITTS AND NEVIS_2018","SAINT KITTS AND NEVIS",2018,6,"OD","Week",52,1,6,"OD","Week",52,1
"SAINT KITTS AND NEVIS_2019","SAINT KITTS AND NEVIS",2019,46,"OD","Week",52,1,46,"OD","Week",52,1
"SAINT KITTS AND NEVIS_2020","SAINT KITTS AND NEVIS",2020,20,"OD","Week",53,1,20,"OD","Week",53,1
"SAINT KITTS AND NEVIS_2021","SAINT KITTS AND NEVIS",2021,0,"OD","Week",52,1,0,"OD","Week",52,1
"SAINT KITTS AND NEVIS_2022","SAINT KITTS AND NEVIS",2022,1,"OD","Week",52,1,1,"OD","Week",52,1
"SAINT KITTS AND NEVIS_2023","SAINT KITTS AND NEVIS",2023,286,"OD","Week",52,1,286,"OD","Week",52,1
"SAINT KITTS AND NEVIS_2024","SAINT KITTS AND NEVIS",2024,253,"OD","Week",52,1,253,"OD","Week",52,1
"SAINT LUCIA_1990","SAINT LUCIA",1990,2,"OD","Year",1,1,2,"OD","Year",1,1
"SAINT LUCIA_1991","SAINT LUCIA",1991,4,"OD","Year",1,1,4,"OD","Year",1,1
"SAINT LUCIA_1992","SAINT LUCIA",1992,0,"OD","Year",1,1,0,"OD","Year",1,1
"SAINT LUCIA_1993","SAINT LUCIA",1993,0,"OD","Year",1,1,0,"OD","Year",1,1
"SAINT LUCIA_1994","SAINT LUCIA",1994,0,"OD","Year",1,1,0,"OD","Year",1,1
"SAINT LUCIA_1995","SAINT LUCIA",1995,52,"OD","Year",1,1,52,"OD","Year",1,1
"SAINT LUCIA_1996","SAINT LUCIA",1996,65,"OD","Year",1,1,65,"OD","Year",1,1
"SAINT LUCIA_1997","SAINT LUCIA",1997,11,"OD","Year",1,1,11,"OD","Year",1,1
"SAINT LUCIA_1998","SAINT LUCIA",1998,0,"OD","Year",1,1,0,"OD","Year",1,1
"SAINT LUCIA_1999","SAINT LUCIA",1999,3,"OD","Year",1,1,3,"OD","Year",1,1
"SAINT LUCIA_2000","SAINT LUCIA",2000,0,"OD","Year",1,1,0,"OD","Year",1,1
"SAINT LUCIA_2001","SAINT LUCIA",2001,292,"OD","Year",1,1,292,"OD","Year",1,1
"SAINT LUCIA_2002","SAINT LUCIA",2002,51,"OD","Year",1,1,51,"OD","Year",1,1
"SAINT LUCIA_2003","SAINT LUCIA",2003,5,"OD","Year",1,1,5,"OD","Year",1,1
"SAINT LUCIA_2004","SAINT LUCIA",2004,11,"OD","Year",1,1,11,"OD","Year",1,1
"SAINT LUCIA_2005","SAINT LUCIA",2005,1,"OD","Year",1,1,1,"OD","Year",1,1
"SAINT LUCIA_2006","SAINT LUCIA",2006,30,"OD","Year",1,1,30,"OD","Year",1,1
"SAINT LUCIA_2007","SAINT LUCIA",2007,39,"OD","Year",1,1,39,"OD","Year",1,1
"SAINT LUCIA_2008","SAINT LUCIA",2008,98,"OD","Year",1,1,98,"OD","Year",1,1
"SAINT LUCIA_2009","SAINT LUCIA",2009,18,"OD","Year",1,1,18,"OD","Year",1,1
"SAINT LUCIA_2010","SAINT LUCIA",2010,74,"OD","Year",1,1,74,"OD","Year",1,1
"SAINT LUCIA_2011","SAINT LUCIA",2011,757,"OD","Year",1,1,757,"OD","Year",1,1
"SAINT LUCIA_2012","SAINT LUCIA",2012,10,"OD","Year",1,1,10,"OD","Year",1,1
"SAINT LUCIA_2013","SAINT LUCIA",2013,234,"OD","Year",1,1,234,"OD","Year",1,1
"SAINT LUCIA_2014","SAINT LUCIA",2014,167,"OD","Year",1,1,167,"OD","Year",1,1
"SAINT LUCIA_2015","SAINT LUCIA",2015,25,"OD","Year",1,1,25,"OD","Year",1,1
"SAINT LUCIA_2016","SAINT LUCIA",2016,196,"OD","Year",1,1,196,"OD","Year",1,1
"SAINT LUCIA_2017","SAINT LUCIA",2017,66,"OD","Year",1,1,66,"OD","Year",1,1
"SAINT LUCIA_2018","SAINT LUCIA",2018,90,"OD","Week",52,1,90,"OD","Week",52,1
"SAINT LUCIA_2019","SAINT LUCIA",2019,20,"OD","Week",52,1,20,"OD","Week",52,1
"SAINT LUCIA_2020","SAINT LUCIA",2020,1318,"OD","Week",53,1,1318,"OD","Week",53,1
"SAINT LUCIA_2021","SAINT LUCIA",2021,39,"OD","Week",52,1,39,"OD","Week",52,1
"SAINT LUCIA_2022","SAINT LUCIA",2022,15,"OD","Week",52,1,15,"OD","Week",52,1
"SAINT LUCIA_2023","SAINT LUCIA",2023,60,"OD","Week",52,1,60,"OD","Week",52,1
"SAINT LUCIA_2024","SAINT LUCIA",2024,432,"OD","Week",52,1,432,"OD","Week",52,1
"SAINT MARTIN_1990","SAINT MARTIN",1990,0,"OD","Year",1,1,0,"OD","Year",1,1
"SAINT MARTIN_1991","SAINT MARTIN",1991,0,"OD","Year",1,1,0,"OD","Year",1,1
"SAINT MARTIN_1992","SAINT MARTIN",1992,0,"OD","Year",1,1,0,"OD","Year",1,1
"SAINT MARTIN_1993","SAINT MARTIN",1993,0,"OD","Year",1,1,0,"OD","Year",1,1
"SAINT MARTIN_1994","SAINT MARTIN",1994,0,"OD","Year",1,1,0,"OD","Year",1,1
"SAINT MARTIN_1995","SAINT MARTIN",1995,0,"OD","Year",1,1,0,"OD","Year",1,1
"SAINT MARTIN_1996","SAINT MARTIN",1996,0,"OD","Year",1,1,0,"OD","Year",1,1
"SAINT MARTIN_1997","SAINT MARTIN",1997,0,"OD","Year",1,1,0,"OD","Year",1,1
"SAINT MARTIN_1998","SAINT MARTIN",1998,0,"OD","Year",1,1,0,"OD","Year",1,1
"SAINT MARTIN_1999","SAINT MARTIN",1999,0,"OD","Year",1,1,0,"OD","Year",1,1
"SAINT MARTIN_2000","SAINT MARTIN",2000,0,"OD","Year",1,1,0,"OD","Year",1,1
"SAINT MARTIN_2001","SAINT MARTIN",2001,0,"OD","Year",1,1,0,"OD","Year",1,1
"SAINT MARTIN_2002","SAINT MARTIN",2002,0,"OD","Year",1,1,0,"OD","Year",1,1
"SAINT MARTIN_2003","SAINT MARTIN",2003,0,"OD","Year",1,1,0,"OD","Year",1,1
"SAINT MARTIN_2004","SAINT MARTIN",2004,0,"OD","Year",1,1,0,"OD","Year",1,1
"SAINT MARTIN_2005","SAINT MARTIN",2005,0,"OD","Year",1,1,0,"OD","Year",1,1
"SAINT MARTIN_2006","SAINT MARTIN",2006,0,"OD","Year",1,1,0,"OD","Year",1,1
"SAINT MARTIN_2007","SAINT MARTIN",2007,0,"OD","Year",1,1,0,"OD","Year",1,1
"SAINT MARTIN_2008","SAINT MARTIN",2008,0,"OD","Year",1,1,0,"OD","Year",1,1
"SAINT MARTIN_2009","SAINT MARTIN",2009,1698,"OD","Year",1,1,1698,"OD","Year",1,1
"SAINT MARTIN_2010","SAINT MARTIN",2010,506,"OD","Year",1,1,506,"OD","Year",1,1
"SAINT MARTIN_2011","SAINT MARTIN",2011,168,"OD","Year",1,1,168,"OD","Year",1,1
"SAINT MARTIN_2012","SAINT MARTIN",2012,372,"OD","Year",1,1,372,"OD","Year",1,1
"SAINT MARTIN_2013","SAINT MARTIN",2013,3095,"OD","Year",1,1,3095,"OD","Year",1,1
"SAINT MARTIN_2014","SAINT MARTIN",2014,404,"OD","Year",1,1,404,"OD","Year",1,1
"SAINT MARTIN_2015","SAINT MARTIN",2015,436,"OD","Year",1,1,436,"OD","Year",1,1
"SAINT MARTIN_2016","SAINT MARTIN",2016,350,"OD","Year",1,1,350,"OD","Year",1,1
"SAINT MARTIN_2017","SAINT MARTIN",2017,197,"OD","Year",1,1,197,"OD","Year",1,1
"SAINT MARTIN_2018","SAINT MARTIN",2018,104,"OD","Week",52,1,104,"OD","Week",52,1
"SAINT MARTIN_2019","SAINT MARTIN",2019,260,"OD","Year",1,1,260,"OD","Year",1,1
"SAINT MARTIN_2020","SAINT MARTIN",2020,2736,"OD","Week",53,1,2736,"OD","Week",53,1
"SAINT MARTIN_2021","SAINT MARTIN",2021,172,"OD","Week",52,1,172,"OD","Week",52,1
"SAINT MARTIN_2022","SAINT MARTIN",2022,35,"OD","Year",1,1,35,"OD","Year",1,1
"SAINT MARTIN_2023","SAINT MARTIN",2023,1272,"OD","Week",52,1,1272,"OD","Week",52,1
"SAINT MARTIN_2024","SAINT MARTIN",2024,624,"OD","Week",52,1,624,"OD","Week",52,1
"SAINT VINCENT AND THE GRENADINES_1990","SAINT VINCENT AND THE GRENADINES",1990,9,"OD","Year",1,1,9,"OD","Year",1,1
"SAINT VINCENT AND THE GRENADINES_1991","SAINT VINCENT AND THE GRENADINES",1991,1,"OD","Year",1,1,1,"OD","Year",1,1
"SAINT VINCENT AND THE GRENADINES_1992","SAINT VINCENT AND THE GRENADINES",1992,7,"OD","Year",1,1,7,"OD","Year",1,1
"SAINT VINCENT AND THE GRENADINES_1993","SAINT VINCENT AND THE GRENADINES",1993,7,"OD","Year",1,1,7,"OD","Year",1,1
"SAINT VINCENT AND THE GRENADINES_1994","SAINT VINCENT AND THE GRENADINES",1994,0,"OD","Year",1,1,0,"OD","Year",1,1
"SAINT VINCENT AND THE GRENADINES_1995","SAINT VINCENT AND THE GRENADINES",1995,224,"OD","Year",1,1,224,"OD","Year",1,1
"SAINT VINCENT AND THE GRENADINES_1996","SAINT VINCENT AND THE GRENADINES",1996,190,"OD","Year",1,1,190,"OD","Year",1,1
"SAINT VINCENT AND THE GRENADINES_1997","SAINT VINCENT AND THE GRENADINES",1997,3,"OD","Year",1,1,3,"OD","Year",1,1
"SAINT VINCENT AND THE GRENADINES_1998","SAINT VINCENT AND THE GRENADINES",1998,88,"OD","Year",1,1,88,"OD","Year",1,1
"SAINT VINCENT AND THE GRENADINES_1999","SAINT VINCENT AND THE GRENADINES",1999,8,"OD","Year",1,1,8,"OD","Year",1,1
"SAINT VINCENT AND THE GRENADINES_2000","SAINT VINCENT AND THE GRENADINES",2000,5,"OD","Year",1,1,5,"OD","Year",1,1
"SAINT VINCENT AND THE GRENADINES_2001","SAINT VINCENT AND THE GRENADINES",2001,3,"OD","Year",1,1,3,"OD","Year",1,1
"SAINT VINCENT AND THE GRENADINES_2002","SAINT VINCENT AND THE GRENADINES",2002,123,"OD","Year",1,1,123,"OD","Year",1,1
"SAINT VINCENT AND THE GRENADINES_2003","SAINT VINCENT AND THE GRENADINES",2003,3,"OD","Year",1,1,3,"OD","Year",1,1
"SAINT VINCENT AND THE GRENADINES_2004","SAINT VINCENT AND THE GRENADINES",2004,4,"OD","Year",1,1,4,"OD","Year",1,1
"SAINT VINCENT AND THE GRENADINES_2005","SAINT VINCENT AND THE GRENADINES",2005,8,"OD","Year",1,1,8,"OD","Year",1,1
"SAINT VINCENT AND THE GRENADINES_2006","SAINT VINCENT AND THE GRENADINES",2006,5,"OD","Year",1,1,5,"OD","Year",1,1
"SAINT VINCENT AND THE GRENADINES_2007","SAINT VINCENT AND THE GRENADINES",2007,2,"OD","Year",1,1,2,"OD","Year",1,1
"SAINT VINCENT AND THE GRENADINES_2008","SAINT VINCENT AND THE GRENADINES",2008,6,"OD","Year",1,1,6,"OD","Year",1,1
"SAINT VINCENT AND THE GRENADINES_2009","SAINT VINCENT AND THE GRENADINES",2009,10,"OD","Year",1,1,10,"OD","Year",1,1
"SAINT VINCENT AND THE GRENADINES_2010","SAINT VINCENT AND THE GRENADINES",2010,217,"OD","Year",1,1,217,"OD","Year",1,1
"SAINT VINCENT AND THE GRENADINES_2011","SAINT VINCENT AND THE GRENADINES",2011,47,"OD","Year",1,1,47,"OD","Year",1,1
"SAINT VINCENT AND THE GRENADINES_2012","SAINT VINCENT AND THE GRENADINES",2012,91,"OD","Year",1,1,91,"OD","Year",1,1
"SAINT VINCENT AND THE GRENADINES_2013","SAINT VINCENT AND THE GRENADINES",2013,127,"OD","Year",1,1,127,"OD","Year",1,1
"SAINT VINCENT AND THE GRENADINES_2014","SAINT VINCENT AND THE GRENADINES",2014,117,"OD","Year",1,1,117,"OD","Year",1,1
"SAINT VINCENT AND THE GRENADINES_2015","SAINT VINCENT AND THE GRENADINES",2015,13,"OD","Year",1,1,13,"OD","Year",1,1
"SAINT VINCENT AND THE GRENADINES_2016","SAINT VINCENT AND THE GRENADINES",2016,89,"OD","Year",1,1,89,"OD","Year",1,1
"SAINT VINCENT AND THE GRENADINES_2017","SAINT VINCENT AND THE GRENADINES",2017,3,"OD","Week",52,1,3,"OD","Week",52,1
"SAINT VINCENT AND THE GRENADINES_2018","SAINT VINCENT AND THE GRENADINES",2018,4,"OD","Year",1,1,4,"OD","Year",1,1
"SAINT VINCENT AND THE GRENADINES_2019","SAINT VINCENT AND THE GRENADINES",2019,11,"OD","Week",52,1,11,"OD","Week",52,1
"SAINT VINCENT AND THE GRENADINES_2020","SAINT VINCENT AND THE GRENADINES",2020,1603,"OD","Year",1,1,1603,"OD","Year",1,1
"SAINT VINCENT AND THE GRENADINES_2021","SAINT VINCENT AND THE GRENADINES",2021,152,"OD","Year",1,1,152,"OD","Year",1,1
"SAINT VINCENT AND THE GRENADINES_2022","SAINT VINCENT AND THE GRENADINES",2022,25,"OD","Week",52,1,25,"OD","Week",52,1
"SAINT VINCENT AND THE GRENADINES_2023","SAINT VINCENT AND THE GRENADINES",2023,17,"OD","Week",52,1,17,"OD","Week",52,1
"SAINT VINCENT AND THE GRENADINES_2024","SAINT VINCENT AND THE GRENADINES",2024,971,"OD","Year",1,1,971,"OD","Year",1,1
"SAMOA_1990","SAMOA",1990,49,"ad_hoc_data","Month",12,1,NA,"No_data",NA,NA,NA
"SAMOA_1991","SAMOA",1991,22,"ad_hoc_data","Month",12,1,22,"OD","Year",1,1
"SAMOA_1992","SAMOA",1992,3,"ad_hoc_data","Month",12,1,3,"OD","Year",1,1
"SAMOA_1993","SAMOA",1993,2,"ad_hoc_data","Month",12,1,2,"OD","Year",1,1
"SAMOA_1994","SAMOA",1994,0,"ad_hoc_data","Month",12,1,NA,"No_data",NA,NA,NA
"SAMOA_1995","SAMOA",1995,388,"ad_hoc_data","Month",12,1,278,"OD","Year",1,1
"SAMOA_1996","SAMOA",1996,1013,"ad_hoc_data","Month",12,1,1013,"OD","Year",1,1
"SAMOA_1997","SAMOA",1997,163,"OD","Year",1,1,163,"OD","Year",1,1
"SAMOA_1998","SAMOA",1998,49,"OD","Year",1,1,49,"OD","Year",1,1
"SAMOA_1999","SAMOA",1999,3,"ad_hoc_data","Year",1,1,NA,"No_data",NA,NA,NA
"SAMOA_2000","SAMOA",2000,200,"OD","Year",1,1,200,"OD","Year",1,1
"SAMOA_2001","SAMOA",2001,163,"OD","Year",1,1,163,"OD","Year",1,1
"SAMOA_2002","SAMOA",2002,2,"OD","Year",1,1,2,"OD","Year",1,1
"SAMOA_2003","SAMOA",2003,0,"OD","Year",1,1,0,"OD","Year",1,1
"SAMOA_2004","SAMOA",2004,1,"OD","Year",1,1,1,"OD","Year",1,1
"SAMOA_2005","SAMOA",2005,2,"OD","Year",1,1,2,"OD","Year",1,1
"SAMOA_2006","SAMOA",2006,29,"OD","Year",1,1,29,"OD","Year",1,1
"SAMOA_2007","SAMOA",2007,23,"OD","Year",1,1,23,"OD","Year",1,1
"SAMOA_2008","SAMOA",2008,677,"OD","Year",1,1,677,"OD","Year",1,1
"SAMOA_2009","SAMOA",2009,NA,"No_data",NA,NA,NA,NA,"No_data",NA,NA,NA
"SAMOA_2010","SAMOA",2010,NA,"No_data",NA,NA,NA,NA,"No_data",NA,NA,NA
"SAMOA_2011","SAMOA",2011,NA,"No_data",NA,NA,NA,NA,"No_data",NA,NA,NA
"SAMOA_2012","SAMOA",2012,NA,"No_data",NA,NA,NA,NA,"No_data",NA,NA,NA
"SAMOA_2013","SAMOA",2013,NA,"No_data",NA,NA,NA,NA,"No_data",NA,NA,NA
"SAMOA_2014","SAMOA",2014,NA,"No_data",NA,NA,NA,NA,"No_data",NA,NA,NA
"SAMOA_2015","SAMOA",2015,NA,"No_data",NA,NA,NA,NA,"No_data",NA,NA,NA
"SAMOA_2016","SAMOA",2016,NA,"No_data",NA,NA,NA,NA,"No_data",NA,NA,NA
"SAMOA_2017","SAMOA",2017,2724,"OD","Year",1,1,2724,"OD","Year",1,1
"SAMOA_2018","SAMOA",2018,193,"OD","Week",22,0.423076923076923,193,"OD","Week",22,0.423076923076923
"SAMOA_2019","SAMOA",2019,206,"OD","Week",25,0.480769230769231,206,"OD","Week",25,0.480769230769231
"SAMOA_2020","SAMOA",2020,3,"OD","Week",8,0.150943396226415,3,"OD","Week",8,0.150943396226415
"SAMOA_2021","SAMOA",2021,15,"OD","Week",6,0.115384615384615,15,"OD","Week",6,0.115384615384615
"SAMOA_2022","SAMOA",2022,14287,"OD","Week",21,0.403846153846154,14287,"OD","Week",21,0.403846153846154
"SAMOA_2023","SAMOA",2023,56,"OD","Week",19,0.365384615384615,56,"OD","Week",19,0.365384615384615
"SAMOA_2024","SAMOA",2024,473,"OD","Month",8,0.666666666666667,473,"OD","Month",8,0.666666666666667
"SAO TOME AND PRINCIPE_1990","SAO TOME AND PRINCIPE",1990,NA,"No_data",NA,NA,NA,NA,"No_data",NA,NA,NA
"SAO TOME AND PRINCIPE_1991","SAO TOME AND PRINCIPE",1991,NA,"No_data",NA,NA,NA,NA,"No_data",NA,NA,NA
"SAO TOME AND PRINCIPE_1992","SAO TOME AND PRINCIPE",1992,NA,"No_data",NA,NA,NA,NA,"No_data",NA,NA,NA
"SAO TOME AND PRINCIPE_1993","SAO TOME AND PRINCIPE",1993,NA,"No_data",NA,NA,NA,NA,"No_data",NA,NA,NA
"SAO TOME AND PRINCIPE_1994","SAO TOME AND PRINCIPE",1994,NA,"No_data",NA,NA,NA,NA,"No_data",NA,NA,NA
"SAO TOME AND PRINCIPE_1995","SAO TOME AND PRINCIPE",1995,NA,"No_data",NA,NA,NA,NA,"No_data",NA,NA,NA
"SAO TOME AND PRINCIPE_1996","SAO TOME AND PRINCIPE",1996,NA,"No_data",NA,NA,NA,NA,"No_data",NA,NA,NA
"SAO TOME AND PRINCIPE_1997","SAO TOME AND PRINCIPE",1997,NA,"No_data",NA,NA,NA,NA,"No_data",NA,NA,NA
"SAO TOME AND PRINCIPE_1998","SAO TOME AND PRINCIPE",1998,NA,"No_data",NA,NA,NA,NA,"No_data",NA,NA,NA
"SAO TOME AND PRINCIPE_1999","SAO TOME AND PRINCIPE",1999,NA,"No_data",NA,NA,NA,NA,"No_data",NA,NA,NA
"SAO TOME AND PRINCIPE_2000","SAO TOME AND PRINCIPE",2000,NA,"No_data",NA,NA,NA,NA,"No_data",NA,NA,NA
"SAO TOME AND PRINCIPE_2001","SAO TOME AND PRINCIPE",2001,NA,"No_data",NA,NA,NA,NA,"No_data",NA,NA,NA
"SAO TOME AND PRINCIPE_2002","SAO TOME AND PRINCIPE",2002,NA,"No_data",NA,NA,NA,NA,"No_data",NA,NA,NA
"SAO TOME AND PRINCIPE_2003","SAO TOME AND PRINCIPE",2003,NA,"No_data",NA,NA,NA,NA,"No_data",NA,NA,NA
"SAO TOME AND PRINCIPE_2004","SAO TOME AND PRINCIPE",2004,NA,"No_data",NA,NA,NA,NA,"No_data",NA,NA,NA
"SAO TOME AND PRINCIPE_2005","SAO TOME AND PRINCIPE",2005,NA,"No_data",NA,NA,NA,NA,"No_data",NA,NA,NA
"SAO TOME AND PRINCIPE_2006","SAO TOME AND PRINCIPE",2006,NA,"No_data",NA,NA,NA,NA,"No_data",NA,NA,NA
"SAO TOME AND PRINCIPE_2007","SAO TOME AND PRINCIPE",2007,NA,"No_data",NA,NA,NA,NA,"No_data",NA,NA,NA
"SAO TOME AND PRINCIPE_2008","SAO TOME AND PRINCIPE",2008,NA,"No_data",NA,NA,NA,NA,"No_data",NA,NA,NA
"SAO TOME AND PRINCIPE_2009","SAO TOME AND PRINCIPE",2009,NA,"No_data",NA,NA,NA,NA,"No_data",NA,NA,NA
"SAO TOME AND PRINCIPE_2010","SAO TOME AND PRINCIPE",2010,NA,"No_data",NA,NA,NA,NA,"No_data",NA,NA,NA
"SAO TOME AND PRINCIPE_2011","SAO TOME AND PRINCIPE",2011,NA,"No_data",NA,NA,NA,NA,"No_data",NA,NA,NA
"SAO TOME AND PRINCIPE_2012","SAO TOME AND PRINCIPE",2012,NA,"No_data",NA,NA,NA,NA,"No_data",NA,NA,NA
"SAO TOME AND PRINCIPE_2013","SAO TOME AND PRINCIPE",2013,NA,"No_data",NA,NA,NA,NA,"No_data",NA,NA,NA
"SAO TOME AND PRINCIPE_2014","SAO TOME AND PRINCIPE",2014,NA,"No_data",NA,NA,NA,NA,"No_data",NA,NA,NA
"SAO TOME AND PRINCIPE_2015","SAO TOME AND PRINCIPE",2015,NA,"No_data",NA,NA,NA,NA,"No_data",NA,NA,NA
"SAO TOME AND PRINCIPE_2016","SAO TOME AND PRINCIPE",2016,NA,"No_data",NA,NA,NA,NA,"No_data",NA,NA,NA
"SAO TOME AND PRINCIPE_2017","SAO TOME AND PRINCIPE",2017,NA,"No_data",NA,NA,NA,NA,"No_data",NA,NA,NA
"SAO TOME AND PRINCIPE_2018","SAO TOME AND PRINCIPE",2018,NA,"No_data",NA,NA,NA,NA,"No_data",NA,NA,NA
"SAO TOME AND PRINCIPE_2019","SAO TOME AND PRINCIPE",2019,NA,"No_data",NA,NA,NA,NA,"No_data",NA,NA,NA
"SAO TOME AND PRINCIPE_2020","SAO TOME AND PRINCIPE",2020,NA,"No_data",NA,NA,NA,NA,"No_data",NA,NA,NA
"SAO TOME AND PRINCIPE_2021","SAO TOME AND PRINCIPE",2021,NA,"No_data",NA,NA,NA,NA,"No_data",NA,NA,NA
"SAO TOME AND PRINCIPE_2022","SAO TOME AND PRINCIPE",2022,1161,"ad_hoc_data","Year",1,1,NA,"No_data",NA,NA,NA
"SAO TOME AND PRINCIPE_2023","SAO TOME AND PRINCIPE",2023,2815,"OD","Month",9,0.75,2815,"OD","Month",9,0.75
"SAO TOME AND PRINCIPE_2024","SAO TOME AND PRINCIPE",2024,32,"OD","Month",12,1,32,"OD","Month",12,1
"SAUDI ARABIA_1990","SAUDI ARABIA",1990,0,"OD","Year",1,1,0,"OD","Year",1,1
"SAUDI ARABIA_1991","SAUDI ARABIA",1991,0,"OD","Year",1,1,0,"OD","Year",1,1
"SAUDI ARABIA_1992","SAUDI ARABIA",1992,0,"OD","Year",1,1,0,"OD","Year",1,1
"SAUDI ARABIA_1993","SAUDI ARABIA",1993,1,"OD","Year",1,1,1,"OD","Year",1,1
"SAUDI ARABIA_1994","SAUDI ARABIA",1994,315,"OD","Year",1,1,315,"OD","Year",1,1
"SAUDI ARABIA_1995","SAUDI ARABIA",1995,136,"OD","Year",1,1,136,"OD","Year",1,1
"SAUDI ARABIA_1996","SAUDI ARABIA",1996,57,"OD","Year",1,1,57,"OD","Year",1,1
"SAUDI ARABIA_1997","SAUDI ARABIA",1997,62,"OD","Year",1,1,62,"OD","Year",1,1
"SAUDI ARABIA_1998","SAUDI ARABIA",1998,31,"OD","Year",1,1,31,"OD","Year",1,1
"SAUDI ARABIA_1999","SAUDI ARABIA",1999,26,"OD","Year",1,1,26,"OD","Year",1,1
"SAUDI ARABIA_2000","SAUDI ARABIA",2000,17,"OD","Year",1,1,17,"OD","Year",1,1
"SAUDI ARABIA_2001","SAUDI ARABIA",2001,7,"OD","Year",1,1,7,"OD","Year",1,1
"SAUDI ARABIA_2002","SAUDI ARABIA",2002,11,"OD","Year",1,1,11,"OD","Year",1,1
"SAUDI ARABIA_2003","SAUDI ARABIA",2003,0,"ad_hoc_data","Year",1,1,NA,"No_data",NA,NA,NA
"SAUDI ARABIA_2004","SAUDI ARABIA",2004,343,"ad_hoc_data","Year",1,1,NA,"No_data",NA,NA,NA
"SAUDI ARABIA_2005","SAUDI ARABIA",2005,406,"ad_hoc_data","Year",1,1,NA,"No_data",NA,NA,NA
"SAUDI ARABIA_2006","SAUDI ARABIA",2006,1544,"OD","Month",12,1,1544,"OD","Month",12,1
"SAUDI ARABIA_2007","SAUDI ARABIA",2007,490,"OD","Month",12,1,490,"OD","Month",12,1
"SAUDI ARABIA_2008","SAUDI ARABIA",2008,913,"OD","Month",12,1,913,"OD","Month",12,1
"SAUDI ARABIA_2009","SAUDI ARABIA",2009,3350,"OD","Month",12,1,3350,"OD","Month",12,1
"SAUDI ARABIA_2010","SAUDI ARABIA",2010,3526,"OD","Month",12,1,3526,"OD","Month",12,1
"SAUDI ARABIA_2011","SAUDI ARABIA",2011,3302,"OD","Month",12,1,3302,"OD","Month",12,1
"SAUDI ARABIA_2012","SAUDI ARABIA",2012,1749,"OD","Month",12,1,1749,"OD","Month",12,1
"SAUDI ARABIA_2013","SAUDI ARABIA",2013,6512,"OD","Month",12,1,6512,"OD","Month",12,1
"SAUDI ARABIA_2014","SAUDI ARABIA",2014,2081,"OD","Month",12,1,2081,"OD","Month",12,1
"SAUDI ARABIA_2015","SAUDI ARABIA",2015,4312,"OD","Month",12,1,4312,"OD","Month",12,1
"SAUDI ARABIA_2016","SAUDI ARABIA",2016,5428,"OD","Month",12,1,5428,"OD","Month",12,1
"SAUDI ARABIA_2017","SAUDI ARABIA",2017,3462,"OD","Month",12,1,3462,"OD","Month",12,1
"SAUDI ARABIA_2018","SAUDI ARABIA",2018,5345,"OD","Month",12,1,5345,"OD","Month",12,1
"SAUDI ARABIA_2019","SAUDI ARABIA",2019,2228,"OD","Month",12,1,2228,"OD","Month",12,1
"SAUDI ARABIA_2020","SAUDI ARABIA",2020,2375,"OD","Month",12,1,2375,"OD","Month",12,1
"SAUDI ARABIA_2021","SAUDI ARABIA",2021,3421,"OD","Month",12,1,3421,"OD","Month",12,1
"SAUDI ARABIA_2022","SAUDI ARABIA",2022,3647,"OD","Week",52,1,1470,"OD","Week",52,1
"SAUDI ARABIA_2023","SAUDI ARABIA",2023,15010,"OD","Month",12,1,15010,"OD","Month",12,1
"SAUDI ARABIA_2024","SAUDI ARABIA",2024,8193,"OD","Month",8,0.666666666666667,8193,"OD","Month",8,0.666666666666667
"SENEGAL_1990","SENEGAL",1990,2,"ad_hoc_data","Year",1,1,NA,"No_data",NA,NA,NA
"SENEGAL_1991","SENEGAL",1991,NA,"No_data",NA,NA,NA,NA,"No_data",NA,NA,NA
"SENEGAL_1992","SENEGAL",1992,NA,"No_data",NA,NA,NA,NA,"No_data",NA,NA,NA
"SENEGAL_1993","SENEGAL",1993,NA,"No_data",NA,NA,NA,NA,"No_data",NA,NA,NA
"SENEGAL_1994","SENEGAL",1994,NA,"No_data",NA,NA,NA,NA,"No_data",NA,NA,NA
"SENEGAL_1995","SENEGAL",1995,NA,"No_data",NA,NA,NA,NA,"No_data",NA,NA,NA
"SENEGAL_1996","SENEGAL",1996,NA,"No_data",NA,NA,NA,NA,"No_data",NA,NA,NA
"SENEGAL_1997","SENEGAL",1997,NA,"No_data",NA,NA,NA,NA,"No_data",NA,NA,NA
"SENEGAL_1998","SENEGAL",1998,NA,"No_data",NA,NA,NA,NA,"No_data",NA,NA,NA
"SENEGAL_1999","SENEGAL",1999,NA,"No_data",NA,NA,NA,NA,"No_data",NA,NA,NA
"SENEGAL_2000","SENEGAL",2000,NA,"No_data",NA,NA,NA,NA,"No_data",NA,NA,NA
"SENEGAL_2001","SENEGAL",2001,NA,"No_data",NA,NA,NA,NA,"No_data",NA,NA,NA
"SENEGAL_2002","SENEGAL",2002,NA,"No_data",NA,NA,NA,NA,"No_data",NA,NA,NA
"SENEGAL_2003","SENEGAL",2003,NA,"No_data",NA,NA,NA,NA,"No_data",NA,NA,NA
"SENEGAL_2004","SENEGAL",2004,NA,"No_data",NA,NA,NA,NA,"No_data",NA,NA,NA
"SENEGAL_2005","SENEGAL",2005,NA,"No_data",NA,NA,NA,NA,"No_data",NA,NA,NA
"SENEGAL_2006","SENEGAL",2006,NA,"No_data",NA,NA,NA,NA,"No_data",NA,NA,NA
"SENEGAL_2007","SENEGAL",2007,NA,"No_data",NA,NA,NA,NA,"No_data",NA,NA,NA
"SENEGAL_2008","SENEGAL",2008,NA,"No_data",NA,NA,NA,NA,"No_data",NA,NA,NA
"SENEGAL_2009","SENEGAL",2009,696,"ad_hoc_data","Year",1,1,NA,"No_data",NA,NA,NA
"SENEGAL_2010","SENEGAL",2010,NA,"No_data",NA,NA,NA,NA,"No_data",NA,NA,NA
"SENEGAL_2011","SENEGAL",2011,NA,"No_data",NA,NA,NA,NA,"No_data",NA,NA,NA
"SENEGAL_2012","SENEGAL",2012,NA,"No_data",NA,NA,NA,NA,"No_data",NA,NA,NA
"SENEGAL_2013","SENEGAL",2013,NA,"No_data",NA,NA,NA,NA,"No_data",NA,NA,NA
"SENEGAL_2014","SENEGAL",2014,NA,"No_data",NA,NA,NA,NA,"No_data",NA,NA,NA
"SENEGAL_2015","SENEGAL",2015,104,"ad_hoc_data","Year",1,1,NA,"No_data",NA,NA,NA
"SENEGAL_2016","SENEGAL",2016,NA,"No_data",NA,NA,NA,NA,"No_data",NA,NA,NA
"SENEGAL_2017","SENEGAL",2017,145,"ad_hoc_data","Year",1,1,NA,"No_data",NA,NA,NA
"SENEGAL_2018","SENEGAL",2018,2981,"ad_hoc_data","Year",1,1,NA,"No_data",NA,NA,NA
"SENEGAL_2019","SENEGAL",2019,6,"ad_hoc_data","Year",1,1,NA,"No_data",NA,NA,NA
"SENEGAL_2020","SENEGAL",2020,NA,"No_data",NA,NA,NA,NA,"No_data",NA,NA,NA
"SENEGAL_2021","SENEGAL",2021,86,"ad_hoc_data","Year",1,1,NA,"No_data",NA,NA,NA
"SENEGAL_2022","SENEGAL",2022,196,"ad_hoc_data","Year",1,1,NA,"No_data",NA,NA,NA
"SENEGAL_2023","SENEGAL",2023,311,"ad_hoc_data","Week",52,1,NA,"No_data",NA,NA,NA
"SENEGAL_2024","SENEGAL",2024,1208,"OD","Month",12,1,1208,"OD","Month",12,1
"SEYCHELLES_1990","SEYCHELLES",1990,NA,"No_data",NA,NA,NA,NA,"No_data",NA,NA,NA
"SEYCHELLES_1991","SEYCHELLES",1991,NA,"No_data",NA,NA,NA,NA,"No_data",NA,NA,NA
"SEYCHELLES_1992","SEYCHELLES",1992,NA,"No_data",NA,NA,NA,NA,"No_data",NA,NA,NA
"SEYCHELLES_1993","SEYCHELLES",1993,NA,"No_data",NA,NA,NA,NA,"No_data",NA,NA,NA
"SEYCHELLES_1994","SEYCHELLES",1994,NA,"No_data",NA,NA,NA,NA,"No_data",NA,NA,NA
"SEYCHELLES_1995","SEYCHELLES",1995,NA,"No_data",NA,NA,NA,NA,"No_data",NA,NA,NA
"SEYCHELLES_1996","SEYCHELLES",1996,NA,"No_data",NA,NA,NA,NA,"No_data",NA,NA,NA
"SEYCHELLES_1997","SEYCHELLES",1997,NA,"No_data",NA,NA,NA,NA,"No_data",NA,NA,NA
"SEYCHELLES_1998","SEYCHELLES",1998,NA,"No_data",NA,NA,NA,NA,"No_data",NA,NA,NA
"SEYCHELLES_1999","SEYCHELLES",1999,NA,"No_data",NA,NA,NA,NA,"No_data",NA,NA,NA
"SEYCHELLES_2000","SEYCHELLES",2000,NA,"No_data",NA,NA,NA,NA,"No_data",NA,NA,NA
"SEYCHELLES_2001","SEYCHELLES",2001,NA,"No_data",NA,NA,NA,NA,"No_data",NA,NA,NA
"SEYCHELLES_2002","SEYCHELLES",2002,NA,"No_data",NA,NA,NA,NA,"No_data",NA,NA,NA
"SEYCHELLES_2003","SEYCHELLES",2003,NA,"No_data",NA,NA,NA,NA,"No_data",NA,NA,NA
"SEYCHELLES_2004","SEYCHELLES",2004,NA,"No_data",NA,NA,NA,NA,"No_data",NA,NA,NA
"SEYCHELLES_2005","SEYCHELLES",2005,NA,"No_data",NA,NA,NA,NA,"No_data",NA,NA,NA
"SEYCHELLES_2006","SEYCHELLES",2006,NA,"No_data",NA,NA,NA,NA,"No_data",NA,NA,NA
"SEYCHELLES_2007","SEYCHELLES",2007,NA,"No_data",NA,NA,NA,NA,"No_data",NA,NA,NA
"SEYCHELLES_2008","SEYCHELLES",2008,NA,"No_data",NA,NA,NA,NA,"No_data",NA,NA,NA
"SEYCHELLES_2009","SEYCHELLES",2009,NA,"No_data",NA,NA,NA,NA,"No_data",NA,NA,NA
"SEYCHELLES_2010","SEYCHELLES",2010,NA,"No_data",NA,NA,NA,NA,"No_data",NA,NA,NA
"SEYCHELLES_2011","SEYCHELLES",2011,NA,"No_data",NA,NA,NA,NA,"No_data",NA,NA,NA
"SEYCHELLES_2012","SEYCHELLES",2012,NA,"No_data",NA,NA,NA,NA,"No_data",NA,NA,NA
"SEYCHELLES_2013","SEYCHELLES",2013,NA,"No_data",NA,NA,NA,NA,"No_data",NA,NA,NA
"SEYCHELLES_2014","SEYCHELLES",2014,NA,"No_data",NA,NA,NA,NA,"No_data",NA,NA,NA
"SEYCHELLES_2015","SEYCHELLES",2015,NA,"No_data",NA,NA,NA,NA,"No_data",NA,NA,NA
"SEYCHELLES_2016","SEYCHELLES",2016,1062,"ad_hoc_data","Year",1,1,NA,"No_data",NA,NA,NA
"SEYCHELLES_2017","SEYCHELLES",2017,4068,"ad_hoc_data","Year",1,1,NA,"No_data",NA,NA,NA
"SEYCHELLES_2018","SEYCHELLES",2018,6120,"ad_hoc_data","Year",1,1,NA,"No_data",NA,NA,NA
"SEYCHELLES_2019","SEYCHELLES",2019,NA,"No_data",NA,NA,NA,NA,"No_data",NA,NA,NA
"SEYCHELLES_2020","SEYCHELLES",2020,NA,"No_data",NA,NA,NA,NA,"No_data",NA,NA,NA
"SEYCHELLES_2021","SEYCHELLES",2021,NA,"No_data",NA,NA,NA,NA,"No_data",NA,NA,NA
"SEYCHELLES_2022","SEYCHELLES",2022,213,"ad_hoc_data","Year",1,1,NA,"No_data",NA,NA,NA
"SEYCHELLES_2023","SEYCHELLES",2023,4614,"OD","Month",12,1,4614,"OD","Month",12,1
"SEYCHELLES_2024","SEYCHELLES",2024,2583,"OD","Month",7,0.583333333333333,2583,"OD","Month",7,0.583333333333333
"SIERRA LEONE_1990","SIERRA LEONE",1990,NA,"No_data",NA,NA,NA,NA,NA,NA,NA,NA
"SIERRA LEONE_1991","SIERRA LEONE",1991,NA,"No_data",NA,NA,NA,NA,NA,NA,NA,NA
"SIERRA LEONE_1992","SIERRA LEONE",1992,NA,"No_data",NA,NA,NA,NA,NA,NA,NA,NA
"SIERRA LEONE_1993","SIERRA LEONE",1993,NA,"No_data",NA,NA,NA,NA,NA,NA,NA,NA
"SIERRA LEONE_1994","SIERRA LEONE",1994,NA,"No_data",NA,NA,NA,NA,NA,NA,NA,NA
"SIERRA LEONE_1995","SIERRA LEONE",1995,NA,"No_data",NA,NA,NA,NA,NA,NA,NA,NA
"SIERRA LEONE_1996","SIERRA LEONE",1996,NA,"No_data",NA,NA,NA,NA,NA,NA,NA,NA
"SIERRA LEONE_1997","SIERRA LEONE",1997,NA,"No_data",NA,NA,NA,NA,NA,NA,NA,NA
"SIERRA LEONE_1998","SIERRA LEONE",1998,NA,"No_data",NA,NA,NA,NA,NA,NA,NA,NA
"SIERRA LEONE_1999","SIERRA LEONE",1999,NA,"No_data",NA,NA,NA,NA,NA,NA,NA,NA
"SIERRA LEONE_2000","SIERRA LEONE",2000,NA,"No_data",NA,NA,NA,NA,NA,NA,NA,NA
"SIERRA LEONE_2001","SIERRA LEONE",2001,NA,"No_data",NA,NA,NA,NA,NA,NA,NA,NA
"SIERRA LEONE_2002","SIERRA LEONE",2002,NA,"No_data",NA,NA,NA,NA,NA,NA,NA,NA
"SIERRA LEONE_2003","SIERRA LEONE",2003,NA,"No_data",NA,NA,NA,NA,NA,NA,NA,NA
"SIERRA LEONE_2004","SIERRA LEONE",2004,NA,"No_data",NA,NA,NA,NA,NA,NA,NA,NA
"SIERRA LEONE_2005","SIERRA LEONE",2005,NA,"No_data",NA,NA,NA,NA,NA,NA,NA,NA
"SIERRA LEONE_2006","SIERRA LEONE",2006,NA,"No_data",NA,NA,NA,NA,NA,NA,NA,NA
"SIERRA LEONE_2007","SIERRA LEONE",2007,NA,"No_data",NA,NA,NA,NA,NA,NA,NA,NA
"SIERRA LEONE_2008","SIERRA LEONE",2008,NA,"No_data",NA,NA,NA,NA,NA,NA,NA,NA
"SIERRA LEONE_2009","SIERRA LEONE",2009,NA,"No_data",NA,NA,NA,NA,NA,NA,NA,NA
"SIERRA LEONE_2010","SIERRA LEONE",2010,NA,"No_data",NA,NA,NA,NA,NA,NA,NA,NA
"SIERRA LEONE_2011","SIERRA LEONE",2011,NA,"No_data",NA,NA,NA,NA,NA,NA,NA,NA
"SIERRA LEONE_2012","SIERRA LEONE",2012,NA,"No_data",NA,NA,NA,NA,NA,NA,NA,NA
"SIERRA LEONE_2013","SIERRA LEONE",2013,NA,"No_data",NA,NA,NA,NA,NA,NA,NA,NA
"SIERRA LEONE_2014","SIERRA LEONE",2014,NA,"No_data",NA,NA,NA,NA,NA,NA,NA,NA
"SIERRA LEONE_2015","SIERRA LEONE",2015,NA,"No_data",NA,NA,NA,NA,NA,NA,NA,NA
"SIERRA LEONE_2016","SIERRA LEONE",2016,NA,"No_data",NA,NA,NA,NA,NA,NA,NA,NA
"SIERRA LEONE_2017","SIERRA LEONE",2017,NA,"No_data",NA,NA,NA,NA,NA,NA,NA,NA
"SIERRA LEONE_2018","SIERRA LEONE",2018,NA,"No_data",NA,NA,NA,NA,NA,NA,NA,NA
"SIERRA LEONE_2019","SIERRA LEONE",2019,NA,"No_data",NA,NA,NA,NA,NA,NA,NA,NA
"SIERRA LEONE_2020","SIERRA LEONE",2020,NA,"No_data",NA,NA,NA,NA,NA,NA,NA,NA
"SIERRA LEONE_2021","SIERRA LEONE",2021,NA,"No_data",NA,NA,NA,NA,NA,NA,NA,NA
"SIERRA LEONE_2022","SIERRA LEONE",2022,NA,"No_data",NA,NA,NA,NA,NA,NA,NA,NA
"SIERRA LEONE_2023","SIERRA LEONE",2023,NA,"No_data",NA,NA,NA,NA,NA,NA,NA,NA
"SIERRA LEONE_2024","SIERRA LEONE",2024,1,"ad_hoc_data","Month",12,1,NA,NA,NA,NA,NA
"SINGAPORE_1990","SINGAPORE",1990,1733,"OD","Year",1,1,1733,"OD","Year",1,1
"SINGAPORE_1991","SINGAPORE",1991,2179,"OD","Year",1,1,2179,"OD","Year",1,1
"SINGAPORE_1992","SINGAPORE",1992,2878,"OD","Year",1,1,2878,"OD","Year",1,1
"SINGAPORE_1993","SINGAPORE",1993,947,"OD","Month",12,1,947,"OD","Month",12,1
"SINGAPORE_1994","SINGAPORE",1994,1239,"OD","Month",12,1,1239,"OD","Month",12,1
"SINGAPORE_1995","SINGAPORE",1995,2008,"OD","Month",12,1,2008,"OD","Month",12,1
"SINGAPORE_1996","SINGAPORE",1996,3128,"OD","Month",12,1,3128,"OD","Month",12,1
"SINGAPORE_1997","SINGAPORE",1997,4300,"OD","Month",12,1,4300,"OD","Month",12,1
"SINGAPORE_1998","SINGAPORE",1998,5258,"OD","Month",12,1,5258,"OD","Month",12,1
"SINGAPORE_1999","SINGAPORE",1999,1355,"OD","Month",12,1,1355,"OD","Month",12,1
"SINGAPORE_2000","SINGAPORE",2000,673,"OD","Month",12,1,673,"OD","Month",12,1
"SINGAPORE_2001","SINGAPORE",2001,2379,"OD","Month",12,1,2379,"OD","Month",12,1
"SINGAPORE_2002","SINGAPORE",2002,3945,"OD","Week",52,1,3945,"OD","Week",52,1
"SINGAPORE_2003","SINGAPORE",2003,4788,"OD","Month",12,1,4788,"OD","Month",12,1
"SINGAPORE_2004","SINGAPORE",2004,9459,"OD","Week",52,1,9459,"OD","Week",52,1
"SINGAPORE_2005","SINGAPORE",2005,14209,"OD","Month",12,1,14209,"OD","Month",12,1
"SINGAPORE_2006","SINGAPORE",2006,3128,"OD","Month",12,1,3128,"OD","Month",12,1
"SINGAPORE_2007","SINGAPORE",2007,8826,"OD","Week",52,1,8826,"OD","Week",52,1
"SINGAPORE_2008","SINGAPORE",2008,7032,"OD","Week",53,1,7032,"OD","Week",53,1
"SINGAPORE_2009","SINGAPORE",2009,4523,"OD","Month",12,1,4523,"OD","Month",12,1
"SINGAPORE_2010","SINGAPORE",2010,5392,"OD","Month",12,1,5392,"OD","Month",12,1
"SINGAPORE_2011","SINGAPORE",2011,5330,"OD","Week",52,1,5266,"OD","Week",52,1
"SINGAPORE_2012","SINGAPORE",2012,4632,"OD","Week",52,1,4602,"OD","Week",52,1
"SINGAPORE_2013","SINGAPORE",2013,22170,"OD","Week",52,1,22170,"OD","Week",52,1
"SINGAPORE_2014","SINGAPORE",2014,18326,"OD","Week",53,1,18326,"OD","Week",53,1
"SINGAPORE_2015","SINGAPORE",2015,11294,"OD","Week",52,1,11294,"OD","Week",52,1
"SINGAPORE_2016","SINGAPORE",2016,13110,"OD","Week",52,1,13110,"OD","Week",52,1
"SINGAPORE_2017","SINGAPORE",2017,2767,"OD","Week",52,1,2767,"OD","Week",52,1
"SINGAPORE_2018","SINGAPORE",2018,3283,"ad_hoc_data","Week",52,1,3283,"OD","Year",1,1
"SINGAPORE_2019","SINGAPORE",2019,15999,"OD","Week",52,1,15999,"OD","Week",52,1
"SINGAPORE_2020","SINGAPORE",2020,35315,"OD","Week",53,1,35261,"OD","Week",53,1
"SINGAPORE_2021","SINGAPORE",2021,5245,"OD","Week",52,1,5245,"OD","Week",52,1
"SINGAPORE_2022","SINGAPORE",2022,32136,"ad_hoc_data","Week",52,1,31853,"OD","Week",51,0.980769230769231
"SINGAPORE_2023","SINGAPORE",2023,9938,"OD","Week",52,1,9938,"OD","Week",52,1
"SINGAPORE_2024","SINGAPORE",2024,13655,"OD","Month",12,1,13655,"OD","Month",12,1
"SINT MAARTEN_1990","SINT MAARTEN",1990,NA,"No_data",NA,NA,NA,NA,"No_data",NA,NA,NA
"SINT MAARTEN_1991","SINT MAARTEN",1991,NA,"No_data",NA,NA,NA,NA,"No_data",NA,NA,NA
"SINT MAARTEN_1992","SINT MAARTEN",1992,NA,"No_data",NA,NA,NA,NA,"No_data",NA,NA,NA
"SINT MAARTEN_1993","SINT MAARTEN",1993,NA,"No_data",NA,NA,NA,NA,"No_data",NA,NA,NA
"SINT MAARTEN_1994","SINT MAARTEN",1994,NA,"No_data",NA,NA,NA,NA,"No_data",NA,NA,NA
"SINT MAARTEN_1995","SINT MAARTEN",1995,NA,"No_data",NA,NA,NA,NA,"No_data",NA,NA,NA
"SINT MAARTEN_1996","SINT MAARTEN",1996,NA,"No_data",NA,NA,NA,NA,"No_data",NA,NA,NA
"SINT MAARTEN_1997","SINT MAARTEN",1997,NA,"No_data",NA,NA,NA,NA,"No_data",NA,NA,NA
"SINT MAARTEN_1998","SINT MAARTEN",1998,NA,"No_data",NA,NA,NA,NA,"No_data",NA,NA,NA
"SINT MAARTEN_1999","SINT MAARTEN",1999,NA,"No_data",NA,NA,NA,NA,"No_data",NA,NA,NA
"SINT MAARTEN_2000","SINT MAARTEN",2000,NA,"No_data",NA,NA,NA,NA,"No_data",NA,NA,NA
"SINT MAARTEN_2001","SINT MAARTEN",2001,NA,"No_data",NA,NA,NA,NA,"No_data",NA,NA,NA
"SINT MAARTEN_2002","SINT MAARTEN",2002,NA,"No_data",NA,NA,NA,NA,"No_data",NA,NA,NA
"SINT MAARTEN_2003","SINT MAARTEN",2003,NA,"No_data",NA,NA,NA,NA,"No_data",NA,NA,NA
"SINT MAARTEN_2004","SINT MAARTEN",2004,0,"OD","Year",1,1,0,"OD","Year",1,1
"SINT MAARTEN_2005","SINT MAARTEN",2005,NA,"No_data",NA,NA,NA,NA,"No_data",NA,NA,NA
"SINT MAARTEN_2006","SINT MAARTEN",2006,0,"OD","Year",1,1,0,"OD","Year",1,1
"SINT MAARTEN_2007","SINT MAARTEN",2007,0,"OD","Year",1,1,0,"OD","Year",1,1
"SINT MAARTEN_2008","SINT MAARTEN",2008,NA,"No_data",NA,NA,NA,NA,"No_data",NA,NA,NA
"SINT MAARTEN_2009","SINT MAARTEN",2009,NA,"No_data",NA,NA,NA,NA,"No_data",NA,NA,NA
"SINT MAARTEN_2010","SINT MAARTEN",2010,173,"ad_hoc_data","Year",1,1,NA,"No_data",NA,NA,NA
"SINT MAARTEN_2011","SINT MAARTEN",2011,22,"ad_hoc_data","Year",1,1,NA,"No_data",NA,NA,NA
"SINT MAARTEN_2012","SINT MAARTEN",2012,39,"ad_hoc_data","Year",1,1,NA,"No_data",NA,NA,NA
"SINT MAARTEN_2013","SINT MAARTEN",2013,310,"ad_hoc_data","Year",1,1,NA,"No_data",NA,NA,NA
"SINT MAARTEN_2014","SINT MAARTEN",2014,31,"OD","Year",1,1,31,"OD","Year",1,1
"SINT MAARTEN_2015","SINT MAARTEN",2015,13,"OD","Year",1,1,13,"OD","Year",1,1
"SINT MAARTEN_2016","SINT MAARTEN",2016,11,"OD","Week",52,1,11,"OD","Week",52,1
"SINT MAARTEN_2017","SINT MAARTEN",2017,0,"OD","Week",52,1,0,"OD","Week",52,1
"SINT MAARTEN_2018","SINT MAARTEN",2018,29,"OD","Year",1,1,29,"OD","Year",1,1
"SINT MAARTEN_2019","SINT MAARTEN",2019,8,"OD","Week",52,1,8,"OD","Week",52,1
"SINT MAARTEN_2020","SINT MAARTEN",2020,9,"OD","Week",53,1,9,"OD","Week",53,1
"SINT MAARTEN_2021","SINT MAARTEN",2021,NA,"No_data",NA,NA,NA,NA,"No_data",NA,NA,NA
"SINT MAARTEN_2022","SINT MAARTEN",2022,NA,"No_data",NA,NA,NA,NA,"No_data",NA,NA,NA
"SINT MAARTEN_2023","SINT MAARTEN",2023,1,"OD","Year",1,1,1,"OD","Year",1,1
"SINT MAARTEN_2024","SINT MAARTEN",2024,144,"OD","Year",1,1,144,"OD","Year",1,1
"SOLOMON ISLANDS_1990","SOLOMON ISLANDS",1990,0,"ad_hoc_data","Year",1,1,NA,"No_data",NA,NA,NA
"SOLOMON ISLANDS_1991","SOLOMON ISLANDS",1991,0,"OD","Year",1,1,0,"OD","Year",1,1
"SOLOMON ISLANDS_1992","SOLOMON ISLANDS",1992,0,"OD","Year",1,1,0,"OD","Year",1,1
"SOLOMON ISLANDS_1993","SOLOMON ISLANDS",1993,0,"OD","Year",1,1,0,"OD","Year",1,1
"SOLOMON ISLANDS_1994","SOLOMON ISLANDS",1994,0,"OD","Year",1,1,0,"OD","Year",1,1
"SOLOMON ISLANDS_1995","SOLOMON ISLANDS",1995,1,"OD","Year",1,1,1,"OD","Year",1,1
"SOLOMON ISLANDS_1996","SOLOMON ISLANDS",1996,3,"OD","Year",1,1,3,"OD","Year",1,1
"SOLOMON ISLANDS_1997","SOLOMON ISLANDS",1997,0,"OD","Year",1,1,0,"OD","Year",1,1
"SOLOMON ISLANDS_1998","SOLOMON ISLANDS",1998,0,"OD","Year",1,1,0,"OD","Year",1,1
"SOLOMON ISLANDS_1999","SOLOMON ISLANDS",1999,0,"OD","Year",1,1,0,"OD","Year",1,1
"SOLOMON ISLANDS_2000","SOLOMON ISLANDS",2000,0,"OD","Year",1,1,0,"OD","Year",1,1
"SOLOMON ISLANDS_2001","SOLOMON ISLANDS",2001,0,"OD","Year",1,1,0,"OD","Year",1,1
"SOLOMON ISLANDS_2002","SOLOMON ISLANDS",2002,30,"OD","Year",1,1,30,"OD","Year",1,1
"SOLOMON ISLANDS_2003","SOLOMON ISLANDS",2003,0,"OD","Year",1,1,0,"OD","Year",1,1
"SOLOMON ISLANDS_2004","SOLOMON ISLANDS",2004,0,"OD","Year",1,1,0,"OD","Year",1,1
"SOLOMON ISLANDS_2005","SOLOMON ISLANDS",2005,0,"OD","Year",1,1,0,"OD","Year",1,1
"SOLOMON ISLANDS_2006","SOLOMON ISLANDS",2006,0,"OD","Year",1,1,0,"OD","Year",1,1
"SOLOMON ISLANDS_2007","SOLOMON ISLANDS",2007,0,"OD","Year",1,1,0,"OD","Year",1,1
"SOLOMON ISLANDS_2008","SOLOMON ISLANDS",2008,132,"ad_hoc_data","Year",1,1,3,"OD","Year",1,1
"SOLOMON ISLANDS_2009","SOLOMON ISLANDS",2009,0,"OD","Year",1,1,0,"OD","Year",1,1
"SOLOMON ISLANDS_2010","SOLOMON ISLANDS",2010,0,"OD","Year",1,1,0,"OD","Year",1,1
"SOLOMON ISLANDS_2011","SOLOMON ISLANDS",2011,0,"OD","Year",1,1,0,"OD","Year",1,1
"SOLOMON ISLANDS_2012","SOLOMON ISLANDS",2012,0,"OD","Year",1,1,0,"OD","Year",1,1
"SOLOMON ISLANDS_2013","SOLOMON ISLANDS",2013,9500,"OD","Year",1,1,9500,"OD","Year",1,1
"SOLOMON ISLANDS_2014","SOLOMON ISLANDS",2014,1872,"ad_hoc_data","Year",1,1,NA,"No_data",NA,NA,NA
"SOLOMON ISLANDS_2015","SOLOMON ISLANDS",2015,NA,"No_data",NA,NA,NA,NA,"No_data",NA,NA,NA
"SOLOMON ISLANDS_2016","SOLOMON ISLANDS",2016,7656,"ad_hoc_data","Week",52,1,3920,"OD","Week",14,0.269230769230769
"SOLOMON ISLANDS_2017","SOLOMON ISLANDS",2017,4622,"ad_hoc_data","Week",52,1,NA,"No_data",NA,NA,NA
"SOLOMON ISLANDS_2018","SOLOMON ISLANDS",2018,407,"OD","Week",43,0.826923076923077,407,"OD","Week",43,0.826923076923077
"SOLOMON ISLANDS_2019","SOLOMON ISLANDS",2019,366,"OD","Week",40,0.769230769230769,366,"OD","Week",40,0.769230769230769
"SOLOMON ISLANDS_2020","SOLOMON ISLANDS",2020,110,"OD","Week",23,0.433962264150943,110,"OD","Week",23,0.433962264150943
"SOLOMON ISLANDS_2021","SOLOMON ISLANDS",2021,159,"OD","Week",14,0.269230769230769,159,"OD","Week",14,0.269230769230769
"SOLOMON ISLANDS_2022","SOLOMON ISLANDS",2022,9088,"OD","Week",43,0.826923076923077,9088,"OD","Week",43,0.826923076923077
"SOLOMON ISLANDS_2023","SOLOMON ISLANDS",2023,230,"OD","Week",18,0.346153846153846,230,"OD","Week",18,0.346153846153846
"SOLOMON ISLANDS_2024","SOLOMON ISLANDS",2024,145,"OD","Week",40,0.769230769230769,145,"OD","Week",40,0.769230769230769
"SOMALIA_1990","SOMALIA",1990,NA,"No_data",NA,NA,NA,NA,NA,NA,NA,NA
"SOMALIA_1991","SOMALIA",1991,NA,"No_data",NA,NA,NA,NA,NA,NA,NA,NA
"SOMALIA_1992","SOMALIA",1992,NA,"No_data",NA,NA,NA,NA,NA,NA,NA,NA
"SOMALIA_1993","SOMALIA",1993,NA,"No_data",NA,NA,NA,NA,NA,NA,NA,NA
"SOMALIA_1994","SOMALIA",1994,NA,"No_data",NA,NA,NA,NA,NA,NA,NA,NA
"SOMALIA_1995","SOMALIA",1995,NA,"No_data",NA,NA,NA,NA,NA,NA,NA,NA
"SOMALIA_1996","SOMALIA",1996,NA,"No_data",NA,NA,NA,NA,NA,NA,NA,NA
"SOMALIA_1997","SOMALIA",1997,NA,"No_data",NA,NA,NA,NA,NA,NA,NA,NA
"SOMALIA_1998","SOMALIA",1998,NA,"No_data",NA,NA,NA,NA,NA,NA,NA,NA
"SOMALIA_1999","SOMALIA",1999,NA,"No_data",NA,NA,NA,NA,NA,NA,NA,NA
"SOMALIA_2000","SOMALIA",2000,NA,"No_data",NA,NA,NA,NA,NA,NA,NA,NA
"SOMALIA_2001","SOMALIA",2001,NA,"No_data",NA,NA,NA,NA,NA,NA,NA,NA
"SOMALIA_2002","SOMALIA",2002,NA,"No_data",NA,NA,NA,NA,NA,NA,NA,NA
"SOMALIA_2003","SOMALIA",2003,NA,"No_data",NA,NA,NA,NA,NA,NA,NA,NA
"SOMALIA_2004","SOMALIA",2004,NA,"No_data",NA,NA,NA,NA,NA,NA,NA,NA
"SOMALIA_2005","SOMALIA",2005,NA,"No_data",NA,NA,NA,NA,NA,NA,NA,NA
"SOMALIA_2006","SOMALIA",2006,NA,"No_data",NA,NA,NA,NA,NA,NA,NA,NA
"SOMALIA_2007","SOMALIA",2007,NA,"No_data",NA,NA,NA,NA,NA,NA,NA,NA
"SOMALIA_2008","SOMALIA",2008,NA,"No_data",NA,NA,NA,NA,NA,NA,NA,NA
"SOMALIA_2009","SOMALIA",2009,NA,"No_data",NA,NA,NA,NA,NA,NA,NA,NA
"SOMALIA_2010","SOMALIA",2010,NA,"No_data",NA,NA,NA,NA,NA,NA,NA,NA
"SOMALIA_2011","SOMALIA",2011,368,"ad_hoc_data","Week",52,1,NA,NA,NA,NA,NA
"SOMALIA_2012","SOMALIA",2012,NA,"No_data",NA,NA,NA,NA,NA,NA,NA,NA
"SOMALIA_2013","SOMALIA",2013,NA,"No_data",NA,NA,NA,NA,NA,NA,NA,NA
"SOMALIA_2014","SOMALIA",2014,NA,"No_data",NA,NA,NA,NA,NA,NA,NA,NA
"SOMALIA_2015","SOMALIA",2015,NA,"No_data",NA,NA,NA,NA,NA,NA,NA,NA
"SOMALIA_2016","SOMALIA",2016,NA,"No_data",NA,NA,NA,NA,NA,NA,NA,NA
"SOMALIA_2017","SOMALIA",2017,NA,"No_data",NA,NA,NA,NA,NA,NA,NA,NA
"SOMALIA_2018","SOMALIA",2018,NA,"No_data",NA,NA,NA,NA,NA,NA,NA,NA
"SOMALIA_2019","SOMALIA",2019,NA,"No_data",NA,NA,NA,NA,NA,NA,NA,NA
"SOMALIA_2020","SOMALIA",2020,NA,"No_data",NA,NA,NA,NA,NA,NA,NA,NA
"SOMALIA_2021","SOMALIA",2021,NA,"No_data",NA,NA,NA,NA,NA,NA,NA,NA
"SOMALIA_2022","SOMALIA",2022,5350,"ad_hoc_data","Year",1,1,NA,NA,NA,NA,NA
"SOMALIA_2023","SOMALIA",2023,NA,"No_data",NA,NA,NA,NA,NA,NA,NA,NA
"SOMALIA_2024","SOMALIA",2024,NA,"No_data",NA,NA,NA,NA,NA,NA,NA,NA
"SOUTH SUDAN_1990","SOUTH SUDAN",1990,NA,"No_data",NA,NA,NA,NA,NA,NA,NA,NA
"SOUTH SUDAN_1991","SOUTH SUDAN",1991,NA,"No_data",NA,NA,NA,NA,NA,NA,NA,NA
"SOUTH SUDAN_1992","SOUTH SUDAN",1992,NA,"No_data",NA,NA,NA,NA,NA,NA,NA,NA
"SOUTH SUDAN_1993","SOUTH SUDAN",1993,NA,"No_data",NA,NA,NA,NA,NA,NA,NA,NA
"SOUTH SUDAN_1994","SOUTH SUDAN",1994,NA,"No_data",NA,NA,NA,NA,NA,NA,NA,NA
"SOUTH SUDAN_1995","SOUTH SUDAN",1995,NA,"No_data",NA,NA,NA,NA,NA,NA,NA,NA
"SOUTH SUDAN_1996","SOUTH SUDAN",1996,NA,"No_data",NA,NA,NA,NA,NA,NA,NA,NA
"SOUTH SUDAN_1997","SOUTH SUDAN",1997,NA,"No_data",NA,NA,NA,NA,NA,NA,NA,NA
"SOUTH SUDAN_1998","SOUTH SUDAN",1998,NA,"No_data",NA,NA,NA,NA,NA,NA,NA,NA
"SOUTH SUDAN_1999","SOUTH SUDAN",1999,NA,"No_data",NA,NA,NA,NA,NA,NA,NA,NA
"SOUTH SUDAN_2000","SOUTH SUDAN",2000,NA,"No_data",NA,NA,NA,NA,NA,NA,NA,NA
"SOUTH SUDAN_2001","SOUTH SUDAN",2001,NA,"No_data",NA,NA,NA,NA,NA,NA,NA,NA
"SOUTH SUDAN_2002","SOUTH SUDAN",2002,NA,"No_data",NA,NA,NA,NA,NA,NA,NA,NA
"SOUTH SUDAN_2003","SOUTH SUDAN",2003,NA,"No_data",NA,NA,NA,NA,NA,NA,NA,NA
"SOUTH SUDAN_2004","SOUTH SUDAN",2004,NA,"No_data",NA,NA,NA,NA,NA,NA,NA,NA
"SOUTH SUDAN_2005","SOUTH SUDAN",2005,NA,"No_data",NA,NA,NA,NA,NA,NA,NA,NA
"SOUTH SUDAN_2006","SOUTH SUDAN",2006,NA,"No_data",NA,NA,NA,NA,NA,NA,NA,NA
"SOUTH SUDAN_2007","SOUTH SUDAN",2007,NA,"No_data",NA,NA,NA,NA,NA,NA,NA,NA
"SOUTH SUDAN_2008","SOUTH SUDAN",2008,NA,"No_data",NA,NA,NA,NA,NA,NA,NA,NA
"SOUTH SUDAN_2009","SOUTH SUDAN",2009,NA,"No_data",NA,NA,NA,NA,NA,NA,NA,NA
"SOUTH SUDAN_2010","SOUTH SUDAN",2010,NA,"No_data",NA,NA,NA,NA,NA,NA,NA,NA
"SOUTH SUDAN_2011","SOUTH SUDAN",2011,NA,"No_data",NA,NA,NA,NA,NA,NA,NA,NA
"SOUTH SUDAN_2012","SOUTH SUDAN",2012,NA,"No_data",NA,NA,NA,NA,NA,NA,NA,NA
"SOUTH SUDAN_2013","SOUTH SUDAN",2013,NA,"No_data",NA,NA,NA,NA,NA,NA,NA,NA
"SOUTH SUDAN_2014","SOUTH SUDAN",2014,155,"ad_hoc_data","Year",1,1,NA,NA,NA,NA,NA
"SOUTH SUDAN_2015","SOUTH SUDAN",2015,NA,"No_data",NA,NA,NA,NA,NA,NA,NA,NA
"SOUTH SUDAN_2016","SOUTH SUDAN",2016,NA,"No_data",NA,NA,NA,NA,NA,NA,NA,NA
"SOUTH SUDAN_2017","SOUTH SUDAN",2017,NA,"No_data",NA,NA,NA,NA,NA,NA,NA,NA
"SOUTH SUDAN_2018","SOUTH SUDAN",2018,NA,"No_data",NA,NA,NA,NA,NA,NA,NA,NA
"SOUTH SUDAN_2019","SOUTH SUDAN",2019,NA,"No_data",NA,NA,NA,NA,NA,NA,NA,NA
"SOUTH SUDAN_2020","SOUTH SUDAN",2020,NA,"No_data",NA,NA,NA,NA,NA,NA,NA,NA
"SOUTH SUDAN_2021","SOUTH SUDAN",2021,NA,"No_data",NA,NA,NA,NA,NA,NA,NA,NA
"SOUTH SUDAN_2022","SOUTH SUDAN",2022,NA,"No_data",NA,NA,NA,NA,NA,NA,NA,NA
"SOUTH SUDAN_2023","SOUTH SUDAN",2023,NA,"No_data",NA,NA,NA,NA,NA,NA,NA,NA
"SOUTH SUDAN_2024","SOUTH SUDAN",2024,0,"ad_hoc_data","Month",6,0.5,NA,NA,NA,NA,NA
"SPAIN_1990","SPAIN",1990,0,"first_year","Year",1,1,NA,"No_data",NA,NA,NA
"SPAIN_1991","SPAIN",1991,0,"first_year","Year",1,1,NA,"No_data",NA,NA,NA
"SPAIN_1992","SPAIN",1992,0,"first_year","Year",1,1,NA,"No_data",NA,NA,NA
"SPAIN_1993","SPAIN",1993,0,"first_year","Year",1,1,NA,"No_data",NA,NA,NA
"SPAIN_1994","SPAIN",1994,0,"first_year","Year",1,1,NA,"No_data",NA,NA,NA
"SPAIN_1995","SPAIN",1995,0,"first_year","Year",1,1,NA,"No_data",NA,NA,NA
"SPAIN_1996","SPAIN",1996,0,"first_year","Year",1,1,NA,"No_data",NA,NA,NA
"SPAIN_1997","SPAIN",1997,0,"first_year","Year",1,1,NA,"No_data",NA,NA,NA
"SPAIN_1998","SPAIN",1998,0,"first_year","Year",1,1,NA,"No_data",NA,NA,NA
"SPAIN_1999","SPAIN",1999,0,"first_year","Year",1,1,NA,"No_data",NA,NA,NA
"SPAIN_2000","SPAIN",2000,0,"first_year","Year",1,1,NA,"No_data",NA,NA,NA
"SPAIN_2001","SPAIN",2001,0,"first_year","Year",1,1,NA,"No_data",NA,NA,NA
"SPAIN_2002","SPAIN",2002,0,"first_year","Year",1,1,NA,"No_data",NA,NA,NA
"SPAIN_2003","SPAIN",2003,0,"first_year","Year",1,1,NA,"No_data",NA,NA,NA
"SPAIN_2004","SPAIN",2004,0,"first_year","Year",1,1,NA,"No_data",NA,NA,NA
"SPAIN_2005","SPAIN",2005,0,"first_year","Year",1,1,NA,"No_data",NA,NA,NA
"SPAIN_2006","SPAIN",2006,0,"first_year","Year",1,1,NA,"No_data",NA,NA,NA
"SPAIN_2007","SPAIN",2007,0,"first_year","Year",1,1,NA,"No_data",NA,NA,NA
"SPAIN_2008","SPAIN",2008,0,"first_year","Year",1,1,0,"OD","Year",1,1
"SPAIN_2009","SPAIN",2009,0,"first_year","Year",1,1,0,"OD","Year",1,1
"SPAIN_2010","SPAIN",2010,0,"first_year","Year",1,1,0,"OD","Year",1,1
"SPAIN_2011","SPAIN",2011,0,"first_year","Year",1,1,0,"OD","Year",1,1
"SPAIN_2012","SPAIN",2012,0,"first_year","Year",1,1,0,"OD","Year",1,1
"SPAIN_2013","SPAIN",2013,0,"first_year","Year",1,1,0,"OD","Year",1,1
"SPAIN_2014","SPAIN",2014,0,"first_year","Year",1,1,0,"OD","Year",1,1
"SPAIN_2015","SPAIN",2015,0,"first_year","Year",1,1,0,"OD","Year",1,1
"SPAIN_2016","SPAIN",2016,0,"first_year","Year",1,1,0,"OD","Year",1,1
"SPAIN_2017","SPAIN",2017,0,"first_year","Year",1,1,0,"OD","Year",1,1
"SPAIN_2018","SPAIN",2018,6,"ad_hoc_data","Month",12,1,6,"OD","Year",1,1
"SPAIN_2019","SPAIN",2019,2,"ad_hoc_data","Month",12,1,2,"OD","Year",1,1
"SPAIN_2020","SPAIN",2020,0,"OD","Year",1,1,0,"OD","Year",1,1
"SPAIN_2021","SPAIN",2021,0,"OD","Year",1,1,0,"OD","Year",1,1
"SPAIN_2022","SPAIN",2022,6,"ad_hoc_data","Month",12,1,0,"OD","Year",1,1
"SPAIN_2023","SPAIN",2023,3,"ad_hoc_data","Month",12,1,3,"OD","Year",1,1
"SPAIN_2024","SPAIN",2024,10,"OD","Month",12,1,10,"OD","Month",12,1
"SRI LANKA_1990","SRI LANKA",1990,1350,"OD","Year",1,1,1350,"OD","Year",1,1
"SRI LANKA_1991","SRI LANKA",1991,1048,"OD","Year",1,1,1048,"OD","Year",1,1
"SRI LANKA_1992","SRI LANKA",1992,656,"OD","Year",1,1,656,"OD","Year",1,1
"SRI LANKA_1993","SRI LANKA",1993,756,"ad_hoc_data","Year",1,1,750,"OD","Year",1,1
"SRI LANKA_1994","SRI LANKA",1994,582,"OD","Year",1,1,582,"OD","Year",1,1
"SRI LANKA_1995","SRI LANKA",1995,440,"OD","Year",1,1,440,"OD","Year",1,1
"SRI LANKA_1996","SRI LANKA",1996,1298,"OD","Month",12,1,1298,"OD","Month",12,1
"SRI LANKA_1997","SRI LANKA",1997,981,"OD","Month",12,1,981,"OD","Month",12,1
"SRI LANKA_1998","SRI LANKA",1998,1275,"OD","Month",12,1,1275,"OD","Month",12,1
"SRI LANKA_1999","SRI LANKA",1999,1688,"OD","Month",12,1,1688,"OD","Month",12,1
"SRI LANKA_2000","SRI LANKA",2000,5213,"OD","Month",12,1,3343,"OD","Month",12,1
"SRI LANKA_2001","SRI LANKA",2001,8931,"OD","Month",12,1,4304,"OD","Month",12,1
"SRI LANKA_2002","SRI LANKA",2002,10933,"OD","Month",12,1,8931,"OD","Month",12,1
"SRI LANKA_2003","SRI LANKA",2003,4805,"OD","Month",12,1,4749,"OD","Month",12,1
"SRI LANKA_2004","SRI LANKA",2004,15463,"OD","Month",12,1,15463,"OD","Month",12,1
"SRI LANKA_2005","SRI LANKA",2005,5994,"OD","Year",1,1,5994,"OD","Year",1,1
"SRI LANKA_2006","SRI LANKA",2006,11980,"OD","Year",1,1,11980,"OD","Year",1,1
"SRI LANKA_2007","SRI LANKA",2007,7332,"ad_hoc_data","Year",1,1,7314,"OD","Year",1,1
"SRI LANKA_2008","SRI LANKA",2008,6607,"ad_hoc_data","Year",1,1,6555,"OD","Year",1,1
"SRI LANKA_2009","SRI LANKA",2009,35095,"ad_hoc_data","Year",1,1,35010,"OD","Year",1,1
"SRI LANKA_2010","SRI LANKA",2010,34188,"ad_hoc_data","Week",52,1,33988,"OD","Week",51,0.980769230769231
"SRI LANKA_2011","SRI LANKA",2011,28473,"ad_hoc_data","Week",52,1,27614,"OD","Week",51,0.980769230769231
"SRI LANKA_2012","SRI LANKA",2012,44461,"ad_hoc_data","Week",52,1,43783,"OD","Week",51,0.980769230769231
"SRI LANKA_2013","SRI LANKA",2013,32063,"ad_hoc_data","Week",52,1,30450,"OD","Week",50,0.961538461538462
"SRI LANKA_2014","SRI LANKA",2014,47502,"ad_hoc_data","Year",1,1,45535,"OD","Week",50,0.943396226415094
"SRI LANKA_2015","SRI LANKA",2015,29777,"ad_hoc_data","Week",52,1,27702,"OD","Week",50,0.961538461538462
"SRI LANKA_2016","SRI LANKA",2016,55150,"ad_hoc_data","Week",52,1,50954,"OD","Week",51,0.980769230769231
"SRI LANKA_2017","SRI LANKA",2017,186101,"ad_hoc_data","Week",52,1,174736,"OD","Month",12,1
"SRI LANKA_2018","SRI LANKA",2018,51659,"ad_hoc_data","Week",52,1,51320,"OD","Month",12,1
"SRI LANKA_2019","SRI LANKA",2019,105049,"ad_hoc_data","Year",1,1,94789,"OD","Month",12,1
"SRI LANKA_2020","SRI LANKA",2020,32232,"OD","Month",12,1,32232,"OD","Month",12,1
"SRI LANKA_2021","SRI LANKA",2021,36120,"OD","Month",12,1,36120,"OD","Month",12,1
"SRI LANKA_2022","SRI LANKA",2022,76689,"OD","Month",12,1,76689,"OD","Month",12,1
"SRI LANKA_2023","SRI LANKA",2023,88659,"OD","Month",12,1,88659,"OD","Month",12,1
"SRI LANKA_2024","SRI LANKA",2024,49877,"ad_hoc_data","Month",12,1,33236,"OD","Month",8,0.666666666666667
"SUDAN_1990","SUDAN",1990,NA,"No_data",NA,NA,NA,NA,"No_data",NA,NA,NA
"SUDAN_1991","SUDAN",1991,NA,"No_data",NA,NA,NA,NA,"No_data",NA,NA,NA
"SUDAN_1992","SUDAN",1992,NA,"No_data",NA,NA,NA,NA,"No_data",NA,NA,NA
"SUDAN_1993","SUDAN",1993,NA,"No_data",NA,NA,NA,NA,"No_data",NA,NA,NA
"SUDAN_1994","SUDAN",1994,NA,"No_data",NA,NA,NA,NA,"No_data",NA,NA,NA
"SUDAN_1995","SUDAN",1995,NA,"No_data",NA,NA,NA,NA,"No_data",NA,NA,NA
"SUDAN_1996","SUDAN",1996,NA,"No_data",NA,NA,NA,NA,"No_data",NA,NA,NA
"SUDAN_1997","SUDAN",1997,NA,"No_data",NA,NA,NA,NA,"No_data",NA,NA,NA
"SUDAN_1998","SUDAN",1998,NA,"No_data",NA,NA,NA,NA,"No_data",NA,NA,NA
"SUDAN_1999","SUDAN",1999,NA,"No_data",NA,NA,NA,NA,"No_data",NA,NA,NA
"SUDAN_2000","SUDAN",2000,NA,"No_data",NA,NA,NA,NA,"No_data",NA,NA,NA
"SUDAN_2001","SUDAN",2001,NA,"No_data",NA,NA,NA,NA,"No_data",NA,NA,NA
"SUDAN_2002","SUDAN",2002,NA,"No_data",NA,NA,NA,NA,"No_data",NA,NA,NA
"SUDAN_2003","SUDAN",2003,NA,"No_data",NA,NA,NA,NA,"No_data",NA,NA,NA
"SUDAN_2004","SUDAN",2004,NA,"No_data",NA,NA,NA,NA,"No_data",NA,NA,NA
"SUDAN_2005","SUDAN",2005,312,"ad_hoc_data","Year",1,1,NA,"No_data",NA,NA,NA
"SUDAN_2006","SUDAN",2006,NA,"No_data",NA,NA,NA,NA,"No_data",NA,NA,NA
"SUDAN_2007","SUDAN",2007,NA,"No_data",NA,NA,NA,NA,"No_data",NA,NA,NA
"SUDAN_2008","SUDAN",2008,441,"ad_hoc_data","Year",1,1,NA,"No_data",NA,NA,NA
"SUDAN_2009","SUDAN",2009,441,"ad_hoc_data","Year",1,1,NA,"No_data",NA,NA,NA
"SUDAN_2010","SUDAN",2010,4008,"ad_hoc_data","Year",1,1,NA,"No_data",NA,NA,NA
"SUDAN_2011","SUDAN",2011,271,"ad_hoc_data","Year",1,1,NA,"No_data",NA,NA,NA
"SUDAN_2012","SUDAN",2012,45,"ad_hoc_data","Year",1,1,NA,"No_data",NA,NA,NA
"SUDAN_2013","SUDAN",2013,NA,"No_data",NA,NA,NA,NA,"No_data",NA,NA,NA
"SUDAN_2014","SUDAN",2014,738,"ad_hoc_data","Year",1,1,NA,"No_data",NA,NA,NA
"SUDAN_2015","SUDAN",2015,560,"ad_hoc_data","Week",52,1,NA,"No_data",NA,NA,NA
"SUDAN_2016","SUDAN",2016,106,"ad_hoc_data","Week",52,1,NA,"No_data",NA,NA,NA
"SUDAN_2017","SUDAN",2017,90,"ad_hoc_data","Year",1,1,NA,"No_data",NA,NA,NA
"SUDAN_2018","SUDAN",2018,NA,"No_data",NA,NA,NA,NA,"No_data",NA,NA,NA
"SUDAN_2019","SUDAN",2019,9268,"OD","Week",42,0.807692307692308,9268,"OD","Week",12,0.230769230769231
"SUDAN_2020","SUDAN",2020,NA,"No_data",NA,NA,NA,NA,"No_data",NA,NA,NA
"SUDAN_2021","SUDAN",2021,738,"ad_hoc_data","Year",1,1,NA,"No_data",NA,NA,NA
"SUDAN_2022","SUDAN",2022,5264,"ad_hoc_data","Week",52,1,NA,"No_data",NA,NA,NA
"SUDAN_2023","SUDAN",2023,7347,"OD","Month",6,0.5,7347,"OD","Month",6,0.5
"SUDAN_2024","SUDAN",2024,10560,"OD","Month",12,1,10560,"OD","Month",12,1
"SURINAME_1990","SURINAME",1990,0,"OD","Year",1,1,0,"OD","Year",1,1
"SURINAME_1991","SURINAME",1991,0,"OD","Year",1,1,0,"OD","Year",1,1
"SURINAME_1992","SURINAME",1992,0,"OD","Year",1,1,0,"OD","Year",1,1
"SURINAME_1993","SURINAME",1993,0,"OD","Year",1,1,0,"OD","Year",1,1
"SURINAME_1994","SURINAME",1994,0,"OD","Year",1,1,0,"OD","Year",1,1
"SURINAME_1995","SURINAME",1995,344,"OD","Year",1,1,344,"OD","Year",1,1
"SURINAME_1996","SURINAME",1996,677,"OD","Year",1,1,677,"OD","Year",1,1
"SURINAME_1997","SURINAME",1997,90,"OD","Year",1,1,90,"OD","Year",1,1
"SURINAME_1998","SURINAME",1998,1140,"OD","Year",1,1,1140,"OD","Year",1,1
"SURINAME_1999","SURINAME",1999,695,"OD","Year",1,1,695,"OD","Year",1,1
"SURINAME_2000","SURINAME",2000,1069,"OD","Year",1,1,1069,"OD","Year",1,1
"SURINAME_2001","SURINAME",2001,748,"OD","Year",1,1,748,"OD","Year",1,1
"SURINAME_2002","SURINAME",2002,1081,"OD","Year",1,1,1081,"OD","Year",1,1
"SURINAME_2003","SURINAME",2003,284,"OD","Year",1,1,284,"OD","Year",1,1
"SURINAME_2004","SURINAME",2004,368,"OD","Year",1,1,368,"OD","Year",1,1
"SURINAME_2005","SURINAME",2005,2712,"OD","Year",1,1,2712,"OD","Year",1,1
"SURINAME_2006","SURINAME",2006,253,"OD","Year",1,1,253,"OD","Year",1,1
"SURINAME_2007","SURINAME",2007,41,"OD","Year",1,1,41,"OD","Year",1,1
"SURINAME_2008","SURINAME",2008,12,"OD","Year",1,1,12,"OD","Year",1,1
"SURINAME_2009","SURINAME",2009,120,"OD","Year",1,1,120,"OD","Year",1,1
"SURINAME_2010","SURINAME",2010,93,"OD","Year",1,1,93,"OD","Year",1,1
"SURINAME_2011","SURINAME",2011,386,"OD","Year",1,1,386,"OD","Year",1,1
"SURINAME_2012","SURINAME",2012,781,"OD","Year",1,1,781,"OD","Year",1,1
"SURINAME_2013","SURINAME",2013,21,"OD","Year",1,1,21,"OD","Year",1,1
"SURINAME_2014","SURINAME",2014,23,"OD","Year",1,1,23,"OD","Year",1,1
"SURINAME_2015","SURINAME",2015,15,"OD","Year",1,1,15,"OD","Year",1,1
"SURINAME_2016","SURINAME",2016,6,"OD","Year",1,1,6,"OD","Year",1,1
"SURINAME_2017","SURINAME",2017,1,"OD","Year",1,1,1,"OD","Year",1,1
"SURINAME_2018","SURINAME",2018,123,"OD","Week",52,1,123,"OD","Week",52,1
"SURINAME_2019","SURINAME",2019,86,"OD","Week",52,1,86,"OD","Week",52,1
"SURINAME_2020","SURINAME",2020,563,"OD","Week",53,1,563,"OD","Week",53,1
"SURINAME_2021","SURINAME",2021,10,"OD","Week",52,1,10,"OD","Week",52,1
"SURINAME_2022","SURINAME",2022,17,"OD","Week",52,1,17,"OD","Week",52,1
"SURINAME_2023","SURINAME",2023,282,"OD","Week",52,1,282,"OD","Week",52,1
"SURINAME_2024","SURINAME",2024,95,"OD","Week",52,1,95,"OD","Week",52,1
"TAIWAN_1990","TAIWAN",1990,0,"OD","Year",1,1,0,"OD","Year",1,1
"TAIWAN_1991","TAIWAN",1991,149,"OD","Year",1,1,149,"OD","Year",1,1
"TAIWAN_1992","TAIWAN",1992,4,"OD","Year",1,1,4,"OD","Year",1,1
"TAIWAN_1993","TAIWAN",1993,0,"OD","Year",1,1,0,"OD","Year",1,1
"TAIWAN_1994","TAIWAN",1994,222,"OD","Year",1,1,222,"OD","Year",1,1
"TAIWAN_1995","TAIWAN",1995,329,"OD","Year",1,1,329,"OD","Year",1,1
"TAIWAN_1996","TAIWAN",1996,20,"OD","Year",1,1,20,"OD","Year",1,1
"TAIWAN_1997","TAIWAN",1997,19,"OD","Year",1,1,19,"OD","Year",1,1
"TAIWAN_1998","TAIWAN",1998,309,"OD","Week",52,1,309,"OD","Week",52,1
"TAIWAN_1999","TAIWAN",1999,40,"OD","Week",52,1,40,"OD","Week",52,1
"TAIWAN_2000","TAIWAN",2000,113,"OD","Week",52,1,113,"OD","Week",52,1
"TAIWAN_2001","TAIWAN",2001,225,"OD","Week",52,1,225,"OD","Week",52,1
"TAIWAN_2002","TAIWAN",2002,5097,"OD","Week",52,1,5097,"OD","Week",52,1
"TAIWAN_2003","TAIWAN",2003,92,"OD","Week",53,1,92,"OD","Week",53,1
"TAIWAN_2004","TAIWAN",2004,335,"OD","Week",52,1,335,"OD","Week",52,1
"TAIWAN_2005","TAIWAN",2005,193,"OD","Week",52,1,193,"OD","Week",52,1
"TAIWAN_2006","TAIWAN",2006,931,"OD","Week",52,1,931,"OD","Week",52,1
"TAIWAN_2007","TAIWAN",2007,1933,"OD","Week",52,1,1933,"OD","Week",52,1
"TAIWAN_2008","TAIWAN",2008,478,"OD","Week",53,1,478,"OD","Week",53,1
"TAIWAN_2009","TAIWAN",2009,840,"OD","Week",52,1,840,"OD","Week",52,1
"TAIWAN_2010","TAIWAN",2010,1534,"OD","Week",52,1,1534,"OD","Week",52,1
"TAIWAN_2011","TAIWAN",2011,1543,"OD","Week",52,1,1543,"OD","Week",52,1
"TAIWAN_2012","TAIWAN",2012,1270,"OD","Week",52,1,1270,"OD","Week",52,1
"TAIWAN_2013","TAIWAN",2013,596,"OD","Week",52,1,596,"OD","Week",52,1
"TAIWAN_2014","TAIWAN",2014,15509,"OD","Week",53,1,15509,"OD","Week",53,1
"TAIWAN_2015","TAIWAN",2015,43467,"OD","Week",52,1,43467,"OD","Week",52,1
"TAIWAN_2016","TAIWAN",2016,317,"OD","Week",52,1,317,"OD","Week",52,1
"TAIWAN_2017","TAIWAN",2017,10,"OD","Week",52,1,10,"OD","Week",52,1
"TAIWAN_2018","TAIWAN",2018,183,"OD","Week",52,1,183,"OD","Week",52,1
"TAIWAN_2019","TAIWAN",2019,100,"OD","Week",52,1,100,"OD","Week",52,1
"TAIWAN_2020","TAIWAN",2020,73,"OD","Week",53,1,73,"OD","Week",53,1
"TAIWAN_2021","TAIWAN",2021,0,"OD","Week",52,1,0,"OD","Week",52,1
"TAIWAN_2022","TAIWAN",2022,20,"OD","Week",52,1,20,"OD","Week",52,1
"TAIWAN_2023","TAIWAN",2023,26415,"OD","Week",52,1,26415,"OD","Week",52,1
"TAIWAN_2024","TAIWAN",2024,269,"OD","Week",52,1,269,"OD","Week",52,1
"THAILAND_1990","THAILAND",1990,92002,"OD","Year",1,1,92002,"OD","Year",1,1
"THAILAND_1991","THAILAND",1991,43511,"OD","Year",1,1,43511,"OD","Year",1,1
"THAILAND_1992","THAILAND",1992,41125,"OD","Year",1,1,41125,"OD","Year",1,1
"THAILAND_1993","THAILAND",1993,67017,"OD","Month",12,1,67017,"OD","Month",12,1
"THAILAND_1994","THAILAND",1994,51688,"OD","Month",12,1,51688,"OD","Month",12,1
"THAILAND_1995","THAILAND",1995,60330,"OD","Month",12,1,60330,"OD","Month",12,1
"THAILAND_1996","THAILAND",1996,38109,"OD","Month",12,1,38109,"OD","Month",12,1
"THAILAND_1997","THAILAND",1997,101689,"OD","Month",12,1,101689,"OD","Month",12,1
"THAILAND_1998","THAILAND",1998,129954,"OD","Month",12,1,129954,"OD","Month",12,1
"THAILAND_1999","THAILAND",1999,24900,"OD","Month",12,1,24900,"OD","Month",12,1
"THAILAND_2000","THAILAND",2000,18617,"OD","Month",12,1,18617,"OD","Month",12,1
"THAILAND_2001","THAILAND",2001,139327,"OD","Month",12,1,139327,"OD","Month",12,1
"THAILAND_2002","THAILAND",2002,114800,"OD","Month",12,1,114800,"OD","Month",12,1
"THAILAND_2003","THAILAND",2003,62767,"OD","Month",12,1,62767,"OD","Month",12,1
"THAILAND_2004","THAILAND",2004,38367,"OD","Month",12,1,38367,"OD","Month",12,1
"THAILAND_2005","THAILAND",2005,45893,"OD","Month",12,1,45893,"OD","Month",12,1
"THAILAND_2006","THAILAND",2006,42456,"OD","Month",12,1,42456,"OD","Month",12,1
"THAILAND_2007","THAILAND",2007,62949,"OD","Month",12,1,62949,"OD","Month",12,1
"THAILAND_2008","THAILAND",2008,89626,"OD","Month",12,1,89626,"OD","Month",12,1
"THAILAND_2009","THAILAND",2009,25194,"OD","Month",12,1,25194,"OD","Month",12,1
"THAILAND_2010","THAILAND",2010,116947,"OD","Month",12,1,53149,"OD","Month",12,1
"THAILAND_2011","THAILAND",2011,69800,"OD","Month",12,1,29759,"OD","Month",12,1
"THAILAND_2012","THAILAND",2012,79594,"OD","Month",12,1,39321,"OD","Month",12,1
"THAILAND_2013","THAILAND",2013,154773,"OD","Month",12,1,87502,"OD","Month",12,1
"THAILAND_2014","THAILAND",2014,41083,"OD","Month",12,1,23170,"OD","Month",12,1
"THAILAND_2015","THAILAND",2015,144952,"OD","Month",12,1,86953,"OD","Month",12,1
"THAILAND_2016","THAILAND",2016,38466,"OD","Month",12,1,38466,"OD","Month",12,1
"THAILAND_2017","THAILAND",2017,31843,"OD","Month",12,1,31843,"OD","Month",12,1
"THAILAND_2018","THAILAND",2018,87212,"OD","Month",12,1,87212,"OD","Month",12,1
"THAILAND_2019","THAILAND",2019,131157,"OD","Month",12,1,131157,"OD","Month",12,1
"THAILAND_2020","THAILAND",2020,72519,"OD","Month",12,1,72519,"OD","Month",12,1
"THAILAND_2021","THAILAND",2021,10617,"OD","Month",12,1,10617,"OD","Month",12,1
"THAILAND_2022","THAILAND",2022,46755,"OD","Month",12,1,46678,"OD","Month",12,1
"THAILAND_2023","THAILAND",2023,159219,"OD","Month",12,1,159219,"OD","Month",12,1
"THAILAND_2024","THAILAND",2024,104681,"OD","Month",12,1,104681,"OD","Month",12,1
"TIMOR-LESTE_1990","TIMOR-LESTE",1990,0,"OD","Year",1,1,0,"OD","Year",1,1
"TIMOR-LESTE_1991","TIMOR-LESTE",1991,0,"OD","Year",1,1,0,"OD","Year",1,1
"TIMOR-LESTE_1992","TIMOR-LESTE",1992,0,"OD","Year",1,1,0,"OD","Year",1,1
"TIMOR-LESTE_1993","TIMOR-LESTE",1993,0,"OD","Year",1,1,0,"OD","Year",1,1
"TIMOR-LESTE_1994","TIMOR-LESTE",1994,0,"OD","Year",1,1,0,"OD","Year",1,1
"TIMOR-LESTE_1995","TIMOR-LESTE",1995,0,"OD","Year",1,1,0,"OD","Year",1,1
"TIMOR-LESTE_1996","TIMOR-LESTE",1996,0,"OD","Year",1,1,0,"OD","Year",1,1
"TIMOR-LESTE_1997","TIMOR-LESTE",1997,0,"OD","Year",1,1,0,"OD","Year",1,1
"TIMOR-LESTE_1998","TIMOR-LESTE",1998,0,"OD","Year",1,1,0,"OD","Year",1,1
"TIMOR-LESTE_1999","TIMOR-LESTE",1999,0,"OD","Year",1,1,0,"OD","Year",1,1
"TIMOR-LESTE_2000","TIMOR-LESTE",2000,0,"OD","Year",1,1,0,"OD","Year",1,1
"TIMOR-LESTE_2001","TIMOR-LESTE",2001,0,"OD","Year",1,1,0,"OD","Year",1,1
"TIMOR-LESTE_2002","TIMOR-LESTE",2002,0,"OD","Year",1,1,0,"OD","Year",1,1
"TIMOR-LESTE_2003","TIMOR-LESTE",2003,0,"OD","Year",1,1,0,"OD","Year",1,1
"TIMOR-LESTE_2004","TIMOR-LESTE",2004,434,"OD","Year",1,1,434,"OD","Year",1,1
"TIMOR-LESTE_2005","TIMOR-LESTE",2005,1128,"OD","Year",1,1,1128,"OD","Year",1,1
"TIMOR-LESTE_2006","TIMOR-LESTE",2006,162,"OD","Year",1,1,162,"OD","Year",1,1
"TIMOR-LESTE_2007","TIMOR-LESTE",2007,227,"OD","Year",1,1,227,"OD","Year",1,1
"TIMOR-LESTE_2008","TIMOR-LESTE",2008,108,"OD","Year",1,1,108,"OD","Year",1,1
"TIMOR-LESTE_2009","TIMOR-LESTE",2009,175,"OD","Year",1,1,175,"OD","Year",1,1
"TIMOR-LESTE_2010","TIMOR-LESTE",2010,745,"ad_hoc_data","Year",1,1,433,"OD","Year",1,1
"TIMOR-LESTE_2011","TIMOR-LESTE",2011,375,"ad_hoc_data","Year",1,1,302,"OD","Year",1,1
"TIMOR-LESTE_2012","TIMOR-LESTE",2012,928,"ad_hoc_data","Year",1,1,751,"OD","Year",1,1
"TIMOR-LESTE_2013","TIMOR-LESTE",2013,608,"ad_hoc_data","Year",1,1,502,"OD","Year",1,1
"TIMOR-LESTE_2014","TIMOR-LESTE",2014,642,"OD","Year",1,1,642,"OD","Year",1,1
"TIMOR-LESTE_2015","TIMOR-LESTE",2015,NA,"No_data",NA,NA,NA,NA,"No_data",NA,NA,NA
"TIMOR-LESTE_2016","TIMOR-LESTE",2016,251,"ad_hoc_data","Month",12,1,NA,"No_data",NA,NA,NA
"TIMOR-LESTE_2017","TIMOR-LESTE",2017,550,"ad_hoc_data","Month",12,1,NA,"No_data",NA,NA,NA
"TIMOR-LESTE_2018","TIMOR-LESTE",2018,330,"ad_hoc_data","Month",12,1,NA,"No_data",NA,NA,NA
"TIMOR-LESTE_2019","TIMOR-LESTE",2019,976,"ad_hoc_data","Month",12,1,NA,"No_data",NA,NA,NA
"TIMOR-LESTE_2020","TIMOR-LESTE",2020,1451,"OD","Year",1,1,1451,"OD","Year",1,1
"TIMOR-LESTE_2021","TIMOR-LESTE",2021,901,"OD","Month",12,1,901,"OD","Month",12,1
"TIMOR-LESTE_2022","TIMOR-LESTE",2022,5658,"OD","Month",12,1,5658,"OD","Month",12,1
"TIMOR-LESTE_2023","TIMOR-LESTE",2023,1953,"OD","Month",12,1,1953,"OD","Month",12,1
"TIMOR-LESTE_2024","TIMOR-LESTE",2024,1462,"ad_hoc_data","Month",12,1,1438,"OD","Month",10,0.833333333333333
"TOGO_1990","TOGO",1990,NA,"No_data",NA,NA,NA,NA,"No_data",NA,NA,NA
"TOGO_1991","TOGO",1991,NA,"No_data",NA,NA,NA,NA,"No_data",NA,NA,NA
"TOGO_1992","TOGO",1992,NA,"No_data",NA,NA,NA,NA,"No_data",NA,NA,NA
"TOGO_1993","TOGO",1993,NA,"No_data",NA,NA,NA,NA,"No_data",NA,NA,NA
"TOGO_1994","TOGO",1994,NA,"No_data",NA,NA,NA,NA,"No_data",NA,NA,NA
"TOGO_1995","TOGO",1995,NA,"No_data",NA,NA,NA,NA,"No_data",NA,NA,NA
"TOGO_1996","TOGO",1996,NA,"No_data",NA,NA,NA,NA,"No_data",NA,NA,NA
"TOGO_1997","TOGO",1997,NA,"No_data",NA,NA,NA,NA,"No_data",NA,NA,NA
"TOGO_1998","TOGO",1998,NA,"No_data",NA,NA,NA,NA,"No_data",NA,NA,NA
"TOGO_1999","TOGO",1999,NA,"No_data",NA,NA,NA,NA,"No_data",NA,NA,NA
"TOGO_2000","TOGO",2000,NA,"No_data",NA,NA,NA,NA,"No_data",NA,NA,NA
"TOGO_2001","TOGO",2001,NA,"No_data",NA,NA,NA,NA,"No_data",NA,NA,NA
"TOGO_2002","TOGO",2002,NA,"No_data",NA,NA,NA,NA,"No_data",NA,NA,NA
"TOGO_2003","TOGO",2003,NA,"No_data",NA,NA,NA,NA,"No_data",NA,NA,NA
"TOGO_2004","TOGO",2004,NA,"No_data",NA,NA,NA,NA,"No_data",NA,NA,NA
"TOGO_2005","TOGO",2005,NA,"No_data",NA,NA,NA,NA,"No_data",NA,NA,NA
"TOGO_2006","TOGO",2006,NA,"No_data",NA,NA,NA,NA,"No_data",NA,NA,NA
"TOGO_2007","TOGO",2007,NA,"No_data",NA,NA,NA,NA,"No_data",NA,NA,NA
"TOGO_2008","TOGO",2008,NA,"No_data",NA,NA,NA,NA,"No_data",NA,NA,NA
"TOGO_2009","TOGO",2009,NA,"No_data",NA,NA,NA,NA,"No_data",NA,NA,NA
"TOGO_2010","TOGO",2010,NA,"No_data",NA,NA,NA,NA,"No_data",NA,NA,NA
"TOGO_2011","TOGO",2011,NA,"No_data",NA,NA,NA,NA,"No_data",NA,NA,NA
"TOGO_2012","TOGO",2012,NA,"No_data",NA,NA,NA,NA,"No_data",NA,NA,NA
"TOGO_2013","TOGO",2013,NA,"No_data",NA,NA,NA,NA,"No_data",NA,NA,NA
"TOGO_2014","TOGO",2014,NA,"No_data",NA,NA,NA,NA,"No_data",NA,NA,NA
"TOGO_2015","TOGO",2015,NA,"No_data",NA,NA,NA,NA,"No_data",NA,NA,NA
"TOGO_2016","TOGO",2016,NA,"No_data",NA,NA,NA,NA,"No_data",NA,NA,NA
"TOGO_2017","TOGO",2017,NA,"No_data",NA,NA,NA,NA,"No_data",NA,NA,NA
"TOGO_2018","TOGO",2018,NA,"No_data",NA,NA,NA,NA,"No_data",NA,NA,NA
"TOGO_2019","TOGO",2019,NA,"No_data",NA,NA,NA,NA,"No_data",NA,NA,NA
"TOGO_2020","TOGO",2020,NA,"No_data",NA,NA,NA,NA,"No_data",NA,NA,NA
"TOGO_2021","TOGO",2021,NA,"No_data",NA,NA,NA,NA,"No_data",NA,NA,NA
"TOGO_2022","TOGO",2022,NA,"No_data",NA,NA,NA,NA,"No_data",NA,NA,NA
"TOGO_2023","TOGO",2023,55,"OD","Month",4,0.333333333333333,55,"OD","Month",4,0.333333333333333
"TOGO_2024","TOGO",2024,0,"OD","Month",12,1,0,"OD","Month",12,1
"TOKELAU_1990","TOKELAU",1990,43,"ad_hoc_data","Month",12,1,NA,"No_data",NA,NA,NA
"TOKELAU_1991","TOKELAU",1991,3,"ad_hoc_data","Month",12,1,3,"OD","Year",1,1
"TOKELAU_1992","TOKELAU",1992,0,"ad_hoc_data","Month",12,1,0,"OD","Year",1,1
"TOKELAU_1993","TOKELAU",1993,0,"ad_hoc_data","Month",12,1,0,"OD","Year",1,1
"TOKELAU_1994","TOKELAU",1994,0,"ad_hoc_data","Month",5,0.416666666666667,0,"OD","Year",1,1
"TOKELAU_1995","TOKELAU",1995,0,"OD","Year",1,1,0,"OD","Year",1,1
"TOKELAU_1996","TOKELAU",1996,6,"ad_hoc_data","Month",9,0.75,6,"OD","Year",1,1
"TOKELAU_1997","TOKELAU",1997,0,"OD","Year",1,1,0,"OD","Year",1,1
"TOKELAU_1998","TOKELAU",1998,0,"OD","Year",1,1,0,"OD","Year",1,1
"TOKELAU_1999","TOKELAU",1999,0,"OD","Year",1,1,0,"OD","Year",1,1
"TOKELAU_2000","TOKELAU",2000,0,"OD","Year",1,1,0,"OD","Year",1,1
"TOKELAU_2001","TOKELAU",2001,4,"OD","Year",1,1,4,"OD","Year",1,1
"TOKELAU_2002","TOKELAU",2002,0,"OD","Year",1,1,0,"OD","Year",1,1
"TOKELAU_2003","TOKELAU",2003,0,"OD","Year",1,1,0,"OD","Year",1,1
"TOKELAU_2004","TOKELAU",2004,0,"OD","Year",1,1,0,"OD","Year",1,1
"TOKELAU_2005","TOKELAU",2005,0,"OD","Year",1,1,0,"OD","Year",1,1
"TOKELAU_2006","TOKELAU",2006,0,"OD","Year",1,1,0,"OD","Year",1,1
"TOKELAU_2007","TOKELAU",2007,0,"OD","Year",1,1,0,"OD","Year",1,1
"TOKELAU_2008","TOKELAU",2008,0,"OD","Year",1,1,0,"OD","Year",1,1
"TOKELAU_2009","TOKELAU",2009,0,"OD","Year",1,1,0,"OD","Year",1,1
"TOKELAU_2010","TOKELAU",2010,0,"OD","Year",1,1,0,"OD","Year",1,1
"TOKELAU_2011","TOKELAU",2011,0,"OD","Year",1,1,0,"OD","Year",1,1
"TOKELAU_2012","TOKELAU",2012,0,"OD","Year",1,1,0,"OD","Year",1,1
"TOKELAU_2013","TOKELAU",2013,NA,"No_data",NA,NA,NA,NA,"No_data",NA,NA,NA
"TOKELAU_2014","TOKELAU",2014,NA,"No_data",NA,NA,NA,NA,"No_data",NA,NA,NA
"TOKELAU_2015","TOKELAU",2015,NA,"No_data",NA,NA,NA,NA,"No_data",NA,NA,NA
"TOKELAU_2016","TOKELAU",2016,NA,"No_data",NA,NA,NA,NA,"No_data",NA,NA,NA
"TOKELAU_2017","TOKELAU",2017,5,"OD","Week",26,0.5,5,"OD","Week",26,0.5
"TOKELAU_2018","TOKELAU",2018,0,"OD","Week",37,0.711538461538462,0,"OD","Week",37,0.711538461538462
"TOKELAU_2019","TOKELAU",2019,0,"OD","Week",26,0.5,0,"OD","Week",26,0.5
"TOKELAU_2020","TOKELAU",2020,0,"OD","Week",14,0.264150943396226,0,"OD","Week",14,0.264150943396226
"TOKELAU_2021","TOKELAU",2021,0,"OD","Week",4,0.0769230769230769,0,"OD","Week",4,0.0769230769230769
"TOKELAU_2022","TOKELAU",2022,3,"OD","Week",18,0.346153846153846,3,"OD","Week",18,0.346153846153846
"TOKELAU_2023","TOKELAU",2023,0,"OD","Week",7,0.134615384615385,0,"OD","Week",7,0.134615384615385
"TOKELAU_2024","TOKELAU",2024,4,"OD","Month",8,0.666666666666667,4,"OD","Month",8,0.666666666666667
"TONGA_1990","TONGA",1990,896,"ad_hoc_data","Month",12,1,896,"OD","Year",1,1
"TONGA_1991","TONGA",1991,122,"ad_hoc_data","Month",12,1,122,"OD","Year",1,1
"TONGA_1992","TONGA",1992,35,"ad_hoc_data","Month",12,1,35,"OD","Year",1,1
"TONGA_1993","TONGA",1993,9,"ad_hoc_data","Month",12,1,9,"OD","Year",1,1
"TONGA_1994","TONGA",1994,1,"OD","Year",1,1,1,"OD","Year",1,1
"TONGA_1995","TONGA",1995,0,"OD","Year",1,1,0,"OD","Year",1,1
"TONGA_1996","TONGA",1996,3,"ad_hoc_data","Month",12,1,3,"OD","Year",1,1
"TONGA_1997","TONGA",1997,0,"OD","Year",1,1,0,"OD","Year",1,1
"TONGA_1998","TONGA",1998,460,"OD","Year",1,1,460,"OD","Year",1,1
"TONGA_1999","TONGA",1999,0,"OD","Year",1,1,0,"OD","Year",1,1
"TONGA_2000","TONGA",2000,0,"OD","Year",1,1,0,"OD","Year",1,1
"TONGA_2001","TONGA",2001,0,"OD","Year",1,1,0,"OD","Year",1,1
"TONGA_2002","TONGA",2002,0,"OD","Year",1,1,0,"OD","Year",1,1
"TONGA_2003","TONGA",2003,80,"OD","Year",1,1,80,"OD","Year",1,1
"TONGA_2004","TONGA",2004,3,"OD","Year",1,1,3,"OD","Year",1,1
"TONGA_2005","TONGA",2005,0,"OD","Year",1,1,0,"OD","Year",1,1
"TONGA_2006","TONGA",2006,0,"OD","Year",1,1,0,"OD","Year",1,1
"TONGA_2007","TONGA",2007,62,"OD","Year",1,1,62,"OD","Year",1,1
"TONGA_2008","TONGA",2008,195,"OD","Year",1,1,195,"OD","Year",1,1
"TONGA_2009","TONGA",2009,273,"OD","Year",1,1,273,"OD","Year",1,1
"TONGA_2010","TONGA",2010,30,"OD","Year",1,1,30,"OD","Year",1,1
"TONGA_2011","TONGA",2011,0,"OD","Year",1,1,0,"OD","Year",1,1
"TONGA_2012","TONGA",2012,0,"OD","Year",1,1,0,"OD","Year",1,1
"TONGA_2013","TONGA",2013,NA,"No_data",NA,NA,NA,NA,"No_data",NA,NA,NA
"TONGA_2014","TONGA",2014,51,"OD","Year",1,1,51,"OD","Year",1,1
"TONGA_2015","TONGA",2015,1559,"OD","Year",1,1,1559,"OD","Year",1,1
"TONGA_2016","TONGA",2016,NA,"No_data",NA,NA,NA,NA,"No_data",NA,NA,NA
"TONGA_2017","TONGA",2017,100,"OD","Year",1,1,100,"OD","Year",1,1
"TONGA_2018","TONGA",2018,381,"OD","Week",41,0.788461538461538,381,"OD","Week",41,0.788461538461538
"TONGA_2019","TONGA",2019,4,"OD","Week",40,0.769230769230769,4,"OD","Week",40,0.769230769230769
"TONGA_2020","TONGA",2020,1,"OD","Week",22,0.415094339622642,1,"OD","Week",22,0.415094339622642
"TONGA_2021","TONGA",2021,0,"OD","Week",10,0.192307692307692,0,"OD","Week",10,0.192307692307692
"TONGA_2022","TONGA",2022,1230,"OD","Week",22,0.423076923076923,1230,"OD","Week",22,0.423076923076923
"TONGA_2023","TONGA",2023,2,"OD","Week",20,0.384615384615385,2,"OD","Week",20,0.384615384615385
"TONGA_2024","TONGA",2024,14,"OD","Month",8,0.666666666666667,14,"OD","Month",8,0.666666666666667
"TRINIDAD AND TOBAGO_1990","TRINIDAD AND TOBAGO",1990,526,"OD","Year",1,1,526,"OD","Year",1,1
"TRINIDAD AND TOBAGO_1991","TRINIDAD AND TOBAGO",1991,36,"OD","Year",1,1,36,"OD","Year",1,1
"TRINIDAD AND TOBAGO_1992","TRINIDAD AND TOBAGO",1992,116,"OD","Year",1,1,116,"OD","Year",1,1
"TRINIDAD AND TOBAGO_1993","TRINIDAD AND TOBAGO",1993,38,"OD","Year",1,1,38,"OD","Year",1,1
"TRINIDAD AND TOBAGO_1994","TRINIDAD AND TOBAGO",1994,0,"OD","Year",1,1,0,"OD","Year",1,1
"TRINIDAD AND TOBAGO_1995","TRINIDAD AND TOBAGO",1995,4295,"OD","Year",1,1,4295,"OD","Year",1,1
"TRINIDAD AND TOBAGO_1996","TRINIDAD AND TOBAGO",1996,3983,"OD","Year",1,1,3983,"OD","Year",1,1
"TRINIDAD AND TOBAGO_1997","TRINIDAD AND TOBAGO",1997,745,"OD","Year",1,1,745,"OD","Year",1,1
"TRINIDAD AND TOBAGO_1998","TRINIDAD AND TOBAGO",1998,2984,"OD","Year",1,1,2984,"OD","Year",1,1
"TRINIDAD AND TOBAGO_1999","TRINIDAD AND TOBAGO",1999,1200,"OD","Year",1,1,1200,"OD","Year",1,1
"TRINIDAD AND TOBAGO_2000","TRINIDAD AND TOBAGO",2000,2017,"OD","Year",1,1,2017,"OD","Year",1,1
"TRINIDAD AND TOBAGO_2001","TRINIDAD AND TOBAGO",2001,2158,"OD","Year",1,1,2158,"OD","Year",1,1
"TRINIDAD AND TOBAGO_2002","TRINIDAD AND TOBAGO",2002,5973,"OD","Year",1,1,5973,"OD","Year",1,1
"TRINIDAD AND TOBAGO_2003","TRINIDAD AND TOBAGO",2003,2209,"OD","Year",1,1,2209,"OD","Year",1,1
"TRINIDAD AND TOBAGO_2004","TRINIDAD AND TOBAGO",2004,497,"OD","Year",1,1,497,"OD","Year",1,1
"TRINIDAD AND TOBAGO_2005","TRINIDAD AND TOBAGO",2005,411,"OD","Year",1,1,411,"OD","Year",1,1
"TRINIDAD AND TOBAGO_2006","TRINIDAD AND TOBAGO",2006,36,"OD","Year",1,1,36,"OD","Year",1,1
"TRINIDAD AND TOBAGO_2007","TRINIDAD AND TOBAGO",2007,47,"OD","Year",1,1,47,"OD","Year",1,1
"TRINIDAD AND TOBAGO_2008","TRINIDAD AND TOBAGO",2008,2358,"OD","Year",1,1,2358,"OD","Year",1,1
"TRINIDAD AND TOBAGO_2009","TRINIDAD AND TOBAGO",2009,24,"OD","Year",1,1,24,"OD","Year",1,1
"TRINIDAD AND TOBAGO_2010","TRINIDAD AND TOBAGO",2010,4737,"OD","Year",1,1,4737,"OD","Year",1,1
"TRINIDAD AND TOBAGO_2011","TRINIDAD AND TOBAGO",2011,1242,"OD","Year",1,1,1242,"OD","Year",1,1
"TRINIDAD AND TOBAGO_2012","TRINIDAD AND TOBAGO",2012,0,"OD","Year",1,1,0,"OD","Year",1,1
"TRINIDAD AND TOBAGO_2013","TRINIDAD AND TOBAGO",2013,0,"OD","Year",1,1,0,"OD","Year",1,1
"TRINIDAD AND TOBAGO_2014","TRINIDAD AND TOBAGO",2014,148,"OD","Year",1,1,148,"OD","Year",1,1
"TRINIDAD AND TOBAGO_2015","TRINIDAD AND TOBAGO",2015,1687,"OD","Year",1,1,1687,"OD","Year",1,1
"TRINIDAD AND TOBAGO_2016","TRINIDAD AND TOBAGO",2016,1801,"OD","Year",1,1,1801,"OD","Year",1,1
"TRINIDAD AND TOBAGO_2017","TRINIDAD AND TOBAGO",2017,300,"OD","Year",1,1,300,"OD","Year",1,1
"TRINIDAD AND TOBAGO_2018","TRINIDAD AND TOBAGO",2018,123,"OD","Year",1,1,123,"OD","Year",1,1
"TRINIDAD AND TOBAGO_2019","TRINIDAD AND TOBAGO",2019,416,"OD","Week",52,1,416,"OD","Week",52,1
"TRINIDAD AND TOBAGO_2020","TRINIDAD AND TOBAGO",2020,59,"OD","Year",1,1,59,"OD","Year",1,1
"TRINIDAD AND TOBAGO_2021","TRINIDAD AND TOBAGO",2021,20,"OD","Year",1,1,20,"OD","Year",1,1
"TRINIDAD AND TOBAGO_2022","TRINIDAD AND TOBAGO",2022,52,"OD","Year",1,1,52,"OD","Year",1,1
"TRINIDAD AND TOBAGO_2023","TRINIDAD AND TOBAGO",2023,126,"OD","Year",1,1,126,"OD","Year",1,1
"TRINIDAD AND TOBAGO_2024","TRINIDAD AND TOBAGO",2024,2004,"OD","Year",1,1,2004,"OD","Year",1,1
"TURKS AND CAICOS ISLANDS_1990","TURKS AND CAICOS ISLANDS",1990,0,"OD","Year",1,1,0,"OD","Year",1,1
"TURKS AND CAICOS ISLANDS_1991","TURKS AND CAICOS ISLANDS",1991,0,"OD","Year",1,1,0,"OD","Year",1,1
"TURKS AND CAICOS ISLANDS_1992","TURKS AND CAICOS ISLANDS",1992,0,"OD","Year",1,1,0,"OD","Year",1,1
"TURKS AND CAICOS ISLANDS_1993","TURKS AND CAICOS ISLANDS",1993,0,"OD","Year",1,1,0,"OD","Year",1,1
"TURKS AND CAICOS ISLANDS_1994","TURKS AND CAICOS ISLANDS",1994,0,"OD","Year",1,1,0,"OD","Year",1,1
"TURKS AND CAICOS ISLANDS_1995","TURKS AND CAICOS ISLANDS",1995,0,"OD","Year",1,1,0,"OD","Year",1,1
"TURKS AND CAICOS ISLANDS_1996","TURKS AND CAICOS ISLANDS",1996,0,"OD","Year",1,1,0,"OD","Year",1,1
"TURKS AND CAICOS ISLANDS_1997","TURKS AND CAICOS ISLANDS",1997,0,"OD","Year",1,1,0,"OD","Year",1,1
"TURKS AND CAICOS ISLANDS_1998","TURKS AND CAICOS ISLANDS",1998,0,"OD","Year",1,1,0,"OD","Year",1,1
"TURKS AND CAICOS ISLANDS_1999","TURKS AND CAICOS ISLANDS",1999,0,"OD","Year",1,1,0,"OD","Year",1,1
"TURKS AND CAICOS ISLANDS_2000","TURKS AND CAICOS ISLANDS",2000,0,"OD","Year",1,1,0,"OD","Year",1,1
"TURKS AND CAICOS ISLANDS_2001","TURKS AND CAICOS ISLANDS",2001,0,"OD","Year",1,1,0,"OD","Year",1,1
"TURKS AND CAICOS ISLANDS_2002","TURKS AND CAICOS ISLANDS",2002,0,"OD","Year",1,1,0,"OD","Year",1,1
"TURKS AND CAICOS ISLANDS_2003","TURKS AND CAICOS ISLANDS",2003,2,"OD","Year",1,1,2,"OD","Year",1,1
"TURKS AND CAICOS ISLANDS_2004","TURKS AND CAICOS ISLANDS",2004,1,"OD","Year",1,1,1,"OD","Year",1,1
"TURKS AND CAICOS ISLANDS_2005","TURKS AND CAICOS ISLANDS",2005,1,"OD","Year",1,1,1,"OD","Year",1,1
"TURKS AND CAICOS ISLANDS_2006","TURKS AND CAICOS ISLANDS",2006,0,"OD","Year",1,1,0,"OD","Year",1,1
"TURKS AND CAICOS ISLANDS_2007","TURKS AND CAICOS ISLANDS",2007,0,"OD","Year",1,1,0,"OD","Year",1,1
"TURKS AND CAICOS ISLANDS_2008","TURKS AND CAICOS ISLANDS",2008,0,"OD","Year",1,1,0,"OD","Year",1,1
"TURKS AND CAICOS ISLANDS_2009","TURKS AND CAICOS ISLANDS",2009,0,"OD","Year",1,1,0,"OD","Year",1,1
"TURKS AND CAICOS ISLANDS_2010","TURKS AND CAICOS ISLANDS",2010,0,"OD","Year",1,1,0,"OD","Year",1,1
"TURKS AND CAICOS ISLANDS_2011","TURKS AND CAICOS ISLANDS",2011,24,"OD","Year",1,1,24,"OD","Year",1,1
"TURKS AND CAICOS ISLANDS_2012","TURKS AND CAICOS ISLANDS",2012,14,"OD","Year",1,1,14,"OD","Year",1,1
"TURKS AND CAICOS ISLANDS_2013","TURKS AND CAICOS ISLANDS",2013,5,"OD","Year",1,1,5,"OD","Year",1,1
"TURKS AND CAICOS ISLANDS_2014","TURKS AND CAICOS ISLANDS",2014,252,"OD","Year",1,1,252,"OD","Year",1,1
"TURKS AND CAICOS ISLANDS_2015","TURKS AND CAICOS ISLANDS",2015,331,"OD","Year",1,1,331,"OD","Year",1,1
"TURKS AND CAICOS ISLANDS_2016","TURKS AND CAICOS ISLANDS",2016,484,"OD","Year",1,1,484,"OD","Year",1,1
"TURKS AND CAICOS ISLANDS_2017","TURKS AND CAICOS ISLANDS",2017,210,"OD","Year",1,1,210,"OD","Year",1,1
"TURKS AND CAICOS ISLANDS_2018","TURKS AND CAICOS ISLANDS",2018,2,"OD","Year",1,1,2,"OD","Year",1,1
"TURKS AND CAICOS ISLANDS_2019","TURKS AND CAICOS ISLANDS",2019,19,"OD","Week",52,1,19,"OD","Week",52,1
"TURKS AND CAICOS ISLANDS_2020","TURKS AND CAICOS ISLANDS",2020,142,"OD","Week",53,1,142,"OD","Week",53,1
"TURKS AND CAICOS ISLANDS_2021","TURKS AND CAICOS ISLANDS",2021,4,"OD","Year",1,1,4,"OD","Year",1,1
"TURKS AND CAICOS ISLANDS_2022","TURKS AND CAICOS ISLANDS",2022,3,"OD","Week",52,1,3,"OD","Week",52,1
"TURKS AND CAICOS ISLANDS_2023","TURKS AND CAICOS ISLANDS",2023,182,"OD","Week",52,1,182,"OD","Week",52,1
"TURKS AND CAICOS ISLANDS_2024","TURKS AND CAICOS ISLANDS",2024,117,"OD","Week",52,1,117,"OD","Week",52,1
"TUVALU_1990","TUVALU",1990,10,"ad_hoc_data","Month",12,1,NA,"No_data",NA,NA,NA
"TUVALU_1991","TUVALU",1991,19,"OD","Year",1,1,19,"OD","Year",1,1
"TUVALU_1992","TUVALU",1992,811,"ad_hoc_data","Month",12,1,811,"OD","Year",1,1
"TUVALU_1993","TUVALU",1993,0,"OD","Year",1,1,0,"OD","Year",1,1
"TUVALU_1994","TUVALU",1994,0,"ad_hoc_data","Month",12,1,0,"OD","Year",1,1
"TUVALU_1995","TUVALU",1995,0,"OD","Year",1,1,0,"OD","Year",1,1
"TUVALU_1996","TUVALU",1996,0,"ad_hoc_data","Month",12,1,0,"OD","Year",1,1
"TUVALU_1997","TUVALU",1997,0,"OD","Year",1,1,0,"OD","Year",1,1
"TUVALU_1998","TUVALU",1998,2,"OD","Year",1,1,2,"OD","Year",1,1
"TUVALU_1999","TUVALU",1999,0,"OD","Year",1,1,0,"OD","Year",1,1
"TUVALU_2000","TUVALU",2000,0,"OD","Year",1,1,0,"OD","Year",1,1
"TUVALU_2001","TUVALU",2001,0,"OD","Year",1,1,0,"OD","Year",1,1
"TUVALU_2002","TUVALU",2002,0,"OD","Year",1,1,0,"OD","Year",1,1
"TUVALU_2003","TUVALU",2003,0,"OD","Year",1,1,0,"OD","Year",1,1
"TUVALU_2004","TUVALU",2004,0,"OD","Year",1,1,0,"OD","Year",1,1
"TUVALU_2005","TUVALU",2005,0,"OD","Year",1,1,0,"OD","Year",1,1
"TUVALU_2006","TUVALU",2006,0,"OD","Year",1,1,0,"OD","Year",1,1
"TUVALU_2007","TUVALU",2007,0,"OD","Year",1,1,0,"OD","Year",1,1
"TUVALU_2008","TUVALU",2008,0,"OD","Year",1,1,0,"OD","Year",1,1
"TUVALU_2009","TUVALU",2009,0,"OD","Year",1,1,0,"OD","Year",1,1
"TUVALU_2010","TUVALU",2010,0,"OD","Year",1,1,0,"OD","Year",1,1
"TUVALU_2011","TUVALU",2011,0,"OD","Year",1,1,0,"OD","Year",1,1
"TUVALU_2012","TUVALU",2012,0,"OD","Year",1,1,0,"OD","Year",1,1
"TUVALU_2013","TUVALU",2013,NA,"No_data",NA,NA,NA,NA,"No_data",NA,NA,NA
"TUVALU_2014","TUVALU",2014,408,"ad_hoc_data","Year",1,1,NA,"No_data",NA,NA,NA
"TUVALU_2015","TUVALU",2015,NA,"No_data",NA,NA,NA,NA,"No_data",NA,NA,NA
"TUVALU_2016","TUVALU",2016,NA,"No_data",NA,NA,NA,NA,"No_data",NA,NA,NA
"TUVALU_2017","TUVALU",2017,0,"OD","Week",12,0.230769230769231,0,"OD","Week",12,0.230769230769231
"TUVALU_2018","TUVALU",2018,0,"OD","Week",14,0.269230769230769,0,"OD","Week",14,0.269230769230769
"TUVALU_2019","TUVALU",2019,522,"OD","Year",1,1,522,"OD","Year",1,1
"TUVALU_2020","TUVALU",2020,5,"OD","Week",15,0.283018867924528,5,"OD","Week",15,0.283018867924528
"TUVALU_2021","TUVALU",2021,0,"OD","Week",2,0.0384615384615385,0,"OD","Week",2,0.0384615384615385
"TUVALU_2022","TUVALU",2022,93,"OD","Week",3,0.0576923076923077,93,"OD","Week",3,0.0576923076923077
"TUVALU_2023","TUVALU",2023,0,"OD","Week",3,0.0576923076923077,0,"OD","Week",3,0.0576923076923077
"TUVALU_2024","TUVALU",2024,1,"OD","Week",40,0.769230769230769,1,"OD","Week",40,0.769230769230769
"UNITED REPUBLIC OF TANZANIA_1990","UNITED REPUBLIC OF TANZANIA",1990,NA,"No_data",NA,NA,NA,NA,"No_data",NA,NA,NA
"UNITED REPUBLIC OF TANZANIA_1991","UNITED REPUBLIC OF TANZANIA",1991,NA,"No_data",NA,NA,NA,NA,"No_data",NA,NA,NA
"UNITED REPUBLIC OF TANZANIA_1992","UNITED REPUBLIC OF TANZANIA",1992,NA,"No_data",NA,NA,NA,NA,"No_data",NA,NA,NA
"UNITED REPUBLIC OF TANZANIA_1993","UNITED REPUBLIC OF TANZANIA",1993,NA,"No_data",NA,NA,NA,NA,"No_data",NA,NA,NA
"UNITED REPUBLIC OF TANZANIA_1994","UNITED REPUBLIC OF TANZANIA",1994,NA,"No_data",NA,NA,NA,NA,"No_data",NA,NA,NA
"UNITED REPUBLIC OF TANZANIA_1995","UNITED REPUBLIC OF TANZANIA",1995,NA,"No_data",NA,NA,NA,NA,"No_data",NA,NA,NA
"UNITED REPUBLIC OF TANZANIA_1996","UNITED REPUBLIC OF TANZANIA",1996,NA,"No_data",NA,NA,NA,NA,"No_data",NA,NA,NA
"UNITED REPUBLIC OF TANZANIA_1997","UNITED REPUBLIC OF TANZANIA",1997,NA,"No_data",NA,NA,NA,NA,"No_data",NA,NA,NA
"UNITED REPUBLIC OF TANZANIA_1998","UNITED REPUBLIC OF TANZANIA",1998,NA,"No_data",NA,NA,NA,NA,"No_data",NA,NA,NA
"UNITED REPUBLIC OF TANZANIA_1999","UNITED REPUBLIC OF TANZANIA",1999,NA,"No_data",NA,NA,NA,NA,"No_data",NA,NA,NA
"UNITED REPUBLIC OF TANZANIA_2000","UNITED REPUBLIC OF TANZANIA",2000,NA,"No_data",NA,NA,NA,NA,"No_data",NA,NA,NA
"UNITED REPUBLIC OF TANZANIA_2001","UNITED REPUBLIC OF TANZANIA",2001,NA,"No_data",NA,NA,NA,NA,"No_data",NA,NA,NA
"UNITED REPUBLIC OF TANZANIA_2002","UNITED REPUBLIC OF TANZANIA",2002,NA,"No_data",NA,NA,NA,NA,"No_data",NA,NA,NA
"UNITED REPUBLIC OF TANZANIA_2003","UNITED REPUBLIC OF TANZANIA",2003,NA,"No_data",NA,NA,NA,NA,"No_data",NA,NA,NA
"UNITED REPUBLIC OF TANZANIA_2004","UNITED REPUBLIC OF TANZANIA",2004,NA,"No_data",NA,NA,NA,NA,"No_data",NA,NA,NA
"UNITED REPUBLIC OF TANZANIA_2005","UNITED REPUBLIC OF TANZANIA",2005,NA,"No_data",NA,NA,NA,NA,"No_data",NA,NA,NA
"UNITED REPUBLIC OF TANZANIA_2006","UNITED REPUBLIC OF TANZANIA",2006,NA,"No_data",NA,NA,NA,NA,"No_data",NA,NA,NA
"UNITED REPUBLIC OF TANZANIA_2007","UNITED REPUBLIC OF TANZANIA",2007,NA,"No_data",NA,NA,NA,NA,"No_data",NA,NA,NA
"UNITED REPUBLIC OF TANZANIA_2008","UNITED REPUBLIC OF TANZANIA",2008,NA,"No_data",NA,NA,NA,NA,"No_data",NA,NA,NA
"UNITED REPUBLIC OF TANZANIA_2009","UNITED REPUBLIC OF TANZANIA",2009,NA,"No_data",NA,NA,NA,NA,"No_data",NA,NA,NA
"UNITED REPUBLIC OF TANZANIA_2010","UNITED REPUBLIC OF TANZANIA",2010,NA,"No_data",NA,NA,NA,NA,"No_data",NA,NA,NA
"UNITED REPUBLIC OF TANZANIA_2011","UNITED REPUBLIC OF TANZANIA",2011,NA,"No_data",NA,NA,NA,NA,"No_data",NA,NA,NA
"UNITED REPUBLIC OF TANZANIA_2012","UNITED REPUBLIC OF TANZANIA",2012,NA,"No_data",NA,NA,NA,NA,"No_data",NA,NA,NA
"UNITED REPUBLIC OF TANZANIA_2013","UNITED REPUBLIC OF TANZANIA",2013,431,"ad_hoc_data","Year",1,1,NA,"No_data",NA,NA,NA
"UNITED REPUBLIC OF TANZANIA_2014","UNITED REPUBLIC OF TANZANIA",2014,2121,"ad_hoc_data","Year",1,1,NA,"No_data",NA,NA,NA
"UNITED REPUBLIC OF TANZANIA_2015","UNITED REPUBLIC OF TANZANIA",2015,NA,"No_data",NA,NA,NA,NA,"No_data",NA,NA,NA
"UNITED REPUBLIC OF TANZANIA_2016","UNITED REPUBLIC OF TANZANIA",2016,NA,"No_data",NA,NA,NA,NA,"No_data",NA,NA,NA
"UNITED REPUBLIC OF TANZANIA_2017","UNITED REPUBLIC OF TANZANIA",2017,NA,"No_data",NA,NA,NA,NA,"No_data",NA,NA,NA
"UNITED REPUBLIC OF TANZANIA_2018","UNITED REPUBLIC OF TANZANIA",2018,226,"ad_hoc_data","Year",1,1,NA,"No_data",NA,NA,NA
"UNITED REPUBLIC OF TANZANIA_2019","UNITED REPUBLIC OF TANZANIA",2019,6917,"ad_hoc_data","Year",1,1,NA,"No_data",NA,NA,NA
"UNITED REPUBLIC OF TANZANIA_2020","UNITED REPUBLIC OF TANZANIA",2020,NA,"No_data",NA,NA,NA,NA,"No_data",NA,NA,NA
"UNITED REPUBLIC OF TANZANIA_2021","UNITED REPUBLIC OF TANZANIA",2021,NA,"No_data",NA,NA,NA,NA,"No_data",NA,NA,NA
"UNITED REPUBLIC OF TANZANIA_2022","UNITED REPUBLIC OF TANZANIA",2022,NA,"No_data",NA,NA,NA,NA,"No_data",NA,NA,NA
"UNITED REPUBLIC OF TANZANIA_2023","UNITED REPUBLIC OF TANZANIA",2023,NA,"No_data",NA,NA,NA,NA,"No_data",NA,NA,NA
"UNITED REPUBLIC OF TANZANIA_2024","UNITED REPUBLIC OF TANZANIA",2024,34,"OD","Month",12,1,34,"OD","Month",12,1
"UNITED STATES OF AMERICA_1990","UNITED STATES OF AMERICA",1990,0,"OD","Year",1,1,0,"OD","Year",1,1
"UNITED STATES OF AMERICA_1991","UNITED STATES OF AMERICA",1991,0,"OD","Year",1,1,0,"OD","Year",1,1
"UNITED STATES OF AMERICA_1992","UNITED STATES OF AMERICA",1992,0,"OD","Year",1,1,0,"OD","Year",1,1
"UNITED STATES OF AMERICA_1993","UNITED STATES OF AMERICA",1993,0,"OD","Year",1,1,0,"OD","Year",1,1
"UNITED STATES OF AMERICA_1994","UNITED STATES OF AMERICA",1994,0,"OD","Year",1,1,0,"OD","Year",1,1
"UNITED STATES OF AMERICA_1995","UNITED STATES OF AMERICA",1995,7,"OD","Year",1,1,7,"OD","Year",1,1
"UNITED STATES OF AMERICA_1996","UNITED STATES OF AMERICA",1996,0,"OD","Year",1,1,0,"OD","Year",1,1
"UNITED STATES OF AMERICA_1997","UNITED STATES OF AMERICA",1997,0,"OD","Year",1,1,0,"OD","Year",1,1
"UNITED STATES OF AMERICA_1998","UNITED STATES OF AMERICA",1998,0,"OD","Year",1,1,0,"OD","Year",1,1
"UNITED STATES OF AMERICA_1999","UNITED STATES OF AMERICA",1999,0,"OD","Year",1,1,0,"OD","Year",1,1
"UNITED STATES OF AMERICA_2000","UNITED STATES OF AMERICA",2000,0,"OD","Year",1,1,0,"OD","Year",1,1
"UNITED STATES OF AMERICA_2001","UNITED STATES OF AMERICA",2001,96,"OD","Year",1,1,96,"OD","Year",1,1
"UNITED STATES OF AMERICA_2002","UNITED STATES OF AMERICA",2002,29,"OD","Year",1,1,29,"OD","Year",1,1
"UNITED STATES OF AMERICA_2003","UNITED STATES OF AMERICA",2003,40,"OD","Year",1,1,40,"OD","Year",1,1
"UNITED STATES OF AMERICA_2004","UNITED STATES OF AMERICA",2004,0,"OD","Year",1,1,0,"OD","Year",1,1
"UNITED STATES OF AMERICA_2005","UNITED STATES OF AMERICA",2005,0,"OD","Year",1,1,0,"OD","Year",1,1
"UNITED STATES OF AMERICA_2006","UNITED STATES OF AMERICA",2006,143,"OD","Year",1,1,143,"OD","Year",1,1
"UNITED STATES OF AMERICA_2007","UNITED STATES OF AMERICA",2007,488,"OD","Year",1,1,488,"OD","Year",1,1
"UNITED STATES OF AMERICA_2008","UNITED STATES OF AMERICA",2008,0,"OD","Year",1,1,0,"OD","Year",1,1
"UNITED STATES OF AMERICA_2009","UNITED STATES OF AMERICA",2009,3,"OD","Year",1,1,3,"OD","Year",1,1
"UNITED STATES OF AMERICA_2010","UNITED STATES OF AMERICA",2010,65,"OD","Year",1,1,65,"OD","Year",1,1
"UNITED STATES OF AMERICA_2011","UNITED STATES OF AMERICA",2011,7,"OD","Year",1,1,7,"OD","Year",1,1
"UNITED STATES OF AMERICA_2012","UNITED STATES OF AMERICA",2012,186,"OD","Year",1,1,186,"OD","Year",1,1
"UNITED STATES OF AMERICA_2013","UNITED STATES OF AMERICA",2013,543,"OD","Year",1,1,543,"OD","Year",1,1
"UNITED STATES OF AMERICA_2014","UNITED STATES OF AMERICA",2014,668,"OD","Week",53,1,668,"OD","Week",53,1
"UNITED STATES OF AMERICA_2015","UNITED STATES OF AMERICA",2015,945,"OD","Week",52,1,945,"OD","Week",52,1
"UNITED STATES OF AMERICA_2016","UNITED STATES OF AMERICA",2016,990,"OD","Week",52,1,990,"OD","Week",52,1
"UNITED STATES OF AMERICA_2017","UNITED STATES OF AMERICA",2017,453,"OD","Week",52,1,453,"OD","Week",52,1
"UNITED STATES OF AMERICA_2018","UNITED STATES OF AMERICA",2018,331,"OD","Week",52,1,331,"OD","Week",52,1
"UNITED STATES OF AMERICA_2019","UNITED STATES OF AMERICA",2019,1158,"OD","Week",52,1,1158,"OD","Week",52,1
"UNITED STATES OF AMERICA_2020","UNITED STATES OF AMERICA",2020,307,"OD","Week",53,1,307,"OD","Week",53,1
"UNITED STATES OF AMERICA_2021","UNITED STATES OF AMERICA",2021,114,"OD","Week",52,1,114,"OD","Week",52,1
"UNITED STATES OF AMERICA_2022","UNITED STATES OF AMERICA",2022,1156,"OD","Week",52,1,1156,"OD","Week",52,1
"UNITED STATES OF AMERICA_2023","UNITED STATES OF AMERICA",2023,156,"OD","Week",52,1,156,"OD","Week",52,1
"UNITED STATES OF AMERICA_2024","UNITED STATES OF AMERICA",2024,3071,"OD","Week",52,1,3071,"OD","Week",52,1
"URUGUAY_1990","URUGUAY",1990,0,"OD","Year",1,1,0,"OD","Year",1,1
"URUGUAY_1991","URUGUAY",1991,0,"OD","Year",1,1,0,"OD","Year",1,1
"URUGUAY_1992","URUGUAY",1992,0,"OD","Year",1,1,0,"OD","Year",1,1
"URUGUAY_1993","URUGUAY",1993,0,"OD","Year",1,1,0,"OD","Year",1,1
"URUGUAY_1994","URUGUAY",1994,0,"OD","Year",1,1,0,"OD","Year",1,1
"URUGUAY_1995","URUGUAY",1995,0,"OD","Year",1,1,0,"OD","Year",1,1
"URUGUAY_1996","URUGUAY",1996,0,"OD","Year",1,1,0,"OD","Year",1,1
"URUGUAY_1997","URUGUAY",1997,0,"OD","Year",1,1,0,"OD","Year",1,1
"URUGUAY_1998","URUGUAY",1998,0,"OD","Year",1,1,0,"OD","Year",1,1
"URUGUAY_1999","URUGUAY",1999,0,"OD","Year",1,1,0,"OD","Year",1,1
"URUGUAY_2000","URUGUAY",2000,0,"OD","Year",1,1,0,"OD","Year",1,1
"URUGUAY_2001","URUGUAY",2001,0,"OD","Year",1,1,0,"OD","Year",1,1
"URUGUAY_2002","URUGUAY",2002,0,"OD","Year",1,1,0,"OD","Year",1,1
"URUGUAY_2003","URUGUAY",2003,0,"OD","Year",1,1,0,"OD","Year",1,1
"URUGUAY_2004","URUGUAY",2004,0,"OD","Year",1,1,0,"OD","Year",1,1
"URUGUAY_2005","URUGUAY",2005,0,"OD","Year",1,1,0,"OD","Year",1,1
"URUGUAY_2006","URUGUAY",2006,0,"OD","Year",1,1,0,"OD","Year",1,1
"URUGUAY_2007","URUGUAY",2007,0,"OD","Year",1,1,0,"OD","Year",1,1
"URUGUAY_2008","URUGUAY",2008,0,"OD","Year",1,1,0,"OD","Year",1,1
"URUGUAY_2009","URUGUAY",2009,0,"OD","Year",1,1,0,"OD","Year",1,1
"URUGUAY_2010","URUGUAY",2010,0,"OD","Year",1,1,0,"OD","Year",1,1
"URUGUAY_2011","URUGUAY",2011,0,"OD","Year",1,1,0,"OD","Year",1,1
"URUGUAY_2012","URUGUAY",2012,0,"OD","Year",1,1,0,"OD","Year",1,1
"URUGUAY_2013","URUGUAY",2013,0,"OD","Year",1,1,0,"OD","Year",1,1
"URUGUAY_2014","URUGUAY",2014,0,"OD","Week",53,1,0,"OD","Week",53,1
"URUGUAY_2015","URUGUAY",2015,13,"OD","Week",52,1,13,"OD","Week",52,1
"URUGUAY_2016","URUGUAY",2016,1769,"OD","Week",52,1,1769,"OD","Week",52,1
"URUGUAY_2017","URUGUAY",2017,0,"OD","Week",52,1,0,"OD","Week",52,1
"URUGUAY_2018","URUGUAY",2018,0,"OD","Week",52,1,0,"OD","Week",52,1
"URUGUAY_2019","URUGUAY",2019,0,"OD","Week",52,1,0,"OD","Week",52,1
"URUGUAY_2020","URUGUAY",2020,4,"OD","Week",53,1,4,"OD","Week",53,1
"URUGUAY_2021","URUGUAY",2021,52,"OD","Year",1,1,52,"OD","Year",1,1
"URUGUAY_2022","URUGUAY",2022,80,"OD","Year",1,1,80,"OD","Year",1,1
"URUGUAY_2023","URUGUAY",2023,48,"OD","Week",52,1,48,"OD","Week",52,1
"URUGUAY_2024","URUGUAY",2024,712,"OD","Year",1,1,712,"OD","Year",1,1
"VANUATU_1990","VANUATU",1990,989,"ad_hoc_data","Month",12,1,52,"OD","Year",1,1
"VANUATU_1991","VANUATU",1991,74,"ad_hoc_data","Month",12,1,74,"OD","Year",1,1
"VANUATU_1992","VANUATU",1992,113,"ad_hoc_data","Month",12,1,113,"OD","Year",1,1
"VANUATU_1993","VANUATU",1993,52,"ad_hoc_data","Month",12,1,52,"OD","Year",1,1
"VANUATU_1994","VANUATU",1994,138,"ad_hoc_data","Month",9,0.75,138,"OD","Year",1,1
"VANUATU_1995","VANUATU",1995,100,"ad_hoc_data","Month",12,1,100,"OD","Year",1,1
"VANUATU_1996","VANUATU",1996,19,"ad_hoc_data","Month",12,1,19,"OD","Year",1,1
"VANUATU_1997","VANUATU",1997,0,"OD","Year",1,1,0,"OD","Year",1,1
"VANUATU_1998","VANUATU",1998,131,"OD","Year",1,1,131,"OD","Year",1,1
"VANUATU_1999","VANUATU",1999,110,"OD","Year",1,1,110,"OD","Year",1,1
"VANUATU_2000","VANUATU",2000,0,"OD","Year",1,1,0,"OD","Year",1,1
"VANUATU_2001","VANUATU",2001,20,"OD","Year",1,1,20,"OD","Year",1,1
"VANUATU_2002","VANUATU",2002,15,"OD","Year",1,1,15,"OD","Year",1,1
"VANUATU_2003","VANUATU",2003,122,"OD","Year",1,1,122,"OD","Year",1,1
"VANUATU_2004","VANUATU",2004,26,"OD","Year",1,1,26,"OD","Year",1,1
"VANUATU_2005","VANUATU",2005,2,"OD","Year",1,1,2,"OD","Year",1,1
"VANUATU_2006","VANUATU",2006,168,"OD","Year",1,1,168,"OD","Year",1,1
"VANUATU_2007","VANUATU",2007,82,"OD","Year",1,1,82,"OD","Year",1,1
"VANUATU_2008","VANUATU",2008,96,"OD","Year",1,1,96,"OD","Year",1,1
"VANUATU_2009","VANUATU",2009,45,"OD","Year",1,1,45,"OD","Year",1,1
"VANUATU_2010","VANUATU",2010,192,"ad_hoc_data","Year",1,1,105,"OD","Year",1,1
"VANUATU_2011","VANUATU",2011,33,"OD","Year",1,1,33,"OD","Year",1,1
"VANUATU_2012","VANUATU",2012,0,"OD","Year",1,1,0,"OD","Year",1,1
"VANUATU_2013","VANUATU",2013,NA,"No_data",NA,NA,NA,NA,"No_data",NA,NA,NA
"VANUATU_2014","VANUATU",2014,1561,"ad_hoc_data","Year",1,1,NA,"No_data",NA,NA,NA
"VANUATU_2015","VANUATU",2015,NA,"No_data",NA,NA,NA,NA,"No_data",NA,NA,NA
"VANUATU_2016","VANUATU",2016,0,"ad_hoc_data","Year",1,1,NA,"No_data",NA,NA,NA
"VANUATU_2017","VANUATU",2017,275,"OD","Week",33,0.634615384615385,275,"OD","Week",33,0.634615384615385
"VANUATU_2018","VANUATU",2018,75,"OD","Week",48,0.923076923076923,75,"OD","Week",48,0.923076923076923
"VANUATU_2019","VANUATU",2019,37,"OD","Week",41,0.788461538461538,37,"OD","Week",41,0.788461538461538
"VANUATU_2020","VANUATU",2020,16,"OD","Week",20,0.377358490566038,16,"OD","Week",20,0.377358490566038
"VANUATU_2021","VANUATU",2021,22,"OD","Week",30,0.576923076923077,22,"OD","Week",30,0.576923076923077
"VANUATU_2022","VANUATU",2022,2382,"OD","Week",27,0.519230769230769,2382,"OD","Week",27,0.519230769230769
"VANUATU_2023","VANUATU",2023,37,"OD","Week",14,0.269230769230769,37,"OD","Week",14,0.269230769230769
"VANUATU_2024","VANUATU",2024,138,"OD","Month",9,0.75,138,"OD","Month",9,0.75
"VENEZUELA_1990","VENEZUELA",1990,7637,"OD","Year",1,1,7637,"OD","Year",1,1
"VENEZUELA_1991","VENEZUELA",1991,6559,"OD","Year",1,1,6559,"OD","Year",1,1
"VENEZUELA_1992","VENEZUELA",1992,3356,"OD","Year",1,1,3356,"OD","Year",1,1
"VENEZUELA_1993","VENEZUELA",1993,9059,"OD","Year",1,1,9059,"OD","Year",1,1
"VENEZUELA_1994","VENEZUELA",1994,15046,"OD","Year",1,1,15046,"OD","Year",1,1
"VENEZUELA_1995","VENEZUELA",1995,26900,"OD","Year",1,1,26900,"OD","Year",1,1
"VENEZUELA_1996","VENEZUELA",1996,7500,"OD","Year",1,1,7500,"OD","Year",1,1
"VENEZUELA_1997","VENEZUELA",1997,27354,"OD","Year",1,1,27354,"OD","Year",1,1
"VENEZUELA_1998","VENEZUELA",1998,31863,"OD","Year",1,1,31863,"OD","Year",1,1
"VENEZUELA_1999","VENEZUELA",1999,24028,"OD","Month",12,1,24028,"OD","Month",12,1
"VENEZUELA_2000","VENEZUELA",2000,21039,"OD","Month",12,1,21039,"OD","Month",12,1
"VENEZUELA_2001","VENEZUELA",2001,82620,"OD","Month",12,1,82620,"OD","Month",12,1
"VENEZUELA_2002","VENEZUELA",2002,37507,"OD","Month",12,1,37507,"OD","Month",12,1
"VENEZUELA_2003","VENEZUELA",2003,26771,"OD","Month",12,1,26771,"OD","Month",12,1
"VENEZUELA_2004","VENEZUELA",2004,29777,"OD","Month",12,1,29777,"OD","Month",12,1
"VENEZUELA_2005","VENEZUELA",2005,39517,"OD","Year",1,1,39517,"OD","Year",1,1
"VENEZUELA_2006","VENEZUELA",2006,37384,"OD","Year",1,1,37384,"OD","Year",1,1
"VENEZUELA_2007","VENEZUELA",2007,74185,"OD","Year",1,1,74185,"OD","Year",1,1
"VENEZUELA_2008","VENEZUELA",2008,44399,"OD","Year",1,1,44399,"OD","Year",1,1
"VENEZUELA_2009","VENEZUELA",2009,60720,"OD","Year",1,1,60720,"OD","Year",1,1
"VENEZUELA_2010","VENEZUELA",2010,113764,"OD","Year",1,1,113764,"OD","Year",1,1
"VENEZUELA_2011","VENEZUELA",2011,30135,"OD","Year",1,1,30135,"OD","Year",1,1
"VENEZUELA_2012","VENEZUELA",2012,49502,"OD","Year",1,1,49502,"OD","Year",1,1
"VENEZUELA_2013","VENEZUELA",2013,63726,"OD","Year",1,1,63726,"OD","Year",1,1
"VENEZUELA_2014","VENEZUELA",2014,87529,"OD","Year",1,1,87529,"OD","Year",1,1
"VENEZUELA_2015","VENEZUELA",2015,54152,"OD","Year",1,1,54152,"OD","Year",1,1
"VENEZUELA_2016","VENEZUELA",2016,29268,"OD","Week",52,1,29268,"OD","Week",52,1
"VENEZUELA_2017","VENEZUELA",2017,8615,"OD","Week",52,1,8615,"OD","Week",52,1
"VENEZUELA_2018","VENEZUELA",2018,19118,"OD","Week",52,1,19118,"OD","Week",52,1
"VENEZUELA_2019","VENEZUELA",2019,16015,"OD","Week",52,1,16015,"OD","Week",52,1
"VENEZUELA_2020","VENEZUELA",2020,6721,"OD","Week",53,1,6721,"OD","Week",53,1
"VENEZUELA_2021","VENEZUELA",2021,5926,"OD","Week",52,1,5926,"OD","Week",52,1
"VENEZUELA_2022","VENEZUELA",2022,11409,"OD","Week",52,1,11409,"OD","Week",52,1
"VENEZUELA_2023","VENEZUELA",2023,4809,"OD","Week",52,1,4809,"OD","Week",52,1
"VENEZUELA_2024","VENEZUELA",2024,NA,"No_data",NA,NA,NA,NA,"No_data",NA,NA,NA
"VIET NAM_1990","VIET NAM",1990,37569,"OD","Year",1,1,37569,"OD","Year",1,1
"VIET NAM_1991","VIET NAM",1991,111817,"ad_hoc_data","Year",1,1,94630,"OD","Year",1,1
"VIET NAM_1992","VIET NAM",1992,51311,"ad_hoc_data","Year",1,1,48333,"OD","Year",1,1
"VIET NAM_1993","VIET NAM",1993,53674,"OD","Year",1,1,53674,"OD","Year",1,1
"VIET NAM_1994","VIET NAM",1994,44944,"OD","Year",1,1,44944,"OD","Year",1,1
"VIET NAM_1995","VIET NAM",1995,80447,"OD","Month",12,1,80447,"OD","Month",12,1
"VIET NAM_1996","VIET NAM",1996,89963,"OD","Month",12,1,89963,"OD","Month",12,1
"VIET NAM_1997","VIET NAM",1997,108000,"OD","Month",12,1,108000,"OD","Month",12,1
"VIET NAM_1998","VIET NAM",1998,234920,"OD","Month",12,1,234920,"OD","Month",12,1
"VIET NAM_1999","VIET NAM",1999,36996,"OD","Month",12,1,35868,"OD","Month",12,1
"VIET NAM_2000","VIET NAM",2000,25269,"OD","Month",12,1,25269,"OD","Month",12,1
"VIET NAM_2001","VIET NAM",2001,42878,"OD","Month",12,1,42878,"OD","Month",12,1
"VIET NAM_2002","VIET NAM",2002,31760,"OD","Month",12,1,31760,"OD","Month",12,1
"VIET NAM_2003","VIET NAM",2003,49751,"OD","Month",12,1,49751,"OD","Month",12,1
"VIET NAM_2004","VIET NAM",2004,78692,"OD","Month",12,1,78692,"OD","Month",12,1
"VIET NAM_2005","VIET NAM",2005,60982,"OD","Month",12,1,57080,"OD","Month",12,1
"VIET NAM_2006","VIET NAM",2006,77780,"OD","Month",12,1,68792,"OD","Month",12,1
"VIET NAM_2007","VIET NAM",2007,104553,"OD","Month",12,1,104553,"OD","Month",12,1
"VIET NAM_2008","VIET NAM",2008,96451,"OD","Month",12,1,96451,"OD","Month",12,1
"VIET NAM_2009","VIET NAM",2009,105370,"OD","Month",12,1,105370,"OD","Month",12,1
"VIET NAM_2010","VIET NAM",2010,128831,"OD","Month",12,1,128831,"OD","Month",12,1
"VIET NAM_2011","VIET NAM",2011,69680,"OD","Month",12,1,40998,"OD","Month",12,1
"VIET NAM_2012","VIET NAM",2012,86026,"OD","Month",12,1,82838,"OD","Month",12,1
"VIET NAM_2013","VIET NAM",2013,66322,"OD","Month",12,1,66322,"OD","Month",12,1
"VIET NAM_2014","VIET NAM",2014,31848,"OD","Month",12,1,31848,"OD","Month",12,1
"VIET NAM_2015","VIET NAM",2015,97484,"OD","Month",12,1,97484,"OD","Month",12,1
"VIET NAM_2016","VIET NAM",2016,109649,"OD","Week",52,1,109649,"OD","Week",52,1
"VIET NAM_2017","VIET NAM",2017,172232,"OD","Week",52,1,172232,"OD","Week",52,1
"VIET NAM_2018","VIET NAM",2018,131447,"OD","Week",52,1,131447,"OD","Week",52,1
"VIET NAM_2019","VIET NAM",2019,320702,"OD","Week",52,1,320702,"OD","Week",52,1
"VIET NAM_2020","VIET NAM",2020,137470,"OD","Year",1,1,137470,"OD","Year",1,1
"VIET NAM_2021","VIET NAM",2021,70944,"ad_hoc_data","Year",1,1,68268,"OD","Year",1,1
"VIET NAM_2022","VIET NAM",2022,367729,"OD","Year",1,1,367729,"OD","Year",1,1
"VIET NAM_2023","VIET NAM",2023,138468,"OD","Week",41,0.788461538461538,138468,"OD","Week",41,0.788461538461538
"VIET NAM_2024","VIET NAM",2024,130342,"OD","Month",12,1,108433,"OD","Month",12,1
"VIRGIN ISLANDS (UK)_1990","VIRGIN ISLANDS (UK)",1990,0,"OD","Year",1,1,0,"OD","Year",1,1
"VIRGIN ISLANDS (UK)_1991","VIRGIN ISLANDS (UK)",1991,0,"OD","Year",1,1,0,"OD","Year",1,1
"VIRGIN ISLANDS (UK)_1992","VIRGIN ISLANDS (UK)",1992,0,"OD","Year",1,1,0,"OD","Year",1,1
"VIRGIN ISLANDS (UK)_1993","VIRGIN ISLANDS (UK)",1993,0,"OD","Year",1,1,0,"OD","Year",1,1
"VIRGIN ISLANDS (UK)_1994","VIRGIN ISLANDS (UK)",1994,0,"OD","Year",1,1,0,"OD","Year",1,1
"VIRGIN ISLANDS (UK)_1995","VIRGIN ISLANDS (UK)",1995,0,"OD","Year",1,1,0,"OD","Year",1,1
"VIRGIN ISLANDS (UK)_1996","VIRGIN ISLANDS (UK)",1996,0,"OD","Year",1,1,0,"OD","Year",1,1
"VIRGIN ISLANDS (UK)_1997","VIRGIN ISLANDS (UK)",1997,0,"OD","Year",1,1,0,"OD","Year",1,1
"VIRGIN ISLANDS (UK)_1998","VIRGIN ISLANDS (UK)",1998,1,"OD","Year",1,1,1,"OD","Year",1,1
"VIRGIN ISLANDS (UK)_1999","VIRGIN ISLANDS (UK)",1999,0,"OD","Year",1,1,0,"OD","Year",1,1
"VIRGIN ISLANDS (UK)_2000","VIRGIN ISLANDS (UK)",2000,3,"OD","Year",1,1,3,"OD","Year",1,1
"VIRGIN ISLANDS (UK)_2001","VIRGIN ISLANDS (UK)",2001,23,"OD","Year",1,1,23,"OD","Year",1,1
"VIRGIN ISLANDS (UK)_2002","VIRGIN ISLANDS (UK)",2002,0,"OD","Year",1,1,0,"OD","Year",1,1
"VIRGIN ISLANDS (UK)_2003","VIRGIN ISLANDS (UK)",2003,0,"OD","Year",1,1,0,"OD","Year",1,1
"VIRGIN ISLANDS (UK)_2004","VIRGIN ISLANDS (UK)",2004,0,"OD","Year",1,1,0,"OD","Year",1,1
"VIRGIN ISLANDS (UK)_2005","VIRGIN ISLANDS (UK)",2005,0,"OD","Year",1,1,0,"OD","Year",1,1
"VIRGIN ISLANDS (UK)_2006","VIRGIN ISLANDS (UK)",2006,0,"OD","Year",1,1,0,"OD","Year",1,1
"VIRGIN ISLANDS (UK)_2007","VIRGIN ISLANDS (UK)",2007,6,"OD","Year",1,1,6,"OD","Year",1,1
"VIRGIN ISLANDS (UK)_2008","VIRGIN ISLANDS (UK)",2008,15,"OD","Year",1,1,15,"OD","Year",1,1
"VIRGIN ISLANDS (UK)_2009","VIRGIN ISLANDS (UK)",2009,65,"OD","Year",1,1,65,"OD","Year",1,1
"VIRGIN ISLANDS (UK)_2010","VIRGIN ISLANDS (UK)",2010,9,"OD","Year",1,1,9,"OD","Year",1,1
"VIRGIN ISLANDS (UK)_2011","VIRGIN ISLANDS (UK)",2011,939,"OD","Year",1,1,939,"OD","Year",1,1
"VIRGIN ISLANDS (UK)_2012","VIRGIN ISLANDS (UK)",2012,12,"OD","Year",1,1,12,"OD","Year",1,1
"VIRGIN ISLANDS (UK)_2013","VIRGIN ISLANDS (UK)",2013,223,"OD","Year",1,1,223,"OD","Year",1,1
"VIRGIN ISLANDS (UK)_2014","VIRGIN ISLANDS (UK)",2014,239,"OD","Year",1,1,239,"OD","Year",1,1
"VIRGIN ISLANDS (UK)_2015","VIRGIN ISLANDS (UK)",2015,103,"OD","Year",1,1,103,"OD","Year",1,1
"VIRGIN ISLANDS (UK)_2016","VIRGIN ISLANDS (UK)",2016,100,"OD","Year",1,1,100,"OD","Year",1,1
"VIRGIN ISLANDS (UK)_2017","VIRGIN ISLANDS (UK)",2017,67,"OD","Year",1,1,67,"OD","Year",1,1
"VIRGIN ISLANDS (UK)_2018","VIRGIN ISLANDS (UK)",2018,60,"OD","Week",52,1,60,"OD","Week",52,1
"VIRGIN ISLANDS (UK)_2019","VIRGIN ISLANDS (UK)",2019,78,"OD","Week",52,1,78,"OD","Week",52,1
"VIRGIN ISLANDS (UK)_2020","VIRGIN ISLANDS (UK)",2020,44,"OD","Week",53,1,44,"OD","Week",53,1
"VIRGIN ISLANDS (UK)_2021","VIRGIN ISLANDS (UK)",2021,14,"OD","Year",1,1,14,"OD","Year",1,1
"VIRGIN ISLANDS (UK)_2022","VIRGIN ISLANDS (UK)",2022,27,"OD","Year",1,1,27,"OD","Year",1,1
"VIRGIN ISLANDS (UK)_2023","VIRGIN ISLANDS (UK)",2023,7,"OD","Year",1,1,7,"OD","Year",1,1
"VIRGIN ISLANDS (UK)_2024","VIRGIN ISLANDS (UK)",2024,139,"OD","Year",1,1,139,"OD","Year",1,1
"VIRGIN ISLANDS (US)_1990","VIRGIN ISLANDS (US)",1990,339,"OD","Year",1,1,339,"OD","Year",1,1
"VIRGIN ISLANDS (US)_1991","VIRGIN ISLANDS (US)",1991,62,"OD","Year",1,1,62,"OD","Year",1,1
"VIRGIN ISLANDS (US)_1992","VIRGIN ISLANDS (US)",1992,48,"OD","Year",1,1,48,"OD","Year",1,1
"VIRGIN ISLANDS (US)_1993","VIRGIN ISLANDS (US)",1993,0,"OD","Year",1,1,0,"OD","Year",1,1
"VIRGIN ISLANDS (US)_1994","VIRGIN ISLANDS (US)",1994,0,"OD","Year",1,1,0,"OD","Year",1,1
"VIRGIN ISLANDS (US)_1995","VIRGIN ISLANDS (US)",1995,0,"OD","Year",1,1,0,"OD","Year",1,1
"VIRGIN ISLANDS (US)_1996","VIRGIN ISLANDS (US)",1996,0,"OD","Year",1,1,0,"OD","Year",1,1
"VIRGIN ISLANDS (US)_1997","VIRGIN ISLANDS (US)",1997,0,"OD","Year",1,1,0,"OD","Year",1,1
"VIRGIN ISLANDS (US)_1998","VIRGIN ISLANDS (US)",1998,0,"OD","Year",1,1,0,"OD","Year",1,1
"VIRGIN ISLANDS (US)_1999","VIRGIN ISLANDS (US)",1999,0,"OD","Year",1,1,0,"OD","Year",1,1
"VIRGIN ISLANDS (US)_2000","VIRGIN ISLANDS (US)",2000,0,"OD","Year",1,1,0,"OD","Year",1,1
"VIRGIN ISLANDS (US)_2001","VIRGIN ISLANDS (US)",2001,0,"OD","Year",1,1,0,"OD","Year",1,1
"VIRGIN ISLANDS (US)_2002","VIRGIN ISLANDS (US)",2002,0,"OD","Year",1,1,0,"OD","Year",1,1
"VIRGIN ISLANDS (US)_2003","VIRGIN ISLANDS (US)",2003,0,"OD","Year",1,1,0,"OD","Year",1,1
"VIRGIN ISLANDS (US)_2004","VIRGIN ISLANDS (US)",2004,0,"OD","Year",1,1,0,"OD","Year",1,1
"VIRGIN ISLANDS (US)_2005","VIRGIN ISLANDS (US)",2005,0,"OD","Year",1,1,0,"OD","Year",1,1
"VIRGIN ISLANDS (US)_2006","VIRGIN ISLANDS (US)",2006,0,"OD","Year",1,1,0,"OD","Year",1,1
"VIRGIN ISLANDS (US)_2007","VIRGIN ISLANDS (US)",2007,73,"OD","Year",1,1,73,"OD","Year",1,1
"VIRGIN ISLANDS (US)_2008","VIRGIN ISLANDS (US)",2008,0,"OD","Year",1,1,0,"OD","Year",1,1
"VIRGIN ISLANDS (US)_2009","VIRGIN ISLANDS (US)",2009,0,"OD","Year",1,1,0,"OD","Year",1,1
"VIRGIN ISLANDS (US)_2010","VIRGIN ISLANDS (US)",2010,0,"OD","Year",1,1,0,"OD","Year",1,1
"VIRGIN ISLANDS (US)_2011","VIRGIN ISLANDS (US)",2011,0,"OD","Year",1,1,0,"OD","Year",1,1
"VIRGIN ISLANDS (US)_2012","VIRGIN ISLANDS (US)",2012,4,"OD","Year",1,1,4,"OD","Year",1,1
"VIRGIN ISLANDS (US)_2013","VIRGIN ISLANDS (US)",2013,0,"OD","Year",1,1,0,"OD","Year",1,1
"VIRGIN ISLANDS (US)_2014","VIRGIN ISLANDS (US)",2014,19,"OD","Week",53,1,19,"OD","Week",53,1
"VIRGIN ISLANDS (US)_2015","VIRGIN ISLANDS (US)",2015,3,"OD","Week",52,1,3,"OD","Week",52,1
"VIRGIN ISLANDS (US)_2016","VIRGIN ISLANDS (US)",2016,11,"OD","Week",52,1,11,"OD","Week",52,1
"VIRGIN ISLANDS (US)_2017","VIRGIN ISLANDS (US)",2017,1,"OD","Week",52,1,1,"OD","Week",52,1
"VIRGIN ISLANDS (US)_2018","VIRGIN ISLANDS (US)",2018,0,"OD","Week",52,1,0,"OD","Week",52,1
"VIRGIN ISLANDS (US)_2019","VIRGIN ISLANDS (US)",2019,0,"OD","Week",52,1,0,"OD","Week",52,1
"VIRGIN ISLANDS (US)_2020","VIRGIN ISLANDS (US)",2020,0,"OD","Week",53,1,0,"OD","Week",53,1
"VIRGIN ISLANDS (US)_2021","VIRGIN ISLANDS (US)",2021,0,"OD","Week",52,1,0,"OD","Week",52,1
"VIRGIN ISLANDS (US)_2022","VIRGIN ISLANDS (US)",2022,0,"OD","Week",52,1,0,"OD","Week",52,1
"VIRGIN ISLANDS (US)_2023","VIRGIN ISLANDS (US)",2023,0,"OD","Week",52,1,0,"OD","Week",52,1
"VIRGIN ISLANDS (US)_2024","VIRGIN ISLANDS (US)",2024,185,"OD","Week",52,1,185,"OD","Week",52,1
"WALLIS AND FUTUNA_1990","WALLIS AND FUTUNA",1990,77,"ad_hoc_data","Month",12,1,NA,"No_data",NA,NA,NA
"WALLIS AND FUTUNA_1991","WALLIS AND FUTUNA",1991,11,"ad_hoc_data","Month",12,1,11,"OD","Year",1,1
"WALLIS AND FUTUNA_1992","WALLIS AND FUTUNA",1992,0,"ad_hoc_data","Month",12,1,0,"OD","Year",1,1
"WALLIS AND FUTUNA_1993","WALLIS AND FUTUNA",1993,0,"ad_hoc_data","Month",12,1,0,"OD","Year",1,1
"WALLIS AND FUTUNA_1994","WALLIS AND FUTUNA",1994,0,"ad_hoc_data","Month",12,1,0,"OD","Year",1,1
"WALLIS AND FUTUNA_1995","WALLIS AND FUTUNA",1995,5,"OD","Year",1,1,5,"OD","Year",1,1
"WALLIS AND FUTUNA_1996","WALLIS AND FUTUNA",1996,0,"ad_hoc_data","Month",12,1,0,"OD","Year",1,1
"WALLIS AND FUTUNA_1997","WALLIS AND FUTUNA",1997,0,"OD","Year",1,1,0,"OD","Year",1,1
"WALLIS AND FUTUNA_1998","WALLIS AND FUTUNA",1998,395,"OD","Year",1,1,395,"OD","Year",1,1
"WALLIS AND FUTUNA_1999","WALLIS AND FUTUNA",1999,160,"OD","Year",1,1,160,"OD","Year",1,1
"WALLIS AND FUTUNA_2000","WALLIS AND FUTUNA",2000,0,"OD","Year",1,1,0,"OD","Year",1,1
"WALLIS AND FUTUNA_2001","WALLIS AND FUTUNA",2001,0,"OD","Year",1,1,0,"OD","Year",1,1
"WALLIS AND FUTUNA_2002","WALLIS AND FUTUNA",2002,0,"OD","Year",1,1,0,"OD","Year",1,1
"WALLIS AND FUTUNA_2003","WALLIS AND FUTUNA",2003,2798,"ad_hoc_data","Year",1,1,2447,"OD","Year",1,1
"WALLIS AND FUTUNA_2004","WALLIS AND FUTUNA",2004,41,"OD","Year",1,1,41,"OD","Year",1,1
"WALLIS AND FUTUNA_2005","WALLIS AND FUTUNA",2005,0,"OD","Year",1,1,0,"OD","Year",1,1
"WALLIS AND FUTUNA_2006","WALLIS AND FUTUNA",2006,0,"OD","Year",1,1,0,"OD","Year",1,1
"WALLIS AND FUTUNA_2007","WALLIS AND FUTUNA",2007,0,"OD","Year",1,1,0,"OD","Year",1,1
"WALLIS AND FUTUNA_2008","WALLIS AND FUTUNA",2008,124,"ad_hoc_data","Year",1,1,0,"OD","Year",1,1
"WALLIS AND FUTUNA_2009","WALLIS AND FUTUNA",2009,13,"OD","Year",1,1,13,"OD","Year",1,1
"WALLIS AND FUTUNA_2010","WALLIS AND FUTUNA",2010,0,"OD","Year",1,1,0,"OD","Year",1,1
"WALLIS AND FUTUNA_2011","WALLIS AND FUTUNA",2011,0,"OD","Year",1,1,0,"OD","Year",1,1
"WALLIS AND FUTUNA_2012","WALLIS AND FUTUNA",2012,0,"OD","Year",1,1,0,"OD","Year",1,1
"WALLIS AND FUTUNA_2013","WALLIS AND FUTUNA",2013,94,"OD","Year",1,1,94,"OD","Year",1,1
"WALLIS AND FUTUNA_2014","WALLIS AND FUTUNA",2014,0,"ad_hoc_data","Year",1,1,NA,"No_data",NA,NA,NA
"WALLIS AND FUTUNA_2015","WALLIS AND FUTUNA",2015,0,"ad_hoc_data","Year",1,1,NA,"No_data",NA,NA,NA
"WALLIS AND FUTUNA_2016","WALLIS AND FUTUNA",2016,NA,"No_data",NA,NA,NA,NA,"No_data",NA,NA,NA
"WALLIS AND FUTUNA_2017","WALLIS AND FUTUNA",2017,222,"OD","Year",1,1,222,"OD","Year",1,1
"WALLIS AND FUTUNA_2018","WALLIS AND FUTUNA",2018,202,"OD","Year",1,1,202,"OD","Year",1,1
"WALLIS AND FUTUNA_2019","WALLIS AND FUTUNA",2019,45,"OD","Week",21,0.403846153846154,45,"OD","Week",21,0.403846153846154
"WALLIS AND FUTUNA_2020","WALLIS AND FUTUNA",2020,143,"OD","Week",52,0.981132075471698,143,"OD","Week",52,0.981132075471698
"WALLIS AND FUTUNA_2021","WALLIS AND FUTUNA",2021,90,"OD","Week",46,0.884615384615385,90,"OD","Week",46,0.884615384615385
"WALLIS AND FUTUNA_2022","WALLIS AND FUTUNA",2022,1297,"OD","Week",31,0.596153846153846,1297,"OD","Week",31,0.596153846153846
"WALLIS AND FUTUNA_2023","WALLIS AND FUTUNA",2023,33,"OD","Week",20,0.384615384615385,33,"OD","Week",20,0.384615384615385
"WALLIS AND FUTUNA_2024","WALLIS AND FUTUNA",2024,78,"OD","Month",9,0.75,78,"OD","Month",9,0.75
"YEMEN_1990","YEMEN",1990,NA,"No_data",NA,NA,NA,NA,"No_data",NA,NA,NA
"YEMEN_1991","YEMEN",1991,NA,"No_data",NA,NA,NA,NA,"No_data",NA,NA,NA
"YEMEN_1992","YEMEN",1992,NA,"No_data",NA,NA,NA,NA,"No_data",NA,NA,NA
"YEMEN_1993","YEMEN",1993,NA,"No_data",NA,NA,NA,NA,"No_data",NA,NA,NA
"YEMEN_1994","YEMEN",1994,NA,"No_data",NA,NA,NA,NA,"No_data",NA,NA,NA
"YEMEN_1995","YEMEN",1995,NA,"No_data",NA,NA,NA,NA,"No_data",NA,NA,NA
"YEMEN_1996","YEMEN",1996,NA,"No_data",NA,NA,NA,NA,"No_data",NA,NA,NA
"YEMEN_1997","YEMEN",1997,NA,"No_data",NA,NA,NA,NA,"No_data",NA,NA,NA
"YEMEN_1998","YEMEN",1998,NA,"No_data",NA,NA,NA,NA,"No_data",NA,NA,NA
"YEMEN_1999","YEMEN",1999,NA,"No_data",NA,NA,NA,NA,"No_data",NA,NA,NA
"YEMEN_2000","YEMEN",2000,NA,"No_data",NA,NA,NA,NA,"No_data",NA,NA,NA
"YEMEN_2001","YEMEN",2001,NA,"No_data",NA,NA,NA,NA,"No_data",NA,NA,NA
"YEMEN_2002","YEMEN",2002,NA,"No_data",NA,NA,NA,NA,"No_data",NA,NA,NA
"YEMEN_2003","YEMEN",2003,NA,"No_data",NA,NA,NA,NA,"No_data",NA,NA,NA
"YEMEN_2004","YEMEN",2004,NA,"No_data",NA,NA,NA,NA,"No_data",NA,NA,NA
"YEMEN_2005","YEMEN",2005,NA,"No_data",NA,NA,NA,NA,"No_data",NA,NA,NA
"YEMEN_2006","YEMEN",2006,NA,"No_data",NA,NA,NA,NA,"No_data",NA,NA,NA
"YEMEN_2007","YEMEN",2007,NA,"No_data",NA,NA,NA,NA,"No_data",NA,NA,NA
"YEMEN_2008","YEMEN",2008,NA,"No_data",NA,NA,NA,NA,"No_data",NA,NA,NA
"YEMEN_2009","YEMEN",2009,NA,"No_data",NA,NA,NA,NA,"No_data",NA,NA,NA
"YEMEN_2010","YEMEN",2010,NA,"No_data",NA,NA,NA,NA,"No_data",NA,NA,NA
"YEMEN_2011","YEMEN",2011,NA,"No_data",NA,NA,NA,NA,"No_data",NA,NA,NA
"YEMEN_2012","YEMEN",2012,NA,"No_data",NA,NA,NA,NA,"No_data",NA,NA,NA
"YEMEN_2013","YEMEN",2013,NA,"No_data",NA,NA,NA,NA,"No_data",NA,NA,NA
"YEMEN_2014","YEMEN",2014,NA,"No_data",NA,NA,NA,NA,"No_data",NA,NA,NA
"YEMEN_2015","YEMEN",2015,6777,"OD","Year",1,1,6777,"OD","Year",1,1
"YEMEN_2016","YEMEN",2016,28185,"ad_hoc_data","Week",52,1,NA,"No_data",NA,NA,NA
"YEMEN_2017","YEMEN",2017,NA,"No_data",NA,NA,NA,NA,"No_data",NA,NA,NA
"YEMEN_2018","YEMEN",2018,28081,"OD","Week",52,1,28081,"OD","Week",52,1
"YEMEN_2019","YEMEN",2019,77643,"OD","Week",52,1,77643,"OD","Week",52,1
"YEMEN_2020","YEMEN",2020,66025,"OD","Week",52,0.981132075471698,66025,"OD","Week",52,0.981132075471698
"YEMEN_2021","YEMEN",2021,19717,"OD","Week",52,1,6918,"OD","Week",52,1
"YEMEN_2022","YEMEN",2022,25749,"OD","Week",52,1,24950,"OD","Week",52,1
"YEMEN_2023","YEMEN",2023,22040,"OD","Week",52,1,21304,"OD","Week",52,1
"YEMEN_2024","YEMEN",2024,5003,"ad_hoc_data","Year",1,1,4403,"OD","Week",31,0.596153846153846
