"country_year","T_res","selected_column","final_count","final_sum","a0_count","a0_sum","a1_count","a1_sum","a2_count","a2_sum","subannual_is_complete","relationship_category","pct_of_annual","annual_total"
"AFGHANISTAN_2021","Week","a0",16,734,16,734,NA,NA,NA,NA,FALSE,"Case 2: Sub-annual only",NA,734
"AFGHANISTAN_2022","Month","a0",12,1341,12,1341,NA,NA,NA,NA,TRUE,"Case 2: Sub-annual only",NA,1341
"AFGHANISTAN_2023","Month","a0",11,1253,11,1253,NA,NA,NA,NA,FALSE,"Case 2: Sub-annual only",NA,1253
"AFGHANISTAN_2024","Month","a0",9,4174,9,4174,NA,NA,NA,NA,FALSE,"Case 2: Sub-annual only",NA,4174
"AMERICAN SAMOA_1991","Year","a0",1,0,1,0,NA,NA,NA,NA,NA,"Case 1: Annual only",NA,0
"AMERICAN SAMOA_1992","Year","a0",1,0,1,0,NA,NA,NA,NA,NA,"Case 1: Annual only",NA,0
"AMERICAN SAMOA_1993","Year","a0",1,0,1,0,NA,NA,NA,NA,NA,"Case 1: Annual only",NA,0
"AMERICAN SAMOA_1994","Year","a0",1,246,1,246,NA,NA,NA,NA,NA,"Case 1: Annual only",NA,246
"AMERICAN SAMOA_1995","Year","a0",1,0,1,0,NA,NA,NA,NA,NA,"Case 1: Annual only",NA,0
"AMERICAN SAMOA_1996","Year","a0",1,49,1,49,NA,NA,NA,NA,NA,"Case 1: Annual only",NA,49
"AMERICAN SAMOA_1997","Year","a0",1,0,1,0,NA,NA,NA,NA,NA,"Case 1: Annual only",NA,0
"AMERICAN SAMOA_1998","Year","a0",1,205,1,205,NA,NA,NA,NA,NA,"Case 1: Annual only",NA,205
"AMERICAN SAMOA_1999","Year","a0",1,1,1,1,NA,NA,NA,NA,NA,"Case 1: Annual only",NA,1
"AMERICAN SAMOA_2000","Year","a0",1,0,1,0,NA,NA,NA,NA,NA,"Case 1: Annual only",NA,0
"AMERICAN SAMOA_2001","Year","a0",1,500,1,500,NA,NA,NA,NA,NA,"Case 1: Annual only",NA,500
"AMERICAN SAMOA_2002","Year","a0",1,1185,1,1185,NA,NA,NA,NA,NA,"Case 1: Annual only",NA,1185
"AMERICAN SAMOA_2003","Year","a0",1,0,1,0,NA,NA,NA,NA,NA,"Case 1: Annual only",NA,0
"AMERICAN SAMOA_2004","Year","a0",1,0,1,0,NA,NA,NA,NA,NA,"Case 1: Annual only",NA,0
"AMERICAN SAMOA_2005","Year","a0",1,0,1,0,NA,NA,NA,NA,NA,"Case 1: Annual only",NA,0
"AMERICAN SAMOA_2006","Year","a0",1,53,1,53,NA,NA,NA,NA,NA,"Case 1: Annual only",NA,53
"AMERICAN SAMOA_2007","Year","a0",1,126,1,126,NA,NA,NA,NA,NA,"Case 1: Annual only",NA,126
"AMERICAN SAMOA_2008","Year","a0",1,649,1,649,NA,NA,NA,NA,NA,"Case 1: Annual only",NA,649
"AMERICAN SAMOA_2009","Year","a0",1,419,1,419,NA,NA,NA,NA,NA,"Case 1: Annual only",NA,419
"AMERICAN SAMOA_2010","Year","a0",1,51,1,51,NA,NA,NA,NA,NA,"Case 1: Annual only",NA,51
"AMERICAN SAMOA_2011","Year","a0",1,0,1,0,NA,NA,NA,NA,NA,"Case 1: Annual only",NA,0
"AMERICAN SAMOA_2012","Year","a0",1,0,1,0,NA,NA,NA,NA,NA,"Case 1: Annual only",NA,0
"AMERICAN SAMOA_2015","Year","a0",1,479,1,479,NA,NA,NA,NA,NA,"Case 1: Annual only",NA,479
"AMERICAN SAMOA_2016","Year","a0",1,0,1,0,NA,NA,NA,NA,NA,"Case 1: Annual only",NA,0
"AMERICAN SAMOA_2017","Week","a0",9,111,9,111,NA,NA,NA,NA,FALSE,"Case 2: Sub-annual only",NA,111
"AMERICAN SAMOA_2018","Week","a0",3,0,3,0,NA,NA,NA,NA,FALSE,"Case 2: Sub-annual only",NA,0
"AMERICAN SAMOA_2019","Week","a0",4,4,4,4,NA,NA,NA,NA,FALSE,"Case 2: Sub-annual only",NA,4
"AMERICAN SAMOA_2024","Week","a0",40,0,40,0,NA,NA,NA,NA,FALSE,"Case 2: Sub-annual only",NA,0
"ANGOLA_2024","Month","a0",12,86,12,86,NA,NA,NA,NA,TRUE,"Case 2: Sub-annual only",NA,86
"ANGUILLA_1990","Year","a0",1,12,1,12,NA,NA,NA,NA,NA,"Case 1: Annual only",NA,12
"ANGUILLA_1991","Year","a0",1,0,1,0,NA,NA,NA,NA,NA,"Case 1: Annual only",NA,0
"ANGUILLA_1992","Year","a0",1,0,1,0,NA,NA,NA,NA,NA,"Case 1: Annual only",NA,0
"ANGUILLA_1993","Year","a0",1,0,1,0,NA,NA,NA,NA,NA,"Case 1: Annual only",NA,0
"ANGUILLA_1994","Year","a0",1,0,1,0,NA,NA,NA,NA,NA,"Case 1: Annual only",NA,0
"ANGUILLA_1995","Year","a0",1,4,1,4,NA,NA,NA,NA,NA,"Case 1: Annual only",NA,4
"ANGUILLA_1996","Year","a0",1,1,1,1,NA,NA,NA,NA,NA,"Case 1: Annual only",NA,1
"ANGUILLA_1997","Year","a0",1,0,1,0,NA,NA,NA,NA,NA,"Case 1: Annual only",NA,0
"ANGUILLA_1998","Year","a0",1,0,1,0,NA,NA,NA,NA,NA,"Case 1: Annual only",NA,0
"ANGUILLA_1999","Year","a0",1,12,1,12,NA,NA,NA,NA,NA,"Case 1: Annual only",NA,12
"ANGUILLA_2000","Year","a0",1,3,1,3,NA,NA,NA,NA,NA,"Case 1: Annual only",NA,3
"ANGUILLA_2001","Year","a0",1,25,1,25,NA,NA,NA,NA,NA,"Case 1: Annual only",NA,25
"ANGUILLA_2002","Year","a0",1,5,1,5,NA,NA,NA,NA,NA,"Case 1: Annual only",NA,5
"ANGUILLA_2003","Year","a0",1,2,1,2,NA,NA,NA,NA,NA,"Case 1: Annual only",NA,2
"ANGUILLA_2004","Year","a0",1,0,1,0,NA,NA,NA,NA,NA,"Case 1: Annual only",NA,0
"ANGUILLA_2005","Year","a0",1,0,1,0,NA,NA,NA,NA,NA,"Case 1: Annual only",NA,0
"ANGUILLA_2006","Year","a0",1,0,1,0,NA,NA,NA,NA,NA,"Case 1: Annual only",NA,0
"ANGUILLA_2007","Year","a0",1,0,1,0,NA,NA,NA,NA,NA,"Case 1: Annual only",NA,0
"ANGUILLA_2008","Year","a0",1,7,1,7,NA,NA,NA,NA,NA,"Case 1: Annual only",NA,7
"ANGUILLA_2009","Year","a0",1,0,1,0,NA,NA,NA,NA,NA,"Case 1: Annual only",NA,0
"ANGUILLA_2010","Year","a0",1,1,1,1,NA,NA,NA,NA,NA,"Case 1: Annual only",NA,1
"ANGUILLA_2011","Year","a0",1,9,1,9,NA,NA,NA,NA,NA,"Case 1: Annual only",NA,9
"ANGUILLA_2012","Year","a0",1,7,1,7,NA,NA,NA,NA,NA,"Case 1: Annual only",NA,7
"ANGUILLA_2013","Year","a0",1,8,1,8,NA,NA,NA,NA,NA,"Case 1: Annual only",NA,8
"ANGUILLA_2014","Year","a0",1,86,1,86,NA,NA,NA,NA,FALSE,"Incomplete sub-annual - annual selected",9.30232558139535,86
"ANGUILLA_2015","Year","a0",1,8,1,8,NA,NA,NA,NA,FALSE,"Incomplete sub-annual - annual selected",37.5,8
"ANGUILLA_2016","Year","a0",1,50,1,50,NA,NA,NA,NA,FALSE,"Incomplete sub-annual - annual selected",64,50
"ANGUILLA_2017","Year","a0",1,22,1,22,NA,NA,NA,NA,FALSE,"Incomplete sub-annual - annual selected",86.3636363636364,22
"ANGUILLA_2018","Week","a0",52,1,52,1,NA,NA,NA,NA,TRUE,"Sub-annual >= Annual",100,1
"ANGUILLA_2019","Year","a0",1,6,1,6,NA,NA,NA,NA,FALSE,"Incomplete sub-annual - annual selected",66.6666666666667,6
"ANGUILLA_2020","Week","a0",53,6,53,6,NA,NA,NA,NA,TRUE,"Sub-annual >= Annual",100,6
"ANGUILLA_2023","Week","a0",52,1,52,1,NA,NA,NA,NA,TRUE,"Sub-annual >= Annual",100,1
"ANGUILLA_2024","Year","a0",1,5,1,5,NA,NA,NA,NA,FALSE,"Incomplete sub-annual - annual selected",0,5
"ANTIGUA AND BARBUDA_1990","Year","a0",1,1,1,1,NA,NA,NA,NA,NA,"Case 1: Annual only",NA,1
"ANTIGUA AND BARBUDA_1991","Year","a0",1,1,1,1,NA,NA,NA,NA,NA,"Case 1: Annual only",NA,1
"ANTIGUA AND BARBUDA_1992","Year","a0",1,0,1,0,NA,NA,NA,NA,NA,"Case 1: Annual only",NA,0
"ANTIGUA AND BARBUDA_1993","Year","a0",1,0,1,0,NA,NA,NA,NA,NA,"Case 1: Annual only",NA,0
"ANTIGUA AND BARBUDA_1994","Year","a0",1,0,1,0,NA,NA,NA,NA,NA,"Case 1: Annual only",NA,0
"ANTIGUA AND BARBUDA_1995","Year","a0",1,56,1,56,NA,NA,NA,NA,NA,"Case 1: Annual only",NA,56
"ANTIGUA AND BARBUDA_1996","Year","a0",1,12,1,12,NA,NA,NA,NA,NA,"Case 1: Annual only",NA,12
"ANTIGUA AND BARBUDA_1997","Year","a0",1,7,1,7,NA,NA,NA,NA,NA,"Case 1: Annual only",NA,7
"ANTIGUA AND BARBUDA_1998","Year","a0",1,4,1,4,NA,NA,NA,NA,NA,"Case 1: Annual only",NA,4
"ANTIGUA AND BARBUDA_1999","Year","a0",1,2,1,2,NA,NA,NA,NA,NA,"Case 1: Annual only",NA,2
"ANTIGUA AND BARBUDA_2000","Year","a0",1,8,1,8,NA,NA,NA,NA,NA,"Case 1: Annual only",NA,8
"ANTIGUA AND BARBUDA_2001","Year","a0",1,20,1,20,NA,NA,NA,NA,NA,"Case 1: Annual only",NA,20
"ANTIGUA AND BARBUDA_2002","Year","a0",1,5,1,5,NA,NA,NA,NA,NA,"Case 1: Annual only",NA,5
"ANTIGUA AND BARBUDA_2003","Year","a0",1,0,1,0,NA,NA,NA,NA,NA,"Case 1: Annual only",NA,0
"ANTIGUA AND BARBUDA_2004","Year","a0",1,0,1,0,NA,NA,NA,NA,NA,"Case 1: Annual only",NA,0
"ANTIGUA AND BARBUDA_2005","Year","a0",1,0,1,0,NA,NA,NA,NA,NA,"Case 1: Annual only",NA,0
"ANTIGUA AND BARBUDA_2006","Year","a0",1,0,1,0,NA,NA,NA,NA,NA,"Case 1: Annual only",NA,0
"ANTIGUA AND BARBUDA_2007","Year","a0",1,0,1,0,NA,NA,NA,NA,NA,"Case 1: Annual only",NA,0
"ANTIGUA AND BARBUDA_2008","Year","a0",1,17,1,17,NA,NA,NA,NA,NA,"Case 1: Annual only",NA,17
"ANTIGUA AND BARBUDA_2009","Year","a0",1,2,1,2,NA,NA,NA,NA,NA,"Case 1: Annual only",NA,2
"ANTIGUA AND BARBUDA_2010","Year","a0",1,3,1,3,NA,NA,NA,NA,NA,"Case 1: Annual only",NA,3
"ANTIGUA AND BARBUDA_2011","Year","a0",1,7,1,7,NA,NA,NA,NA,NA,"Case 1: Annual only",NA,7
"ANTIGUA AND BARBUDA_2012","Year","a0",1,10,1,10,NA,NA,NA,NA,NA,"Case 1: Annual only",NA,10
"ANTIGUA AND BARBUDA_2013","Year","a0",1,3,1,3,NA,NA,NA,NA,NA,"Case 1: Annual only",NA,3
"ANTIGUA AND BARBUDA_2014","Year","a0",1,37,1,37,NA,NA,NA,NA,FALSE,"Incomplete sub-annual - annual selected",5.40540540540541,37
"ANTIGUA AND BARBUDA_2015","Year","a0",1,14,1,14,NA,NA,NA,NA,FALSE,"Incomplete sub-annual - annual selected",0,14
"ANTIGUA AND BARBUDA_2016","Year","a0",1,103,1,103,NA,NA,NA,NA,FALSE,"Incomplete sub-annual - annual selected",93.2038834951456,103
"ANTIGUA AND BARBUDA_2017","Week","a0",52,1,52,1,NA,NA,NA,NA,TRUE,"Sub-annual >= Annual",100,1
"ANTIGUA AND BARBUDA_2018","Year","a0",1,8,1,8,NA,NA,NA,NA,FALSE,"Incomplete sub-annual - annual selected",62.5,8
"ANTIGUA AND BARBUDA_2019","Year","a0",1,1223,1,1223,NA,NA,NA,NA,FALSE,"Incomplete sub-annual - annual selected",86.2632869991823,1223
"ANTIGUA AND BARBUDA_2020","Week","a0",53,407,53,407,NA,NA,NA,NA,TRUE,"Sub-annual >= Annual",100,407
"ANTIGUA AND BARBUDA_2021","Year","a0",1,46,1,46,NA,NA,NA,NA,FALSE,"Incomplete sub-annual - annual selected",84.7826086956522,46
"ANTIGUA AND BARBUDA_2022","Year","a0",1,48,1,48,NA,NA,NA,NA,NA,"Case 1: Annual only",NA,48
"ANTIGUA AND BARBUDA_2023","Year","a0",1,254,1,254,NA,NA,NA,NA,FALSE,"Incomplete sub-annual - annual selected",99.2125984251969,254
"ANTIGUA AND BARBUDA_2024","Year","a0",1,169,1,169,NA,NA,NA,NA,FALSE,"Incomplete sub-annual - annual selected",96.4497041420118,169
"ARGENTINA_1990","Year","a0",1,0,1,0,NA,NA,NA,NA,NA,"Case 1: Annual only",NA,0
"ARGENTINA_1991","Year","a0",1,0,1,0,NA,NA,NA,NA,NA,"Case 1: Annual only",NA,0
"ARGENTINA_1992","Year","a0",1,0,1,0,NA,NA,NA,NA,NA,"Case 1: Annual only",NA,0
"ARGENTINA_1993","Year","a0",1,0,1,0,NA,NA,NA,NA,NA,"Case 1: Annual only",NA,0
"ARGENTINA_1994","Year","a0",1,0,1,0,NA,NA,NA,NA,NA,"Case 1: Annual only",NA,0
"ARGENTINA_1995","Year","a0",1,0,1,0,NA,NA,NA,NA,NA,"Case 1: Annual only",NA,0
"ARGENTINA_1996","Year","a0",1,0,1,0,NA,NA,NA,NA,NA,"Case 1: Annual only",NA,0
"ARGENTINA_1997","Year","a0",1,0,1,0,NA,NA,NA,NA,NA,"Case 1: Annual only",NA,0
"ARGENTINA_1998","Year","a0",1,822,1,822,NA,NA,NA,NA,FALSE,"Incomplete sub-annual - annual selected",0,822
"ARGENTINA_1999","Year","a0",1,3,1,3,NA,NA,NA,NA,FALSE,"Sub-annual sum zero - annual selected",0,3
"ARGENTINA_2000","Year","a0",1,1700,1,1700,NA,NA,NA,NA,NA,"Case 1: Annual only",NA,1700
"ARGENTINA_2001","Year","a0",1,11,1,11,NA,NA,NA,NA,NA,"Case 1: Annual only",NA,11
"ARGENTINA_2002","Year","a0",1,214,1,214,NA,NA,NA,NA,NA,"Case 1: Annual only",NA,214
"ARGENTINA_2003","Year","a0",1,135,1,135,NA,NA,NA,NA,NA,"Case 1: Annual only",NA,135
"ARGENTINA_2004","Year","a0",1,3284,1,3284,NA,NA,NA,NA,FALSE,"Incomplete sub-annual - annual selected",14.4031668696711,3284
"ARGENTINA_2005","Year","a0",1,34,1,34,NA,NA,NA,NA,NA,"Case 1: Annual only",NA,34
"ARGENTINA_2006","Year","a0",1,181,1,181,NA,NA,NA,NA,NA,"Case 1: Annual only",NA,181
"ARGENTINA_2007","Year","a0",1,173,1,173,NA,NA,NA,NA,NA,"Case 1: Annual only",NA,173
"ARGENTINA_2008","Year","a0",1,40,1,40,NA,NA,NA,NA,NA,"Case 1: Annual only",NA,40
"ARGENTINA_2009","Year","a0",1,26606,1,26606,NA,NA,NA,NA,NA,"Case 1: Annual only",NA,26606
"ARGENTINA_2010","Year","a0",1,1185,1,1185,NA,NA,NA,NA,NA,"Case 1: Annual only",NA,1185
"ARGENTINA_2011","Year","a0",1,213,1,213,NA,NA,NA,NA,NA,"Case 1: Annual only",NA,213
"ARGENTINA_2012","Year","a0",1,2803,1,2803,NA,NA,NA,NA,NA,"Case 1: Annual only",NA,2803
"ARGENTINA_2013","Year","a0",1,9294,1,9294,NA,NA,NA,NA,NA,"Case 1: Annual only",NA,9294
"ARGENTINA_2014","Week","a0",53,3270,53,3270,NA,NA,NA,NA,TRUE,"Sub-annual >= Annual",100,3270
"ARGENTINA_2015","Week","a0",52,4774,52,4774,NA,NA,NA,NA,TRUE,"Sub-annual >= Annual",100,4774
"ARGENTINA_2016","Week","a0",52,79455,52,79455,NA,NA,NA,NA,TRUE,"Sub-annual >= Annual",100,79455
"ARGENTINA_2017","Week","a0",52,557,52,557,NA,NA,NA,NA,TRUE,"Sub-annual >= Annual",100,557
"ARGENTINA_2018","Week","a0",52,1829,52,1829,NA,NA,NA,NA,TRUE,"Sub-annual >= Annual",100,1829
"ARGENTINA_2019","Week","a0",52,3220,52,3220,NA,NA,42,2712,TRUE,"Sub-annual >= Annual",100,3220
"ARGENTINA_2020","Week","a0",53,59358,53,59358,NA,NA,50,38396,TRUE,"Sub-annual >= Annual",100,59358
"ARGENTINA_2021","Year","a0",1,3972,1,3972,NA,NA,NA,NA,FALSE,"Incomplete sub-annual - annual selected",95.6948640483384,3972
"ARGENTINA_2022","Year","a0",1,841,1,841,NA,NA,NA,NA,FALSE,"Incomplete sub-annual - annual selected",98.0975029726516,841
"ARGENTINA_2023","Week","a0",52,146876,52,146876,NA,NA,NA,NA,TRUE,"Sub-annual >= Annual",100,146876
"ARGENTINA_2024","Week","a0",52,581559,52,581559,NA,NA,NA,NA,TRUE,"Sub-annual >= Annual",100,581559
"ARUBA_1990","Year","a0",1,0,1,0,NA,NA,NA,NA,NA,"Case 1: Annual only",NA,0
"ARUBA_1991","Year","a0",1,0,1,0,NA,NA,NA,NA,NA,"Case 1: Annual only",NA,0
"ARUBA_1992","Year","a0",1,0,1,0,NA,NA,NA,NA,NA,"Case 1: Annual only",NA,0
"ARUBA_1993","Year","a0",1,0,1,0,NA,NA,NA,NA,NA,"Case 1: Annual only",NA,0
"ARUBA_1994","Year","a0",1,0,1,0,NA,NA,NA,NA,NA,"Case 1: Annual only",NA,0
"ARUBA_1995","Year","a0",1,37,1,37,NA,NA,NA,NA,NA,"Case 1: Annual only",NA,37
"ARUBA_1996","Year","a0",1,10,1,10,NA,NA,NA,NA,NA,"Case 1: Annual only",NA,10
"ARUBA_1997","Year","a0",1,0,1,0,NA,NA,NA,NA,NA,"Case 1: Annual only",NA,0
"ARUBA_1998","Year","a0",1,0,1,0,NA,NA,NA,NA,NA,"Case 1: Annual only",NA,0
"ARUBA_1999","Year","a0",1,130,1,130,NA,NA,NA,NA,NA,"Case 1: Annual only",NA,130
"ARUBA_2000","Year","a0",1,76,1,76,NA,NA,NA,NA,NA,"Case 1: Annual only",NA,76
"ARUBA_2001","Year","a0",1,0,1,0,NA,NA,NA,NA,NA,"Case 1: Annual only",NA,0
"ARUBA_2002","Year","a0",1,25,1,25,NA,NA,NA,NA,NA,"Case 1: Annual only",NA,25
"ARUBA_2003","Year","a0",1,0,1,0,NA,NA,NA,NA,NA,"Case 1: Annual only",NA,0
"ARUBA_2004","Year","a0",1,173,1,173,NA,NA,NA,NA,NA,"Case 1: Annual only",NA,173
"ARUBA_2005","Year","a0",1,0,1,0,NA,NA,NA,NA,NA,"Case 1: Annual only",NA,0
"ARUBA_2006","Year","a0",1,5,1,5,NA,NA,NA,NA,NA,"Case 1: Annual only",NA,5
"ARUBA_2007","Year","a0",1,0,1,0,NA,NA,NA,NA,NA,"Case 1: Annual only",NA,0
"ARUBA_2008","Year","a0",1,0,1,0,NA,NA,NA,NA,NA,"Case 1: Annual only",NA,0
"ARUBA_2009","Year","a0",1,845,1,845,NA,NA,NA,NA,NA,"Case 1: Annual only",NA,845
"ARUBA_2010","Year","a0",1,1700,1,1700,NA,NA,NA,NA,NA,"Case 1: Annual only",NA,1700
"ARUBA_2011","Year","a0",1,3025,1,3025,NA,NA,NA,NA,NA,"Case 1: Annual only",NA,3025
"ARUBA_2012","Year","a0",1,0,1,0,NA,NA,NA,NA,NA,"Case 1: Annual only",NA,0
"ARUBA_2013","Year","a0",1,528,1,528,NA,NA,NA,NA,NA,"Case 1: Annual only",NA,528
"ARUBA_2014","Year","a0",1,400,1,400,NA,NA,NA,NA,FALSE,"Incomplete sub-annual - annual selected",22,400
"ARUBA_2015","Year","a0",1,335,1,335,NA,NA,NA,NA,NA,"Case 1: Annual only",NA,335
"ARUBA_2016","Year","a0",1,1319,1,1319,NA,NA,NA,NA,FALSE,"Incomplete sub-annual - annual selected",9.85595147839272,1319
"ARUBA_2017","Year","a0",1,1734,1,1734,NA,NA,NA,NA,FALSE,"Incomplete sub-annual - annual selected",29.4117647058824,1734
"ARUBA_2018","Week","a0",52,9,52,9,NA,NA,NA,NA,TRUE,"Sub-annual >= Annual",100,9
"ARUBA_2019","Week","a0",52,106,52,106,NA,NA,NA,NA,TRUE,"Sub-annual >= Annual",100,106
"ARUBA_2020","Week","a0",53,11,53,11,NA,NA,NA,NA,TRUE,"Sub-annual >= Annual",100,11
"ARUBA_2021","Week","a0",52,4,52,4,NA,NA,NA,NA,TRUE,"Sub-annual >= Annual",100,4
"ARUBA_2022","Week","a0",52,11,52,11,NA,NA,NA,NA,TRUE,"Sub-annual >= Annual",100,11
"ARUBA_2023","Week","a0",52,22,52,22,NA,NA,NA,NA,TRUE,"Sub-annual >= Annual",100,22
"ARUBA_2024","Week","a0",52,88,52,88,NA,NA,NA,NA,TRUE,"Sub-annual >= Annual",100,88
"AUSTRALIA_1991","Year","a0",1,46,1,46,NA,NA,NA,NA,TRUE,"Annual > sub-annual",36.9565217391304,46
"AUSTRALIA_1992","Year","a0",1,366,1,366,NA,NA,NA,NA,TRUE,"Annual > sub-annual",96.1748633879781,366
"AUSTRALIA_1993","Year","a0",1,690,1,690,NA,NA,NA,NA,TRUE,"Annual > sub-annual",96.231884057971,690
"AUSTRALIA_1994","Year","a0",1,17,1,17,NA,NA,NA,NA,TRUE,"Annual > sub-annual",64.7058823529412,17
"AUSTRALIA_1995","Month","a1",12,39,NA,NA,12,39,NA,NA,TRUE,"Sub-annual >= Annual",114.705882352941,39
"AUSTRALIA_1996","Month","a1",12,123,NA,NA,12,123,NA,NA,TRUE,"Sub-annual >= Annual",286.046511627907,123
"AUSTRALIA_1997","Year","a0",1,205,1,205,NA,NA,NA,NA,TRUE,"Annual > sub-annual",83.4146341463415,205
"AUSTRALIA_1998","Month","a1",12,581,NA,NA,12,581,NA,NA,TRUE,"Sub-annual >= Annual",104.121863799283,581
"AUSTRALIA_1999","Year","a0",1,181,1,181,NA,NA,NA,NA,TRUE,"Annual > sub-annual",72.3756906077348,181
"AUSTRALIA_2000","Year","a0",1,217,1,217,NA,NA,NA,NA,TRUE,"Annual > sub-annual",99.5391705069124,217
"AUSTRALIA_2001","Month","a1",12,183,NA,NA,12,183,NA,NA,TRUE,"Sub-annual >= Annual",102.234636871508,183
"AUSTRALIA_2002","Month","a1",12,224,NA,NA,12,224,NA,NA,TRUE,"Sub-annual >= Annual",100.448430493274,224
"AUSTRALIA_2003","Month","a1",12,868,NA,NA,12,868,NA,NA,TRUE,"Sub-annual >= Annual",100,868
"AUSTRALIA_2004","Year","a0",1,356,1,356,NA,NA,NA,NA,TRUE,"Annual > sub-annual",98.314606741573,356
"AUSTRALIA_2005","Month","a1",12,219,NA,NA,12,219,NA,NA,TRUE,"Sub-annual >= Annual",100,219
"AUSTRALIA_2006","Month","a1",12,188,NA,NA,12,188,NA,NA,TRUE,"Sub-annual >= Annual",100.534759358289,188
"AUSTRALIA_2007","Month","a1",12,316,NA,NA,12,316,NA,NA,TRUE,"Sub-annual >= Annual",100.31746031746,316
"AUSTRALIA_2008","Year","a0",1,557,1,557,NA,NA,NA,NA,TRUE,"Annual > sub-annual",99.6409335727109,557
"AUSTRALIA_2009","Month","a1",12,1404,NA,NA,12,1404,NA,NA,TRUE,"Sub-annual >= Annual",100.214132762313,1404
"AUSTRALIA_2010","Month","a1",12,1228,NA,NA,12,1228,NA,NA,TRUE,"Sub-annual >= Annual",104.867634500427,1228
"AUSTRALIA_2011","Month","a1",12,821,NA,NA,12,821,NA,NA,TRUE,"Sub-annual >= Annual",100.489596083231,821
"AUSTRALIA_2012","Month","a1",12,1539,NA,NA,12,1539,NA,NA,TRUE,"Case 2: Sub-annual only",NA,1539
"AUSTRALIA_2013","Year","a0",1,1841,1,1841,NA,NA,NA,NA,TRUE,"Annual > sub-annual",99.8370450841934,1841
"AUSTRALIA_2014","Year","a0",1,1721,1,1721,NA,NA,NA,NA,TRUE,"Annual > sub-annual",99.9418942475305,1721
"AUSTRALIA_2015","Year","a0",1,1716,1,1716,NA,NA,NA,NA,TRUE,"Annual > sub-annual",99.8251748251748,1716
"AUSTRALIA_2016","Month","a1",12,2239,NA,NA,12,2239,NA,NA,TRUE,"Sub-annual >= Annual",100.089405453733,2239
"AUSTRALIA_2017","Month","a1",12,1135,NA,NA,12,1135,NA,NA,TRUE,"Sub-annual >= Annual",100.265017667845,1135
"AUSTRALIA_2018","Month","a1",12,933,NA,NA,12,933,NA,NA,TRUE,"Sub-annual >= Annual",101.744820065431,933
"AUSTRALIA_2019","Month","a1",12,1469,NA,NA,12,1469,NA,NA,TRUE,"Sub-annual >= Annual",100.41011619959,1469
"AUSTRALIA_2020","Month","a1",12,224,NA,NA,12,224,NA,NA,TRUE,"Case 2: Sub-annual only",NA,224
"AUSTRALIA_2021","Month","a1",12,11,NA,NA,12,11,NA,NA,TRUE,"Case 2: Sub-annual only",NA,11
"AUSTRALIA_2022","Month","a1",12,535,NA,NA,12,535,NA,NA,TRUE,"Case 2: Sub-annual only",NA,535
"AUSTRALIA_2023","Month","a1",12,1119,NA,NA,12,1119,NA,NA,TRUE,"Case 2: Sub-annual only",NA,1119
"AUSTRALIA_2024","Month","a1",12,2372,12,2366,12,2372,NA,NA,TRUE,"Case 2: Sub-annual only",NA,2372
"BAHAMAS_1990","Year","a0",1,2,1,2,NA,NA,NA,NA,NA,"Case 1: Annual only",NA,2
"BAHAMAS_1991","Year","a0",1,0,1,0,NA,NA,NA,NA,NA,"Case 1: Annual only",NA,0
"BAHAMAS_1992","Year","a0",1,0,1,0,NA,NA,NA,NA,NA,"Case 1: Annual only",NA,0
"BAHAMAS_1993","Year","a0",1,0,1,0,NA,NA,NA,NA,NA,"Case 1: Annual only",NA,0
"BAHAMAS_1994","Year","a0",1,0,1,0,NA,NA,NA,NA,NA,"Case 1: Annual only",NA,0
"BAHAMAS_1995","Year","a0",1,1,1,1,NA,NA,NA,NA,NA,"Case 1: Annual only",NA,1
"BAHAMAS_1996","Year","a0",1,0,1,0,NA,NA,NA,NA,NA,"Case 1: Annual only",NA,0
"BAHAMAS_1997","Year","a0",1,0,1,0,NA,NA,NA,NA,NA,"Case 1: Annual only",NA,0
"BAHAMAS_1998","Year","a0",1,336,1,336,NA,NA,NA,NA,NA,"Case 1: Annual only",NA,336
"BAHAMAS_1999","Year","a0",1,0,1,0,NA,NA,NA,NA,NA,"Case 1: Annual only",NA,0
"BAHAMAS_2000","Year","a0",1,0,1,0,NA,NA,NA,NA,NA,"Case 1: Annual only",NA,0
"BAHAMAS_2001","Year","a0",1,0,1,0,NA,NA,NA,NA,NA,"Case 1: Annual only",NA,0
"BAHAMAS_2002","Year","a0",1,0,1,0,NA,NA,NA,NA,NA,"Case 1: Annual only",NA,0
"BAHAMAS_2003","Year","a0",1,180,1,180,NA,NA,NA,NA,NA,"Case 1: Annual only",NA,180
"BAHAMAS_2004","Year","a0",1,1,1,1,NA,NA,NA,NA,NA,"Case 1: Annual only",NA,1
"BAHAMAS_2005","Year","a0",1,0,1,0,NA,NA,NA,NA,NA,"Case 1: Annual only",NA,0
"BAHAMAS_2006","Year","a0",1,1,1,1,NA,NA,NA,NA,NA,"Case 1: Annual only",NA,1
"BAHAMAS_2007","Year","a0",1,0,1,0,NA,NA,NA,NA,NA,"Case 1: Annual only",NA,0
"BAHAMAS_2008","Year","a0",1,1,1,1,NA,NA,NA,NA,NA,"Case 1: Annual only",NA,1
"BAHAMAS_2009","Year","a0",1,1,1,1,NA,NA,NA,NA,NA,"Case 1: Annual only",NA,1
"BAHAMAS_2010","Year","a0",1,10,1,10,NA,NA,NA,NA,NA,"Case 1: Annual only",NA,10
"BAHAMAS_2011","Year","a0",1,6997,1,6997,NA,NA,NA,NA,NA,"Case 1: Annual only",NA,6997
"BAHAMAS_2012","Year","a0",1,3,1,3,NA,NA,NA,NA,NA,"Case 1: Annual only",NA,3
"BAHAMAS_2013","Year","a0",1,3,1,3,NA,NA,NA,NA,NA,"Case 1: Annual only",NA,3
"BAHAMAS_2014","Year","a0",1,146,1,146,NA,NA,NA,NA,FALSE,"Incomplete sub-annual - annual selected",57.5342465753425,146
"BAHAMAS_2015","Year","a0",1,10,1,10,NA,NA,NA,NA,FALSE,"Incomplete sub-annual - annual selected",30,10
"BAHAMAS_2016","Year","a0",1,82,1,82,NA,NA,NA,NA,FALSE,"Incomplete sub-annual - annual selected",58.5365853658537,82
"BAHAMAS_2017","Week","a0",52,14,52,14,NA,NA,NA,NA,TRUE,"Sub-annual >= Annual",100,14
"BAHAMAS_2018","Week","a0",52,10,52,10,NA,NA,NA,NA,TRUE,"Sub-annual >= Annual",100,10
"BAHAMAS_2019","Year","a0",1,27,1,27,NA,NA,NA,NA,FALSE,"Incomplete sub-annual - annual selected",59.2592592592593,27
"BAHAMAS_2020","Week","a0",53,3,53,3,NA,NA,NA,NA,TRUE,"Sub-annual >= Annual",100,3
"BAHAMAS_2023","Week","a0",52,243,52,243,NA,NA,NA,NA,TRUE,"Sub-annual >= Annual",100,243
"BAHAMAS_2024","Week","a0",52,0,52,0,NA,NA,NA,NA,TRUE,"Sub-annual >= Annual",NA,NA
"BANGLADESH_1990","Year","a0",1,0,1,0,NA,NA,NA,NA,NA,"Case 1: Annual only",NA,0
"BANGLADESH_1991","Year","a0",1,0,1,0,NA,NA,NA,NA,NA,"Case 1: Annual only",NA,0
"BANGLADESH_1992","Year","a0",1,0,1,0,NA,NA,NA,NA,NA,"Case 1: Annual only",NA,0
"BANGLADESH_1993","Year","a0",1,0,1,0,NA,NA,NA,NA,NA,"Case 1: Annual only",NA,0
"BANGLADESH_1994","Year","a0",1,0,1,0,NA,NA,NA,NA,NA,"Case 1: Annual only",NA,0
"BANGLADESH_1995","Year","a0",1,0,1,0,NA,NA,NA,NA,NA,"Case 1: Annual only",NA,0
"BANGLADESH_1996","Year","a0",1,0,1,0,NA,NA,NA,NA,NA,"Case 1: Annual only",NA,0
"BANGLADESH_1997","Year","a0",1,0,1,0,NA,NA,NA,NA,NA,"Case 1: Annual only",NA,0
"BANGLADESH_1998","Year","a0",1,0,1,0,NA,NA,NA,NA,NA,"Case 1: Annual only",NA,0
"BANGLADESH_1999","Year","a0",1,273,1,273,NA,NA,NA,NA,NA,"Case 1: Annual only",NA,273
"BANGLADESH_2000","Year","a0",1,5551,1,5551,NA,NA,NA,NA,NA,"Case 1: Annual only",NA,5551
"BANGLADESH_2001","Year","a0",1,2430,1,2430,NA,NA,NA,NA,NA,"Case 1: Annual only",NA,2430
"BANGLADESH_2002","Year","a0",1,6132,1,6132,NA,NA,NA,NA,NA,"Case 1: Annual only",NA,6132
"BANGLADESH_2003","Year","a0",1,486,1,486,NA,NA,NA,NA,NA,"Case 1: Annual only",NA,486
"BANGLADESH_2004","Year","a0",1,3934,1,3934,NA,NA,NA,NA,NA,"Case 1: Annual only",NA,3934
"BANGLADESH_2005","Year","a0",1,1048,1,1048,NA,NA,NA,NA,NA,"Case 1: Annual only",NA,1048
"BANGLADESH_2006","Year","a0",1,2200,1,2200,NA,NA,NA,NA,NA,"Case 1: Annual only",NA,2200
"BANGLADESH_2007","Year","a0",1,466,1,466,NA,NA,NA,NA,NA,"Case 1: Annual only",NA,466
"BANGLADESH_2008","Year","a0",1,1153,1,1153,NA,NA,NA,NA,TRUE,"Annual > sub-annual",99.8265394622723,1153
"BANGLADESH_2009","Year","a0",1,474,1,474,NA,NA,NA,NA,TRUE,"Annual > sub-annual",99.57805907173,474
"BANGLADESH_2010","Month","a0",12,409,12,409,NA,NA,NA,NA,TRUE,"Sub-annual >= Annual",100,409
"BANGLADESH_2011","Month","a0",12,1359,12,1359,NA,NA,NA,NA,TRUE,"Case 2: Sub-annual only",NA,1359
"BANGLADESH_2012","Month","a0",12,671,12,671,NA,NA,NA,NA,TRUE,"Case 2: Sub-annual only",NA,671
"BANGLADESH_2013","Month","a0",12,1749,12,1749,NA,NA,NA,NA,TRUE,"Case 2: Sub-annual only",NA,1749
"BANGLADESH_2014","Month","a0",12,375,12,375,NA,NA,NA,NA,TRUE,"Case 2: Sub-annual only",NA,375
"BANGLADESH_2015","Month","a0",12,3162,12,3162,NA,NA,NA,NA,TRUE,"Case 2: Sub-annual only",NA,3162
"BANGLADESH_2016","Month","a0",12,6060,12,6060,NA,NA,NA,NA,TRUE,"Case 2: Sub-annual only",NA,6060
"BANGLADESH_2017","Month","a0",12,2769,12,2769,NA,NA,NA,NA,TRUE,"Case 2: Sub-annual only",NA,2769
"BANGLADESH_2018","Month","a0",12,10148,12,10148,NA,NA,NA,NA,TRUE,"Case 2: Sub-annual only",NA,10148
"BANGLADESH_2019","Month","a0",12,104954,12,104954,NA,NA,NA,NA,TRUE,"Case 2: Sub-annual only",NA,104954
"BANGLADESH_2020","Month","a0",12,1405,12,1405,NA,NA,NA,NA,TRUE,"Case 2: Sub-annual only",NA,1405
"BANGLADESH_2022","Month","a0",12,62408,12,62408,NA,NA,NA,NA,TRUE,"Case 2: Sub-annual only",NA,62408
"BANGLADESH_2023","Month","a0",12,321138,12,321138,NA,NA,NA,NA,TRUE,"Case 2: Sub-annual only",NA,321138
"BANGLADESH_2024","Month","a0",12,101214,12,101214,NA,NA,NA,NA,TRUE,"Case 2: Sub-annual only",NA,101214
"BARBADOS_1990","Year","a0",1,236,1,236,NA,NA,NA,NA,NA,"Case 1: Annual only",NA,236
"BARBADOS_1991","Year","a0",1,21,1,21,NA,NA,NA,NA,NA,"Case 1: Annual only",NA,21
"BARBADOS_1992","Year","a0",1,4,1,4,NA,NA,NA,NA,NA,"Case 1: Annual only",NA,4
"BARBADOS_1993","Year","a0",1,1,1,1,NA,NA,NA,NA,NA,"Case 1: Annual only",NA,1
"BARBADOS_1994","Year","a0",1,0,1,0,NA,NA,NA,NA,NA,"Case 1: Annual only",NA,0
"BARBADOS_1995","Year","a0",1,974,1,974,NA,NA,NA,NA,NA,"Case 1: Annual only",NA,974
"BARBADOS_1996","Year","a0",1,130,1,130,NA,NA,NA,NA,NA,"Case 1: Annual only",NA,130
"BARBADOS_1997","Year","a0",1,196,1,196,NA,NA,NA,NA,NA,"Case 1: Annual only",NA,196
"BARBADOS_1998","Year","a0",1,852,1,852,NA,NA,NA,NA,NA,"Case 1: Annual only",NA,852
"BARBADOS_1999","Year","a0",1,688,1,688,NA,NA,NA,NA,NA,"Case 1: Annual only",NA,688
"BARBADOS_2000","Year","a0",1,744,1,744,NA,NA,NA,NA,NA,"Case 1: Annual only",NA,744
"BARBADOS_2001","Year","a0",1,1029,1,1029,NA,NA,NA,NA,NA,"Case 1: Annual only",NA,1029
"BARBADOS_2002","Year","a0",1,740,1,740,NA,NA,NA,NA,NA,"Case 1: Annual only",NA,740
"BARBADOS_2003","Year","a0",1,557,1,557,NA,NA,NA,NA,NA,"Case 1: Annual only",NA,557
"BARBADOS_2004","Year","a0",1,349,1,349,NA,NA,NA,NA,NA,"Case 1: Annual only",NA,349
"BARBADOS_2005","Year","a0",1,320,1,320,NA,NA,NA,NA,NA,"Case 1: Annual only",NA,320
"BARBADOS_2006","Year","a0",1,1,1,1,NA,NA,NA,NA,NA,"Case 1: Annual only",NA,1
"BARBADOS_2007","Year","a0",1,0,1,0,NA,NA,NA,NA,NA,"Case 1: Annual only",NA,0
"BARBADOS_2008","Year","a0",1,1,1,1,NA,NA,NA,NA,NA,"Case 1: Annual only",NA,1
"BARBADOS_2009","Year","a0",1,55,1,55,NA,NA,NA,NA,NA,"Case 1: Annual only",NA,55
"BARBADOS_2010","Year","a0",1,2966,1,2966,NA,NA,NA,NA,NA,"Case 1: Annual only",NA,2966
"BARBADOS_2011","Year","a0",1,739,1,739,NA,NA,NA,NA,NA,"Case 1: Annual only",NA,739
"BARBADOS_2012","Year","a0",1,912,1,912,NA,NA,NA,NA,NA,"Case 1: Annual only",NA,912
"BARBADOS_2013","Year","a0",1,2848,1,2848,NA,NA,NA,NA,NA,"Case 1: Annual only",NA,2848
"BARBADOS_2014","Week","a0",53,2689,53,2689,NA,NA,NA,NA,TRUE,"Sub-annual >= Annual",100,2689
"BARBADOS_2015","Week","a0",52,503,52,503,NA,NA,NA,NA,TRUE,"Sub-annual >= Annual",100,503
"BARBADOS_2016","Week","a0",52,1732,52,1732,NA,NA,NA,NA,TRUE,"Sub-annual >= Annual",100,1732
"BARBADOS_2017","Week","a0",52,597,52,597,NA,NA,NA,NA,TRUE,"Sub-annual >= Annual",100,597
"BARBADOS_2018","Week","a0",52,67,52,67,NA,NA,NA,NA,TRUE,"Sub-annual >= Annual",100,67
"BARBADOS_2019","Week","a0",52,117,52,117,NA,NA,NA,NA,TRUE,"Sub-annual >= Annual",100,117
"BARBADOS_2020","Week","a0",53,1352,53,1352,NA,NA,NA,NA,TRUE,"Sub-annual >= Annual",100,1352
"BARBADOS_2021","Week","a0",52,448,52,448,NA,NA,NA,NA,TRUE,"Sub-annual >= Annual",100,448
"BARBADOS_2022","Week","a0",52,339,52,339,NA,NA,NA,NA,TRUE,"Sub-annual >= Annual",100,339
"BARBADOS_2023","Week","a0",52,771,52,771,NA,NA,NA,NA,TRUE,"Sub-annual >= Annual",100,771
"BARBADOS_2024","Week","a0",52,1133,52,1133,NA,NA,NA,NA,TRUE,"Sub-annual >= Annual",100,1133
"BELIZE_1990","Year","a0",1,2,1,2,NA,NA,NA,NA,NA,"Case 1: Annual only",NA,2
"BELIZE_1991","Year","a0",1,0,1,0,NA,NA,NA,NA,NA,"Case 1: Annual only",NA,0
"BELIZE_1992","Year","a0",1,0,1,0,NA,NA,NA,NA,NA,"Case 1: Annual only",NA,0
"BELIZE_1993","Year","a0",1,0,1,0,NA,NA,NA,NA,NA,"Case 1: Annual only",NA,0
"BELIZE_1994","Year","a0",1,0,1,0,NA,NA,NA,NA,NA,"Case 1: Annual only",NA,0
"BELIZE_1995","Year","a0",1,107,1,107,NA,NA,NA,NA,NA,"Case 1: Annual only",NA,107
"BELIZE_1996","Year","a0",1,0,1,0,NA,NA,NA,NA,NA,"Case 1: Annual only",NA,0
"BELIZE_1997","Year","a0",1,141,1,141,NA,NA,NA,NA,NA,"Case 1: Annual only",NA,141
"BELIZE_1998","Year","a0",1,7,1,7,NA,NA,NA,NA,NA,"Case 1: Annual only",NA,7
"BELIZE_1999","Year","a0",1,3,1,3,NA,NA,NA,NA,NA,"Case 1: Annual only",NA,3
"BELIZE_2000","Year","a0",1,4,1,4,NA,NA,NA,NA,NA,"Case 1: Annual only",NA,4
"BELIZE_2001","Year","a0",1,3,1,3,NA,NA,NA,NA,NA,"Case 1: Annual only",NA,3
"BELIZE_2002","Year","a0",1,41,1,41,NA,NA,NA,NA,NA,"Case 1: Annual only",NA,41
"BELIZE_2003","Year","a0",1,0,1,0,NA,NA,NA,NA,NA,"Case 1: Annual only",NA,0
"BELIZE_2004","Year","a0",1,2,1,2,NA,NA,NA,NA,NA,"Case 1: Annual only",NA,2
"BELIZE_2005","Year","a0",1,380,1,380,NA,NA,NA,NA,NA,"Case 1: Annual only",NA,380
"BELIZE_2006","Year","a0",1,9,1,9,NA,NA,NA,NA,NA,"Case 1: Annual only",NA,9
"BELIZE_2007","Year","a0",1,40,1,40,NA,NA,NA,NA,NA,"Case 1: Annual only",NA,40
"BELIZE_2008","Year","a0",1,23,1,23,NA,NA,NA,NA,NA,"Case 1: Annual only",NA,23
"BELIZE_2009","Year","a0",1,1370,1,1370,NA,NA,NA,NA,NA,"Case 1: Annual only",NA,1370
"BELIZE_2010","Year","a0",1,1885,1,1885,NA,NA,NA,NA,NA,"Case 1: Annual only",NA,1885
"BELIZE_2011","Year","a0",1,466,1,466,NA,NA,NA,NA,NA,"Case 1: Annual only",NA,466
"BELIZE_2012","Year","a0",1,1421,1,1421,NA,NA,NA,NA,NA,"Case 1: Annual only",NA,1421
"BELIZE_2013","Year","a0",1,2690,1,2690,NA,NA,NA,NA,NA,"Case 1: Annual only",NA,2690
"BELIZE_2014","Week","a0",53,5077,53,5077,NA,NA,NA,NA,TRUE,"Sub-annual >= Annual",192.821876186859,5077
"BELIZE_2015","Week","a0",52,5691,52,5691,NA,NA,NA,NA,TRUE,"Sub-annual >= Annual",239.017219655607,5691
"BELIZE_2016","Week","a0",52,4899,52,4899,NA,NA,NA,NA,TRUE,"Sub-annual >= Annual",184.242196314404,4899
"BELIZE_2017","Week","a0",52,3042,52,3042,NA,NA,NA,NA,TRUE,"Sub-annual >= Annual",186.969883220652,3042
"BELIZE_2018","Week","a0",52,2326,52,2326,NA,NA,NA,NA,TRUE,"Sub-annual >= Annual",175.945537065053,2326
"BELIZE_2019","Week","a0",52,13316,52,13316,NA,NA,NA,NA,TRUE,"Sub-annual >= Annual",366.226622662266,13316
"BELIZE_2020","Week","a0",53,2785,53,2785,NA,NA,NA,NA,TRUE,"Sub-annual >= Annual",260.523854069224,2785
"BELIZE_2021","Year","a0",1,3104,1,3104,NA,NA,NA,NA,FALSE,"Incomplete sub-annual - annual selected",40.3028350515464,3104
"BELIZE_2022","Week","a0",52,5080,52,5080,NA,NA,NA,NA,TRUE,"Sub-annual >= Annual",100,5080
"BELIZE_2023","Week","a0",52,1688,52,1688,NA,NA,NA,NA,TRUE,"Sub-annual >= Annual",100,1688
"BELIZE_2024","Week","a0",52,1148,52,1148,NA,NA,NA,NA,TRUE,"Sub-annual >= Annual",100,1148
"BENIN_2024","Month","a0",12,41,12,41,NA,NA,NA,NA,TRUE,"Case 2: Sub-annual only",NA,41
"BERMUDA_1990","Year","a0",1,0,1,0,NA,NA,NA,NA,NA,"Case 1: Annual only",NA,0
"BERMUDA_1991","Year","a0",1,0,1,0,NA,NA,NA,NA,NA,"Case 1: Annual only",NA,0
"BERMUDA_1992","Year","a0",1,0,1,0,NA,NA,NA,NA,NA,"Case 1: Annual only",NA,0
"BERMUDA_1993","Year","a0",1,0,1,0,NA,NA,NA,NA,NA,"Case 1: Annual only",NA,0
"BERMUDA_1994","Year","a0",1,0,1,0,NA,NA,NA,NA,NA,"Case 1: Annual only",NA,0
"BERMUDA_1995","Year","a0",1,0,1,0,NA,NA,NA,NA,NA,"Case 1: Annual only",NA,0
"BERMUDA_1996","Year","a0",1,0,1,0,NA,NA,NA,NA,NA,"Case 1: Annual only",NA,0
"BERMUDA_1997","Year","a0",1,0,1,0,NA,NA,NA,NA,NA,"Case 1: Annual only",NA,0
"BERMUDA_1998","Year","a0",1,0,1,0,NA,NA,NA,NA,NA,"Case 1: Annual only",NA,0
"BERMUDA_1999","Year","a0",1,3,1,3,NA,NA,NA,NA,NA,"Case 1: Annual only",NA,3
"BERMUDA_2000","Year","a0",1,0,1,0,NA,NA,NA,NA,NA,"Case 1: Annual only",NA,0
"BERMUDA_2001","Year","a0",1,0,1,0,NA,NA,NA,NA,NA,"Case 1: Annual only",NA,0
"BERMUDA_2002","Year","a0",1,0,1,0,NA,NA,NA,NA,NA,"Case 1: Annual only",NA,0
"BERMUDA_2003","Year","a0",1,0,1,0,NA,NA,NA,NA,NA,"Case 1: Annual only",NA,0
"BERMUDA_2004","Year","a0",1,0,1,0,NA,NA,NA,NA,NA,"Case 1: Annual only",NA,0
"BERMUDA_2005","Year","a0",1,2,1,2,NA,NA,NA,NA,NA,"Case 1: Annual only",NA,2
"BERMUDA_2006","Year","a0",1,2,1,2,NA,NA,NA,NA,NA,"Case 1: Annual only",NA,2
"BERMUDA_2007","Year","a0",1,0,1,0,NA,NA,NA,NA,NA,"Case 1: Annual only",NA,0
"BERMUDA_2008","Year","a0",1,0,1,0,NA,NA,NA,NA,NA,"Case 1: Annual only",NA,0
"BERMUDA_2009","Year","a0",1,0,1,0,NA,NA,NA,NA,NA,"Case 1: Annual only",NA,0
"BERMUDA_2010","Year","a0",1,2,1,2,NA,NA,NA,NA,NA,"Case 1: Annual only",NA,2
"BERMUDA_2011","Year","a0",1,1,1,1,NA,NA,NA,NA,NA,"Case 1: Annual only",NA,1
"BERMUDA_2012","Year","a0",1,0,1,0,NA,NA,NA,NA,NA,"Case 1: Annual only",NA,0
"BERMUDA_2013","Year","a0",1,1,1,1,NA,NA,NA,NA,NA,"Case 1: Annual only",NA,1
"BERMUDA_2014","Week","a0",53,1,53,1,NA,NA,NA,NA,TRUE,"Sub-annual >= Annual",100,1
"BERMUDA_2015","Week","a0",52,0,52,0,NA,NA,NA,NA,TRUE,"Sub-annual >= Annual",NA,NA
"BERMUDA_2016","Week","a0",52,2,52,2,NA,NA,NA,NA,TRUE,"Sub-annual >= Annual",100,2
"BERMUDA_2017","Week","a0",52,0,52,0,NA,NA,NA,NA,TRUE,"Sub-annual >= Annual",NA,NA
"BERMUDA_2018","Week","a0",52,0,52,0,NA,NA,NA,NA,TRUE,"Sub-annual >= Annual",NA,NA
"BERMUDA_2019","Week","a0",52,2,52,2,NA,NA,NA,NA,TRUE,"Sub-annual >= Annual",100,2
"BERMUDA_2020","Week","a0",53,0,53,0,NA,NA,NA,NA,TRUE,"Sub-annual >= Annual",NA,NA
"BERMUDA_2021","Week","a0",52,0,52,0,NA,NA,NA,NA,TRUE,"Sub-annual >= Annual",NA,NA
"BERMUDA_2022","Week","a0",52,0,52,0,NA,NA,NA,NA,TRUE,"Sub-annual >= Annual",NA,NA
"BERMUDA_2023","Week","a0",52,1,52,1,NA,NA,NA,NA,TRUE,"Sub-annual >= Annual",100,1
"BERMUDA_2024","Week","a0",52,3,52,3,NA,NA,NA,NA,TRUE,"Sub-annual >= Annual",100,3
"BHUTAN_1990","Year","a0",1,0,1,0,NA,NA,NA,NA,NA,"Case 1: Annual only",NA,0
"BHUTAN_1991","Year","a0",1,0,1,0,NA,NA,NA,NA,NA,"Case 1: Annual only",NA,0
"BHUTAN_1992","Year","a0",1,0,1,0,NA,NA,NA,NA,NA,"Case 1: Annual only",NA,0
"BHUTAN_1993","Year","a0",1,0,1,0,NA,NA,NA,NA,NA,"Case 1: Annual only",NA,0
"BHUTAN_1994","Year","a0",1,0,1,0,NA,NA,NA,NA,NA,"Case 1: Annual only",NA,0
"BHUTAN_1995","Year","a0",1,0,1,0,NA,NA,NA,NA,NA,"Case 1: Annual only",NA,0
"BHUTAN_1996","Year","a0",1,0,1,0,NA,NA,NA,NA,NA,"Case 1: Annual only",NA,0
"BHUTAN_1997","Year","a0",1,0,1,0,NA,NA,NA,NA,NA,"Case 1: Annual only",NA,0
"BHUTAN_1998","Year","a0",1,0,1,0,NA,NA,NA,NA,NA,"Case 1: Annual only",NA,0
"BHUTAN_1999","Year","a0",1,0,1,0,NA,NA,NA,NA,NA,"Case 1: Annual only",NA,0
"BHUTAN_2000","Year","a0",1,0,1,0,NA,NA,NA,NA,NA,"Case 1: Annual only",NA,0
"BHUTAN_2001","Year","a0",1,0,1,0,NA,NA,NA,NA,NA,"Case 1: Annual only",NA,0
"BHUTAN_2002","Year","a0",1,0,1,0,NA,NA,NA,NA,NA,"Case 1: Annual only",NA,0
"BHUTAN_2003","Year","a0",1,0,1,0,NA,NA,NA,NA,NA,"Case 1: Annual only",NA,0
"BHUTAN_2004","Year","a0",1,2579,1,2579,NA,NA,NA,NA,NA,"Case 1: Annual only",NA,2579
"BHUTAN_2005","Year","a0",1,19,1,19,NA,NA,NA,NA,NA,"Case 1: Annual only",NA,19
"BHUTAN_2006","Year","a0",1,480,1,480,NA,NA,NA,NA,NA,"Case 1: Annual only",NA,480
"BHUTAN_2007","Year","a0",1,86,1,86,NA,NA,NA,NA,NA,"Case 1: Annual only",NA,86
"BHUTAN_2008","Year","a0",1,73,1,73,NA,NA,NA,NA,NA,"Case 1: Annual only",NA,73
"BHUTAN_2009","Year","a0",1,351,1,351,NA,NA,NA,NA,NA,"Case 1: Annual only",NA,351
"BHUTAN_2010","Year","a0",1,874,1,874,NA,NA,NA,NA,NA,"Case 1: Annual only",NA,874
"BHUTAN_2011","Year","a0",1,712,1,712,NA,NA,NA,NA,NA,"Case 1: Annual only",NA,712
"BHUTAN_2012","Year","a0",1,1101,1,1101,NA,NA,NA,NA,NA,"Case 1: Annual only",NA,1101
"BHUTAN_2013","Year","a0",1,111,1,111,NA,NA,NA,NA,NA,"Case 1: Annual only",NA,111
"BHUTAN_2014","Year","a0",1,0,1,0,NA,NA,NA,NA,NA,"Case 1: Annual only",NA,0
"BHUTAN_2015","Year","a0",1,0,1,0,NA,NA,NA,NA,NA,"Case 1: Annual only",NA,0
"BHUTAN_2016","Year","a0",1,550,1,550,NA,NA,NA,NA,NA,"Case 1: Annual only",NA,550
"BHUTAN_2017","Year","a0",1,87,1,87,NA,NA,NA,NA,NA,"Case 1: Annual only",NA,87
"BHUTAN_2018","Year","a0",1,28,1,28,NA,NA,NA,NA,NA,"Case 1: Annual only",NA,28
"BHUTAN_2019","Year","a0",1,5480,1,5480,1,5480,NA,NA,NA,"Case 1: Annual only",NA,5480
"BHUTAN_2020","Year","a0",1,16,1,16,NA,NA,NA,NA,NA,"Case 1: Annual only",NA,16
"BHUTAN_2021","Year","a0",1,5,1,5,NA,NA,NA,NA,NA,"Case 1: Annual only",NA,5
"BHUTAN_2022","Year","a0",1,123,1,123,NA,NA,NA,NA,NA,"Case 1: Annual only",NA,123
"BHUTAN_2023","Year","a0",1,626,1,626,NA,NA,NA,NA,NA,"Case 1: Annual only",NA,626
"BHUTAN_2024","Month","a0",10,156,10,156,NA,NA,NA,NA,FALSE,"Case 2: Sub-annual only",NA,156
"BOLIVIA_1990","Year","a0",1,40642,1,40642,NA,NA,NA,NA,NA,"Case 1: Annual only",NA,40642
"BOLIVIA_1991","Year","a0",1,97397,1,97397,NA,NA,NA,NA,NA,"Case 1: Annual only",NA,97397
"BOLIVIA_1992","Year","a0",1,3501,1,3501,NA,NA,NA,NA,NA,"Case 1: Annual only",NA,3501
"BOLIVIA_1993","Year","a0",1,6915,1,6915,NA,NA,NA,NA,NA,"Case 1: Annual only",NA,6915
"BOLIVIA_1994","Year","a0",1,54453,1,54453,NA,NA,NA,NA,NA,"Case 1: Annual only",NA,54453
"BOLIVIA_1995","Year","a0",1,7,1,7,NA,NA,NA,NA,NA,"Case 1: Annual only",NA,7
"BOLIVIA_1996","Year","a0",1,52,1,52,NA,NA,NA,NA,NA,"Case 1: Annual only",NA,52
"BOLIVIA_1997","Year","a0",1,539,1,539,NA,NA,NA,NA,NA,"Case 1: Annual only",NA,539
"BOLIVIA_1998","Year","a0",1,49,1,49,NA,NA,NA,NA,NA,"Case 1: Annual only",NA,49
"BOLIVIA_1999","Year","a0",1,43,1,43,NA,NA,NA,NA,NA,"Case 1: Annual only",NA,43
"BOLIVIA_2000","Year","a0",1,73,1,73,NA,NA,NA,NA,NA,"Case 1: Annual only",NA,73
"BOLIVIA_2001","Year","a0",1,176,1,176,NA,NA,NA,NA,NA,"Case 1: Annual only",NA,176
"BOLIVIA_2002","Year","a0",1,891,1,891,NA,NA,NA,NA,NA,"Case 1: Annual only",NA,891
"BOLIVIA_2003","Year","a0",1,6501,1,6501,NA,NA,NA,NA,NA,"Case 1: Annual only",NA,6501
"BOLIVIA_2004","Year","a0",1,7365,1,7365,NA,NA,NA,NA,FALSE,"Incomplete sub-annual - annual selected",65.3224711473184,7365
"BOLIVIA_2005","Year","a0",1,4433,1,4433,NA,NA,NA,NA,FALSE,"Incomplete sub-annual - annual selected",86.1267764493571,4433
"BOLIVIA_2006","Year","a0",1,2039,1,2039,NA,NA,NA,NA,FALSE,"Incomplete sub-annual - annual selected",48.0627758705248,2039
"BOLIVIA_2007","Year","a0",1,7223,1,7223,NA,NA,NA,NA,FALSE,"Incomplete sub-annual - annual selected",40.3710369652499,7223
"BOLIVIA_2008","Year","a0",1,3178,1,3178,NA,NA,NA,NA,FALSE,"Incomplete sub-annual - annual selected",27.7218376337319,3178
"BOLIVIA_2009","Year","a0",1,83849,1,83849,NA,NA,NA,NA,FALSE,"Incomplete sub-annual - annual selected",1.93323712864793,83849
"BOLIVIA_2010","Year","a0",1,9918,1,9918,NA,NA,NA,NA,NA,"Case 1: Annual only",NA,9918
"BOLIVIA_2011","Year","a0",1,26633,1,26633,NA,NA,NA,NA,NA,"Case 1: Annual only",NA,26633
"BOLIVIA_2012","Year","a0",1,51694,1,51694,NA,NA,NA,NA,NA,"Case 1: Annual only",NA,51694
"BOLIVIA_2013","Year","a0",1,13050,1,13050,NA,NA,NA,NA,NA,"Case 1: Annual only",NA,13050
"BOLIVIA_2014","Week","a1",53,46942,53,22625,53,46942,NA,NA,TRUE,"Sub-annual >= Annual",200,46942
"BOLIVIA_2015","Week","a1",52,54198,52,27099,52,54198,NA,NA,TRUE,"Sub-annual >= Annual",200,54198
"BOLIVIA_2016","Week","a1",52,64772,52,32386,52,64772,NA,NA,TRUE,"Sub-annual >= Annual",200,64772
"BOLIVIA_2017","Week","a1",52,19846,52,9239,52,19846,NA,NA,TRUE,"Sub-annual >= Annual",200,19846
"BOLIVIA_2018","Week","a1",52,15194,52,7727,52,15194,NA,NA,TRUE,"Sub-annual >= Annual",196.63517535913,15194
"BOLIVIA_2019","Week","a0",52,19987,52,19987,52,19987,NA,NA,TRUE,"Sub-annual >= Annual",100,19987
"BOLIVIA_2020","Week","a0",53,111347,53,111347,53,111347,NA,NA,TRUE,"Sub-annual >= Annual",100,111347
"BOLIVIA_2021","Week","a0",52,8947,52,8947,52,8947,NA,NA,TRUE,"Sub-annual >= Annual",100,8947
"BOLIVIA_2022","Week","a0",52,20007,52,20007,27,8397,NA,NA,TRUE,"Sub-annual >= Annual",100,20007
"BOLIVIA_2023","Week","a0",52,158744,52,158744,NA,NA,NA,NA,TRUE,"Sub-annual >= Annual",100,158744
"BOLIVIA_2024","Week","a0",52,50439,52,50439,NA,NA,NA,NA,TRUE,"Sub-annual >= Annual",100,50439
"BONAIRE, SAINT EUSTATIUS AND SABA_1990","Year","a0",1,4137,1,4137,NA,NA,NA,NA,NA,"Case 1: Annual only",NA,4137
"BONAIRE, SAINT EUSTATIUS AND SABA_1991","Year","a0",1,1885,1,1885,NA,NA,NA,NA,NA,"Case 1: Annual only",NA,1885
"BONAIRE, SAINT EUSTATIUS AND SABA_1992","Year","a0",1,5495,1,5495,NA,NA,NA,NA,NA,"Case 1: Annual only",NA,5495
"BONAIRE, SAINT EUSTATIUS AND SABA_1993","Year","a0",1,20469,1,20469,NA,NA,NA,NA,NA,"Case 1: Annual only",NA,20469
"BONAIRE, SAINT EUSTATIUS AND SABA_1994","Year","a0",1,0,1,0,NA,NA,NA,NA,NA,"Case 1: Annual only",NA,0
"BONAIRE, SAINT EUSTATIUS AND SABA_1995","Year","a0",1,0,1,0,NA,NA,NA,NA,NA,"Case 1: Annual only",NA,0
"BONAIRE, SAINT EUSTATIUS AND SABA_1996","Year","a0",1,0,1,0,NA,NA,NA,NA,NA,"Case 1: Annual only",NA,0
"BONAIRE, SAINT EUSTATIUS AND SABA_1997","Year","a0",1,0,1,0,NA,NA,NA,NA,NA,"Case 1: Annual only",NA,0
"BONAIRE, SAINT EUSTATIUS AND SABA_1998","Year","a0",1,0,1,0,NA,NA,NA,NA,NA,"Case 1: Annual only",NA,0
"BONAIRE, SAINT EUSTATIUS AND SABA_1999","Year","a0",1,0,1,0,NA,NA,NA,NA,NA,"Case 1: Annual only",NA,0
"BONAIRE, SAINT EUSTATIUS AND SABA_2000","Year","a0",1,0,1,0,NA,NA,NA,NA,NA,"Case 1: Annual only",NA,0
"BONAIRE, SAINT EUSTATIUS AND SABA_2001","Year","a0",1,0,1,0,NA,NA,NA,NA,NA,"Case 1: Annual only",NA,0
"BONAIRE, SAINT EUSTATIUS AND SABA_2002","Year","a0",1,0,1,0,NA,NA,NA,NA,NA,"Case 1: Annual only",NA,0
"BONAIRE, SAINT EUSTATIUS AND SABA_2003","Year","a0",1,0,1,0,NA,NA,NA,NA,NA,"Case 1: Annual only",NA,0
"BONAIRE, SAINT EUSTATIUS AND SABA_2004","Year","a0",1,0,1,0,NA,NA,NA,NA,NA,"Case 1: Annual only",NA,0
"BONAIRE, SAINT EUSTATIUS AND SABA_2005","Year","a0",1,0,1,0,NA,NA,NA,NA,NA,"Case 1: Annual only",NA,0
"BONAIRE, SAINT EUSTATIUS AND SABA_2006","Year","a0",1,0,1,0,NA,NA,NA,NA,NA,"Case 1: Annual only",NA,0
"BONAIRE, SAINT EUSTATIUS AND SABA_2007","Year","a0",1,0,1,0,NA,NA,NA,NA,NA,"Case 1: Annual only",NA,0
"BONAIRE, SAINT EUSTATIUS AND SABA_2008","Year","a0",1,0,1,0,NA,NA,NA,NA,NA,"Case 1: Annual only",NA,0
"BONAIRE, SAINT EUSTATIUS AND SABA_2009","Year","a0",1,0,1,0,NA,NA,NA,NA,NA,"Case 1: Annual only",NA,0
"BONAIRE, SAINT EUSTATIUS AND SABA_2010","Year","a0",1,166,1,166,NA,NA,NA,NA,NA,"Case 1: Annual only",NA,166
"BONAIRE, SAINT EUSTATIUS AND SABA_2011","Year","a0",1,939,1,939,NA,NA,NA,NA,NA,"Case 1: Annual only",NA,939
"BONAIRE, SAINT EUSTATIUS AND SABA_2012","Year","a0",1,121,1,121,NA,NA,NA,NA,NA,"Case 1: Annual only",NA,121
"BONAIRE, SAINT EUSTATIUS AND SABA_2013","Year","a0",1,444,1,444,NA,NA,NA,NA,NA,"Case 1: Annual only",NA,444
"BONAIRE, SAINT EUSTATIUS AND SABA_2018","Week","a0",52,0,52,0,NA,NA,NA,NA,TRUE,"Sub-annual >= Annual",NA,NA
"BONAIRE, SAINT EUSTATIUS AND SABA_2019","Week","a0",52,0,52,0,NA,NA,NA,NA,TRUE,"Sub-annual >= Annual",NA,NA
"BONAIRE, SAINT EUSTATIUS AND SABA_2020","Week","a0",53,0,53,0,NA,NA,NA,NA,TRUE,"Sub-annual >= Annual",NA,NA
"BONAIRE, SAINT EUSTATIUS AND SABA_2024","Week","a0",52,207,52,207,NA,NA,NA,NA,TRUE,"Sub-annual >= Annual",100,207
"BRAZIL_1990","Year","a0",1,40642,1,40642,NA,NA,NA,NA,NA,"Case 1: Annual only",NA,40642
"BRAZIL_1991","Year","a0",1,97209,1,97209,NA,NA,NA,NA,NA,"Case 1: Annual only",NA,97209
"BRAZIL_1992","Year","a0",1,3501,1,3501,NA,NA,NA,NA,NA,"Case 1: Annual only",NA,3501
"BRAZIL_1993","Year","a0",1,6915,1,6915,NA,NA,NA,NA,TRUE,"Annual > sub-annual",11.294287780188,6915
"BRAZIL_1994","Year","a0",1,54453,1,54453,NA,NA,NA,NA,TRUE,"Annual > sub-annual",0.631737461664187,54453
"BRAZIL_1995","Year","a0",1,124775,1,124775,NA,NA,NA,NA,TRUE,"Annual > sub-annual",0.636345421759167,124775
"BRAZIL_1996","Year","a0",1,175749,1,175749,NA,NA,NA,NA,TRUE,"Annual > sub-annual",1.47710655537158,175749
"BRAZIL_1997","Year","a0",1,254074,1,254074,NA,NA,NA,NA,TRUE,"Annual > sub-annual",3.01723120035895,254074
"BRAZIL_1998","Year","a0",1,535283,1,535283,NA,NA,NA,NA,TRUE,"Annual > sub-annual",1.72600288071917,535283
"BRAZIL_1999","Year","a0",1,204131,1,204131,NA,NA,NA,NA,TRUE,"Annual > sub-annual",0.550136921878598,204131
"BRAZIL_2000","Year","a0",1,231412,1,231412,NA,NA,NA,NA,TRUE,"Annual > sub-annual",1.54875287366256,231412
"BRAZIL_2001","Year","a0",1,412388,1,412388,NA,NA,NA,NA,TRUE,"Annual > sub-annual",93.8094706926487,412388
"BRAZIL_2002","Year","a0",1,778037,1,778037,NA,NA,NA,NA,TRUE,"Annual > sub-annual",90.3810487161922,778037
"BRAZIL_2003","Year","a0",1,341189,1,341189,NA,NA,NA,NA,FALSE,"Incomplete sub-annual - annual selected",87.1144732098631,341189
"BRAZIL_2004","Year","a0",1,112851,1,112851,NA,NA,NA,NA,TRUE,"Annual > sub-annual",80.7356602954338,112851
"BRAZIL_2005","Year","a0",1,203356,1,203356,NA,NA,NA,NA,TRUE,"Annual > sub-annual",74.276638014123,203356
"BRAZIL_2006","Year","a0",1,345922,1,345922,NA,NA,NA,NA,TRUE,"Annual > sub-annual",77.0037754175797,345922
"BRAZIL_2007","Year","a0",1,558413,1,558413,NA,NA,NA,NA,TRUE,"Annual > sub-annual",59.4101498353369,558413
"BRAZIL_2008","Year","a0",1,724427,1,724427,NA,NA,NA,NA,TRUE,"Annual > sub-annual",77.5314835035138,724427
"BRAZIL_2009","Year","a0",1,520660,1,520660,NA,NA,NA,NA,TRUE,"Annual > sub-annual",79.0790535090078,520660
"BRAZIL_2010","Year","a0",1,994158,1,994158,NA,NA,NA,NA,TRUE,"Annual > sub-annual",99.1279052223087,994158
"BRAZIL_2011","Year","a0",1,753487,1,753487,NA,NA,NA,NA,TRUE,"Annual > sub-annual",91.4782869512016,753487
"BRAZIL_2012","Year","a0",1,597450,1,597450,NA,NA,NA,NA,TRUE,"Annual > sub-annual",97.3872290568248,597450
"BRAZIL_2013","Year","a0",1,1473645,1,1473645,NA,NA,NA,NA,TRUE,"Annual > sub-annual",97.224908305596,1473645
"BRAZIL_2014","Week","a2",53,593561,53,591080,NA,NA,53,593561,TRUE,"Sub-annual >= Annual",100.419740136699,593561
"BRAZIL_2015","Week","a2",52,1695323,52,1649008,NA,NA,52,1695323,TRUE,"Sub-annual >= Annual",102.808658296382,1695323
"BRAZIL_2016","Week","a0",52,2220482,52,2220482,NA,NA,52,1514685,TRUE,"Sub-annual >= Annual",100,2220482
"BRAZIL_2017","Week","a0",52,505239,52,505239,NA,NA,52,243247,TRUE,"Sub-annual >= Annual",100,505239
"BRAZIL_2018","Week","a0",52,462326,52,462326,NA,NA,52,265454,TRUE,"Sub-annual >= Annual",100,462326
"BRAZIL_2019","Week","a0",52,2248570,52,2248570,NA,NA,52,1554106,TRUE,"Sub-annual >= Annual",100,2248570
"BRAZIL_2020","Week","a0",53,1467142,53,1467142,NA,NA,53,956457,TRUE,"Sub-annual >= Annual",100,1467142
"BRAZIL_2021","Week","a0",52,975474,52,975474,NA,NA,52,546113,TRUE,"Sub-annual >= Annual",100,975474
"BRAZIL_2022","Week","a0",52,2363490,52,2363490,NA,NA,52,1393877,TRUE,"Sub-annual >= Annual",100,2363490
"BRAZIL_2023","Week","a0",52,3064739,52,3064739,NA,NA,52,1508653,TRUE,"Sub-annual >= Annual",100,3064739
"BRAZIL_2024","Week","a0",52,10267077,52,10267077,NA,NA,52,6442122,TRUE,"Sub-annual >= Annual",100,10267077
"BRUNEI DARUSSALAM_1995","Year","a0",1,3,1,3,NA,NA,NA,NA,NA,"Case 1: Annual only",NA,3
"BRUNEI DARUSSALAM_1998","Year","a0",1,2,1,2,NA,NA,NA,NA,NA,"Case 1: Annual only",NA,2
"BRUNEI DARUSSALAM_1999","Year","a0",1,8,1,8,NA,NA,NA,NA,NA,"Case 1: Annual only",NA,8
"BRUNEI DARUSSALAM_2000","Year","a0",1,0,1,0,NA,NA,NA,NA,NA,"Case 1: Annual only",NA,0
"BRUNEI DARUSSALAM_2001","Year","a0",1,0,1,0,NA,NA,NA,NA,NA,"Case 1: Annual only",NA,0
"BRUNEI DARUSSALAM_2002","Year","a0",1,26,1,26,NA,NA,NA,NA,NA,"Case 1: Annual only",NA,26
"BRUNEI DARUSSALAM_2003","Year","a0",1,160,1,160,NA,NA,NA,NA,NA,"Case 1: Annual only",NA,160
"BRUNEI DARUSSALAM_2004","Year","a0",1,36,1,36,1,36,NA,NA,NA,"Case 1: Annual only",NA,36
"BRUNEI DARUSSALAM_2005","Year","a0",1,68,1,68,1,68,NA,NA,NA,"Case 1: Annual only",NA,68
"BRUNEI DARUSSALAM_2006","Year","a0",1,68,1,68,1,68,NA,NA,NA,"Case 1: Annual only",NA,68
"BRUNEI DARUSSALAM_2007","Year","a0",1,18,1,18,1,18,NA,NA,NA,"Case 1: Annual only",NA,18
"BRUNEI DARUSSALAM_2008","Year","a1",1,32,1,16,1,32,NA,NA,NA,"Case 1: Annual only",NA,32
"BRUNEI DARUSSALAM_2009","Year","a0",1,33,1,33,1,30,NA,NA,NA,"Case 1: Annual only",NA,33
"BRUNEI DARUSSALAM_2010","Year","a1",1,299,1,298,1,299,NA,NA,NA,"Case 1: Annual only",NA,299
"BRUNEI DARUSSALAM_2011","Year","a0",1,25,1,25,1,25,NA,NA,NA,"Case 1: Annual only",NA,25
"BRUNEI DARUSSALAM_2012","Month","a0",12,290,12,290,NA,NA,NA,NA,TRUE,"Sub-annual >= Annual",100,290
"BRUNEI DARUSSALAM_2013","Year","a0",1,2025,1,2025,1,416,NA,NA,TRUE,"Annual > sub-annual",20.1975308641975,2025
"BRUNEI DARUSSALAM_2014","Month","a0",12,436,12,436,NA,NA,NA,NA,TRUE,"Sub-annual >= Annual",100,436
"BRUNEI DARUSSALAM_2015","Month","a0",12,317,12,317,NA,NA,NA,NA,TRUE,"Sub-annual >= Annual",100,317
"BRUNEI DARUSSALAM_2016","Month","a0",12,84,12,84,NA,NA,NA,NA,TRUE,"Sub-annual >= Annual",100,84
"BRUNEI DARUSSALAM_2017","Year","a1",1,75,NA,NA,1,75,NA,NA,FALSE,"Incomplete sub-annual - annual selected",36,75
"BURKINA FASO_2024","Month","a0",12,73808,12,73808,NA,NA,NA,NA,TRUE,"Case 2: Sub-annual only",NA,73808
"CABO VERDE_2023","Month","a0",2,513,2,513,NA,NA,NA,NA,FALSE,"Case 2: Sub-annual only",NA,513
"CABO VERDE_2024","Month","a0",12,25290,12,25290,NA,NA,NA,NA,TRUE,"Case 2: Sub-annual only",NA,25290
"CAMBODIA_1990","Year","a0",1,7247,1,7247,NA,NA,NA,NA,NA,"Case 1: Annual only",NA,7247
"CAMBODIA_1991","Year","a0",1,1882,1,1882,NA,NA,NA,NA,NA,"Case 1: Annual only",NA,1882
"CAMBODIA_1992","Year","a0",1,4695,1,4695,NA,NA,NA,NA,NA,"Case 1: Annual only",NA,4695
"CAMBODIA_1993","Year","a0",1,3913,1,3913,NA,NA,NA,NA,NA,"Case 1: Annual only",NA,3913
"CAMBODIA_1994","Year","a0",1,1498,1,1498,NA,NA,NA,NA,NA,"Case 1: Annual only",NA,1498
"CAMBODIA_1995","Year","a0",1,10428,1,10428,NA,NA,NA,NA,NA,"Case 1: Annual only",NA,10428
"CAMBODIA_1996","Year","a0",1,1433,1,1433,NA,NA,NA,NA,NA,"Case 1: Annual only",NA,1433
"CAMBODIA_1997","Year","a0",1,4224,1,4224,NA,NA,NA,NA,NA,"Case 1: Annual only",NA,4224
"CAMBODIA_1998","Month","a1",12,16248,NA,NA,12,16248,NA,NA,TRUE,"Sub-annual >= Annual",100.19733596448,16248
"CAMBODIA_1999","Month","a1",12,1530,NA,NA,12,1530,NA,NA,TRUE,"Sub-annual >= Annual",100,1530
"CAMBODIA_2000","Month","a1",12,3148,NA,NA,12,3148,NA,NA,TRUE,"Sub-annual >= Annual",100,3148
"CAMBODIA_2001","Month","a1",12,10569,NA,NA,12,10569,NA,NA,TRUE,"Sub-annual >= Annual",102.951490356517,10569
"CAMBODIA_2002","Month","a1",12,12471,NA,NA,12,12471,NA,NA,TRUE,"Sub-annual >= Annual",100.241138172173,12471
"CAMBODIA_2003","Year","a0",1,12081,1,12081,NA,NA,NA,NA,TRUE,"Annual > sub-annual",99.9255028557239,12081
"CAMBODIA_2004","Month","a1",12,10049,NA,NA,12,10049,NA,NA,TRUE,"Sub-annual >= Annual",100.661123910648,10049
"CAMBODIA_2005","Month","a1",12,9042,NA,NA,12,9042,NA,NA,TRUE,"Sub-annual >= Annual",100.022123893805,9042
"CAMBODIA_2006","Year","a0",1,16669,1,16669,NA,NA,NA,NA,TRUE,"Annual > sub-annual",99.8800167976483,16669
"CAMBODIA_2007","Year","a0",1,39851,1,39851,NA,NA,NA,NA,TRUE,"Annual > sub-annual",96.4041052922135,39851
"CAMBODIA_2008","Month","a1",12,9823,NA,NA,12,9823,NA,NA,TRUE,"Sub-annual >= Annual",102.9448752882,9823
"CAMBODIA_2009","Year","a0",1,11699,1,11699,NA,NA,NA,NA,TRUE,"Annual > sub-annual",99.6922813915719,11699
"CAMBODIA_2010","Year","a0",1,12500,1,12500,NA,NA,NA,NA,TRUE,"Annual > sub-annual",99.992,12500
"CAMBODIA_2011","Year","a0",1,15980,1,15980,NA,NA,NA,NA,TRUE,"Annual > sub-annual",96.1013767209011,15980
"CAMBODIA_2012","Week","a0",52,42188,52,42188,NA,NA,NA,NA,TRUE,"Case 2: Sub-annual only",NA,42188
"CAMBODIA_2013","Year","a0",1,17533,1,17533,NA,NA,NA,NA,TRUE,"Annual > sub-annual",99.4752751953459,17533
"CAMBODIA_2014","Week","a0",52,3742,52,3742,NA,NA,NA,NA,FALSE,"Incomplete sub-annual - sub-annual selected",101.57437567861,3742
"CAMBODIA_2015","Year","a0",1,15412,1,15412,NA,NA,NA,NA,TRUE,"Annual > sub-annual",97.6771347002336,15412
"CAMBODIA_2016","Year","a0",1,12843,1,12843,NA,NA,NA,NA,FALSE,"Incomplete sub-annual - annual selected",14.3735887253757,12843
"CAMBODIA_2017","Year","a0",1,6372,1,6372,NA,NA,NA,NA,TRUE,"Annual > sub-annual",52.0244821092279,6372
"CAMBODIA_2018","Year","a0",1,24684,1,24684,NA,NA,NA,NA,FALSE,"Incomplete sub-annual - annual selected",39.2561983471074,24684
"CAMBODIA_2019","Week","a0",52,68597,52,68597,NA,NA,NA,NA,TRUE,"Sub-annual >= Annual",100,68597
"CAMBODIA_2020","Week","a0",52,11977,52,11977,NA,NA,NA,NA,FALSE,"Case 2: Sub-annual only",NA,11977
"CAMBODIA_2021","Week","a0",52,1903,52,1903,NA,NA,NA,NA,TRUE,"Case 2: Sub-annual only",NA,1903
"CAMBODIA_2022","Week","a0",50,12581,50,12581,NA,NA,NA,NA,FALSE,"Case 2: Sub-annual only",NA,12581
"CAMBODIA_2023","Week","a0",52,35261,52,35261,NA,NA,NA,NA,TRUE,"Case 2: Sub-annual only",NA,35261
"CAMBODIA_2024","Week","a0",52,19045,52,19045,NA,NA,NA,NA,TRUE,"Case 2: Sub-annual only",NA,19045
"CAMEROON_2024","Month","a0",12,57,12,57,NA,NA,NA,NA,TRUE,"Case 2: Sub-annual only",NA,57
"CAYMAN ISLANDS_1990","Year","a0",1,0,1,0,NA,NA,NA,NA,NA,"Case 1: Annual only",NA,0
"CAYMAN ISLANDS_1991","Year","a0",1,0,1,0,NA,NA,NA,NA,NA,"Case 1: Annual only",NA,0
"CAYMAN ISLANDS_1992","Year","a0",1,0,1,0,NA,NA,NA,NA,NA,"Case 1: Annual only",NA,0
"CAYMAN ISLANDS_1993","Year","a0",1,0,1,0,NA,NA,NA,NA,NA,"Case 1: Annual only",NA,0
"CAYMAN ISLANDS_1994","Year","a0",1,0,1,0,NA,NA,NA,NA,NA,"Case 1: Annual only",NA,0
"CAYMAN ISLANDS_1995","Year","a0",1,1,1,1,NA,NA,NA,NA,NA,"Case 1: Annual only",NA,1
"CAYMAN ISLANDS_1996","Year","a0",1,0,1,0,NA,NA,NA,NA,NA,"Case 1: Annual only",NA,0
"CAYMAN ISLANDS_1997","Year","a0",1,0,1,0,NA,NA,NA,NA,NA,"Case 1: Annual only",NA,0
"CAYMAN ISLANDS_1998","Year","a0",1,2,1,2,NA,NA,NA,NA,NA,"Case 1: Annual only",NA,2
"CAYMAN ISLANDS_1999","Year","a0",1,1,1,1,NA,NA,NA,NA,NA,"Case 1: Annual only",NA,1
"CAYMAN ISLANDS_2000","Year","a0",1,0,1,0,NA,NA,NA,NA,NA,"Case 1: Annual only",NA,0
"CAYMAN ISLANDS_2001","Year","a0",1,0,1,0,NA,NA,NA,NA,NA,"Case 1: Annual only",NA,0
"CAYMAN ISLANDS_2002","Year","a0",1,1,1,1,NA,NA,NA,NA,NA,"Case 1: Annual only",NA,1
"CAYMAN ISLANDS_2003","Year","a0",1,1,1,1,NA,NA,NA,NA,NA,"Case 1: Annual only",NA,1
"CAYMAN ISLANDS_2004","Year","a0",1,0,1,0,NA,NA,NA,NA,NA,"Case 1: Annual only",NA,0
"CAYMAN ISLANDS_2005","Year","a0",1,1,1,1,NA,NA,NA,NA,NA,"Case 1: Annual only",NA,1
"CAYMAN ISLANDS_2006","Year","a0",1,0,1,0,NA,NA,NA,NA,NA,"Case 1: Annual only",NA,0
"CAYMAN ISLANDS_2007","Year","a0",1,9,1,9,NA,NA,NA,NA,NA,"Case 1: Annual only",NA,9
"CAYMAN ISLANDS_2008","Year","a0",1,1,1,1,NA,NA,NA,NA,NA,"Case 1: Annual only",NA,1
"CAYMAN ISLANDS_2009","Year","a0",1,0,1,0,NA,NA,NA,NA,NA,"Case 1: Annual only",NA,0
"CAYMAN ISLANDS_2010","Year","a0",1,8,1,8,NA,NA,NA,NA,NA,"Case 1: Annual only",NA,8
"CAYMAN ISLANDS_2011","Year","a0",1,2,1,2,NA,NA,NA,NA,NA,"Case 1: Annual only",NA,2
"CAYMAN ISLANDS_2012","Year","a0",1,53,1,53,NA,NA,NA,NA,NA,"Case 1: Annual only",NA,53
"CAYMAN ISLANDS_2013","Year","a0",1,69,1,69,NA,NA,NA,NA,NA,"Case 1: Annual only",NA,69
"CAYMAN ISLANDS_2014","Year","a0",1,124,1,124,NA,NA,NA,NA,FALSE,"Incomplete sub-annual - annual selected",0.806451612903226,124
"CAYMAN ISLANDS_2015","Year","a0",1,40,1,40,NA,NA,NA,NA,FALSE,"Incomplete sub-annual - annual selected",52.5,40
"CAYMAN ISLANDS_2016","Year","a0",1,150,1,150,NA,NA,NA,NA,FALSE,"Incomplete sub-annual - annual selected",84.6666666666667,150
"CAYMAN ISLANDS_2017","Year","a0",1,31,1,31,NA,NA,NA,NA,FALSE,"Incomplete sub-annual - annual selected",80.6451612903226,31
"CAYMAN ISLANDS_2018","Year","a0",1,24,1,24,NA,NA,NA,NA,FALSE,"Incomplete sub-annual - annual selected",87.5,24
"CAYMAN ISLANDS_2019","Week","a0",52,133,52,133,NA,NA,NA,NA,TRUE,"Sub-annual >= Annual",100,133
"CAYMAN ISLANDS_2020","Week","a0",53,35,53,35,NA,NA,NA,NA,TRUE,"Sub-annual >= Annual",100,35
"CAYMAN ISLANDS_2021","Week","a0",52,1,52,1,NA,NA,NA,NA,TRUE,"Sub-annual >= Annual",100,1
"CAYMAN ISLANDS_2022","Week","a0",52,2,52,2,NA,NA,NA,NA,TRUE,"Sub-annual >= Annual",100,2
"CAYMAN ISLANDS_2023","Year","a0",1,42,1,42,NA,NA,NA,NA,FALSE,"Incomplete sub-annual - annual selected",35.7142857142857,42
"CAYMAN ISLANDS_2024","Year","a0",1,9,1,9,NA,NA,NA,NA,FALSE,"Incomplete sub-annual - annual selected",88.8888888888889,9
"CENTRAL AFRICAN REPUBLIC_2024","Month","a0",7,207,7,207,NA,NA,NA,NA,FALSE,"Case 2: Sub-annual only",NA,207
"CHAD_2024","Month","a0",6,0,6,0,NA,NA,NA,NA,FALSE,"Case 2: Sub-annual only",NA,0
"CHILE_1990","Year","a0",1,0,1,0,NA,NA,NA,NA,NA,"Case 1: Annual only",NA,0
"CHILE_1991","Year","a0",1,0,1,0,NA,NA,NA,NA,NA,"Case 1: Annual only",NA,0
"CHILE_1992","Year","a0",1,0,1,0,NA,NA,NA,NA,NA,"Case 1: Annual only",NA,0
"CHILE_1993","Year","a0",1,0,1,0,NA,NA,NA,NA,NA,"Case 1: Annual only",NA,0
"CHILE_1994","Year","a0",1,0,1,0,NA,NA,NA,NA,NA,"Case 1: Annual only",NA,0
"CHILE_1995","Year","a0",1,0,1,0,NA,NA,NA,NA,NA,"Case 1: Annual only",NA,0
"CHILE_1996","Year","a0",1,0,1,0,NA,NA,NA,NA,NA,"Case 1: Annual only",NA,0
"CHILE_1997","Year","a0",1,0,1,0,NA,NA,NA,NA,NA,"Case 1: Annual only",NA,0
"CHILE_1998","Year","a0",1,0,1,0,NA,NA,NA,NA,NA,"Case 1: Annual only",NA,0
"CHILE_1999","Year","a0",1,0,1,0,NA,NA,NA,NA,NA,"Case 1: Annual only",NA,0
"CHILE_2000","Year","a0",1,0,1,0,NA,NA,NA,NA,NA,"Case 1: Annual only",NA,0
"CHILE_2001","Year","a0",1,0,1,0,NA,NA,NA,NA,NA,"Case 1: Annual only",NA,0
"CHILE_2002","Year","a0",1,636,1,636,NA,NA,NA,NA,NA,"Case 1: Annual only",NA,636
"CHILE_2003","Year","a0",1,0,1,0,NA,NA,NA,NA,NA,"Case 1: Annual only",NA,0
"CHILE_2004","Year","a0",1,0,1,0,NA,NA,NA,NA,NA,"Case 1: Annual only",NA,0
"CHILE_2005","Year","a0",1,0,1,0,NA,NA,NA,NA,NA,"Case 1: Annual only",NA,0
"CHILE_2006","Year","a0",1,3,1,3,NA,NA,NA,NA,NA,"Case 1: Annual only",NA,3
"CHILE_2007","Year","a0",1,28,1,28,NA,NA,NA,NA,NA,"Case 1: Annual only",NA,28
"CHILE_2008","Year","a0",1,25,1,25,NA,NA,NA,NA,NA,"Case 1: Annual only",NA,25
"CHILE_2009","Year","a0",1,51,1,51,NA,NA,NA,NA,NA,"Case 1: Annual only",NA,51
"CHILE_2010","Year","a0",1,23,1,23,NA,NA,NA,NA,NA,"Case 1: Annual only",NA,23
"CHILE_2011","Year","a0",1,1,1,1,NA,NA,NA,NA,NA,"Case 1: Annual only",NA,1
"CHILE_2012","Year","a0",1,32,1,32,NA,NA,NA,NA,NA,"Case 1: Annual only",NA,32
"CHILE_2013","Year","a0",1,44,1,44,NA,NA,NA,NA,NA,"Case 1: Annual only",NA,44
"CHILE_2014","Year","a0",1,30,1,30,NA,NA,NA,NA,NA,"Case 1: Annual only",NA,30
"CHILE_2015","Year","a0",1,40,1,40,NA,NA,NA,NA,FALSE,"Incomplete sub-annual - annual selected",17.5,40
"CHILE_2016","Year","a0",1,33,1,33,NA,NA,NA,NA,NA,"Case 1: Annual only",NA,33
"CHILE_2017","Year","a0",1,10,1,10,NA,NA,NA,NA,FALSE,"Incomplete sub-annual - annual selected",0,10
"CHILE_2018","Week","a0",52,18,52,18,NA,NA,NA,NA,TRUE,"Sub-annual >= Annual",100,18
"CHILE_2019","Week","a0",52,29,52,29,NA,NA,NA,NA,TRUE,"Sub-annual >= Annual",100,29
"CHILE_2020","Week","a0",53,9,53,9,NA,NA,NA,NA,TRUE,"Sub-annual >= Annual",100,9
"CHILE_2021","Week","a0",52,0,52,0,NA,NA,NA,NA,TRUE,"Sub-annual >= Annual",NA,NA
"CHILE_2022","Week","a0",52,0,52,0,NA,NA,NA,NA,TRUE,"Sub-annual >= Annual",NA,NA
"CHILE_2023","Week","a0",52,0,52,0,NA,NA,NA,NA,TRUE,"Sub-annual >= Annual",NA,NA
"CHILE_2024","Week","a0",52,157,52,157,NA,NA,NA,NA,TRUE,"Sub-annual >= Annual",100,157
"CHINA_1990","Year","a0",1,376,1,376,1,374,NA,NA,NA,"Case 1: Annual only",NA,376
"CHINA_1991","Year","a0",1,902,1,902,1,900,NA,NA,NA,"Case 1: Annual only",NA,902
"CHINA_1992","Year","a0",1,2,1,2,NA,NA,NA,NA,NA,"Case 1: Annual only",NA,2
"CHINA_1993","Year","a0",1,359,1,359,1,359,NA,NA,NA,"Case 1: Annual only",NA,359
"CHINA_1994","Year","a0",1,17,1,17,NA,NA,NA,NA,NA,"Case 1: Annual only",NA,17
"CHINA_1995","Year","a1",1,6812,1,6114,1,6812,NA,NA,NA,"Case 1: Annual only",NA,6812
"CHINA_1996","Year","a0",1,8,1,8,NA,NA,NA,NA,NA,"Case 1: Annual only",NA,8
"CHINA_1997","Year","a0",1,637,1,637,1,632,NA,NA,NA,"Case 1: Annual only",NA,637
"CHINA_1998","Month","a1",12,490,NA,NA,12,490,NA,NA,TRUE,"Sub-annual >= Annual",100.409836065574,490
"CHINA_1999","Month","a1",12,1868,NA,NA,12,1868,NA,NA,TRUE,"Sub-annual >= Annual",100.053561863953,1868
"CHINA_2000","Month","a1",12,405,NA,NA,12,405,NA,NA,TRUE,"Sub-annual >= Annual",100,405
"CHINA_2001","Month","a1",12,375,NA,NA,12,375,NA,NA,TRUE,"Sub-annual >= Annual",100,375
"CHINA_2002","Year","a0",1,1606,1,1606,1,1348,NA,NA,TRUE,"Annual > sub-annual",85.3673723536737,1606
"CHINA_2003","Year","a0",1,93,1,93,1,42,NA,NA,TRUE,"Annual > sub-annual",51.6129032258064,93
"CHINA_2004","Year","a0",1,247,1,247,1,233,NA,NA,NA,"Case 1: Annual only",NA,247
"CHINA_2005","Year","a0",1,40,1,40,NA,NA,1,25,NA,"Case 1: Annual only",NA,40
"CHINA_2006","Year","a2",1,1315,1,1044,1,1010,1,1315,NA,"Case 1: Annual only",NA,1315
"CHINA_2007","Year","a0",1,539,1,539,1,508,1,84,NA,"Case 1: Annual only",NA,539
"CHINA_2008","Month","a1",12,203,NA,NA,12,203,NA,NA,TRUE,"Sub-annual >= Annual",100.495049504951,203
"CHINA_2009","Month","a1",12,312,NA,NA,12,312,NA,NA,TRUE,"Sub-annual >= Annual",124.8,312
"CHINA_2010","Year","a0",1,223,1,223,1,159,1,81,NA,"Case 1: Annual only",NA,223
"CHINA_2011","Year","a2",1,58,NA,NA,1,49,1,58,NA,"Case 1: Annual only",NA,58
"CHINA_2012","Year","a1",1,498,NA,NA,1,498,1,157,FALSE,"Sub-annual sum zero - annual selected",0,498
"CHINA_2013","Month","a0",12,5277,12,5277,NA,NA,NA,NA,TRUE,"Sub-annual >= Annual",113.167488741154,5277
"CHINA_2014","Month","a0",12,47512,12,47512,NA,NA,NA,NA,TRUE,"Sub-annual >= Annual",101.382724479344,47512
"CHINA_2015","Year","a0",1,3858,1,3858,1,3729,1,2565,TRUE,"Annual > sub-annual",85.277345775013,3858
"CHINA_2016","Year","a0",1,2050,1,2050,1,1903,1,283,TRUE,"Annual > sub-annual",93.0731707317073,2050
"CHINA_2017","Year","a0",1,5893,1,5893,1,5769,1,3194,TRUE,"Annual > sub-annual",95.5370778890209,5893
"CHINA_2018","Year","a0",1,5136,1,5136,1,4460,1,1422,TRUE,"Annual > sub-annual",98.0529595015576,5136
"CHINA_2019","Month","a0",12,22317,12,22317,NA,NA,NA,NA,TRUE,"Sub-annual >= Annual",100.581395348837,22317
"CHINA_2020","Month","a0",12,558,12,558,NA,NA,NA,NA,TRUE,"Case 2: Sub-annual only",NA,558
"CHINA_2021","Month","a0",12,0,12,0,NA,NA,NA,NA,TRUE,"Case 2: Sub-annual only",NA,0
"CHINA_2022","Month","a0",10,487,10,487,NA,NA,NA,NA,FALSE,"Case 2: Sub-annual only",NA,487
"CHINA_2023","Month","a0",12,19627,12,19627,NA,NA,NA,NA,TRUE,"Case 2: Sub-annual only",NA,19627
"CHINA_2024","Month","a0",12,24330,12,24330,NA,NA,NA,NA,TRUE,"Case 2: Sub-annual only",NA,24330
"COLOMBIA_1990","Year","a0",1,17350,1,17350,NA,NA,NA,NA,NA,"Case 1: Annual only",NA,17350
"COLOMBIA_1991","Year","a0",1,15104,1,15104,NA,NA,NA,NA,NA,"Case 1: Annual only",NA,15104
"COLOMBIA_1992","Year","a0",1,59853,1,59853,NA,NA,NA,NA,NA,"Case 1: Annual only",NA,59853
"COLOMBIA_1993","Year","a0",1,8449,1,8449,NA,NA,NA,NA,NA,"Case 1: Annual only",NA,8449
"COLOMBIA_1994","Year","a0",1,774,1,774,NA,NA,NA,NA,NA,"Case 1: Annual only",NA,774
"COLOMBIA_1995","Year","a0",1,50031,1,50031,NA,NA,NA,NA,NA,"Case 1: Annual only",NA,50031
"COLOMBIA_1996","Year","a0",1,31398,1,31398,NA,NA,NA,NA,NA,"Case 1: Annual only",NA,31398
"COLOMBIA_1997","Year","a0",1,20340,1,20340,NA,NA,NA,NA,NA,"Case 1: Annual only",NA,20340
"COLOMBIA_1998","Year","a0",1,58011,1,58011,NA,NA,NA,NA,NA,"Case 1: Annual only",NA,58011
"COLOMBIA_1999","Year","a0",1,19243,1,19243,NA,NA,NA,NA,NA,"Case 1: Annual only",NA,19243
"COLOMBIA_2000","Year","a0",1,20956,1,20956,NA,NA,NA,NA,NA,"Case 1: Annual only",NA,20956
"COLOMBIA_2001","Year","a0",1,48874,1,48874,NA,NA,NA,NA,NA,"Case 1: Annual only",NA,48874
"COLOMBIA_2002","Year","a0",1,71727,1,71727,NA,NA,NA,NA,FALSE,"Incomplete sub-annual - annual selected",94.6909810810434,71727
"COLOMBIA_2003","Year","a1",1,55475,1,47710,1,55475,1,1493,FALSE,"Incomplete sub-annual - annual selected",76.2253267237494,55475
"COLOMBIA_2004","Year","a1",1,27014,1,24708,1,27014,1,509,NA,"Case 1: Annual only",NA,27014
"COLOMBIA_2005","Year","a1",1,40668,1,26169,1,40668,1,1938,NA,"Case 1: Annual only",NA,40668
"COLOMBIA_2006","Year","a1",1,36829,1,31092,1,36829,1,1667,NA,"Case 1: Annual only",NA,36829
"COLOMBIA_2007","Week","a2",52,40974,NA,NA,13,19,52,40974,TRUE,"Sub-annual >= Annual",102.714898097315,40974
"COLOMBIA_2008","Week","a2",53,36493,NA,NA,11,11,53,36493,TRUE,"Sub-annual >= Annual",109.165694456909,36493
"COLOMBIA_2009","Week","a2",52,51946,NA,NA,17,39,52,51946,TRUE,"Sub-annual >= Annual",116.963883635054,51946
"COLOMBIA_2010","Week","a2",52,155255,NA,NA,31,76,52,155255,TRUE,"Sub-annual >= Annual",102.250424794847,155255
"COLOMBIA_2011","Year","a0",1,31819,1,31819,1,29331,1,1255,TRUE,"Annual > sub-annual",93.8998711461705,31819
"COLOMBIA_2012","Week","a2",52,53490,NA,NA,10,14,52,53490,TRUE,"Sub-annual >= Annual",102.263602645968,53490
"COLOMBIA_2013","Year","a0",1,126425,1,126425,NA,NA,NA,NA,TRUE,"Annual > sub-annual",98.630808779909,126425
"COLOMBIA_2014","Week","a0",53,107975,53,107975,16,24,53,107239,TRUE,"Sub-annual >= Annual",100,107975
"COLOMBIA_2015","Week","a0",52,96444,52,96444,16,20,52,95841,TRUE,"Sub-annual >= Annual",100,96444
"COLOMBIA_2016","Week","a0",52,101016,52,101016,24,43,52,99977,TRUE,"Sub-annual >= Annual",100,101016
"COLOMBIA_2017","Week","a0",52,25284,52,25284,3,3,52,25048,TRUE,"Sub-annual >= Annual",100,25284
"COLOMBIA_2018","Week","a0",52,44825,52,44825,15,25,52,43506,TRUE,"Sub-annual >= Annual",100,44825
"COLOMBIA_2019","Week","a0",52,127553,52,127553,3,8,52,124226,TRUE,"Sub-annual >= Annual",100,127553
"COLOMBIA_2020","Week","a0",53,78979,53,78979,NA,NA,53,77080,TRUE,"Sub-annual >= Annual",100,78979
"COLOMBIA_2021","Week","a0",52,53334,52,53334,NA,NA,52,50106,TRUE,"Sub-annual >= Annual",100,53334
"COLOMBIA_2022","Week","a0",52,69497,52,69497,NA,NA,52,66758,TRUE,"Sub-annual >= Annual",100,69497
"COLOMBIA_2023","Week","a0",52,131784,52,131784,NA,NA,NA,NA,TRUE,"Sub-annual >= Annual",100,131784
"COLOMBIA_2024","Week","a0",52,320982,52,320982,NA,NA,NA,NA,TRUE,"Sub-annual >= Annual",100,320982
"COOK ISLANDS_1990","Year","a0",1,5,1,5,NA,NA,NA,NA,NA,"Case 1: Annual only",NA,5
"COOK ISLANDS_1991","Year","a0",1,1776,1,1776,NA,NA,NA,NA,NA,"Case 1: Annual only",NA,1776
"COOK ISLANDS_1992","Year","a0",1,5,1,5,NA,NA,NA,NA,NA,"Case 1: Annual only",NA,5
"COOK ISLANDS_1993","Year","a0",1,0,1,0,NA,NA,NA,NA,NA,"Case 1: Annual only",NA,0
"COOK ISLANDS_1994","Year","a0",1,1,1,1,NA,NA,NA,NA,NA,"Case 1: Annual only",NA,1
"COOK ISLANDS_1995","Year","a0",1,786,1,786,NA,NA,NA,NA,NA,"Case 1: Annual only",NA,786
"COOK ISLANDS_1996","Year","a0",1,2,1,2,NA,NA,NA,NA,NA,"Case 1: Annual only",NA,2
"COOK ISLANDS_1997","Year","a0",1,1075,1,1075,NA,NA,NA,NA,NA,"Case 1: Annual only",NA,1075
"COOK ISLANDS_1998","Year","a0",1,0,1,0,NA,NA,NA,NA,NA,"Case 1: Annual only",NA,0
"COOK ISLANDS_1999","Year","a0",1,0,1,0,NA,NA,NA,NA,NA,"Case 1: Annual only",NA,0
"COOK ISLANDS_2000","Year","a0",1,0,1,0,NA,NA,NA,NA,NA,"Case 1: Annual only",NA,0
"COOK ISLANDS_2001","Year","a0",1,21,1,21,NA,NA,NA,NA,NA,"Case 1: Annual only",NA,21
"COOK ISLANDS_2002","Year","a0",1,2256,1,2256,NA,NA,NA,NA,NA,"Case 1: Annual only",NA,2256
"COOK ISLANDS_2003","Year","a0",1,1,1,1,NA,NA,NA,NA,NA,"Case 1: Annual only",NA,1
"COOK ISLANDS_2004","Year","a0",1,4,1,4,NA,NA,NA,NA,NA,"Case 1: Annual only",NA,4
"COOK ISLANDS_2005","Year","a0",1,0,1,0,NA,NA,NA,NA,NA,"Case 1: Annual only",NA,0
"COOK ISLANDS_2006","Year","a0",1,468,1,468,NA,NA,NA,NA,NA,"Case 1: Annual only",NA,468
"COOK ISLANDS_2007","Year","a0",1,1224,1,1224,NA,NA,NA,NA,NA,"Case 1: Annual only",NA,1224
"COOK ISLANDS_2008","Year","a0",1,11,1,11,NA,NA,NA,NA,NA,"Case 1: Annual only",NA,11
"COOK ISLANDS_2009","Year","a0",1,170,1,170,NA,NA,NA,NA,NA,"Case 1: Annual only",NA,170
"COOK ISLANDS_2010","Year","a0",1,0,1,0,NA,NA,NA,NA,NA,"Case 1: Annual only",NA,0
"COOK ISLANDS_2011","Year","a0",1,0,1,0,NA,NA,NA,NA,NA,"Case 1: Annual only",NA,0
"COOK ISLANDS_2012","Year","a0",1,0,1,0,NA,NA,NA,NA,NA,"Case 1: Annual only",NA,0
"COOK ISLANDS_2014","Year","a0",1,946,1,946,NA,NA,NA,NA,NA,"Case 1: Annual only",NA,946
"COOK ISLANDS_2016","Year","a0",1,0,1,0,NA,NA,NA,NA,NA,"Case 1: Annual only",NA,0
"COOK ISLANDS_2017","Week","a0",34,1,34,1,NA,NA,NA,NA,FALSE,"Incomplete sub-annual - sub-annual selected",NA,1
"COOK ISLANDS_2018","Week","a0",44,3,44,3,NA,NA,NA,NA,FALSE,"Incomplete sub-annual - sub-annual selected",NA,3
"COOK ISLANDS_2019","Week","a0",42,132,42,132,NA,NA,NA,NA,FALSE,"Incomplete sub-annual - sub-annual selected",104.761904761905,132
"COOK ISLANDS_2020","Week","a0",20,261,20,261,NA,NA,NA,NA,FALSE,"Case 2: Sub-annual only",NA,261
"COOK ISLANDS_2021","Week","a0",15,2,15,2,NA,NA,NA,NA,FALSE,"Case 2: Sub-annual only",NA,2
"COOK ISLANDS_2022","Week","a0",44,3,44,3,NA,NA,NA,NA,FALSE,"Case 2: Sub-annual only",NA,3
"COOK ISLANDS_2023","Week","a0",18,0,18,0,NA,NA,NA,NA,FALSE,"Case 2: Sub-annual only",NA,0
"COOK ISLANDS_2024","Week","a0",40,0,40,0,NA,NA,NA,NA,FALSE,"Case 2: Sub-annual only",NA,0
"COSTA RICA_1990","Year","a0",1,0,1,0,NA,NA,NA,NA,NA,"Case 1: Annual only",NA,0
"COSTA RICA_1991","Year","a0",1,0,1,0,NA,NA,NA,NA,NA,"Case 1: Annual only",NA,0
"COSTA RICA_1992","Year","a0",1,0,1,0,NA,NA,NA,NA,NA,"Case 1: Annual only",NA,0
"COSTA RICA_1993","Year","a0",1,4612,1,4612,NA,NA,NA,NA,NA,"Case 1: Annual only",NA,4612
"COSTA RICA_1994","Year","a0",1,13929,1,13929,NA,NA,NA,NA,NA,"Case 1: Annual only",NA,13929
"COSTA RICA_1995","Year","a0",1,5137,1,5137,NA,NA,NA,NA,NA,"Case 1: Annual only",NA,5137
"COSTA RICA_1996","Year","a0",1,2309,1,2309,NA,NA,NA,NA,NA,"Case 1: Annual only",NA,2309
"COSTA RICA_1997","Year","a0",1,14421,1,14421,NA,NA,NA,NA,NA,"Case 1: Annual only",NA,14421
"COSTA RICA_1998","Year","a0",1,2628,1,2628,NA,NA,NA,NA,NA,"Case 1: Annual only",NA,2628
"COSTA RICA_1999","Year","a0",1,6041,1,6041,NA,NA,NA,NA,NA,"Case 1: Annual only",NA,6041
"COSTA RICA_2000","Year","a0",1,4908,1,4908,NA,NA,NA,NA,NA,"Case 1: Annual only",NA,4908
"COSTA RICA_2001","Year","a0",1,9464,1,9464,NA,NA,NA,NA,NA,"Case 1: Annual only",NA,9464
"COSTA RICA_2002","Year","a0",1,12251,1,12251,NA,NA,NA,NA,NA,"Case 1: Annual only",NA,12251
"COSTA RICA_2003","Year","a0",1,19703,1,19703,NA,NA,NA,NA,NA,"Case 1: Annual only",NA,19703
"COSTA RICA_2004","Year","a0",1,9408,1,9408,NA,NA,NA,NA,NA,"Case 1: Annual only",NA,9408
"COSTA RICA_2005","Year","a0",1,37798,1,37798,NA,NA,NA,NA,NA,"Case 1: Annual only",NA,37798
"COSTA RICA_2006","Year","a0",1,12052,1,12052,NA,NA,NA,NA,NA,"Case 1: Annual only",NA,12052
"COSTA RICA_2007","Year","a0",1,26504,1,26504,NA,NA,NA,NA,NA,"Case 1: Annual only",NA,26504
"COSTA RICA_2008","Year","a0",1,8212,1,8212,NA,NA,NA,NA,NA,"Case 1: Annual only",NA,8212
"COSTA RICA_2009","Year","a0",1,7214,1,7214,NA,NA,NA,NA,NA,"Case 1: Annual only",NA,7214
"COSTA RICA_2010","Year","a0",1,31484,1,31484,NA,NA,NA,NA,NA,"Case 1: Annual only",NA,31484
"COSTA RICA_2011","Year","a0",1,13838,1,13838,NA,NA,NA,NA,NA,"Case 1: Annual only",NA,13838
"COSTA RICA_2012","Year","a0",1,22243,1,22243,NA,NA,NA,NA,NA,"Case 1: Annual only",NA,22243
"COSTA RICA_2013","Year","a2",1,81942,1,49993,NA,NA,1,81942,NA,"Case 1: Annual only",NA,81942
"COSTA RICA_2014","Year","a2",1,16742,1,11140,NA,NA,1,16742,TRUE,"Annual > sub-annual",66.5392426233425,16742
"COSTA RICA_2015","Year","a2",1,25852,1,17394,NA,NA,1,25852,TRUE,"Annual > sub-annual",67.2829955129197,25852
"COSTA RICA_2016","Year","a2",1,30700,1,23319,NA,NA,1,30700,TRUE,"Annual > sub-annual",75.957654723127,30700
"COSTA RICA_2017","Year","a2",1,8340,1,5561,NA,NA,1,8340,TRUE,"Annual > sub-annual",66.6786570743405,8340
"COSTA RICA_2018","Year","a2",1,4530,1,2735,NA,NA,1,4530,TRUE,"Annual > sub-annual",60.3752759381898,4530
"COSTA RICA_2019","Week","a0",52,9400,52,9400,NA,NA,NA,NA,TRUE,"Sub-annual >= Annual",100,9400
"COSTA RICA_2020","Week","a0",53,10056,53,10056,NA,NA,NA,NA,TRUE,"Sub-annual >= Annual",100,10056
"COSTA RICA_2021","Week","a0",52,5174,52,5174,NA,NA,NA,NA,TRUE,"Sub-annual >= Annual",100,5174
"COSTA RICA_2022","Week","a0",52,7485,52,7485,NA,NA,NA,NA,TRUE,"Sub-annual >= Annual",100,7485
"COSTA RICA_2023","Week","a0",52,30649,52,30649,NA,NA,NA,NA,TRUE,"Sub-annual >= Annual",100,30649
"COSTA RICA_2024","Week","a0",52,31259,52,31259,NA,NA,NA,NA,TRUE,"Sub-annual >= Annual",100,31259
"COTE D'IVOIRE_2023","Month","a0",12,3922,12,3922,NA,NA,NA,NA,TRUE,"Case 2: Sub-annual only",NA,3922
"COTE D'IVOIRE_2024","Month","a0",12,6134,12,6134,NA,NA,NA,NA,TRUE,"Case 2: Sub-annual only",NA,6134
"CUBA_1990","Year","a0",1,0,1,0,NA,NA,NA,NA,NA,"Case 1: Annual only",NA,0
"CUBA_1991","Year","a0",1,0,1,0,NA,NA,NA,NA,NA,"Case 1: Annual only",NA,0
"CUBA_1992","Year","a0",1,0,1,0,NA,NA,NA,NA,NA,"Case 1: Annual only",NA,0
"CUBA_1993","Year","a0",1,0,1,0,NA,NA,NA,NA,NA,"Case 1: Annual only",NA,0
"CUBA_1994","Year","a0",1,0,1,0,NA,NA,NA,NA,NA,"Case 1: Annual only",NA,0
"CUBA_1995","Year","a0",1,0,1,0,NA,NA,NA,NA,NA,"Case 1: Annual only",NA,0
"CUBA_1996","Year","a0",1,0,1,0,NA,NA,NA,NA,NA,"Case 1: Annual only",NA,0
"CUBA_1997","Year","a0",1,2807,1,2807,NA,NA,NA,NA,NA,"Case 1: Annual only",NA,2807
"CUBA_1998","Year","a0",1,0,1,0,NA,NA,NA,NA,NA,"Case 1: Annual only",NA,0
"CUBA_1999","Year","a0",1,0,1,0,NA,NA,NA,NA,NA,"Case 1: Annual only",NA,0
"CUBA_2000","Year","a0",1,138,1,138,NA,NA,NA,NA,NA,"Case 1: Annual only",NA,138
"CUBA_2001","Year","a0",1,11363,1,11363,NA,NA,NA,NA,NA,"Case 1: Annual only",NA,11363
"CUBA_2002","Year","a0",1,2999,1,2999,NA,NA,NA,NA,NA,"Case 1: Annual only",NA,2999
"CUBA_2003","Year","a0",1,0,1,0,NA,NA,NA,NA,NA,"Case 1: Annual only",NA,0
"CUBA_2004","Month","a1",12,0,NA,NA,12,0,NA,NA,TRUE,"Sub-annual >= Annual",NA,NA
"CUBA_2005","Year","a0",1,75,1,75,NA,NA,NA,NA,FALSE,"Incomplete sub-annual - annual selected",0,75
"CUBA_2006","Year","a0",1,0,1,0,NA,NA,NA,NA,NA,"Case 1: Annual only",NA,0
"CUBA_2007","Year","a0",1,28,1,28,NA,NA,NA,NA,NA,"Case 1: Annual only",NA,28
"CUBA_2008","Year","a0",1,0,1,0,NA,NA,NA,NA,NA,"Case 1: Annual only",NA,0
"CUBA_2009","Year","a0",1,70,1,70,NA,NA,NA,NA,NA,"Case 1: Annual only",NA,70
"CUBA_2010","Year","a0",1,0,1,0,NA,NA,NA,NA,NA,"Case 1: Annual only",NA,0
"CUBA_2011","Year","a0",1,0,1,0,NA,NA,NA,NA,NA,"Case 1: Annual only",NA,0
"CUBA_2012","Year","a0",1,0,1,0,NA,NA,NA,NA,NA,"Case 1: Annual only",NA,0
"CUBA_2013","Year","a0",1,0,1,0,NA,NA,NA,NA,NA,"Case 1: Annual only",NA,0
"CUBA_2014","Year","a0",1,2522,1,2522,NA,NA,NA,NA,NA,"Case 1: Annual only",NA,2522
"CUBA_2015","Year","a0",1,1691,1,1691,NA,NA,NA,NA,FALSE,"Incomplete sub-annual - annual selected",2.95683027794205,1691
"CUBA_2016","Year","a0",1,1836,1,1836,NA,NA,NA,NA,FALSE,"Incomplete sub-annual - annual selected",0,1836
"CUBA_2017","Year","a0",1,1248,1,1248,NA,NA,NA,NA,NA,"Case 1: Annual only",NA,1248
"CUBA_2018","Year","a0",1,2128,1,2128,NA,NA,NA,NA,NA,"Case 1: Annual only",NA,2128
"CUBA_2019","Year","a0",1,3259,1,3259,NA,NA,NA,NA,FALSE,"Incomplete sub-annual - annual selected",9.94169990794722,3259
"CUBA_2020","Year","a0",1,1418,1,1418,NA,NA,NA,NA,FALSE,"Incomplete sub-annual - annual selected",0.0705218617771509,1418
"CUBA_2021","Year","a0",1,1160,1,1160,NA,NA,NA,NA,NA,"Case 1: Annual only",NA,1160
"CUBA_2022","Year","a0",1,3036,1,3036,NA,NA,NA,NA,FALSE,"Incomplete sub-annual - annual selected",85.1778656126482,3036
"CUBA_2024","Year","a0",1,985,1,985,NA,NA,NA,NA,FALSE,"Incomplete sub-annual - annual selected",0.101522842639594,985
"CURACAO_1990","Year","a0",1,0,1,0,NA,NA,NA,NA,NA,"Case 1: Annual only",NA,0
"CURACAO_1991","Year","a0",1,0,1,0,NA,NA,NA,NA,NA,"Case 1: Annual only",NA,0
"CURACAO_1992","Year","a0",1,0,1,0,NA,NA,NA,NA,NA,"Case 1: Annual only",NA,0
"CURACAO_1993","Year","a0",1,0,1,0,NA,NA,NA,NA,NA,"Case 1: Annual only",NA,0
"CURACAO_1994","Year","a0",1,0,1,0,NA,NA,NA,NA,NA,"Case 1: Annual only",NA,0
"CURACAO_1995","Year","a0",1,0,1,0,NA,NA,NA,NA,NA,"Case 1: Annual only",NA,0
"CURACAO_1996","Year","a0",1,0,1,0,NA,NA,NA,NA,NA,"Case 1: Annual only",NA,0
"CURACAO_1997","Year","a0",1,0,1,0,NA,NA,NA,NA,NA,"Case 1: Annual only",NA,0
"CURACAO_1998","Year","a0",1,5,1,5,NA,NA,NA,NA,NA,"Case 1: Annual only",NA,5
"CURACAO_1999","Year","a0",1,4,1,4,NA,NA,NA,NA,NA,"Case 1: Annual only",NA,4
"CURACAO_2000","Year","a0",1,10,1,10,NA,NA,NA,NA,NA,"Case 1: Annual only",NA,10
"CURACAO_2001","Year","a0",1,0,1,0,NA,NA,NA,NA,NA,"Case 1: Annual only",NA,0
"CURACAO_2002","Year","a0",1,0,1,0,NA,NA,NA,NA,NA,"Case 1: Annual only",NA,0
"CURACAO_2003","Year","a0",1,0,1,0,NA,NA,NA,NA,NA,"Case 1: Annual only",NA,0
"CURACAO_2004","Year","a0",1,0,1,0,NA,NA,NA,NA,NA,"Case 1: Annual only",NA,0
"CURACAO_2005","Year","a0",1,265,1,265,NA,NA,NA,NA,NA,"Case 1: Annual only",NA,265
"CURACAO_2006","Year","a0",1,0,1,0,NA,NA,NA,NA,NA,"Case 1: Annual only",NA,0
"CURACAO_2007","Year","a0",1,0,1,0,NA,NA,NA,NA,NA,"Case 1: Annual only",NA,0
"CURACAO_2008","Year","a0",1,0,1,0,NA,NA,NA,NA,NA,"Case 1: Annual only",NA,0
"CURACAO_2009","Year","a0",1,0,1,0,NA,NA,NA,NA,NA,"Case 1: Annual only",NA,0
"CURACAO_2010","Year","a0",1,1722,1,1722,NA,NA,NA,NA,NA,"Case 1: Annual only",NA,1722
"CURACAO_2011","Year","a0",1,1553,1,1553,NA,NA,NA,NA,NA,"Case 1: Annual only",NA,1553
"CURACAO_2012","Year","a0",1,524,1,524,NA,NA,NA,NA,NA,"Case 1: Annual only",NA,524
"CURACAO_2013","Year","a0",1,568,1,568,NA,NA,NA,NA,NA,"Case 1: Annual only",NA,568
"CURACAO_2014","Year","a0",1,194,1,194,NA,NA,NA,NA,FALSE,"Incomplete sub-annual - annual selected",0,194
"CURACAO_2015","Week","a0",52,0,52,0,NA,NA,NA,NA,TRUE,"Sub-annual >= Annual",NA,NA
"CURACAO_2016","Week","a0",52,0,52,0,NA,NA,NA,NA,TRUE,"Sub-annual >= Annual",NA,NA
"CURACAO_2017","Week","a0",52,0,52,0,NA,NA,NA,NA,TRUE,"Sub-annual >= Annual",NA,NA
"CURACAO_2018","Week","a0",52,0,52,0,NA,NA,NA,NA,TRUE,"Sub-annual >= Annual",NA,NA
"CURACAO_2019","Week","a0",52,0,52,0,NA,NA,NA,NA,TRUE,"Sub-annual >= Annual",NA,NA
"CURACAO_2020","Week","a0",53,0,53,0,NA,NA,NA,NA,TRUE,"Sub-annual >= Annual",NA,NA
"CURACAO_2024","Week","a0",52,262,52,262,NA,NA,NA,NA,TRUE,"Sub-annual >= Annual",100,262
"DOMINICA_1990","Year","a0",1,6,1,6,NA,NA,NA,NA,NA,"Case 1: Annual only",NA,6
"DOMINICA_1991","Year","a0",1,12,1,12,NA,NA,NA,NA,NA,"Case 1: Annual only",NA,12
"DOMINICA_1992","Year","a0",1,0,1,0,NA,NA,NA,NA,NA,"Case 1: Annual only",NA,0
"DOMINICA_1993","Year","a0",1,1,1,1,NA,NA,NA,NA,NA,"Case 1: Annual only",NA,1
"DOMINICA_1994","Year","a0",1,0,1,0,NA,NA,NA,NA,NA,"Case 1: Annual only",NA,0
"DOMINICA_1995","Year","a0",1,282,1,282,NA,NA,NA,NA,NA,"Case 1: Annual only",NA,282
"DOMINICA_1996","Year","a0",1,3,1,3,NA,NA,NA,NA,NA,"Case 1: Annual only",NA,3
"DOMINICA_1997","Year","a0",1,0,1,0,NA,NA,NA,NA,NA,"Case 1: Annual only",NA,0
"DOMINICA_1998","Year","a0",1,1,1,1,NA,NA,NA,NA,NA,"Case 1: Annual only",NA,1
"DOMINICA_1999","Year","a0",1,1,1,1,NA,NA,NA,NA,NA,"Case 1: Annual only",NA,1
"DOMINICA_2000","Year","a0",1,15,1,15,NA,NA,NA,NA,NA,"Case 1: Annual only",NA,15
"DOMINICA_2001","Year","a0",1,5,1,5,NA,NA,NA,NA,NA,"Case 1: Annual only",NA,5
"DOMINICA_2002","Year","a0",1,0,1,0,NA,NA,NA,NA,NA,"Case 1: Annual only",NA,0
"DOMINICA_2003","Year","a0",1,0,1,0,NA,NA,NA,NA,NA,"Case 1: Annual only",NA,0
"DOMINICA_2004","Year","a0",1,4,1,4,NA,NA,NA,NA,NA,"Case 1: Annual only",NA,4
"DOMINICA_2005","Year","a0",1,7,1,7,NA,NA,NA,NA,NA,"Case 1: Annual only",NA,7
"DOMINICA_2006","Year","a0",1,19,1,19,NA,NA,NA,NA,NA,"Case 1: Annual only",NA,19
"DOMINICA_2007","Year","a0",1,110,1,110,NA,NA,NA,NA,NA,"Case 1: Annual only",NA,110
"DOMINICA_2008","Year","a0",1,80,1,80,NA,NA,NA,NA,NA,"Case 1: Annual only",NA,80
"DOMINICA_2009","Year","a0",1,2,1,2,NA,NA,NA,NA,NA,"Case 1: Annual only",NA,2
"DOMINICA_2010","Year","a0",1,633,1,633,NA,NA,NA,NA,NA,"Case 1: Annual only",NA,633
"DOMINICA_2011","Year","a0",1,40,1,40,NA,NA,NA,NA,NA,"Case 1: Annual only",NA,40
"DOMINICA_2012","Year","a0",1,3,1,3,NA,NA,NA,NA,NA,"Case 1: Annual only",NA,3
"DOMINICA_2013","Year","a0",1,197,1,197,NA,NA,NA,NA,NA,"Case 1: Annual only",NA,197
"DOMINICA_2014","Year","a0",1,189,1,189,NA,NA,NA,NA,FALSE,"Incomplete sub-annual - annual selected",14.2857142857143,189
"DOMINICA_2015","Year","a0",1,38,1,38,NA,NA,NA,NA,FALSE,"Incomplete sub-annual - annual selected",26.3157894736842,38
"DOMINICA_2016","Year","a0",1,351,1,351,NA,NA,NA,NA,FALSE,"Incomplete sub-annual - annual selected",68.945868945869,351
"DOMINICA_2017","Year","a0",1,33,1,33,NA,NA,NA,NA,FALSE,"Incomplete sub-annual - annual selected",30.3030303030303,33
"DOMINICA_2018","Year","a0",1,45,1,45,NA,NA,NA,NA,FALSE,"Incomplete sub-annual - annual selected",11.1111111111111,45
"DOMINICA_2019","Year","a0",1,1066,1,1066,NA,NA,NA,NA,FALSE,"Incomplete sub-annual - annual selected",95.7786116322702,1066
"DOMINICA_2020","Year","a0",1,88,1,88,NA,NA,NA,NA,FALSE,"Incomplete sub-annual - annual selected",70.4545454545455,88
"DOMINICA_2021","Year","a0",1,65,1,65,NA,NA,NA,NA,FALSE,"Incomplete sub-annual - annual selected",89.2307692307692,65
"DOMINICA_2022","Week","a0",52,3,52,3,NA,NA,NA,NA,TRUE,"Sub-annual >= Annual",100,3
"DOMINICA_2023","Year","a0",1,419,1,419,NA,NA,NA,NA,NA,"Case 1: Annual only",NA,419
"DOMINICAN REPUBLIC_1990","Year","a0",1,39,1,39,NA,NA,NA,NA,NA,"Case 1: Annual only",NA,39
"DOMINICAN REPUBLIC_1991","Year","a0",1,24,1,24,NA,NA,NA,NA,NA,"Case 1: Annual only",NA,24
"DOMINICAN REPUBLIC_1992","Year","a0",1,107,1,107,NA,NA,NA,NA,NA,"Case 1: Annual only",NA,107
"DOMINICAN REPUBLIC_1993","Year","a0",1,0,1,0,NA,NA,NA,NA,NA,"Case 1: Annual only",NA,0
"DOMINICAN REPUBLIC_1994","Year","a0",1,0,1,0,NA,NA,NA,NA,NA,"Case 1: Annual only",NA,0
"DOMINICAN REPUBLIC_1995","Year","a0",1,211,1,211,NA,NA,NA,NA,NA,"Case 1: Annual only",NA,211
"DOMINICAN REPUBLIC_1996","Year","a0",1,72,1,72,NA,NA,NA,NA,NA,"Case 1: Annual only",NA,72
"DOMINICAN REPUBLIC_1997","Year","a0",1,512,1,512,NA,NA,NA,NA,NA,"Case 1: Annual only",NA,512
"DOMINICAN REPUBLIC_1998","Year","a0",1,2873,1,2873,NA,NA,NA,NA,NA,"Case 1: Annual only",NA,2873
"DOMINICAN REPUBLIC_1999","Year","a0",1,1059,1,1059,NA,NA,NA,NA,NA,"Case 1: Annual only",NA,1059
"DOMINICAN REPUBLIC_2000","Year","a0",1,3404,1,3404,NA,NA,NA,NA,NA,"Case 1: Annual only",NA,3404
"DOMINICAN REPUBLIC_2001","Year","a0",1,3588,1,3588,NA,NA,NA,NA,NA,"Case 1: Annual only",NA,3588
"DOMINICAN REPUBLIC_2002","Year","a0",1,3118,1,3118,NA,NA,NA,NA,NA,"Case 1: Annual only",NA,3118
"DOMINICAN REPUBLIC_2003","Year","a0",1,5911,1,5911,NA,NA,NA,NA,NA,"Case 1: Annual only",NA,5911
"DOMINICAN REPUBLIC_2004","Year","a0",1,2340,1,2340,NA,NA,NA,NA,NA,"Case 1: Annual only",NA,2340
"DOMINICAN REPUBLIC_2005","Year","a0",1,2776,1,2776,NA,NA,NA,NA,NA,"Case 1: Annual only",NA,2776
"DOMINICAN REPUBLIC_2006","Year","a0",1,5913,1,5913,NA,NA,NA,NA,NA,"Case 1: Annual only",NA,5913
"DOMINICAN REPUBLIC_2007","Year","a0",1,9403,1,9403,NA,NA,NA,NA,FALSE,"Incomplete sub-annual - annual selected",76.6138466446879,9403
"DOMINICAN REPUBLIC_2008","Year","a0",1,4150,1,4150,NA,NA,NA,NA,FALSE,"Incomplete sub-annual - annual selected",35.1566265060241,4150
"DOMINICAN REPUBLIC_2009","Year","a0",1,7297,1,7297,NA,NA,NA,NA,FALSE,"Incomplete sub-annual - annual selected",84.5552966972729,7297
"DOMINICAN REPUBLIC_2010","Year","a0",1,11060,1,11060,NA,NA,NA,NA,FALSE,"Incomplete sub-annual - annual selected",2.44122965641953,11060
"DOMINICAN REPUBLIC_2011","Year","a0",1,2232,1,2232,NA,NA,NA,NA,NA,"Case 1: Annual only",NA,2232
"DOMINICAN REPUBLIC_2012","Week","a1",50,9462,NA,NA,50,9462,NA,NA,FALSE,"Incomplete sub-annual - sub-annual selected",101.91727703576,9462
"DOMINICAN REPUBLIC_2013","Year","a0",1,16503,1,16503,NA,NA,NA,NA,FALSE,"Incomplete sub-annual - annual selected",40.7077501060413,16503
"DOMINICAN REPUBLIC_2014","Week","a0",53,6274,53,6274,NA,NA,NA,NA,TRUE,"Sub-annual >= Annual",100,6274
"DOMINICAN REPUBLIC_2015","Week","a0",52,17048,52,17048,NA,NA,NA,NA,TRUE,"Sub-annual >= Annual",100,17048
"DOMINICAN REPUBLIC_2016","Week","a0",52,6645,52,6645,NA,NA,NA,NA,TRUE,"Sub-annual >= Annual",100,6645
"DOMINICAN REPUBLIC_2017","Week","a0",52,1363,52,1363,NA,NA,NA,NA,TRUE,"Sub-annual >= Annual",100,1363
"DOMINICAN REPUBLIC_2018","Week","a0",52,1558,52,1558,NA,NA,NA,NA,TRUE,"Sub-annual >= Annual",100,1558
"DOMINICAN REPUBLIC_2019","Week","a0",52,20183,52,20183,NA,NA,NA,NA,TRUE,"Sub-annual >= Annual",100,20183
"DOMINICAN REPUBLIC_2020","Week","a0",53,3964,53,3964,NA,NA,NA,NA,TRUE,"Sub-annual >= Annual",100,3964
"DOMINICAN REPUBLIC_2021","Week","a0",52,3746,52,3746,NA,NA,NA,NA,TRUE,"Sub-annual >= Annual",100,3746
"DOMINICAN REPUBLIC_2022","Week","a0",52,10784,52,10784,NA,NA,NA,NA,TRUE,"Sub-annual >= Annual",100,10784
"DOMINICAN REPUBLIC_2023","Week","a0",52,27972,52,27972,NA,NA,NA,NA,TRUE,"Sub-annual >= Annual",100,27972
"DOMINICAN REPUBLIC_2024","Week","a0",52,10251,52,10251,NA,NA,NA,NA,TRUE,"Sub-annual >= Annual",100,10251
"ECUADOR_1990","Year","a0",1,302,1,302,NA,NA,NA,NA,NA,"Case 1: Annual only",NA,302
"ECUADOR_1991","Year","a0",1,94,1,94,NA,NA,NA,NA,NA,"Case 1: Annual only",NA,94
"ECUADOR_1992","Year","a0",1,137,1,137,NA,NA,NA,NA,NA,"Case 1: Annual only",NA,137
"ECUADOR_1993","Year","a0",1,9015,1,9015,NA,NA,NA,NA,NA,"Case 1: Annual only",NA,9015
"ECUADOR_1994","Year","a0",1,8145,1,8145,NA,NA,NA,NA,NA,"Case 1: Annual only",NA,8145
"ECUADOR_1995","Year","a0",1,6607,1,6607,NA,NA,NA,NA,NA,"Case 1: Annual only",NA,6607
"ECUADOR_1996","Year","a0",1,5189,1,5189,NA,NA,NA,NA,NA,"Case 1: Annual only",NA,5189
"ECUADOR_1997","Year","a0",1,3871,1,3871,NA,NA,NA,NA,NA,"Case 1: Annual only",NA,3871
"ECUADOR_1998","Year","a0",1,4606,1,4606,NA,NA,NA,NA,NA,"Case 1: Annual only",NA,4606
"ECUADOR_1999","Year","a0",1,2901,1,2901,NA,NA,NA,NA,NA,"Case 1: Annual only",NA,2901
"ECUADOR_2000","Year","a0",1,22934,1,22934,NA,NA,NA,NA,NA,"Case 1: Annual only",NA,22934
"ECUADOR_2001","Year","a0",1,10864,1,10864,NA,NA,NA,NA,NA,"Case 1: Annual only",NA,10864
"ECUADOR_2002","Year","a0",1,5675,1,5675,NA,NA,NA,NA,NA,"Case 1: Annual only",NA,5675
"ECUADOR_2003","Year","a0",1,9903,1,9903,NA,NA,NA,NA,NA,"Case 1: Annual only",NA,9903
"ECUADOR_2004","Year","a0",1,6101,1,6101,NA,NA,NA,NA,NA,"Case 1: Annual only",NA,6101
"ECUADOR_2005","Year","a0",1,11797,1,11797,NA,NA,NA,NA,NA,"Case 1: Annual only",NA,11797
"ECUADOR_2006","Year","a0",1,5871,1,5871,NA,NA,NA,NA,NA,"Case 1: Annual only",NA,5871
"ECUADOR_2007","Year","a0",1,10253,1,10253,NA,NA,NA,NA,NA,"Case 1: Annual only",NA,10253
"ECUADOR_2008","Year","a0",1,1879,1,1879,NA,NA,NA,NA,NA,"Case 1: Annual only",NA,1879
"ECUADOR_2009","Year","a0",1,4400,1,4400,NA,NA,NA,NA,NA,"Case 1: Annual only",NA,4400
"ECUADOR_2010","Year","a0",1,17516,1,17516,NA,NA,NA,NA,NA,"Case 1: Annual only",NA,17516
"ECUADOR_2011","Year","a0",1,7567,1,7567,NA,NA,NA,NA,NA,"Case 1: Annual only",NA,7567
"ECUADOR_2012","Year","a0",1,19367,1,19367,NA,NA,NA,NA,NA,"Case 1: Annual only",NA,19367
"ECUADOR_2013","Year","a0",1,11662,1,11662,NA,NA,NA,NA,FALSE,"Incomplete sub-annual - annual selected",55.2220888355342,11662
"ECUADOR_2014","Week","a0",53,15531,53,15531,NA,NA,NA,NA,TRUE,"Sub-annual >= Annual",100,15531
"ECUADOR_2015","Week","a0",52,42473,52,42473,NA,NA,NA,NA,TRUE,"Sub-annual >= Annual",100,42473
"ECUADOR_2016","Week","a0",52,14159,52,14159,NA,NA,NA,NA,TRUE,"Sub-annual >= Annual",100,14159
"ECUADOR_2017","Week","a0",52,11387,52,11387,NA,NA,NA,NA,TRUE,"Sub-annual >= Annual",100,11387
"ECUADOR_2018","Week","a0",52,3099,52,3099,52,1018,NA,NA,TRUE,"Sub-annual >= Annual",100.87890625,3099
"ECUADOR_2019","Week","a0",52,8416,52,8416,28,1030,NA,NA,TRUE,"Sub-annual >= Annual",100,8416
"ECUADOR_2020","Week","a0",53,19950,53,19950,41,3519,NA,NA,TRUE,"Sub-annual >= Annual",100,19950
"ECUADOR_2021","Week","a0",52,20829,52,20829,NA,NA,NA,NA,TRUE,"Sub-annual >= Annual",100,20829
"ECUADOR_2022","Week","a0",52,16017,52,16017,NA,NA,NA,NA,TRUE,"Sub-annual >= Annual",100,16017
"ECUADOR_2023","Week","a0",52,27838,52,27838,NA,NA,NA,NA,TRUE,"Sub-annual >= Annual",100,27838
"ECUADOR_2024","Week","a0",52,61329,52,61329,NA,NA,NA,NA,TRUE,"Sub-annual >= Annual",100,61329
"EL SALVADOR_1990","Year","a0",1,2381,1,2381,NA,NA,NA,NA,NA,"Case 1: Annual only",NA,2381
"EL SALVADOR_1991","Year","a0",1,1273,1,1273,NA,NA,NA,NA,NA,"Case 1: Annual only",NA,1273
"EL SALVADOR_1992","Year","a0",1,884,1,884,NA,NA,NA,NA,NA,"Case 1: Annual only",NA,884
"EL SALVADOR_1993","Year","a0",1,9015,1,9015,NA,NA,NA,NA,NA,"Case 1: Annual only",NA,9015
"EL SALVADOR_1994","Year","a0",1,8145,1,8145,NA,NA,NA,NA,NA,"Case 1: Annual only",NA,8145
"EL SALVADOR_1995","Year","a0",1,9529,1,9529,NA,NA,NA,NA,NA,"Case 1: Annual only",NA,9529
"EL SALVADOR_1996","Year","a0",1,789,1,789,NA,NA,NA,NA,NA,"Case 1: Annual only",NA,789
"EL SALVADOR_1997","Year","a0",1,423,1,423,NA,NA,NA,NA,NA,"Case 1: Annual only",NA,423
"EL SALVADOR_1998","Year","a0",1,1686,1,1686,NA,NA,NA,NA,NA,"Case 1: Annual only",NA,1686
"EL SALVADOR_1999","Year","a0",1,556,1,556,NA,NA,NA,NA,NA,"Case 1: Annual only",NA,556
"EL SALVADOR_2000","Year","a0",1,2837,1,2837,NA,NA,NA,NA,TRUE,"Annual > sub-annual",67.8533662319351,2837
"EL SALVADOR_2001","Year","a0",1,1039,1,1039,NA,NA,NA,NA,TRUE,"Annual > sub-annual",83.060635226179,1039
"EL SALVADOR_2002","Year","a0",1,17902,1,17902,NA,NA,NA,NA,TRUE,"Annual > sub-annual",14.0766394816222,17902
"EL SALVADOR_2003","Year","a0",1,7298,1,7298,NA,NA,NA,NA,TRUE,"Annual > sub-annual",53.7133461222253,7298
"EL SALVADOR_2004","Year","a0",1,13190,1,13190,NA,NA,NA,NA,TRUE,"Annual > sub-annual",48.7566338134951,13190
"EL SALVADOR_2005","Year","a0",1,15083,1,15083,NA,NA,NA,NA,TRUE,"Annual > sub-annual",55.5459789166611,15083
"EL SALVADOR_2006","Year","a0",1,21843,1,21843,NA,NA,NA,NA,TRUE,"Annual > sub-annual",41.7433502723985,21843
"EL SALVADOR_2007","Year","a0",1,12376,1,12376,NA,NA,NA,NA,TRUE,"Annual > sub-annual",49.9595992243051,12376
"EL SALVADOR_2008","Year","a0",1,5774,1,5774,NA,NA,NA,NA,TRUE,"Annual > sub-annual",23.6231382057499,5774
"EL SALVADOR_2009","Year","a0",1,14928,1,14928,NA,NA,NA,NA,FALSE,"Incomplete sub-annual - annual selected",8.41371918542337,14928
"EL SALVADOR_2010","Year","a0",1,22221,1,22221,NA,NA,NA,NA,NA,"Case 1: Annual only",NA,22221
"EL SALVADOR_2011","Year","a0",1,20623,1,20623,NA,NA,NA,NA,NA,"Case 1: Annual only",NA,20623
"EL SALVADOR_2012","Year","a0",1,43163,1,43163,NA,NA,NA,NA,NA,"Case 1: Annual only",NA,43163
"EL SALVADOR_2013","Year","a0",1,28877,1,28877,NA,NA,NA,NA,NA,"Case 1: Annual only",NA,28877
"EL SALVADOR_2014","Week","a0",53,53460,53,53460,NA,NA,NA,NA,TRUE,"Sub-annual >= Annual",100,53460
"EL SALVADOR_2015","Week","a0",52,50169,52,50169,NA,NA,NA,NA,TRUE,"Sub-annual >= Annual",100,50169
"EL SALVADOR_2016","Week","a0",52,8789,52,8789,NA,NA,NA,NA,TRUE,"Sub-annual >= Annual",100,8789
"EL SALVADOR_2017","Week","a0",52,4297,52,4297,NA,NA,NA,NA,TRUE,"Sub-annual >= Annual",100,4297
"EL SALVADOR_2018","Week","a0",52,8448,52,8448,NA,NA,NA,NA,TRUE,"Sub-annual >= Annual",100,8448
"EL SALVADOR_2019","Week","a0",52,27470,52,27470,NA,NA,NA,NA,TRUE,"Sub-annual >= Annual",100,27470
"EL SALVADOR_2020","Week","a0",53,5450,53,5450,NA,NA,NA,NA,TRUE,"Sub-annual >= Annual",100,5450
"EL SALVADOR_2021","Week","a0",52,5752,52,5752,NA,NA,NA,NA,TRUE,"Sub-annual >= Annual",100,5752
"EL SALVADOR_2022","Week","a0",52,16542,52,16542,NA,NA,NA,NA,TRUE,"Sub-annual >= Annual",100,16542
"EL SALVADOR_2023","Week","a0",52,5788,52,5788,NA,NA,NA,NA,TRUE,"Sub-annual >= Annual",100,5788
"EL SALVADOR_2024","Week","a0",52,8552,52,8552,NA,NA,NA,NA,TRUE,"Sub-annual >= Annual",100,8552
"ERITREA_2024","Month","a0",12,14679,12,14679,NA,NA,NA,NA,TRUE,"Case 2: Sub-annual only",NA,14679
"ETHIOPIA_2023","Month","a0",9,25939,9,25939,NA,NA,NA,NA,FALSE,"Case 2: Sub-annual only",NA,25939
"ETHIOPIA_2024","Month","a0",12,4016,12,4016,NA,NA,NA,NA,TRUE,"Case 2: Sub-annual only",NA,4016
"FIJI_1990","Year","a0",1,1461,1,1461,NA,NA,NA,NA,NA,"Case 1: Annual only",NA,1461
"FIJI_1991","Year","a0",1,65,1,65,NA,NA,NA,NA,NA,"Case 1: Annual only",NA,65
"FIJI_1992","Year","a0",1,358,1,358,NA,NA,NA,NA,NA,"Case 1: Annual only",NA,358
"FIJI_1993","Year","a0",1,39,1,39,NA,NA,NA,NA,NA,"Case 1: Annual only",NA,39
"FIJI_1994","Year","a0",1,0,1,0,NA,NA,NA,NA,NA,"Case 1: Annual only",NA,0
"FIJI_1995","Year","a0",1,27,1,27,NA,NA,NA,NA,NA,"Case 1: Annual only",NA,27
"FIJI_1996","Year","a0",1,2,1,2,NA,NA,NA,NA,NA,"Case 1: Annual only",NA,2
"FIJI_1997","Year","a0",1,0,1,0,NA,NA,NA,NA,NA,"Case 1: Annual only",NA,0
"FIJI_1998","Year","a0",1,24780,1,24780,NA,NA,NA,NA,NA,"Case 1: Annual only",NA,24780
"FIJI_1999","Year","a0",1,430,1,430,NA,NA,NA,NA,NA,"Case 1: Annual only",NA,430
"FIJI_2000","Year","a0",1,14,1,14,NA,NA,NA,NA,NA,"Case 1: Annual only",NA,14
"FIJI_2001","Year","a0",1,3,1,3,NA,NA,NA,NA,NA,"Case 1: Annual only",NA,3
"FIJI_2002","Year","a0",1,0,1,0,NA,NA,NA,NA,NA,"Case 1: Annual only",NA,0
"FIJI_2003","Year","a0",1,16,1,16,NA,NA,NA,NA,NA,"Case 1: Annual only",NA,16
"FIJI_2004","Year","a0",1,2,1,2,NA,NA,NA,NA,NA,"Case 1: Annual only",NA,2
"FIJI_2005","Year","a0",1,0,1,0,NA,NA,NA,NA,NA,"Case 1: Annual only",NA,0
"FIJI_2006","Year","a0",1,25,1,25,NA,NA,NA,NA,NA,"Case 1: Annual only",NA,25
"FIJI_2007","Year","a0",1,100,1,100,NA,NA,NA,NA,NA,"Case 1: Annual only",NA,100
"FIJI_2008","Year","a0",1,1895,1,1895,NA,NA,NA,NA,NA,"Case 1: Annual only",NA,1895
"FIJI_2009","Year","a0",1,374,1,374,NA,NA,NA,NA,NA,"Case 1: Annual only",NA,374
"FIJI_2010","Year","a0",1,8,1,8,NA,NA,NA,NA,NA,"Case 1: Annual only",NA,8
"FIJI_2011","Year","a0",1,88,1,88,NA,NA,NA,NA,NA,"Case 1: Annual only",NA,88
"FIJI_2012","Year","a0",1,1777,1,1777,NA,NA,NA,NA,FALSE,"Incomplete sub-annual - annual selected",34.7777152504221,1777
"FIJI_2013","Year","a0",1,355,1,355,NA,NA,NA,NA,FALSE,"Incomplete sub-annual - annual selected",99.1549295774648,355
"FIJI_2014","Year","a0",1,5244,1,5244,NA,NA,NA,NA,NA,"Case 1: Annual only",NA,5244
"FIJI_2015","Year","a0",1,1244,1,1244,NA,NA,NA,NA,NA,"Case 1: Annual only",NA,1244
"FIJI_2016","Year","a0",1,800,1,800,NA,NA,NA,NA,NA,"Case 1: Annual only",NA,800
"FIJI_2017","Week","a0",34,3148,34,3148,NA,NA,NA,NA,FALSE,"Incomplete sub-annual - sub-annual selected",116.635791033716,3148
"FIJI_2018","Week","a0",40,5389,40,5389,NA,NA,NA,NA,FALSE,"Incomplete sub-annual - sub-annual selected",134.725,5389
"FIJI_2019","Week","a0",28,2843,28,2843,NA,NA,NA,NA,FALSE,"Incomplete sub-annual - sub-annual selected",113.72,2843
"FIJI_2020","Week","a0",24,1834,24,1834,NA,NA,NA,NA,FALSE,"Case 2: Sub-annual only",NA,1834
"FIJI_2021","Week","a0",15,929,15,929,NA,NA,NA,NA,FALSE,"Case 2: Sub-annual only",NA,929
"FIJI_2022","Week","a0",45,8550,45,8550,NA,NA,NA,NA,FALSE,"Case 2: Sub-annual only",NA,8550
"FIJI_2023","Week","a0",21,6357,21,6357,NA,NA,NA,NA,FALSE,"Case 2: Sub-annual only",NA,6357
"FIJI_2024","Month","a0",9,6238,9,6238,NA,NA,NA,NA,FALSE,"Case 2: Sub-annual only",NA,6238
"FRANCE_2008","Year","a0",1,0,1,0,NA,NA,NA,NA,NA,"Case 1: Annual only",NA,0
"FRANCE_2009","Year","a0",1,0,1,0,NA,NA,NA,NA,NA,"Case 1: Annual only",NA,0
"FRANCE_2010","Year","a0",1,2,1,2,NA,NA,NA,NA,NA,"Case 1: Annual only",NA,2
"FRANCE_2011","Year","a0",1,0,1,0,NA,NA,NA,NA,NA,"Case 1: Annual only",NA,0
"FRANCE_2012","Year","a0",1,0,1,0,NA,NA,NA,NA,NA,"Case 1: Annual only",NA,0
"FRANCE_2013","Year","a0",1,1,1,1,NA,NA,NA,NA,NA,"Case 1: Annual only",NA,1
"FRANCE_2014","Year","a0",1,4,1,4,NA,NA,NA,NA,NA,"Case 1: Annual only",NA,4
"FRANCE_2015","Year","a0",1,8,1,8,NA,NA,NA,NA,NA,"Case 1: Annual only",NA,8
"FRANCE_2016","Year","a0",1,0,1,0,NA,NA,NA,NA,NA,"Case 1: Annual only",NA,0
"FRANCE_2017","Year","a0",1,0,1,0,NA,NA,NA,NA,NA,"Case 1: Annual only",NA,0
"FRANCE_2018","Year","a0",1,8,1,8,NA,NA,NA,NA,NA,"Case 1: Annual only",NA,8
"FRANCE_2019","Year","a0",1,9,1,9,NA,NA,NA,NA,NA,"Case 1: Annual only",NA,9
"FRANCE_2020","Year","a0",1,13,1,13,NA,NA,NA,NA,NA,"Case 1: Annual only",NA,13
"FRANCE_2021","Year","a0",1,3,1,3,NA,NA,NA,NA,NA,"Case 1: Annual only",NA,3
"FRANCE_2022","Year","a0",1,60,1,60,NA,NA,NA,NA,NA,"Case 1: Annual only",NA,60
"FRANCE_2023","Year","a0",1,44,1,44,NA,NA,NA,NA,NA,"Case 1: Annual only",NA,44
"FRANCE_2024","Month","a0",12,85,12,85,NA,NA,NA,NA,TRUE,"Case 2: Sub-annual only",NA,85
"FRENCH GUIANA_1990","Year","a0",1,0,1,0,NA,NA,NA,NA,NA,"Case 1: Annual only",NA,0
"FRENCH GUIANA_1991","Year","a0",1,15,1,15,NA,NA,NA,NA,NA,"Case 1: Annual only",NA,15
"FRENCH GUIANA_1992","Year","a0",1,0,1,0,NA,NA,NA,NA,NA,"Case 1: Annual only",NA,0
"FRENCH GUIANA_1993","Year","a0",1,0,1,0,NA,NA,NA,NA,NA,"Case 1: Annual only",NA,0
"FRENCH GUIANA_1994","Year","a0",1,0,1,0,NA,NA,NA,NA,NA,"Case 1: Annual only",NA,0
"FRENCH GUIANA_1995","Year","a0",1,895,1,895,NA,NA,NA,NA,NA,"Case 1: Annual only",NA,895
"FRENCH GUIANA_1996","Year","a0",1,358,1,358,NA,NA,NA,NA,NA,"Case 1: Annual only",NA,358
"FRENCH GUIANA_1997","Year","a0",1,848,1,848,NA,NA,NA,NA,NA,"Case 1: Annual only",NA,848
"FRENCH GUIANA_1998","Year","a0",1,533,1,533,NA,NA,NA,NA,NA,"Case 1: Annual only",NA,533
"FRENCH GUIANA_1999","Year","a0",1,88,1,88,NA,NA,NA,NA,NA,"Case 1: Annual only",NA,88
"FRENCH GUIANA_2000","Year","a0",1,182,1,182,NA,NA,NA,NA,NA,"Case 1: Annual only",NA,182
"FRENCH GUIANA_2001","Year","a0",1,2830,1,2830,NA,NA,NA,NA,NA,"Case 1: Annual only",NA,2830
"FRENCH GUIANA_2002","Year","a0",1,280,1,280,NA,NA,NA,NA,NA,"Case 1: Annual only",NA,280
"FRENCH GUIANA_2003","Year","a0",1,2178,1,2178,NA,NA,NA,NA,NA,"Case 1: Annual only",NA,2178
"FRENCH GUIANA_2004","Year","a0",1,3147,1,3147,NA,NA,NA,NA,NA,"Case 1: Annual only",NA,3147
"FRENCH GUIANA_2005","Year","a0",1,4365,1,4365,NA,NA,NA,NA,NA,"Case 1: Annual only",NA,4365
"FRENCH GUIANA_2006","Year","a0",1,15904,1,15904,NA,NA,NA,NA,NA,"Case 1: Annual only",NA,15904
"FRENCH GUIANA_2007","Year","a0",1,661,1,661,NA,NA,NA,NA,NA,"Case 1: Annual only",NA,661
"FRENCH GUIANA_2008","Year","a0",1,460,1,460,NA,NA,NA,NA,NA,"Case 1: Annual only",NA,460
"FRENCH GUIANA_2009","Year","a0",1,11328,1,11328,NA,NA,NA,NA,NA,"Case 1: Annual only",NA,11328
"FRENCH GUIANA_2010","Year","a0",1,10488,1,10488,NA,NA,NA,NA,NA,"Case 1: Annual only",NA,10488
"FRENCH GUIANA_2011","Year","a0",1,663,1,663,NA,NA,NA,NA,NA,"Case 1: Annual only",NA,663
"FRENCH GUIANA_2012","Year","a0",1,662,1,662,NA,NA,NA,NA,NA,"Case 1: Annual only",NA,662
"FRENCH GUIANA_2013","Year","a0",1,16263,1,16263,NA,NA,NA,NA,NA,"Case 1: Annual only",NA,16263
"FRENCH GUIANA_2014","Week","a0",53,1180,53,1180,NA,NA,NA,NA,TRUE,"Sub-annual >= Annual",100,1180
"FRENCH GUIANA_2015","Year","a0",1,2603,1,2603,NA,NA,NA,NA,FALSE,"Incomplete sub-annual - annual selected",36.2274298885901,2603
"FRENCH GUIANA_2016","Year","a0",1,522,1,522,NA,NA,NA,NA,FALSE,"Incomplete sub-annual - annual selected",2.8735632183908,522
"FRENCH GUIANA_2017","Year","a0",1,625,1,625,NA,NA,NA,NA,FALSE,"Incomplete sub-annual - annual selected",0,625
"FRENCH GUIANA_2018","Year","a0",1,240,1,240,NA,NA,NA,NA,FALSE,"Incomplete sub-annual - annual selected",47.9166666666667,240
"FRENCH GUIANA_2019","Week","a0",52,250,52,250,NA,NA,NA,NA,TRUE,"Sub-annual >= Annual",100,250
"FRENCH GUIANA_2020","Week","a0",53,8759,53,8759,NA,NA,NA,NA,TRUE,"Sub-annual >= Annual",100,8759
"FRENCH GUIANA_2021","Week","a0",52,1756,52,1756,NA,NA,NA,NA,TRUE,"Sub-annual >= Annual",100,1756
"FRENCH GUIANA_2023","Year","a0",1,2684,1,2684,NA,NA,NA,NA,FALSE,"Incomplete sub-annual - annual selected",14.2697466467958,2684
"FRENCH GUIANA_2024","Week","a0",52,16141,52,16141,NA,NA,NA,NA,TRUE,"Sub-annual >= Annual",100,16141
"FRENCH POLYNESIA_1991","Year","a0",1,518,1,518,NA,NA,NA,NA,NA,"Case 1: Annual only",NA,518
"FRENCH POLYNESIA_1992","Year","a0",1,593,1,593,NA,NA,NA,NA,NA,"Case 1: Annual only",NA,593
"FRENCH POLYNESIA_1993","Year","a0",1,355,1,355,NA,NA,NA,NA,NA,"Case 1: Annual only",NA,355
"FRENCH POLYNESIA_1994","Year","a0",1,134,1,134,NA,NA,NA,NA,NA,"Case 1: Annual only",NA,134
"FRENCH POLYNESIA_1995","Year","a0",1,206,1,206,NA,NA,NA,NA,NA,"Case 1: Annual only",NA,206
"FRENCH POLYNESIA_1996","Year","a0",1,577,1,577,NA,NA,NA,NA,NA,"Case 1: Annual only",NA,577
"FRENCH POLYNESIA_1997","Year","a0",1,0,1,0,NA,NA,NA,NA,NA,"Case 1: Annual only",NA,0
"FRENCH POLYNESIA_1998","Year","a0",1,14,1,14,NA,NA,NA,NA,NA,"Case 1: Annual only",NA,14
"FRENCH POLYNESIA_1999","Year","a0",1,33,1,33,NA,NA,NA,NA,NA,"Case 1: Annual only",NA,33
"FRENCH POLYNESIA_2000","Year","a0",1,36,1,36,NA,NA,NA,NA,NA,"Case 1: Annual only",NA,36
"FRENCH POLYNESIA_2001","Year","a0",1,32800,1,32800,NA,NA,NA,NA,NA,"Case 1: Annual only",NA,32800
"FRENCH POLYNESIA_2002","Year","a0",1,230,1,230,NA,NA,NA,NA,NA,"Case 1: Annual only",NA,230
"FRENCH POLYNESIA_2003","Year","a0",1,47,1,47,NA,NA,NA,NA,NA,"Case 1: Annual only",NA,47
"FRENCH POLYNESIA_2004","Year","a0",1,59,1,59,NA,NA,NA,NA,NA,"Case 1: Annual only",NA,59
"FRENCH POLYNESIA_2005","Year","a0",1,50,1,50,NA,NA,NA,NA,NA,"Case 1: Annual only",NA,50
"FRENCH POLYNESIA_2006","Year","a0",1,818,1,818,NA,NA,NA,NA,NA,"Case 1: Annual only",NA,818
"FRENCH POLYNESIA_2007","Year","a0",1,1897,1,1897,NA,NA,NA,NA,NA,"Case 1: Annual only",NA,1897
"FRENCH POLYNESIA_2008","Year","a0",1,176,1,176,NA,NA,NA,NA,NA,"Case 1: Annual only",NA,176
"FRENCH POLYNESIA_2009","Year","a0",1,2479,1,2479,NA,NA,NA,NA,NA,"Case 1: Annual only",NA,2479
"FRENCH POLYNESIA_2010","Year","a0",1,250,1,250,NA,NA,NA,NA,NA,"Case 1: Annual only",NA,250
"FRENCH POLYNESIA_2011","Year","a0",1,12,1,12,NA,NA,NA,NA,NA,"Case 1: Annual only",NA,12
"FRENCH POLYNESIA_2012","Year","a0",1,0,1,0,NA,NA,NA,NA,NA,"Case 1: Annual only",NA,0
"FRENCH POLYNESIA_2013","Year","a0",1,1523,1,1523,NA,NA,NA,NA,NA,"Case 1: Annual only",NA,1523
"FRENCH POLYNESIA_2014","Year","a0",1,2155,1,2155,NA,NA,NA,NA,FALSE,"Incomplete sub-annual - annual selected",98.3294663573086,2155
"FRENCH POLYNESIA_2015","Week","a0",52,1012,52,1012,NA,NA,NA,NA,TRUE,"Case 2: Sub-annual only",NA,1012
"FRENCH POLYNESIA_2017","Week","a0",29,7,29,7,NA,NA,NA,NA,FALSE,"Case 2: Sub-annual only",NA,7
"FRENCH POLYNESIA_2018","Week","a0",44,267,44,267,NA,NA,NA,NA,FALSE,"Case 2: Sub-annual only",NA,267
"FRENCH POLYNESIA_2019","Year","a0",1,2400,1,2400,NA,NA,NA,NA,FALSE,"Incomplete sub-annual - annual selected",29.9166666666667,2400
"FRENCH POLYNESIA_2020","Week","a0",22,257,22,257,NA,NA,NA,NA,FALSE,"Case 2: Sub-annual only",NA,257
"FRENCH POLYNESIA_2022","Week","a0",1,198,1,198,NA,NA,NA,NA,FALSE,"Case 2: Sub-annual only",NA,198
"FRENCH POLYNESIA_2023","Week","a0",2,10,2,10,NA,NA,NA,NA,FALSE,"Case 2: Sub-annual only",NA,10
"FRENCH POLYNESIA_2024","Month","a0",9,147,9,147,NA,NA,NA,NA,FALSE,"Case 2: Sub-annual only",NA,147
"GHANA_2024","Month","a0",12,1163,12,1163,NA,NA,NA,NA,TRUE,"Case 2: Sub-annual only",NA,1163
"GRENADA_1990","Year","a0",1,3,1,3,NA,NA,NA,NA,NA,"Case 1: Annual only",NA,3
"GRENADA_1991","Year","a0",1,1,1,1,NA,NA,NA,NA,NA,"Case 1: Annual only",NA,1
"GRENADA_1992","Year","a0",1,1,1,1,NA,NA,NA,NA,NA,"Case 1: Annual only",NA,1
"GRENADA_1993","Year","a0",1,1,1,1,NA,NA,NA,NA,NA,"Case 1: Annual only",NA,1
"GRENADA_1994","Year","a0",1,0,1,0,NA,NA,NA,NA,NA,"Case 1: Annual only",NA,0
"GRENADA_1995","Year","a0",1,73,1,73,NA,NA,NA,NA,NA,"Case 1: Annual only",NA,73
"GRENADA_1996","Year","a0",1,6,1,6,NA,NA,NA,NA,NA,"Case 1: Annual only",NA,6
"GRENADA_1997","Year","a0",1,22,1,22,NA,NA,NA,NA,NA,"Case 1: Annual only",NA,22
"GRENADA_1998","Year","a0",1,4,1,4,NA,NA,NA,NA,NA,"Case 1: Annual only",NA,4
"GRENADA_1999","Year","a0",1,85,1,85,NA,NA,NA,NA,NA,"Case 1: Annual only",NA,85
"GRENADA_2000","Year","a0",1,27,1,27,NA,NA,NA,NA,NA,"Case 1: Annual only",NA,27
"GRENADA_2001","Year","a0",1,12,1,12,NA,NA,NA,NA,NA,"Case 1: Annual only",NA,12
"GRENADA_2002","Year","a0",1,81,1,81,NA,NA,NA,NA,NA,"Case 1: Annual only",NA,81
"GRENADA_2003","Year","a0",1,17,1,17,NA,NA,NA,NA,NA,"Case 1: Annual only",NA,17
"GRENADA_2004","Year","a0",1,7,1,7,NA,NA,NA,NA,NA,"Case 1: Annual only",NA,7
"GRENADA_2005","Year","a0",1,0,1,0,NA,NA,NA,NA,NA,"Case 1: Annual only",NA,0
"GRENADA_2006","Year","a0",1,22,1,22,NA,NA,NA,NA,NA,"Case 1: Annual only",NA,22
"GRENADA_2007","Year","a0",1,0,1,0,NA,NA,NA,NA,NA,"Case 1: Annual only",NA,0
"GRENADA_2008","Year","a0",1,6,1,6,NA,NA,NA,NA,NA,"Case 1: Annual only",NA,6
"GRENADA_2009","Year","a0",1,23,1,23,NA,NA,NA,NA,NA,"Case 1: Annual only",NA,23
"GRENADA_2010","Week","a0",52,253,52,253,NA,NA,NA,NA,TRUE,"Sub-annual >= Annual",174.48275862069,253
"GRENADA_2011","Week","a0",52,125,52,125,NA,NA,NA,NA,TRUE,"Sub-annual >= Annual",145.348837209302,125
"GRENADA_2012","Week","a0",52,94,52,94,NA,NA,NA,NA,TRUE,"Sub-annual >= Annual",138.235294117647,94
"GRENADA_2013","Week","a0",52,226,52,226,NA,NA,NA,NA,TRUE,"Sub-annual >= Annual",145.806451612903,226
"GRENADA_2014","Week","a0",53,81,53,81,NA,NA,NA,NA,TRUE,"Sub-annual >= Annual",207.692307692308,81
"GRENADA_2015","Year","a0",1,25,1,25,NA,NA,NA,NA,TRUE,"Annual > sub-annual",28,25
"GRENADA_2016","Week","a0",52,172,52,172,NA,NA,NA,NA,TRUE,"Sub-annual >= Annual",113.907284768212,172
"GRENADA_2017","Week","a0",52,239,52,239,NA,NA,NA,NA,TRUE,"Sub-annual >= Annual",100,239
"GRENADA_2018","Year","a0",1,463,1,463,NA,NA,NA,NA,TRUE,"Annual > sub-annual",90.4967602591793,463
"GRENADA_2019","Week","a0",52,107,52,107,NA,NA,NA,NA,TRUE,"Sub-annual >= Annual",100.943396226415,107
"GRENADA_2020","Week","a0",53,253,53,253,NA,NA,NA,NA,TRUE,"Sub-annual >= Annual",100,253
"GRENADA_2021","Year","a0",1,230,1,230,NA,NA,NA,NA,FALSE,"Incomplete sub-annual - annual selected",21.304347826087,230
"GRENADA_2022","Week","a0",52,293,52,293,NA,NA,NA,NA,TRUE,"Sub-annual >= Annual",100,293
"GRENADA_2023","Week","a0",52,635,52,635,NA,NA,NA,NA,TRUE,"Sub-annual >= Annual",100,635
"GRENADA_2024","Week","a0",52,798,52,798,NA,NA,NA,NA,TRUE,"Sub-annual >= Annual",100,798
"GUADELOUPE_1990","Year","a0",1,0,1,0,NA,NA,NA,NA,NA,"Case 1: Annual only",NA,0
"GUADELOUPE_1991","Year","a0",1,0,1,0,NA,NA,NA,NA,NA,"Case 1: Annual only",NA,0
"GUADELOUPE_1992","Year","a0",1,0,1,0,NA,NA,NA,NA,NA,"Case 1: Annual only",NA,0
"GUADELOUPE_1993","Year","a0",1,0,1,0,NA,NA,NA,NA,NA,"Case 1: Annual only",NA,0
"GUADELOUPE_1994","Year","a0",1,0,1,0,NA,NA,NA,NA,NA,"Case 1: Annual only",NA,0
"GUADELOUPE_1995","Year","a0",1,149,1,149,NA,NA,NA,NA,NA,"Case 1: Annual only",NA,149
"GUADELOUPE_1996","Year","a0",1,186,1,186,NA,NA,NA,NA,NA,"Case 1: Annual only",NA,186
"GUADELOUPE_1997","Year","a0",1,0,1,0,NA,NA,NA,NA,NA,"Case 1: Annual only",NA,0
"GUADELOUPE_1998","Year","a0",1,0,1,0,NA,NA,NA,NA,NA,"Case 1: Annual only",NA,0
"GUADELOUPE_1999","Year","a0",1,41,1,41,NA,NA,NA,NA,NA,"Case 1: Annual only",NA,41
"GUADELOUPE_2000","Year","a0",1,59,1,59,NA,NA,NA,NA,NA,"Case 1: Annual only",NA,59
"GUADELOUPE_2001","Year","a0",1,0,1,0,NA,NA,NA,NA,NA,"Case 1: Annual only",NA,0
"GUADELOUPE_2002","Year","a0",1,93,1,93,NA,NA,NA,NA,NA,"Case 1: Annual only",NA,93
"GUADELOUPE_2003","Year","a0",1,495,1,495,NA,NA,NA,NA,NA,"Case 1: Annual only",NA,495
"GUADELOUPE_2004","Year","a0",1,0,1,0,NA,NA,NA,NA,NA,"Case 1: Annual only",NA,0
"GUADELOUPE_2005","Year","a0",1,3358,1,3358,NA,NA,NA,NA,NA,"Case 1: Annual only",NA,3358
"GUADELOUPE_2006","Year","a0",1,2942,1,2942,NA,NA,NA,NA,NA,"Case 1: Annual only",NA,2942
"GUADELOUPE_2007","Year","a0",1,3162,1,3162,NA,NA,NA,NA,NA,"Case 1: Annual only",NA,3162
"GUADELOUPE_2008","Year","a0",1,277,1,277,NA,NA,NA,NA,NA,"Case 1: Annual only",NA,277
"GUADELOUPE_2009","Year","a0",1,2233,1,2233,NA,NA,NA,NA,NA,"Case 1: Annual only",NA,2233
"GUADELOUPE_2010","Year","a0",1,40737,1,40737,NA,NA,NA,NA,NA,"Case 1: Annual only",NA,40737
"GUADELOUPE_2011","Year","a0",1,101,1,101,NA,NA,NA,NA,NA,"Case 1: Annual only",NA,101
"GUADELOUPE_2012","Year","a0",1,1088,1,1088,NA,NA,NA,NA,NA,"Case 1: Annual only",NA,1088
"GUADELOUPE_2013","Year","a0",1,12706,1,12706,NA,NA,NA,NA,NA,"Case 1: Annual only",NA,12706
"GUADELOUPE_2014","Year","a0",1,1397,1,1397,NA,NA,NA,NA,FALSE,"Incomplete sub-annual - annual selected",47.5304223335719,1397
"GUADELOUPE_2015","Year","a0",1,201,1,201,NA,NA,NA,NA,FALSE,"Incomplete sub-annual - annual selected",17.4129353233831,201
"GUADELOUPE_2016","Year","a0",1,177,1,177,NA,NA,NA,NA,FALSE,"Incomplete sub-annual - annual selected",5.08474576271187,177
"GUADELOUPE_2017","Year","a0",1,540,1,540,NA,NA,NA,NA,FALSE,"Incomplete sub-annual - annual selected",84.2592592592593,540
"GUADELOUPE_2018","Year","a0",1,438,1,438,NA,NA,NA,NA,FALSE,"Incomplete sub-annual - annual selected",77.3972602739726,438
"GUADELOUPE_2019","Year","a0",1,3230,1,3230,NA,NA,NA,NA,FALSE,"Incomplete sub-annual - annual selected",92.6315789473684,3230
"GUADELOUPE_2020","Week","a0",53,19407,53,19407,NA,NA,NA,NA,TRUE,"Sub-annual >= Annual",100,19407
"GUADELOUPE_2021","Week","a0",52,540,52,540,NA,NA,NA,NA,TRUE,"Sub-annual >= Annual",100,540
"GUADELOUPE_2022","Year","a0",1,790,1,790,NA,NA,NA,NA,FALSE,"Incomplete sub-annual - annual selected",13.9240506329114,790
"GUADELOUPE_2023","Week","a0",52,11751,52,11751,NA,NA,NA,NA,TRUE,"Sub-annual >= Annual",100,11751
"GUADELOUPE_2024","Week","a0",52,11025,52,11025,NA,NA,NA,NA,TRUE,"Sub-annual >= Annual",100,11025
"GUAM_1991","Year","a0",1,0,1,0,NA,NA,NA,NA,NA,"Case 1: Annual only",NA,0
"GUAM_1992","Year","a0",1,0,1,0,NA,NA,NA,NA,NA,"Case 1: Annual only",NA,0
"GUAM_1993","Year","a0",1,0,1,0,NA,NA,NA,NA,NA,"Case 1: Annual only",NA,0
"GUAM_1994","Year","a0",1,0,1,0,NA,NA,NA,NA,NA,"Case 1: Annual only",NA,0
"GUAM_1995","Year","a0",1,0,1,0,NA,NA,NA,NA,NA,"Case 1: Annual only",NA,0
"GUAM_1996","Year","a0",1,0,1,0,NA,NA,NA,NA,NA,"Case 1: Annual only",NA,0
"GUAM_1997","Year","a0",1,1,1,1,NA,NA,NA,NA,NA,"Case 1: Annual only",NA,1
"GUAM_1998","Year","a0",1,2,1,2,NA,NA,NA,NA,NA,"Case 1: Annual only",NA,2
"GUAM_1999","Year","a0",1,1,1,1,NA,NA,NA,NA,NA,"Case 1: Annual only",NA,1
"GUAM_2000","Year","a0",1,2,1,2,NA,NA,NA,NA,NA,"Case 1: Annual only",NA,2
"GUAM_2001","Year","a0",1,0,1,0,NA,NA,NA,NA,NA,"Case 1: Annual only",NA,0
"GUAM_2002","Year","a0",1,0,1,0,NA,NA,NA,NA,NA,"Case 1: Annual only",NA,0
"GUAM_2003","Year","a0",1,1,1,1,NA,NA,NA,NA,NA,"Case 1: Annual only",NA,1
"GUAM_2004","Year","a0",1,1,1,1,NA,NA,NA,NA,NA,"Case 1: Annual only",NA,1
"GUAM_2005","Year","a0",1,0,1,0,NA,NA,NA,NA,NA,"Case 1: Annual only",NA,0
"GUAM_2006","Year","a0",1,3,1,3,NA,NA,NA,NA,NA,"Case 1: Annual only",NA,3
"GUAM_2007","Year","a0",1,1,1,1,NA,NA,NA,NA,NA,"Case 1: Annual only",NA,1
"GUAM_2008","Year","a0",1,0,1,0,NA,NA,NA,NA,NA,"Case 1: Annual only",NA,0
"GUAM_2009","Year","a0",1,0,1,0,NA,NA,NA,NA,NA,"Case 1: Annual only",NA,0
"GUAM_2010","Year","a0",1,3,1,3,NA,NA,NA,NA,NA,"Case 1: Annual only",NA,3
"GUAM_2011","Year","a0",1,0,1,0,NA,NA,NA,NA,NA,"Case 1: Annual only",NA,0
"GUAM_2012","Year","a0",1,0,1,0,NA,NA,NA,NA,NA,"Case 1: Annual only",NA,0
"GUAM_2017","Week","a0",27,0,27,0,NA,NA,NA,NA,FALSE,"Case 2: Sub-annual only",NA,0
"GUAM_2018","Week","a0",22,0,22,0,NA,NA,NA,NA,FALSE,"Case 2: Sub-annual only",NA,0
"GUAM_2019","Year","a0",1,23,1,23,NA,NA,NA,NA,NA,"Case 1: Annual only",NA,23
"GUAM_2022","Week","a0",1,119,1,119,NA,NA,NA,NA,FALSE,"Case 2: Sub-annual only",NA,119
"GUAM_2024","Week","a0",40,0,40,0,NA,NA,NA,NA,FALSE,"Case 2: Sub-annual only",NA,0
"GUATEMALA_1990","Year","a0",1,5757,1,5757,NA,NA,NA,NA,NA,"Case 1: Annual only",NA,5757
"GUATEMALA_1991","Year","a0",1,10968,1,10968,NA,NA,NA,NA,NA,"Case 1: Annual only",NA,10968
"GUATEMALA_1992","Year","a0",1,1286,1,1286,NA,NA,NA,NA,NA,"Case 1: Annual only",NA,1286
"GUATEMALA_1993","Year","a0",1,1907,1,1907,NA,NA,NA,NA,NA,"Case 1: Annual only",NA,1907
"GUATEMALA_1994","Year","a0",1,2872,1,2872,NA,NA,NA,NA,NA,"Case 1: Annual only",NA,2872
"GUATEMALA_1995","Year","a0",1,3979,1,3979,NA,NA,NA,NA,NA,"Case 1: Annual only",NA,3979
"GUATEMALA_1996","Year","a0",1,3660,1,3660,NA,NA,NA,NA,NA,"Case 1: Annual only",NA,3660
"GUATEMALA_1997","Year","a0",1,5379,1,5379,NA,NA,NA,NA,NA,"Case 1: Annual only",NA,5379
"GUATEMALA_1998","Year","a0",1,4653,1,4653,NA,NA,NA,NA,NA,"Case 1: Annual only",NA,4653
"GUATEMALA_1999","Year","a0",1,3615,1,3615,NA,NA,NA,NA,NA,"Case 1: Annual only",NA,3615
"GUATEMALA_2000","Year","a0",1,8964,1,8964,NA,NA,NA,NA,NA,"Case 1: Annual only",NA,8964
"GUATEMALA_2001","Year","a0",1,4512,1,4512,NA,NA,NA,NA,NA,"Case 1: Annual only",NA,4512
"GUATEMALA_2002","Year","a0",1,7552,1,7552,NA,NA,NA,NA,NA,"Case 1: Annual only",NA,7552
"GUATEMALA_2003","Year","a0",1,6728,1,6728,NA,NA,NA,NA,NA,"Case 1: Annual only",NA,6728
"GUATEMALA_2004","Year","a0",1,6313,1,6313,NA,NA,NA,NA,NA,"Case 1: Annual only",NA,6313
"GUATEMALA_2005","Year","a0",1,6309,1,6309,NA,NA,NA,NA,NA,"Case 1: Annual only",NA,6309
"GUATEMALA_2006","Year","a0",1,2422,1,2422,NA,NA,NA,NA,NA,"Case 1: Annual only",NA,2422
"GUATEMALA_2007","Year","a0",1,5865,1,5865,1,580,NA,NA,NA,"Case 1: Annual only",NA,5865
"GUATEMALA_2008","Year","a0",1,3227,1,3227,1,503,NA,NA,NA,"Case 1: Annual only",NA,3227
"GUATEMALA_2009","Year","a0",1,10200,1,10200,NA,NA,NA,NA,NA,"Case 1: Annual only",NA,10200
"GUATEMALA_2010","Year","a0",1,16842,1,16842,1,3331,NA,NA,NA,"Case 1: Annual only",NA,16842
"GUATEMALA_2011","Year","a0",1,2553,1,2553,1,681,NA,NA,NA,"Case 1: Annual only",NA,2553
"GUATEMALA_2012","Year","a0",1,9331,1,9331,1,2056,NA,NA,NA,"Case 1: Annual only",NA,9331
"GUATEMALA_2013","Year","a0",1,11703,1,11703,NA,NA,NA,NA,NA,"Case 1: Annual only",NA,11703
"GUATEMALA_2014","Year","a0",1,19863,1,19863,NA,NA,NA,NA,TRUE,"Annual > sub-annual",99.6677239087751,19863
"GUATEMALA_2015","Year","a0",1,18685,1,18685,NA,NA,NA,NA,TRUE,"Annual > sub-annual",96.6443671394166,18685
"GUATEMALA_2016","Year","a0",1,9070,1,9070,1,8243,NA,NA,TRUE,"Annual > sub-annual",97.5082690187431,9070
"GUATEMALA_2017","Year","a0",1,4241,1,4241,1,4214,NA,NA,TRUE,"Annual > sub-annual",99.363357698656,4241
"GUATEMALA_2018","Year","a0",1,7592,1,7592,1,7592,NA,NA,TRUE,"Annual > sub-annual",89.9631190727081,7592
"GUATEMALA_2019","Year","a0",1,50886,1,50886,1,50886,NA,NA,TRUE,"Annual > sub-annual",99.1078096136462,50886
"GUATEMALA_2020","Year","a0",1,6075,1,6075,1,5983,NA,NA,TRUE,"Annual > sub-annual",98.4855967078189,6075
"GUATEMALA_2021","Year","a0",1,2959,1,2959,1,2861,NA,NA,TRUE,"Annual > sub-annual",96.6880702940182,2959
"GUATEMALA_2022","Week","a0",52,8553,52,8553,NA,NA,NA,NA,TRUE,"Sub-annual >= Annual",100,8553
"GUATEMALA_2023","Week","a0",52,72358,52,72358,NA,NA,NA,NA,TRUE,"Sub-annual >= Annual",100,72358
"GUATEMALA_2024","Week","a0",52,188585,52,188585,NA,NA,NA,NA,TRUE,"Sub-annual >= Annual",100,188585
"GUINEA_2024","Month","a0",7,2,7,2,NA,NA,NA,NA,FALSE,"Case 2: Sub-annual only",NA,2
"GUYANA_1990","Year","a0",1,0,1,0,NA,NA,NA,NA,NA,"Case 1: Annual only",NA,0
"GUYANA_1991","Year","a0",1,0,1,0,NA,NA,NA,NA,NA,"Case 1: Annual only",NA,0
"GUYANA_1992","Year","a0",1,0,1,0,NA,NA,NA,NA,NA,"Case 1: Annual only",NA,0
"GUYANA_1993","Year","a0",1,0,1,0,NA,NA,NA,NA,NA,"Case 1: Annual only",NA,0
"GUYANA_1994","Year","a0",1,0,1,0,NA,NA,NA,NA,NA,"Case 1: Annual only",NA,0
"GUYANA_1995","Year","a0",1,0,1,0,NA,NA,NA,NA,NA,"Case 1: Annual only",NA,0
"GUYANA_1996","Year","a0",1,0,1,0,NA,NA,NA,NA,NA,"Case 1: Annual only",NA,0
"GUYANA_1997","Year","a0",1,0,1,0,NA,NA,NA,NA,NA,"Case 1: Annual only",NA,0
"GUYANA_1998","Year","a0",1,42,1,42,NA,NA,NA,NA,NA,"Case 1: Annual only",NA,42
"GUYANA_1999","Year","a0",1,0,1,0,NA,NA,NA,NA,NA,"Case 1: Annual only",NA,0
"GUYANA_2000","Year","a0",1,19,1,19,NA,NA,NA,NA,NA,"Case 1: Annual only",NA,19
"GUYANA_2001","Year","a0",1,60,1,60,NA,NA,NA,NA,NA,"Case 1: Annual only",NA,60
"GUYANA_2002","Year","a0",1,200,1,200,NA,NA,NA,NA,NA,"Case 1: Annual only",NA,200
"GUYANA_2003","Year","a0",1,33,1,33,NA,NA,NA,NA,NA,"Case 1: Annual only",NA,33
"GUYANA_2004","Year","a0",1,47,1,47,NA,NA,NA,NA,NA,"Case 1: Annual only",NA,47
"GUYANA_2005","Year","a0",1,178,1,178,NA,NA,NA,NA,NA,"Case 1: Annual only",NA,178
"GUYANA_2006","Year","a0",1,118,1,118,NA,NA,NA,NA,NA,"Case 1: Annual only",NA,118
"GUYANA_2007","Year","a0",1,200,1,200,NA,NA,NA,NA,NA,"Case 1: Annual only",NA,200
"GUYANA_2008","Year","a0",1,324,1,324,NA,NA,NA,NA,NA,"Case 1: Annual only",NA,324
"GUYANA_2009","Year","a0",1,993,1,993,NA,NA,NA,NA,NA,"Case 1: Annual only",NA,993
"GUYANA_2010","Year","a0",1,1467,1,1467,NA,NA,NA,NA,NA,"Case 1: Annual only",NA,1467
"GUYANA_2011","Year","a0",1,1093,1,1093,NA,NA,NA,NA,NA,"Case 1: Annual only",NA,1093
"GUYANA_2012","Year","a0",1,2189,1,2189,NA,NA,NA,NA,NA,"Case 1: Annual only",NA,2189
"GUYANA_2013","Year","a0",1,1120,1,1120,NA,NA,NA,NA,NA,"Case 1: Annual only",NA,1120
"GUYANA_2014","Year","a0",1,863,1,863,NA,NA,NA,NA,FALSE,"Incomplete sub-annual - annual selected",78.4472769409038,863
"GUYANA_2015","Year","a0",1,388,1,388,NA,NA,NA,NA,FALSE,"Incomplete sub-annual - annual selected",3.8659793814433,388
"GUYANA_2016","Year","a0",1,303,1,303,NA,NA,NA,NA,FALSE,"Incomplete sub-annual - annual selected",21.4521452145215,303
"GUYANA_2017","Year","a0",1,4,1,4,NA,NA,NA,NA,FALSE,"Incomplete sub-annual - annual selected",0,4
"GUYANA_2018","Year","a0",1,286,1,286,NA,NA,NA,NA,FALSE,"Incomplete sub-annual - annual selected",35.3146853146853,286
"GUYANA_2019","Year","a0",1,230,1,230,NA,NA,NA,NA,FALSE,"Incomplete sub-annual - annual selected",39.5652173913043,230
"GUYANA_2020","Year","a0",1,1724,1,1724,NA,NA,NA,NA,FALSE,"Incomplete sub-annual - annual selected",0.580046403712297,1724
"GUYANA_2021","Year","a0",1,4380,1,4380,NA,NA,NA,NA,FALSE,"Incomplete sub-annual - annual selected",2.92237442922374,4380
"GUYANA_2022","Week","a0",52,11811,52,11811,NA,NA,NA,NA,TRUE,"Sub-annual >= Annual",100,11811
"GUYANA_2023","Week","a0",52,27973,52,27973,NA,NA,NA,NA,TRUE,"Sub-annual >= Annual",100,27973
"GUYANA_2024","Week","a0",52,46306,52,46306,NA,NA,NA,NA,TRUE,"Sub-annual >= Annual",100,46306
"HAITI_1990","Year","a0",1,0,1,0,NA,NA,NA,NA,NA,"Case 1: Annual only",NA,0
"HAITI_1991","Year","a0",1,0,1,0,NA,NA,NA,NA,NA,"Case 1: Annual only",NA,0
"HAITI_1992","Year","a0",1,0,1,0,NA,NA,NA,NA,NA,"Case 1: Annual only",NA,0
"HAITI_1993","Year","a0",1,0,1,0,NA,NA,NA,NA,NA,"Case 1: Annual only",NA,0
"HAITI_1994","Year","a0",1,0,1,0,NA,NA,NA,NA,NA,"Case 1: Annual only",NA,0
"HAITI_1995","Year","a0",1,0,1,0,NA,NA,NA,NA,NA,"Case 1: Annual only",NA,0
"HAITI_1996","Year","a0",1,0,1,0,NA,NA,NA,NA,NA,"Case 1: Annual only",NA,0
"HAITI_1997","Year","a0",1,0,1,0,NA,NA,NA,NA,NA,"Case 1: Annual only",NA,0
"HAITI_1998","Year","a0",1,0,1,0,NA,NA,NA,NA,NA,"Case 1: Annual only",NA,0
"HAITI_1999","Year","a0",1,0,1,0,NA,NA,NA,NA,NA,"Case 1: Annual only",NA,0
"HAITI_2000","Year","a0",1,0,1,0,NA,NA,NA,NA,NA,"Case 1: Annual only",NA,0
"HAITI_2001","Year","a0",1,0,1,0,NA,NA,NA,NA,NA,"Case 1: Annual only",NA,0
"HAITI_2002","Year","a0",1,0,1,0,NA,NA,NA,NA,NA,"Case 1: Annual only",NA,0
"HAITI_2003","Year","a0",1,0,1,0,NA,NA,NA,NA,NA,"Case 1: Annual only",NA,0
"HAITI_2004","Year","a0",1,0,1,0,NA,NA,NA,NA,NA,"Case 1: Annual only",NA,0
"HAITI_2005","Year","a0",1,0,1,0,NA,NA,NA,NA,NA,"Case 1: Annual only",NA,0
"HAITI_2006","Year","a0",1,0,1,0,NA,NA,NA,NA,NA,"Case 1: Annual only",NA,0
"HAITI_2007","Year","a0",1,0,1,0,NA,NA,NA,NA,NA,"Case 1: Annual only",NA,0
"HAITI_2008","Year","a0",1,0,1,0,NA,NA,NA,NA,NA,"Case 1: Annual only",NA,0
"HAITI_2009","Year","a0",1,0,1,0,NA,NA,NA,NA,NA,"Case 1: Annual only",NA,0
"HAITI_2010","Year","a0",1,0,1,0,NA,NA,NA,NA,NA,"Case 1: Annual only",NA,0
"HAITI_2011","Year","a0",1,0,1,0,NA,NA,NA,NA,NA,"Case 1: Annual only",NA,0
"HAITI_2012","Year","a0",1,240,1,240,NA,NA,NA,NA,NA,"Case 1: Annual only",NA,240
"HAITI_2013","Year","a0",1,0,1,0,NA,NA,NA,NA,NA,"Case 1: Annual only",NA,0
"HAITI_2014","Year","a0",1,0,1,0,NA,NA,NA,NA,NA,"Case 1: Annual only",NA,0
"HAITI_2015","Year","a0",1,130,1,130,NA,NA,NA,NA,NA,"Case 1: Annual only",NA,130
"HAITI_2018","Week","a0",52,90,52,90,NA,NA,NA,NA,TRUE,"Sub-annual >= Annual",100,90
"HAITI_2019","Week","a0",52,93,52,93,NA,NA,NA,NA,TRUE,"Sub-annual >= Annual",100,93
"HAITI_2020","Week","a0",53,1783,53,1783,NA,NA,NA,NA,TRUE,"Sub-annual >= Annual",100,1783
"HAITI_2021","Year","a0",1,6298,1,6298,NA,NA,NA,NA,FALSE,"Incomplete sub-annual - annual selected",0.508097808828199,6298
"HAITI_2022","Year","a0",1,3316,1,3316,NA,NA,NA,NA,FALSE,"Incomplete sub-annual - annual selected",0,3316
"HONDURAS_1990","Year","a0",1,1700,1,1700,NA,NA,NA,NA,NA,"Case 1: Annual only",NA,1700
"HONDURAS_1991","Year","a0",1,5303,1,5303,NA,NA,NA,NA,NA,"Case 1: Annual only",NA,5303
"HONDURAS_1992","Year","a0",1,2114,1,2114,NA,NA,NA,NA,NA,"Case 1: Annual only",NA,2114
"HONDURAS_1993","Year","a0",1,2847,1,2847,NA,NA,NA,NA,NA,"Case 1: Annual only",NA,2847
"HONDURAS_1994","Year","a0",1,3055,1,3055,NA,NA,NA,NA,NA,"Case 1: Annual only",NA,3055
"HONDURAS_1995","Year","a0",1,27560,1,27560,NA,NA,NA,NA,NA,"Case 1: Annual only",NA,27560
"HONDURAS_1996","Year","a0",1,5047,1,5047,NA,NA,NA,NA,NA,"Case 1: Annual only",NA,5047
"HONDURAS_1997","Year","a0",1,11861,1,11861,NA,NA,NA,NA,NA,"Case 1: Annual only",NA,11861
"HONDURAS_1998","Year","a0",1,22200,1,22200,NA,NA,NA,NA,NA,"Case 1: Annual only",NA,22200
"HONDURAS_1999","Year","a0",1,17766,1,17766,NA,NA,NA,NA,NA,"Case 1: Annual only",NA,17766
"HONDURAS_2000","Year","a0",1,13328,1,13328,NA,NA,NA,NA,NA,"Case 1: Annual only",NA,13328
"HONDURAS_2001","Year","a0",1,8646,1,8646,NA,NA,NA,NA,NA,"Case 1: Annual only",NA,8646
"HONDURAS_2002","Year","a0",1,31406,1,31406,NA,NA,NA,NA,NA,"Case 1: Annual only",NA,31406
"HONDURAS_2003","Year","a0",1,16101,1,16101,NA,NA,NA,NA,NA,"Case 1: Annual only",NA,16101
"HONDURAS_2004","Year","a0",1,17626,1,17626,NA,NA,NA,NA,NA,"Case 1: Annual only",NA,17626
"HONDURAS_2005","Year","a0",1,17048,1,17048,NA,NA,NA,NA,NA,"Case 1: Annual only",NA,17048
"HONDURAS_2006","Year","a0",1,7800,1,7800,NA,NA,NA,NA,NA,"Case 1: Annual only",NA,7800
"HONDURAS_2007","Year","a0",1,29328,1,29328,NA,NA,NA,NA,NA,"Case 1: Annual only",NA,29328
"HONDURAS_2008","Year","a0",1,16460,1,16460,NA,NA,NA,NA,NA,"Case 1: Annual only",NA,16460
"HONDURAS_2009","Year","a0",1,14528,1,14528,NA,NA,NA,NA,NA,"Case 1: Annual only",NA,14528
"HONDURAS_2010","Year","a0",1,63546,1,63546,NA,NA,NA,NA,NA,"Case 1: Annual only",NA,63546
"HONDURAS_2011","Year","a0",1,7412,1,7412,NA,NA,NA,NA,NA,"Case 1: Annual only",NA,7412
"HONDURAS_2012","Year","a0",1,15554,1,15554,NA,NA,NA,NA,NA,"Case 1: Annual only",NA,15554
"HONDURAS_2013","Year","a0",1,39201,1,39201,NA,NA,NA,NA,NA,"Case 1: Annual only",NA,39201
"HONDURAS_2014","Week","a0",53,42753,53,42753,NA,NA,NA,NA,TRUE,"Sub-annual >= Annual",100,42753
"HONDURAS_2015","Week","a0",52,44834,52,44834,NA,NA,NA,NA,TRUE,"Sub-annual >= Annual",100,44834
"HONDURAS_2016","Week","a0",52,22961,52,22961,NA,NA,NA,NA,TRUE,"Sub-annual >= Annual",100,22961
"HONDURAS_2017","Week","a0",52,5217,52,5217,NA,NA,NA,NA,TRUE,"Sub-annual >= Annual",100,5217
"HONDURAS_2018","Week","a0",52,7942,52,7942,NA,NA,NA,NA,TRUE,"Sub-annual >= Annual",100,7942
"HONDURAS_2019","Week","a0",52,132143,52,132143,NA,NA,NA,NA,TRUE,"Sub-annual >= Annual",100,132143
"HONDURAS_2020","Week","a0",53,25180,53,25180,NA,NA,NA,NA,TRUE,"Sub-annual >= Annual",100,25180
"HONDURAS_2021","Week","a0",52,19753,52,19753,NA,NA,NA,NA,TRUE,"Sub-annual >= Annual",100,19753
"HONDURAS_2022","Week","a0",52,25337,52,25337,NA,NA,NA,NA,TRUE,"Sub-annual >= Annual",100,25337
"HONDURAS_2023","Week","a0",52,34050,52,34050,NA,NA,NA,NA,TRUE,"Sub-annual >= Annual",100,34050
"HONDURAS_2024","Week","a0",52,177209,52,177209,NA,NA,NA,NA,TRUE,"Sub-annual >= Annual",100,177209
"HONG KONG_1994","Year","a0",1,0,1,0,NA,NA,NA,NA,NA,"Case 1: Annual only",NA,0
"HONG KONG_1995","Year","a0",1,0,1,0,NA,NA,NA,NA,NA,"Case 1: Annual only",NA,0
"HONG KONG_1996","Year","a0",1,0,1,0,NA,NA,NA,NA,NA,"Case 1: Annual only",NA,0
"HONG KONG_1997","Year","a0",1,0,1,0,NA,NA,NA,NA,NA,"Case 1: Annual only",NA,0
"HONG KONG_1998","Year","a0",1,0,1,0,NA,NA,NA,NA,NA,"Case 1: Annual only",NA,0
"HONG KONG_1999","Year","a0",1,0,1,0,NA,NA,NA,NA,NA,"Case 1: Annual only",NA,0
"HONG KONG_2000","Year","a0",1,0,1,0,NA,NA,NA,NA,NA,"Case 1: Annual only",NA,0
"HONG KONG_2001","Year","a0",1,0,1,0,NA,NA,NA,NA,NA,"Case 1: Annual only",NA,0
"HONG KONG_2002","Month","a0",12,20,12,20,NA,NA,NA,NA,TRUE,"Special country - sub-annual selected",45.4545454545455,20
"HONG KONG_2003","Month","a0",12,1,12,1,NA,NA,NA,NA,TRUE,"Special country - sub-annual selected",2.08333333333333,1
"HONG KONG_2004","Month","a0",12,0,12,0,NA,NA,NA,NA,TRUE,"Special country - sub-annual selected",0,0
"HONG KONG_2005","Month","a0",12,0,12,0,NA,NA,NA,NA,TRUE,"Special country - sub-annual selected",0,0
"HONG KONG_2006","Month","a0",12,0,12,0,NA,NA,NA,NA,TRUE,"Special country - sub-annual selected",0,0
"HONG KONG_2007","Month","a0",12,0,12,0,NA,NA,NA,NA,TRUE,"Special country - sub-annual selected",0,0
"HONG KONG_2008","Month","a0",12,0,12,0,NA,NA,NA,NA,TRUE,"Special country - sub-annual selected",0,0
"HONG KONG_2009","Month","a0",12,0,12,0,NA,NA,NA,NA,TRUE,"Special country - sub-annual selected",0,0
"HONG KONG_2010","Month","a0",12,4,12,4,NA,NA,NA,NA,TRUE,"Special country - sub-annual selected",4.81927710843374,4
"HONG KONG_2011","Month","a0",12,0,12,0,NA,NA,NA,NA,TRUE,"Special country - sub-annual selected",0,0
"HONG KONG_2012","Month","a0",12,0,12,0,NA,NA,NA,NA,TRUE,"Case 2: Sub-annual only",NA,0
"HONG KONG_2013","Month","a0",12,0,12,0,NA,NA,NA,NA,TRUE,"Special country - sub-annual selected",0,0
"HONG KONG_2014","Month","a0",12,3,12,3,NA,NA,NA,NA,TRUE,"Special country - sub-annual selected",2.67857142857143,3
"HONG KONG_2015","Month","a0",12,3,12,3,NA,NA,NA,NA,TRUE,"Special country - sub-annual selected",2.63157894736842,3
"HONG KONG_2016","Month","a0",12,4,12,4,NA,NA,NA,NA,TRUE,"Special country - sub-annual selected",3.2258064516129,4
"HONG KONG_2017","Month","a0",12,1,12,1,NA,NA,NA,NA,TRUE,"Special country - sub-annual selected",0.980392156862745,1
"HONG KONG_2018","Month","a0",12,29,12,29,NA,NA,NA,NA,TRUE,"Special country - sub-annual selected",17.7914110429448,29
"HONG KONG_2019","Month","a0",12,1,12,1,NA,NA,NA,NA,TRUE,"Special country - sub-annual selected",0.505050505050505,1
"HONG KONG_2020","Month","a0",12,1,12,1,NA,NA,NA,NA,TRUE,"Case 2: Sub-annual only",NA,1
"HONG KONG_2021","Month","a0",12,0,12,0,NA,NA,NA,NA,TRUE,"Case 2: Sub-annual only",NA,0
"HONG KONG_2022","Month","a0",12,0,12,0,NA,NA,NA,NA,TRUE,"Case 2: Sub-annual only",NA,0
"HONG KONG_2023","Month","a0",12,0,12,0,NA,NA,NA,NA,TRUE,"Case 2: Sub-annual only",NA,0
"HONG KONG_2024","Month","a0",12,5,12,5,NA,NA,NA,NA,TRUE,"Case 2: Sub-annual only",NA,5
"INDIA_1991","Year","a0",1,6291,1,6291,NA,NA,NA,NA,NA,"Case 1: Annual only",NA,6291
"INDIA_1992","Year","a0",1,2683,1,2683,NA,NA,NA,NA,NA,"Case 1: Annual only",NA,2683
"INDIA_1993","Year","a0",1,11125,1,11125,NA,NA,NA,NA,NA,"Case 1: Annual only",NA,11125
"INDIA_1994","Year","a0",1,7494,1,7494,NA,NA,NA,NA,NA,"Case 1: Annual only",NA,7494
"INDIA_1995","Year","a0",1,7847,1,7847,NA,NA,NA,NA,NA,"Case 1: Annual only",NA,7847
"INDIA_1996","Year","a0",1,16517,1,16517,NA,NA,NA,NA,NA,"Case 1: Annual only",NA,16517
"INDIA_1997","Year","a0",1,1177,1,1177,1,1177,NA,NA,NA,"Case 1: Annual only",NA,1177
"INDIA_1998","Year","a0",1,707,1,707,1,696,NA,NA,NA,"Case 1: Annual only",NA,707
"INDIA_1999","Year","a0",1,944,1,944,1,944,NA,NA,NA,"Case 1: Annual only",NA,944
"INDIA_2000","Year","a0",1,650,1,650,1,650,NA,NA,NA,"Case 1: Annual only",NA,650
"INDIA_2001","Year","a0",1,3306,1,3306,1,3306,NA,NA,NA,"Case 1: Annual only",NA,3306
"INDIA_2002","Year","a0",1,1926,1,1926,1,1925,NA,NA,NA,"Case 1: Annual only",NA,1926
"INDIA_2003","Year","a0",1,12754,1,12754,1,12754,NA,NA,NA,"Case 1: Annual only",NA,12754
"INDIA_2004","Year","a0",1,4153,1,4153,1,4140,NA,NA,NA,"Case 1: Annual only",NA,4153
"INDIA_2005","Year","a0",1,11985,1,11985,1,11985,NA,NA,NA,"Case 1: Annual only",NA,11985
"INDIA_2006","Year","a0",1,12317,1,12317,1,12288,NA,NA,NA,"Case 1: Annual only",NA,12317
"INDIA_2007","Year","a1",1,5530,1,5023,1,5530,NA,NA,NA,"Case 1: Annual only",NA,5530
"INDIA_2008","Year","a1",1,12540,1,11476,1,12540,NA,NA,NA,"Case 1: Annual only",NA,12540
"INDIA_2009","Year","a0",1,15535,1,15535,1,15535,NA,NA,NA,"Case 1: Annual only",NA,15535
"INDIA_2010","Year","a1",1,28292,NA,NA,1,28292,NA,NA,NA,"Case 1: Annual only",NA,28292
"INDIA_2011","Year","a1",1,18860,NA,NA,1,18860,NA,NA,NA,"Case 1: Annual only",NA,18860
"INDIA_2012","Year","a1",1,37070,NA,NA,1,37070,NA,NA,NA,"Case 1: Annual only",NA,37070
"INDIA_2013","Year","a0",1,55153,1,55153,NA,NA,NA,NA,NA,"Case 1: Annual only",NA,55153
"INDIA_2014","Year","a0",1,28933,1,28933,NA,NA,NA,NA,NA,"Case 1: Annual only",NA,28933
"INDIA_2015","Year","a1",1,99913,NA,NA,1,99913,NA,NA,NA,"Case 1: Annual only",NA,99913
"INDIA_2016","Year","a1",1,129166,NA,NA,1,129166,NA,NA,NA,"Case 1: Annual only",NA,129166
"INDIA_2017","Year","a1",1,188401,NA,NA,1,188401,NA,NA,NA,"Case 1: Annual only",NA,188401
"INDIA_2018","Year","a1",1,101192,NA,NA,1,101192,NA,NA,NA,"Case 1: Annual only",NA,101192
"INDIA_2019","Year","a1",1,157315,NA,NA,1,157315,NA,NA,NA,"Case 1: Annual only",NA,157315
"INDIA_2020","Year","a1",1,44585,NA,NA,1,44585,NA,NA,NA,"Case 1: Annual only",NA,44585
"INDIA_2021","Year","a1",1,193245,NA,NA,1,193245,NA,NA,NA,"Case 1: Annual only",NA,193245
"INDIA_2022","Year","a1",1,233251,NA,NA,1,233251,NA,NA,NA,"Case 1: Annual only",NA,233251
"INDIA_2023","Year","a1",1,289235,NA,NA,1,289235,NA,NA,NA,"Case 1: Annual only",NA,289235
"INDIA_2024","Year","a1",1,233519,NA,NA,1,233519,NA,NA,FALSE,"Incomplete sub-annual - annual selected",92.0978592748342,233519
"INDONESIA_1990","Year","a0",1,22807,1,22807,NA,NA,NA,NA,NA,"Case 1: Annual only",NA,22807
"INDONESIA_1991","Year","a0",1,21120,1,21120,NA,NA,NA,NA,NA,"Case 1: Annual only",NA,21120
"INDONESIA_1992","Year","a0",1,17620,1,17620,NA,NA,NA,NA,NA,"Case 1: Annual only",NA,17620
"INDONESIA_1993","Year","a0",1,17418,1,17418,NA,NA,NA,NA,NA,"Case 1: Annual only",NA,17418
"INDONESIA_1994","Year","a0",1,18783,1,18783,NA,NA,NA,NA,NA,"Case 1: Annual only",NA,18783
"INDONESIA_1995","Year","a0",1,35102,1,35102,NA,NA,NA,NA,NA,"Case 1: Annual only",NA,35102
"INDONESIA_1996","Year","a0",1,44650,1,44650,NA,NA,NA,NA,NA,"Case 1: Annual only",NA,44650
"INDONESIA_1997","Year","a0",1,30730,1,30730,NA,NA,NA,NA,NA,"Case 1: Annual only",NA,30730
"INDONESIA_1998","Year","a0",1,72133,1,72133,NA,NA,NA,NA,NA,"Case 1: Annual only",NA,72133
"INDONESIA_1999","Year","a0",1,21134,1,21134,NA,NA,NA,NA,NA,"Case 1: Annual only",NA,21134
"INDONESIA_2000","Year","a0",1,33443,1,33443,1,21128,NA,NA,NA,"Case 1: Annual only",NA,33443
"INDONESIA_2001","Year","a0",1,45904,1,45904,1,33443,NA,NA,NA,"Case 1: Annual only",NA,45904
"INDONESIA_2002","Year","a0",1,40377,1,40377,1,40377,NA,NA,NA,"Case 1: Annual only",NA,40377
"INDONESIA_2003","Year","a0",1,51934,1,51934,1,51516,NA,NA,NA,"Case 1: Annual only",NA,51934
"INDONESIA_2004","Year","a0",1,79462,1,79462,1,79462,NA,NA,FALSE,"Incomplete sub-annual - annual selected",86.9660970023407,79462
"INDONESIA_2005","Year","a0",1,95279,1,95279,1,95279,NA,NA,TRUE,"Annual > sub-annual",65.2158397968073,95279
"INDONESIA_2006","Year","a1",1,114656,1,106425,1,114656,NA,NA,FALSE,"Incomplete sub-annual - annual selected",49.0205484231091,114656
"INDONESIA_2007","Month","a0",12,158115,12,158115,12,158115,NA,NA,TRUE,"Sub-annual >= Annual",100,158115
"INDONESIA_2008","Year","a0",1,155607,1,155607,1,137469,NA,NA,TRUE,"Annual > sub-annual",88.3437120438027,155607
"INDONESIA_2009","Month","a0",12,158912,12,158912,12,158912,NA,NA,TRUE,"Sub-annual >= Annual",100,158912
"INDONESIA_2010","Month","a0",12,156086,12,156086,12,156086,NA,NA,TRUE,"Sub-annual >= Annual",100,156086
"INDONESIA_2011","Month","a0",12,65725,12,65725,11,60887,NA,NA,TRUE,"Sub-annual >= Annual",100,65725
"INDONESIA_2012","Month","a0",12,90245,12,90245,12,90245,NA,NA,TRUE,"Sub-annual >= Annual",100,90245
"INDONESIA_2013","Month","a0",12,112511,12,112511,12,112511,NA,NA,TRUE,"Sub-annual >= Annual",100,112511
"INDONESIA_2014","Month","a0",12,100347,12,100347,12,100347,NA,NA,TRUE,"Sub-annual >= Annual",100,100347
"INDONESIA_2015","Month","a1",12,129689,12,129579,12,129689,NA,NA,TRUE,"Sub-annual >= Annual",100.030080987273,129689
"INDONESIA_2016","Month","a0",12,204172,12,204172,11,172055,NA,NA,TRUE,"Sub-annual >= Annual",100.000489785523,204172
"INDONESIA_2017","Year","a1",1,68407,NA,NA,1,68407,NA,NA,TRUE,"Annual > sub-annual",99.9371409358691,68407
"INDONESIA_2018","Year","a0",1,65600,1,65600,NA,NA,NA,NA,TRUE,"Annual > sub-annual",99.9862804878049,65600
"INDONESIA_2019","Month","a0",12,138131,12,138131,12,138126,NA,NA,TRUE,"Sub-annual >= Annual",100.00289588567,138131
"INDONESIA_2020","Month","a0",12,108303,12,108303,11,105560,NA,NA,TRUE,"Sub-annual >= Annual",100,108303
"INDONESIA_2021","Month","a0",12,73518,12,73518,12,73518,NA,NA,TRUE,"Sub-annual >= Annual",100,73518
"INDONESIA_2022","Month","a0",12,143266,12,143266,12,143266,NA,NA,TRUE,"Sub-annual >= Annual",100.950555606446,143266
"INDONESIA_2023","Month","a0",12,114720,12,114720,12,114720,NA,NA,TRUE,"Case 2: Sub-annual only",NA,114720
"INDONESIA_2024","Month","a0",10,210644,10,210644,7,186673,NA,NA,FALSE,"Case 2: Sub-annual only",NA,210644
"ITALY_2008","Year","a0",1,0,1,0,NA,NA,NA,NA,NA,"Case 1: Annual only",NA,0
"ITALY_2009","Year","a0",1,0,1,0,NA,NA,NA,NA,NA,"Case 1: Annual only",NA,0
"ITALY_2010","Year","a0",1,0,1,0,NA,NA,NA,NA,NA,"Case 1: Annual only",NA,0
"ITALY_2011","Year","a0",1,0,1,0,NA,NA,NA,NA,NA,"Case 1: Annual only",NA,0
"ITALY_2012","Year","a0",1,0,1,0,NA,NA,NA,NA,NA,"Case 1: Annual only",NA,0
"ITALY_2013","Year","a0",1,0,1,0,NA,NA,NA,NA,NA,"Case 1: Annual only",NA,0
"ITALY_2014","Year","a0",1,0,1,0,NA,NA,NA,NA,NA,"Case 1: Annual only",NA,0
"ITALY_2015","Year","a0",1,0,1,0,NA,NA,NA,NA,NA,"Case 1: Annual only",NA,0
"ITALY_2016","Year","a0",1,0,1,0,NA,NA,NA,NA,NA,"Case 1: Annual only",NA,0
"ITALY_2017","Year","a0",1,0,1,0,NA,NA,NA,NA,NA,"Case 1: Annual only",NA,0
"ITALY_2018","Year","a0",1,0,1,0,NA,NA,NA,NA,NA,"Case 1: Annual only",NA,0
"ITALY_2019","Year","a0",1,0,1,0,NA,NA,NA,NA,NA,"Case 1: Annual only",NA,0
"ITALY_2020","Year","a0",1,11,1,11,NA,NA,NA,NA,NA,"Case 1: Annual only",NA,11
"ITALY_2021","Year","a0",1,0,1,0,NA,NA,NA,NA,NA,"Case 1: Annual only",NA,0
"ITALY_2022","Year","a0",1,0,1,0,NA,NA,NA,NA,NA,"Case 1: Annual only",NA,0
"ITALY_2023","Year","a0",1,82,1,82,NA,NA,NA,NA,NA,"Case 1: Annual only",NA,82
"ITALY_2024","Month","a0",12,213,12,213,NA,NA,NA,NA,TRUE,"Case 2: Sub-annual only",NA,213
"JAMAICA_1990","Year","a0",1,9,1,9,NA,NA,NA,NA,NA,"Case 1: Annual only",NA,9
"JAMAICA_1991","Year","a0",1,5,1,5,NA,NA,NA,NA,NA,"Case 1: Annual only",NA,5
"JAMAICA_1992","Year","a0",1,296,1,296,NA,NA,NA,NA,NA,"Case 1: Annual only",NA,296
"JAMAICA_1993","Year","a0",1,0,1,0,NA,NA,NA,NA,NA,"Case 1: Annual only",NA,0
"JAMAICA_1994","Year","a0",1,0,1,0,NA,NA,NA,NA,NA,"Case 1: Annual only",NA,0
"JAMAICA_1995","Year","a0",1,1776,1,1776,NA,NA,NA,NA,NA,"Case 1: Annual only",NA,1776
"JAMAICA_1996","Year","a0",1,46,1,46,NA,NA,NA,NA,NA,"Case 1: Annual only",NA,46
"JAMAICA_1997","Year","a0",1,16,1,16,NA,NA,NA,NA,NA,"Case 1: Annual only",NA,16
"JAMAICA_1998","Year","a0",1,1509,1,1509,NA,NA,NA,NA,NA,"Case 1: Annual only",NA,1509
"JAMAICA_1999","Year","a0",1,24,1,24,NA,NA,NA,NA,NA,"Case 1: Annual only",NA,24
"JAMAICA_2000","Year","a0",1,25,1,25,NA,NA,NA,NA,NA,"Case 1: Annual only",NA,25
"JAMAICA_2001","Year","a0",1,39,1,39,NA,NA,NA,NA,NA,"Case 1: Annual only",NA,39
"JAMAICA_2002","Year","a0",1,90,1,90,NA,NA,NA,NA,NA,"Case 1: Annual only",NA,90
"JAMAICA_2003","Year","a0",1,52,1,52,NA,NA,NA,NA,NA,"Case 1: Annual only",NA,52
"JAMAICA_2004","Year","a0",1,9,1,9,NA,NA,NA,NA,NA,"Case 1: Annual only",NA,9
"JAMAICA_2005","Year","a0",1,46,1,46,NA,NA,NA,NA,NA,"Case 1: Annual only",NA,46
"JAMAICA_2006","Year","a0",1,79,1,79,NA,NA,NA,NA,NA,"Case 1: Annual only",NA,79
"JAMAICA_2007","Year","a0",1,1448,1,1448,NA,NA,NA,NA,NA,"Case 1: Annual only",NA,1448
"JAMAICA_2008","Year","a0",1,357,1,357,NA,NA,NA,NA,NA,"Case 1: Annual only",NA,357
"JAMAICA_2009","Year","a0",1,70,1,70,NA,NA,NA,NA,NA,"Case 1: Annual only",NA,70
"JAMAICA_2010","Year","a0",1,2887,1,2887,NA,NA,NA,NA,NA,"Case 1: Annual only",NA,2887
"JAMAICA_2011","Year","a0",1,404,1,404,NA,NA,NA,NA,NA,"Case 1: Annual only",NA,404
"JAMAICA_2012","Year","a0",1,4670,1,4670,NA,NA,NA,NA,NA,"Case 1: Annual only",NA,4670
"JAMAICA_2013","Year","a0",1,861,1,861,NA,NA,NA,NA,NA,"Case 1: Annual only",NA,861
"JAMAICA_2014","Week","a0",53,880,53,880,NA,NA,NA,NA,TRUE,"Sub-annual >= Annual",100,880
"JAMAICA_2015","Week","a0",52,88,52,88,NA,NA,NA,NA,TRUE,"Sub-annual >= Annual",100,88
"JAMAICA_2016","Week","a0",52,2297,52,2297,NA,NA,NA,NA,TRUE,"Sub-annual >= Annual",100,2297
"JAMAICA_2017","Week","a0",52,215,52,215,NA,NA,NA,NA,TRUE,"Sub-annual >= Annual",100,215
"JAMAICA_2018","Week","a0",52,986,52,986,NA,NA,NA,NA,TRUE,"Sub-annual >= Annual",100,986
"JAMAICA_2019","Week","a0",52,7555,52,7555,NA,NA,NA,NA,TRUE,"Sub-annual >= Annual",100,7555
"JAMAICA_2020","Week","a0",53,898,53,898,NA,NA,NA,NA,TRUE,"Sub-annual >= Annual",100,898
"JAMAICA_2021","Week","a0",52,96,52,96,NA,NA,NA,NA,TRUE,"Sub-annual >= Annual",100,96
"JAMAICA_2022","Week","a0",52,100,52,100,NA,NA,NA,NA,TRUE,"Sub-annual >= Annual",100,100
"JAMAICA_2023","Week","a0",52,8180,52,8180,NA,NA,NA,NA,TRUE,"Sub-annual >= Annual",100,8180
"JAMAICA_2024","Week","a0",52,2034,52,2034,NA,NA,NA,NA,TRUE,"Sub-annual >= Annual",100,2034
"JAPAN_1999","Year","a0",1,9,1,9,NA,NA,NA,NA,NA,"Case 1: Annual only",NA,9
"JAPAN_2000","Year","a0",1,18,1,18,NA,NA,NA,NA,NA,"Case 1: Annual only",NA,18
"JAPAN_2001","Year","a0",1,50,1,50,NA,NA,NA,NA,NA,"Case 1: Annual only",NA,50
"JAPAN_2002","Year","a0",1,52,1,52,NA,NA,NA,NA,NA,"Case 1: Annual only",NA,52
"JAPAN_2003","Year","a0",1,32,1,32,NA,NA,NA,NA,NA,"Case 1: Annual only",NA,32
"JAPAN_2004","Year","a0",1,49,1,49,NA,NA,NA,NA,NA,"Case 1: Annual only",NA,49
"JAPAN_2005","Year","a0",1,74,1,74,NA,NA,NA,NA,NA,"Case 1: Annual only",NA,74
"JAPAN_2006","Year","a0",1,58,1,58,NA,NA,NA,NA,NA,"Case 1: Annual only",NA,58
"JAPAN_2007","Year","a0",1,89,1,89,NA,NA,NA,NA,NA,"Case 1: Annual only",NA,89
"JAPAN_2008","Year","a0",1,101,1,101,NA,NA,NA,NA,NA,"Case 1: Annual only",NA,101
"JAPAN_2009","Year","a0",1,92,1,92,NA,NA,NA,NA,NA,"Case 1: Annual only",NA,92
"JAPAN_2010","Year","a0",1,145,1,145,NA,NA,NA,NA,NA,"Case 1: Annual only",NA,145
"JAPAN_2013","Year","a0",1,249,1,249,NA,NA,NA,NA,NA,"Case 1: Annual only",NA,249
"JAPAN_2014","Year","a0",1,341,1,341,NA,NA,NA,NA,FALSE,"Incomplete sub-annual - annual selected",47.2140762463343,341
"JAPAN_2015","Week","a1",52,0,NA,NA,52,0,NA,NA,TRUE,"Special country - sub-annual selected",0,0
"JAPAN_2016","Week","a1",52,0,NA,NA,52,0,NA,NA,TRUE,"Special country - sub-annual selected",0,0
"JAPAN_2017","Week","a1",52,0,NA,NA,52,0,NA,NA,TRUE,"Special country - sub-annual selected",0,0
"JAPAN_2018","Week","a1",52,0,NA,NA,52,0,NA,NA,TRUE,"Special country - sub-annual selected",0,0
"JAPAN_2019","Week","a1",52,3,NA,NA,52,3,NA,NA,TRUE,"Special country - sub-annual selected",0.647948164146868,3
"KENYA_2024","Month","a0",12,4443,12,4443,NA,NA,NA,NA,TRUE,"Case 2: Sub-annual only",NA,4443
"KIRIBATI_1990","Year","a0",1,0,1,0,NA,NA,NA,NA,NA,"Case 1: Annual only",NA,0
"KIRIBATI_1991","Year","a0",1,0,1,0,NA,NA,NA,NA,NA,"Case 1: Annual only",NA,0
"KIRIBATI_1992","Year","a0",1,0,1,0,NA,NA,NA,NA,NA,"Case 1: Annual only",NA,0
"KIRIBATI_1993","Year","a0",1,0,1,0,NA,NA,NA,NA,NA,"Case 1: Annual only",NA,0
"KIRIBATI_1994","Year","a0",1,0,1,0,NA,NA,NA,NA,NA,"Case 1: Annual only",NA,0
"KIRIBATI_1995","Year","a0",1,0,1,0,NA,NA,NA,NA,NA,"Case 1: Annual only",NA,0
"KIRIBATI_1996","Year","a0",1,0,1,0,NA,NA,NA,NA,NA,"Case 1: Annual only",NA,0
"KIRIBATI_1997","Year","a0",1,0,1,0,NA,NA,NA,NA,NA,"Case 1: Annual only",NA,0
"KIRIBATI_1998","Year","a0",1,0,1,0,NA,NA,NA,NA,NA,"Case 1: Annual only",NA,0
"KIRIBATI_1999","Year","a0",1,0,1,0,NA,NA,NA,NA,NA,"Case 1: Annual only",NA,0
"KIRIBATI_2000","Year","a0",1,0,1,0,NA,NA,NA,NA,NA,"Case 1: Annual only",NA,0
"KIRIBATI_2001","Year","a0",1,0,1,0,NA,NA,NA,NA,NA,"Case 1: Annual only",NA,0
"KIRIBATI_2002","Year","a0",1,483,1,483,NA,NA,NA,NA,NA,"Case 1: Annual only",NA,483
"KIRIBATI_2003","Year","a0",1,1660,1,1660,NA,NA,NA,NA,NA,"Case 1: Annual only",NA,1660
"KIRIBATI_2004","Year","a0",1,0,1,0,NA,NA,NA,NA,NA,"Case 1: Annual only",NA,0
"KIRIBATI_2005","Year","a0",1,0,1,0,NA,NA,NA,NA,NA,"Case 1: Annual only",NA,0
"KIRIBATI_2006","Year","a0",1,0,1,0,NA,NA,NA,NA,NA,"Case 1: Annual only",NA,0
"KIRIBATI_2007","Year","a0",1,0,1,0,NA,NA,NA,NA,NA,"Case 1: Annual only",NA,0
"KIRIBATI_2008","Year","a0",1,831,1,831,NA,NA,NA,NA,NA,"Case 1: Annual only",NA,831
"KIRIBATI_2009","Year","a0",1,7,1,7,NA,NA,NA,NA,NA,"Case 1: Annual only",NA,7
"KIRIBATI_2010","Year","a0",1,20,1,20,NA,NA,NA,NA,NA,"Case 1: Annual only",NA,20
"KIRIBATI_2011","Year","a0",1,4,1,4,NA,NA,NA,NA,NA,"Case 1: Annual only",NA,4
"KIRIBATI_2012","Year","a0",1,0,1,0,NA,NA,NA,NA,NA,"Case 1: Annual only",NA,0
"KIRIBATI_2016","Year","a0",1,0,1,0,NA,NA,NA,NA,NA,"Case 1: Annual only",NA,0
"KIRIBATI_2017","Week","a0",27,40,27,40,NA,NA,NA,NA,FALSE,"Incomplete sub-annual - sub-annual selected",NA,40
"KIRIBATI_2018","Year","a0",1,1899,1,1899,NA,NA,NA,NA,FALSE,"Incomplete sub-annual - annual selected",78.6203264876251,1899
"KIRIBATI_2019","Week","a0",39,2,39,2,NA,NA,NA,NA,FALSE,"Case 2: Sub-annual only",NA,2
"KIRIBATI_2020","Week","a0",22,0,22,0,NA,NA,NA,NA,FALSE,"Case 2: Sub-annual only",NA,0
"KIRIBATI_2021","Week","a0",11,2,11,2,NA,NA,NA,NA,FALSE,"Case 2: Sub-annual only",NA,2
"KIRIBATI_2022","Week","a0",34,2662,34,2662,NA,NA,NA,NA,FALSE,"Case 2: Sub-annual only",NA,2662
"KIRIBATI_2023","Week","a0",18,0,18,0,NA,NA,NA,NA,FALSE,"Case 2: Sub-annual only",NA,0
"KIRIBATI_2024","Week","a0",40,59,40,59,NA,NA,NA,NA,FALSE,"Case 2: Sub-annual only",NA,59
"LAO PEOPLE'S DEMOCRATIC REPUBLIC_1990","Year","a0",1,60,1,60,NA,NA,NA,NA,NA,"Case 1: Annual only",NA,60
"LAO PEOPLE'S DEMOCRATIC REPUBLIC_1991","Year","a0",1,249,1,249,NA,NA,NA,NA,NA,"Case 1: Annual only",NA,249
"LAO PEOPLE'S DEMOCRATIC REPUBLIC_1992","Year","a0",1,265,1,265,NA,NA,NA,NA,NA,"Case 1: Annual only",NA,265
"LAO PEOPLE'S DEMOCRATIC REPUBLIC_1993","Year","a0",1,343,1,343,NA,NA,NA,NA,NA,"Case 1: Annual only",NA,343
"LAO PEOPLE'S DEMOCRATIC REPUBLIC_1994","Year","a0",1,2585,1,2585,NA,NA,NA,NA,NA,"Case 1: Annual only",NA,2585
"LAO PEOPLE'S DEMOCRATIC REPUBLIC_1995","Year","a0",1,7781,1,7781,NA,NA,NA,NA,NA,"Case 1: Annual only",NA,7781
"LAO PEOPLE'S DEMOCRATIC REPUBLIC_1996","Year","a0",1,8197,1,8197,NA,NA,NA,NA,NA,"Case 1: Annual only",NA,8197
"LAO PEOPLE'S DEMOCRATIC REPUBLIC_1997","Year","a0",1,3411,1,3411,NA,NA,NA,NA,NA,"Case 1: Annual only",NA,3411
"LAO PEOPLE'S DEMOCRATIC REPUBLIC_1998","Year","a0",1,7671,1,7671,NA,NA,NA,NA,TRUE,"Annual > sub-annual",96.9625863642289,7671
"LAO PEOPLE'S DEMOCRATIC REPUBLIC_1999","Month","a1",12,2507,NA,NA,12,2507,NA,NA,TRUE,"Sub-annual >= Annual",100,2507
"LAO PEOPLE'S DEMOCRATIC REPUBLIC_2000","Month","a1",12,1377,NA,NA,12,1377,NA,NA,TRUE,"Sub-annual >= Annual",100,1377
"LAO PEOPLE'S DEMOCRATIC REPUBLIC_2001","Month","a1",12,3968,NA,NA,12,3968,NA,NA,TRUE,"Sub-annual >= Annual",100,3968
"LAO PEOPLE'S DEMOCRATIC REPUBLIC_2002","Month","a1",12,9176,NA,NA,12,9176,NA,NA,TRUE,"Sub-annual >= Annual",100,9176
"LAO PEOPLE'S DEMOCRATIC REPUBLIC_2003","Year","a0",1,17690,1,17690,NA,NA,NA,NA,TRUE,"Annual > sub-annual",99.7456189937818,17690
"LAO PEOPLE'S DEMOCRATIC REPUBLIC_2004","Month","a1",12,3972,NA,NA,12,3972,NA,NA,TRUE,"Sub-annual >= Annual",113.226909920182,3972
"LAO PEOPLE'S DEMOCRATIC REPUBLIC_2005","Month","a1",12,6152,NA,NA,12,6152,NA,NA,TRUE,"Sub-annual >= Annual",112.447450191921,6152
"LAO PEOPLE'S DEMOCRATIC REPUBLIC_2006","Month","a1",12,7114,NA,NA,12,7114,NA,NA,TRUE,"Sub-annual >= Annual",111.925739458779,7114
"LAO PEOPLE'S DEMOCRATIC REPUBLIC_2007","Month","a1",12,5391,NA,NA,12,5391,NA,NA,TRUE,"Sub-annual >= Annual",109.06332186931,5391
"LAO PEOPLE'S DEMOCRATIC REPUBLIC_2008","Month","a1",12,4487,NA,NA,12,4487,NA,NA,TRUE,"Sub-annual >= Annual",108.146541335262,4487
"LAO PEOPLE'S DEMOCRATIC REPUBLIC_2009","Month","a1",12,7804,NA,NA,12,7804,NA,NA,TRUE,"Sub-annual >= Annual",108.178541724425,7804
"LAO PEOPLE'S DEMOCRATIC REPUBLIC_2010","Year","a0",1,22929,1,22929,NA,NA,NA,NA,TRUE,"Annual > sub-annual",99.8866064808758,22929
"LAO PEOPLE'S DEMOCRATIC REPUBLIC_2011","Week","a0",52,3816,52,3816,NA,NA,NA,NA,TRUE,"Case 2: Sub-annual only",NA,3816
"LAO PEOPLE'S DEMOCRATIC REPUBLIC_2012","Week","a0",52,9955,52,9955,NA,NA,NA,NA,TRUE,"Case 2: Sub-annual only",NA,9955
"LAO PEOPLE'S DEMOCRATIC REPUBLIC_2013","Year","a0",1,44250,1,44250,NA,NA,NA,NA,FALSE,"Incomplete sub-annual - annual selected",14.4655367231638,44250
"LAO PEOPLE'S DEMOCRATIC REPUBLIC_2014","Week","a0",53,1937,53,1937,NA,NA,NA,NA,TRUE,"Sub-annual >= Annual",112.878787878788,1937
"LAO PEOPLE'S DEMOCRATIC REPUBLIC_2015","Year","a0",1,1959,1,1959,NA,NA,NA,NA,TRUE,"Annual > sub-annual",91.1689637570189,1959
"LAO PEOPLE'S DEMOCRATIC REPUBLIC_2016","Week","a0",52,5636,52,5636,NA,NA,NA,NA,TRUE,"Sub-annual >= Annual",100.320398718405,5636
"LAO PEOPLE'S DEMOCRATIC REPUBLIC_2017","Year","a0",1,11067,1,11067,NA,NA,NA,NA,TRUE,"Annual > sub-annual",99.5391705069124,11067
"LAO PEOPLE'S DEMOCRATIC REPUBLIC_2018","Year","a0",1,6446,1,6446,NA,NA,NA,NA,TRUE,"Annual > sub-annual",96.726652187403,6446
"LAO PEOPLE'S DEMOCRATIC REPUBLIC_2019","Year","a0",1,39091,1,39091,NA,NA,NA,NA,TRUE,"Annual > sub-annual",99.641861297997,39091
"LAO PEOPLE'S DEMOCRATIC REPUBLIC_2020","Week","a0",53,7735,53,7735,NA,NA,NA,NA,TRUE,"Case 2: Sub-annual only",NA,7735
"LAO PEOPLE'S DEMOCRATIC REPUBLIC_2021","Week","a0",52,1340,52,1340,NA,NA,NA,NA,TRUE,"Case 2: Sub-annual only",NA,1340
"LAO PEOPLE'S DEMOCRATIC REPUBLIC_2022","Week","a0",51,29014,51,29014,NA,NA,NA,NA,FALSE,"Case 2: Sub-annual only",NA,29014
"LAO PEOPLE'S DEMOCRATIC REPUBLIC_2023","Week","a0",49,31943,49,31943,NA,NA,NA,NA,FALSE,"Case 2: Sub-annual only",NA,31943
"LAO PEOPLE'S DEMOCRATIC REPUBLIC_2024","Month","a0",12,19486,12,19486,NA,NA,NA,NA,TRUE,"Case 2: Sub-annual only",NA,19486
"MACAU_2000","Year","a0",1,0,1,0,NA,NA,NA,NA,NA,"Case 1: Annual only",NA,0
"MACAU_2001","Year","a0",1,1418,1,1418,NA,NA,NA,NA,NA,"Case 1: Annual only",NA,1418
"MACAU_2002","Year","a0",1,2,1,2,NA,NA,NA,NA,NA,"Case 1: Annual only",NA,2
"MACAU_2003","Year","a0",1,28,1,28,NA,NA,NA,NA,NA,"Case 1: Annual only",NA,28
"MACAU_2004","Year","a0",1,2,1,2,NA,NA,NA,NA,NA,"Case 1: Annual only",NA,2
"MACAU_2005","Year","a0",1,0,1,0,NA,NA,NA,NA,NA,"Case 1: Annual only",NA,0
"MACAU_2006","Year","a0",1,6,1,6,NA,NA,NA,NA,NA,"Case 1: Annual only",NA,6
"MACAU_2007","Year","a0",1,14,1,14,NA,NA,NA,NA,NA,"Case 1: Annual only",NA,14
"MACAU_2008","Year","a0",1,3,1,3,NA,NA,NA,NA,NA,"Case 1: Annual only",NA,3
"MACAU_2010","Year","a0",1,6,1,6,NA,NA,NA,NA,NA,"Case 1: Annual only",NA,6
"MACAU_2013","Year","a0",1,9,1,9,NA,NA,NA,NA,NA,"Case 1: Annual only",NA,9
"MACAU_2014","Year","a0",1,17,1,17,NA,NA,NA,NA,NA,"Case 1: Annual only",NA,17
"MACAU_2015","Year","a0",1,3,1,3,NA,NA,NA,NA,NA,"Case 1: Annual only",NA,3
"MACAU_2016","Year","a0",1,11,1,11,NA,NA,NA,NA,NA,"Case 1: Annual only",NA,11
"MACAU_2017","Year","a0",1,17,1,17,NA,NA,NA,NA,NA,"Case 1: Annual only",NA,17
"MACAU_2018","Year","a0",1,18,1,18,NA,NA,NA,NA,NA,"Case 1: Annual only",NA,18
"MALAYSIA_1990","Year","a0",1,4880,1,4880,NA,NA,NA,NA,NA,"Case 1: Annual only",NA,4880
"MALAYSIA_1991","Year","a0",1,6628,1,6628,NA,NA,NA,NA,NA,"Case 1: Annual only",NA,6628
"MALAYSIA_1992","Year","a0",1,5473,1,5473,NA,NA,NA,NA,NA,"Case 1: Annual only",NA,5473
"MALAYSIA_1993","Year","a0",1,5615,1,5615,NA,NA,NA,NA,TRUE,"Annual > sub-annual",17.3107747105966,5615
"MALAYSIA_1994","Year","a0",1,3133,1,3133,NA,NA,NA,NA,TRUE,"Annual > sub-annual",37.5359080753272,3133
"MALAYSIA_1995","Month","a1",12,6600,NA,NA,12,6600,NA,NA,TRUE,"Sub-annual >= Annual",100.87116001834,6600
"MALAYSIA_1996","Year","a0",1,14255,1,14255,NA,NA,NA,NA,TRUE,"Annual > sub-annual",63.9144159943879,14255
"MALAYSIA_1997","Year","a0",1,19429,1,19429,NA,NA,NA,NA,TRUE,"Annual > sub-annual",61.9949559936178,19429
"MALAYSIA_1998","Year","a0",1,27381,1,27381,NA,NA,NA,NA,TRUE,"Annual > sub-annual",64.0553668602315,27381
"MALAYSIA_1999","Year","a0",1,10146,1,10146,NA,NA,NA,NA,TRUE,"Annual > sub-annual",64.4983244628425,10146
"MALAYSIA_2000","Month","a1",12,8805,NA,NA,12,8805,NA,NA,TRUE,"Sub-annual >= Annual",123.961706321273,8805
"MALAYSIA_2001","Year","a0",1,16368,1,16368,NA,NA,NA,NA,TRUE,"Annual > sub-annual",70.8150048875855,16368
"MALAYSIA_2002","Year","a0",1,32767,1,32767,NA,NA,NA,NA,TRUE,"Annual > sub-annual",64.3940549943541,32767
"MALAYSIA_2003","Year","a0",1,31545,1,31545,NA,NA,NA,NA,TRUE,"Annual > sub-annual",69.8430813124108,31545
"MALAYSIA_2004","Year","a0",1,33895,1,33895,NA,NA,NA,NA,TRUE,"Annual > sub-annual",61.8911343856026,33895
"MALAYSIA_2005","Year","a0",1,39686,1,39686,NA,NA,NA,NA,TRUE,"Annual > sub-annual",59.0334122864486,39686
"MALAYSIA_2006","Year","a0",1,38556,1,38556,NA,NA,NA,NA,TRUE,"Annual > sub-annual",58.8702147525677,38556
"MALAYSIA_2007","Year","a0",1,48846,1,48846,NA,NA,NA,NA,TRUE,"Annual > sub-annual",57.6935675387954,48846
"MALAYSIA_2008","Year","a0",1,49335,1,49335,NA,NA,NA,NA,TRUE,"Annual > sub-annual",48.1889125367386,49335
"MALAYSIA_2009","Year","a0",1,41486,1,41486,1,41486,NA,NA,TRUE,"Annual > sub-annual",77.8190232849636,41486
"MALAYSIA_2010","Year","a0",1,46171,1,46171,1,46171,NA,NA,TRUE,"Annual > sub-annual",91.8606917762232,46171
"MALAYSIA_2011","Week","a0",52,20040,52,20040,NA,NA,NA,NA,TRUE,"Sub-annual >= Annual",100.784550392275,20040
"MALAYSIA_2012","Week","a0",52,22673,52,22673,NA,NA,NA,NA,TRUE,"Sub-annual >= Annual",103.529680365297,22673
"MALAYSIA_2013","Year","a0",1,43346,1,43346,1,43346,NA,NA,TRUE,"Annual > sub-annual",99.7969824205232,43346
"MALAYSIA_2014","Year","a0",1,108698,1,108698,1,108697,NA,NA,NA,"Case 1: Annual only",NA,108698
"MALAYSIA_2015","Week","a0",52,121619,52,121619,NA,NA,NA,NA,TRUE,"Sub-annual >= Annual",100.647985699626,121619
"MALAYSIA_2016","Year","a0",1,109037,1,109037,1,101357,NA,NA,TRUE,"Annual > sub-annual",92.5566550803856,109037
"MALAYSIA_2017","Year","a0",1,89487,1,89487,1,83849,NA,NA,TRUE,"Annual > sub-annual",96.1525137729503,89487
"MALAYSIA_2018","Week","a0",52,82122,52,82122,NA,NA,NA,NA,TRUE,"Sub-annual >= Annual",100.936578171091,82122
"MALAYSIA_2019","Year","a0",1,130101,1,130101,NA,NA,NA,NA,TRUE,"Annual > sub-annual",99.9308229759956,130101
"MALAYSIA_2020","Week","a0",50,88386,50,88386,NA,NA,NA,NA,FALSE,"Case 2: Sub-annual only",NA,88386
"MALAYSIA_2021","Week","a0",52,26978,52,26978,NA,NA,NA,NA,TRUE,"Case 2: Sub-annual only",NA,26978
"MALAYSIA_2022","Week","a0",52,65732,52,65732,NA,NA,NA,NA,TRUE,"Case 2: Sub-annual only",NA,65732
"MALAYSIA_2023","Year","a1",1,123133,NA,NA,1,123133,NA,NA,NA,"Case 1: Annual only",NA,123133
"MALAYSIA_2024","Month","a0",12,122423,12,122423,NA,NA,NA,NA,TRUE,"Case 2: Sub-annual only",NA,122423
"MALDIVES_1990","Year","a0",1,0,1,0,NA,NA,NA,NA,NA,"Case 1: Annual only",NA,0
"MALDIVES_1991","Year","a0",1,0,1,0,NA,NA,NA,NA,NA,"Case 1: Annual only",NA,0
"MALDIVES_1992","Year","a0",1,0,1,0,NA,NA,NA,NA,NA,"Case 1: Annual only",NA,0
"MALDIVES_1993","Year","a0",1,0,1,0,NA,NA,NA,NA,NA,"Case 1: Annual only",NA,0
"MALDIVES_1994","Year","a0",1,0,1,0,NA,NA,NA,NA,NA,"Case 1: Annual only",NA,0
"MALDIVES_1995","Year","a0",1,0,1,0,NA,NA,NA,NA,NA,"Case 1: Annual only",NA,0
"MALDIVES_1996","Year","a0",1,0,1,0,NA,NA,NA,NA,NA,"Case 1: Annual only",NA,0
"MALDIVES_1997","Year","a0",1,3,1,3,NA,NA,NA,NA,NA,"Case 1: Annual only",NA,3
"MALDIVES_1998","Year","a0",1,1750,1,1750,NA,NA,NA,NA,NA,"Case 1: Annual only",NA,1750
"MALDIVES_1999","Year","a0",1,118,1,118,NA,NA,NA,NA,NA,"Case 1: Annual only",NA,118
"MALDIVES_2000","Year","a0",1,180,1,180,NA,NA,NA,NA,NA,"Case 1: Annual only",NA,180
"MALDIVES_2001","Year","a0",1,73,1,73,NA,NA,NA,NA,NA,"Case 1: Annual only",NA,73
"MALDIVES_2002","Year","a0",1,27,1,27,NA,NA,NA,NA,NA,"Case 1: Annual only",NA,27
"MALDIVES_2003","Year","a0",1,38,1,38,NA,NA,NA,NA,NA,"Case 1: Annual only",NA,38
"MALDIVES_2004","Year","a0",1,742,1,742,NA,NA,NA,NA,NA,"Case 1: Annual only",NA,742
"MALDIVES_2005","Year","a0",1,1126,1,1126,NA,NA,NA,NA,NA,"Case 1: Annual only",NA,1126
"MALDIVES_2006","Month","a0",12,2777,12,2777,NA,NA,NA,NA,TRUE,"Sub-annual >= Annual",100.325144508671,2777
"MALDIVES_2007","Year","a0",1,1680,1,1680,NA,NA,NA,NA,TRUE,"Annual > sub-annual",99.4642857142857,1680
"MALDIVES_2008","Month","a0",12,1824,12,1824,NA,NA,NA,NA,TRUE,"Sub-annual >= Annual",123.577235772358,1824
"MALDIVES_2009","Month","a0",12,845,12,845,NA,NA,NA,NA,TRUE,"Sub-annual >= Annual",109.173126614987,845
"MALDIVES_2010","Month","a0",12,1000,12,1000,NA,NA,NA,NA,TRUE,"Case 2: Sub-annual only",NA,1000
"MALDIVES_2011","Month","a0",12,2909,12,2909,NA,NA,NA,NA,TRUE,"Case 2: Sub-annual only",NA,2909
"MALDIVES_2012","Month","a0",12,1083,12,1083,NA,NA,NA,NA,TRUE,"Case 2: Sub-annual only",NA,1083
"MALDIVES_2013","Month","a0",12,725,12,725,NA,NA,NA,NA,TRUE,"Case 2: Sub-annual only",NA,725
"MALDIVES_2014","Month","a0",12,824,12,824,NA,NA,NA,NA,TRUE,"Case 2: Sub-annual only",NA,824
"MALDIVES_2015","Month","a0",12,1890,12,1890,NA,NA,NA,NA,TRUE,"Case 2: Sub-annual only",NA,1890
"MALDIVES_2016","Month","a0",12,1962,12,1962,NA,NA,NA,NA,TRUE,"Case 2: Sub-annual only",NA,1962
"MALDIVES_2017","Year","a0",1,851,1,851,NA,NA,NA,NA,NA,"Case 1: Annual only",NA,851
"MALDIVES_2018","Year","a0",1,1838,1,1838,NA,NA,NA,NA,NA,"Case 1: Annual only",NA,1838
"MALDIVES_2019","Year","a0",1,2156,1,2156,NA,NA,NA,NA,NA,"Case 1: Annual only",NA,2156
"MALDIVES_2020","Month","a0",12,328,12,328,NA,NA,NA,NA,TRUE,"Case 2: Sub-annual only",NA,328
"MALDIVES_2022","Month","a0",10,2648,10,2648,NA,NA,NA,NA,FALSE,"Case 2: Sub-annual only",NA,2648
"MALDIVES_2023","Month","a0",12,3417,12,3417,NA,NA,NA,NA,TRUE,"Case 2: Sub-annual only",NA,3417
"MALDIVES_2024","Month","a0",12,3294,12,3294,NA,NA,NA,NA,TRUE,"Case 2: Sub-annual only",NA,3294
"MALI_2024","Month","a0",12,9556,12,9556,NA,NA,NA,NA,TRUE,"Case 2: Sub-annual only",NA,9556
"MARSHALL ISLANDS_1991","Year","a0",1,56,1,56,NA,NA,NA,NA,NA,"Case 1: Annual only",NA,56
"MARSHALL ISLANDS_1992","Year","a0",1,0,1,0,NA,NA,NA,NA,NA,"Case 1: Annual only",NA,0
"MARSHALL ISLANDS_1993","Year","a0",1,0,1,0,NA,NA,NA,NA,NA,"Case 1: Annual only",NA,0
"MARSHALL ISLANDS_1994","Year","a0",1,0,1,0,NA,NA,NA,NA,NA,"Case 1: Annual only",NA,0
"MARSHALL ISLANDS_1995","Year","a0",1,0,1,0,NA,NA,NA,NA,NA,"Case 1: Annual only",NA,0
"MARSHALL ISLANDS_1996","Year","a0",1,0,1,0,NA,NA,NA,NA,NA,"Case 1: Annual only",NA,0
"MARSHALL ISLANDS_1997","Year","a0",1,0,1,0,NA,NA,NA,NA,NA,"Case 1: Annual only",NA,0
"MARSHALL ISLANDS_1998","Year","a0",1,0,1,0,NA,NA,NA,NA,NA,"Case 1: Annual only",NA,0
"MARSHALL ISLANDS_1999","Year","a0",1,0,1,0,NA,NA,NA,NA,NA,"Case 1: Annual only",NA,0
"MARSHALL ISLANDS_2000","Year","a0",1,0,1,0,NA,NA,NA,NA,NA,"Case 1: Annual only",NA,0
"MARSHALL ISLANDS_2001","Year","a0",1,0,1,0,NA,NA,NA,NA,NA,"Case 1: Annual only",NA,0
"MARSHALL ISLANDS_2002","Year","a0",1,0,1,0,NA,NA,NA,NA,NA,"Case 1: Annual only",NA,0
"MARSHALL ISLANDS_2003","Year","a0",1,0,1,0,NA,NA,NA,NA,NA,"Case 1: Annual only",NA,0
"MARSHALL ISLANDS_2004","Year","a0",1,0,1,0,NA,NA,NA,NA,NA,"Case 1: Annual only",NA,0
"MARSHALL ISLANDS_2005","Year","a0",1,0,1,0,NA,NA,NA,NA,NA,"Case 1: Annual only",NA,0
"MARSHALL ISLANDS_2006","Year","a0",1,0,1,0,NA,NA,NA,NA,NA,"Case 1: Annual only",NA,0
"MARSHALL ISLANDS_2007","Year","a0",1,0,1,0,NA,NA,NA,NA,NA,"Case 1: Annual only",NA,0
"MARSHALL ISLANDS_2008","Year","a0",1,0,1,0,NA,NA,NA,NA,NA,"Case 1: Annual only",NA,0
"MARSHALL ISLANDS_2009","Year","a0",1,0,1,0,NA,NA,NA,NA,NA,"Case 1: Annual only",NA,0
"MARSHALL ISLANDS_2010","Year","a0",1,0,1,0,NA,NA,NA,NA,NA,"Case 1: Annual only",NA,0
"MARSHALL ISLANDS_2011","Year","a0",1,1257,1,1257,NA,NA,NA,NA,NA,"Case 1: Annual only",NA,1257
"MARSHALL ISLANDS_2012","Year","a0",1,0,1,0,NA,NA,NA,NA,NA,"Case 1: Annual only",NA,0
"MARSHALL ISLANDS_2017","Week","a0",22,0,22,0,NA,NA,NA,NA,FALSE,"Case 2: Sub-annual only",NA,0
"MARSHALL ISLANDS_2018","Week","a0",19,0,19,0,NA,NA,NA,NA,FALSE,"Case 2: Sub-annual only",NA,0
"MARSHALL ISLANDS_2019","Year","a0",1,1635,1,1635,NA,NA,NA,NA,FALSE,"Incomplete sub-annual - annual selected",44.8318042813456,1635
"MARSHALL ISLANDS_2020","Week","a0",18,990,18,990,NA,NA,NA,NA,FALSE,"Case 2: Sub-annual only",NA,990
"MARSHALL ISLANDS_2021","Week","a0",13,0,13,0,NA,NA,NA,NA,FALSE,"Case 2: Sub-annual only",NA,0
"MARSHALL ISLANDS_2022","Week","a0",27,510,27,510,NA,NA,NA,NA,FALSE,"Case 2: Sub-annual only",NA,510
"MARSHALL ISLANDS_2023","Week","a0",18,1,18,1,NA,NA,NA,NA,FALSE,"Case 2: Sub-annual only",NA,1
"MARSHALL ISLANDS_2024","Week","a0",40,0,40,0,NA,NA,NA,NA,FALSE,"Case 2: Sub-annual only",NA,0
"MARTINIQUE_1990","Year","a0",1,4,1,4,NA,NA,NA,NA,NA,"Case 1: Annual only",NA,4
"MARTINIQUE_1991","Year","a0",1,0,1,0,NA,NA,NA,NA,NA,"Case 1: Annual only",NA,0
"MARTINIQUE_1992","Year","a0",1,38,1,38,NA,NA,NA,NA,NA,"Case 1: Annual only",NA,38
"MARTINIQUE_1993","Year","a0",1,0,1,0,NA,NA,NA,NA,NA,"Case 1: Annual only",NA,0
"MARTINIQUE_1994","Year","a0",1,0,1,0,NA,NA,NA,NA,NA,"Case 1: Annual only",NA,0
"MARTINIQUE_1995","Year","a0",1,516,1,516,NA,NA,NA,NA,NA,"Case 1: Annual only",NA,516
"MARTINIQUE_1996","Year","a0",1,416,1,416,NA,NA,NA,NA,NA,"Case 1: Annual only",NA,416
"MARTINIQUE_1997","Year","a0",1,235,1,235,NA,NA,NA,NA,NA,"Case 1: Annual only",NA,235
"MARTINIQUE_1998","Year","a0",1,44,1,44,NA,NA,NA,NA,NA,"Case 1: Annual only",NA,44
"MARTINIQUE_1999","Year","a0",1,268,1,268,NA,NA,NA,NA,NA,"Case 1: Annual only",NA,268
"MARTINIQUE_2000","Year","a0",1,171,1,171,NA,NA,NA,NA,NA,"Case 1: Annual only",NA,171
"MARTINIQUE_2001","Year","a0",1,4468,1,4468,NA,NA,NA,NA,NA,"Case 1: Annual only",NA,4468
"MARTINIQUE_2002","Year","a0",1,392,1,392,NA,NA,NA,NA,NA,"Case 1: Annual only",NA,392
"MARTINIQUE_2003","Year","a0",1,791,1,791,NA,NA,NA,NA,NA,"Case 1: Annual only",NA,791
"MARTINIQUE_2004","Year","a0",1,0,1,0,NA,NA,NA,NA,NA,"Case 1: Annual only",NA,0
"MARTINIQUE_2005","Year","a0",1,6080,1,6080,NA,NA,NA,NA,NA,"Case 1: Annual only",NA,6080
"MARTINIQUE_2006","Year","a0",1,4085,1,4085,NA,NA,NA,NA,NA,"Case 1: Annual only",NA,4085
"MARTINIQUE_2007","Year","a0",1,4918,1,4918,NA,NA,NA,NA,NA,"Case 1: Annual only",NA,4918
"MARTINIQUE_2008","Year","a0",1,586,1,586,NA,NA,NA,NA,NA,"Case 1: Annual only",NA,586
"MARTINIQUE_2009","Year","a0",1,1377,1,1377,NA,NA,NA,NA,NA,"Case 1: Annual only",NA,1377
"MARTINIQUE_2010","Year","a0",1,36579,1,36579,NA,NA,NA,NA,NA,"Case 1: Annual only",NA,36579
"MARTINIQUE_2011","Year","a0",1,275,1,275,NA,NA,NA,NA,NA,"Case 1: Annual only",NA,275
"MARTINIQUE_2012","Year","a0",1,1511,1,1511,NA,NA,NA,NA,NA,"Case 1: Annual only",NA,1511
"MARTINIQUE_2013","Year","a0",1,7040,1,7040,NA,NA,NA,NA,NA,"Case 1: Annual only",NA,7040
"MARTINIQUE_2014","Week","a0",53,1680,53,1680,NA,NA,NA,NA,TRUE,"Sub-annual >= Annual",100,1680
"MARTINIQUE_2015","Year","a0",1,207,1,207,NA,NA,NA,NA,FALSE,"Incomplete sub-annual - annual selected",14.4927536231884,207
"MARTINIQUE_2016","Year","a0",1,158,1,158,NA,NA,NA,NA,FALSE,"Incomplete sub-annual - annual selected",10.126582278481,158
"MARTINIQUE_2017","Week","a0",52,113,52,113,NA,NA,NA,NA,TRUE,"Sub-annual >= Annual",100,113
"MARTINIQUE_2018","Week","a0",52,73,52,73,NA,NA,NA,NA,TRUE,"Sub-annual >= Annual",100,73
"MARTINIQUE_2019","Year","a0",1,1530,1,1530,NA,NA,NA,NA,FALSE,"Incomplete sub-annual - annual selected",72.5490196078431,1530
"MARTINIQUE_2020","Week","a0",53,32398,53,32398,NA,NA,NA,NA,TRUE,"Sub-annual >= Annual",100,32398
"MARTINIQUE_2021","Week","a0",52,1073,52,1073,NA,NA,NA,NA,TRUE,"Sub-annual >= Annual",100,1073
"MARTINIQUE_2022","Year","a0",1,360,1,360,NA,NA,NA,NA,FALSE,"Incomplete sub-annual - annual selected",5.55555555555556,360
"MARTINIQUE_2023","Week","a0",52,13239,52,13239,NA,NA,NA,NA,TRUE,"Sub-annual >= Annual",100,13239
"MARTINIQUE_2024","Week","a0",52,7371,52,7371,NA,NA,NA,NA,TRUE,"Sub-annual >= Annual",100,7371
"MAURITANIA_2023","Month","a0",12,3582,12,3582,NA,NA,NA,NA,TRUE,"Case 2: Sub-annual only",NA,3582
"MAURITANIA_2024","Month","a0",12,3640,12,3640,NA,NA,NA,NA,TRUE,"Case 2: Sub-annual only",NA,3640
"MAURITIUS_2023","Month","a0",1,13,1,13,NA,NA,NA,NA,FALSE,"Case 2: Sub-annual only",NA,13
"MAURITIUS_2024","Month","a0",12,9917,12,9917,NA,NA,NA,NA,TRUE,"Case 2: Sub-annual only",NA,9917
"MAYOTTE_2024","Month","a0",10,64,10,64,NA,NA,NA,NA,FALSE,"Case 2: Sub-annual only",NA,64
"MEXICO_1990","Year","a0",1,14485,1,14485,NA,NA,NA,NA,NA,"Case 1: Annual only",NA,14485
"MEXICO_1991","Year","a0",1,5863,1,5863,NA,NA,NA,NA,NA,"Case 1: Annual only",NA,5863
"MEXICO_1992","Year","a0",1,11348,1,11348,NA,NA,NA,NA,NA,"Case 1: Annual only",NA,11348
"MEXICO_1993","Year","a0",1,2899,1,2899,NA,NA,NA,NA,NA,"Case 1: Annual only",NA,2899
"MEXICO_1994","Year","a0",1,6770,1,6770,NA,NA,NA,NA,NA,"Case 1: Annual only",NA,6770
"MEXICO_1995","Year","a0",1,36029,1,36029,NA,NA,NA,NA,NA,"Case 1: Annual only",NA,36029
"MEXICO_1996","Year","a0",1,35082,1,35082,NA,NA,NA,NA,NA,"Case 1: Annual only",NA,35082
"MEXICO_1997","Year","a0",1,52561,1,52561,NA,NA,NA,NA,NA,"Case 1: Annual only",NA,52561
"MEXICO_1998","Year","a0",1,23267,1,23267,NA,NA,NA,NA,NA,"Case 1: Annual only",NA,23267
"MEXICO_1999","Year","a0",1,14655,1,14655,NA,NA,NA,NA,NA,"Case 1: Annual only",NA,14655
"MEXICO_2000","Year","a0",1,21665,1,21665,NA,NA,NA,NA,NA,"Case 1: Annual only",NA,21665
"MEXICO_2001","Year","a0",1,6019,1,6019,NA,NA,NA,NA,NA,"Case 1: Annual only",NA,6019
"MEXICO_2002","Year","a0",1,8415,1,8415,NA,NA,NA,NA,NA,"Case 1: Annual only",NA,8415
"MEXICO_2003","Week","a1",53,6234,NA,NA,53,6234,NA,NA,TRUE,"Sub-annual >= Annual",173.214781883857,6234
"MEXICO_2004","Week","a1",52,7983,NA,NA,52,7983,NA,NA,TRUE,"Sub-annual >= Annual",127.871215761653,7983
"MEXICO_2005","Week","a1",52,20912,NA,NA,52,20912,NA,NA,TRUE,"Sub-annual >= Annual",165.876100579043,20912
"MEXICO_2006","Week","a1",52,27334,NA,NA,52,27334,NA,NA,TRUE,"Sub-annual >= Annual",119.833406400701,27334
"MEXICO_2007","Week","a1",52,49120,NA,NA,52,49120,NA,NA,TRUE,"Sub-annual >= Annual",121.167271022966,49120
"MEXICO_2008","Year","a0",1,25040,1,25040,NA,NA,NA,NA,NA,"Case 1: Annual only",NA,25040
"MEXICO_2009","Year","a0",1,238389,1,238389,NA,NA,NA,NA,NA,"Case 1: Annual only",NA,238389
"MEXICO_2010","Year","a0",1,51635,1,51635,NA,NA,NA,NA,NA,"Case 1: Annual only",NA,51635
"MEXICO_2011","Year","a0",1,63628,1,63628,NA,NA,NA,NA,NA,"Case 1: Annual only",NA,63628
"MEXICO_2012","Year","a0",1,165749,1,165749,NA,NA,NA,NA,NA,"Case 1: Annual only",NA,165749
"MEXICO_2013","Year","a0",1,231498,1,231498,NA,NA,NA,NA,TRUE,"Annual > sub-annual",26.9423493939472,231498
"MEXICO_2014","Week","a0",53,124943,53,124943,NA,NA,NA,NA,TRUE,"Sub-annual >= Annual",100,124943
"MEXICO_2015","Week","a0",52,219593,52,219593,NA,NA,NA,NA,TRUE,"Sub-annual >= Annual",100,219593
"MEXICO_2016","Week","a0",52,130069,52,130069,NA,NA,NA,NA,TRUE,"Sub-annual >= Annual",100,130069
"MEXICO_2017","Week","a0",52,89893,52,89893,52,73340,NA,NA,TRUE,"Sub-annual >= Annual",100,89893
"MEXICO_2018","Week","a0",52,78621,52,78621,52,73827,NA,NA,TRUE,"Sub-annual >= Annual",100,78621
"MEXICO_2019","Week","a0",52,268458,52,268458,52,146474,NA,NA,TRUE,"Sub-annual >= Annual",100,268458
"MEXICO_2020","Week","a0",53,120639,53,120639,52,108997,NA,NA,TRUE,"Sub-annual >= Annual",100,120639
"MEXICO_2021","Week","a0",52,36742,52,36742,49,35364,NA,NA,TRUE,"Sub-annual >= Annual",100,36742
"MEXICO_2022","Week","a0",52,59918,52,59918,33,19404,NA,NA,TRUE,"Sub-annual >= Annual",100,59918
"MEXICO_2023","Week","a0",52,277963,52,277963,NA,NA,NA,NA,TRUE,"Sub-annual >= Annual",100,277963
"MEXICO_2024","Week","a0",52,558846,52,558846,NA,NA,NA,NA,TRUE,"Sub-annual >= Annual",100,558846
"MICRONESIA (FEDERATED STATES OF)_1993","Year","a0",1,0,1,0,NA,NA,NA,NA,NA,"Case 1: Annual only",NA,0
"MICRONESIA (FEDERATED STATES OF)_1994","Year","a0",1,0,1,0,NA,NA,NA,NA,NA,"Case 1: Annual only",NA,0
"MICRONESIA (FEDERATED STATES OF)_1995","Year","a0",1,66,1,66,NA,NA,NA,NA,NA,"Case 1: Annual only",NA,66
"MICRONESIA (FEDERATED STATES OF)_1996","Year","a0",1,67,1,67,NA,NA,NA,NA,NA,"Case 1: Annual only",NA,67
"MICRONESIA (FEDERATED STATES OF)_1998","Year","a0",1,700,1,700,NA,NA,NA,NA,NA,"Case 1: Annual only",NA,700
"MICRONESIA (FEDERATED STATES OF)_1999","Year","a0",1,0,1,0,NA,NA,NA,NA,NA,"Case 1: Annual only",NA,0
"MICRONESIA (FEDERATED STATES OF)_2000","Year","a0",1,14,1,14,NA,NA,NA,NA,NA,"Case 1: Annual only",NA,14
"MICRONESIA (FEDERATED STATES OF)_2001","Year","a0",1,0,1,0,NA,NA,NA,NA,NA,"Case 1: Annual only",NA,0
"MICRONESIA (FEDERATED STATES OF)_2002","Year","a0",1,0,1,0,NA,NA,NA,NA,NA,"Case 1: Annual only",NA,0
"MICRONESIA (FEDERATED STATES OF)_2003","Year","a0",1,0,1,0,NA,NA,NA,NA,NA,"Case 1: Annual only",NA,0
"MICRONESIA (FEDERATED STATES OF)_2004","Year","a0",1,658,1,658,NA,NA,NA,NA,NA,"Case 1: Annual only",NA,658
"MICRONESIA (FEDERATED STATES OF)_2006","Year","a0",1,0,1,0,NA,NA,NA,NA,NA,"Case 1: Annual only",NA,0
"MICRONESIA (FEDERATED STATES OF)_2007","Year","a0",1,6,1,6,NA,NA,NA,NA,NA,"Case 1: Annual only",NA,6
"MICRONESIA (FEDERATED STATES OF)_2008","Year","a0",1,10,1,10,NA,NA,NA,NA,NA,"Case 1: Annual only",NA,10
"MICRONESIA (FEDERATED STATES OF)_2009","Year","a0",1,37,1,37,NA,NA,NA,NA,NA,"Case 1: Annual only",NA,37
"MICRONESIA (FEDERATED STATES OF)_2010","Year","a0",1,23,1,23,NA,NA,NA,NA,NA,"Case 1: Annual only",NA,23
"MICRONESIA (FEDERATED STATES OF)_2013","Year","a0",1,217,1,217,NA,NA,NA,NA,NA,"Case 1: Annual only",NA,217
"MICRONESIA (FEDERATED STATES OF)_2016","Year","a0",1,90,1,90,NA,NA,NA,NA,NA,"Case 1: Annual only",NA,90
"MICRONESIA (FEDERATED STATES OF)_2017","Week","a0",29,14,29,14,NA,NA,NA,NA,FALSE,"Incomplete sub-annual - sub-annual selected",NA,14
"MICRONESIA (FEDERATED STATES OF)_2018","Week","a0",39,35,39,35,NA,NA,NA,NA,FALSE,"Incomplete sub-annual - sub-annual selected",NA,35
"MICRONESIA (FEDERATED STATES OF)_2019","Year","a0",1,1464,1,1464,NA,NA,NA,NA,FALSE,"Incomplete sub-annual - annual selected",36.4754098360656,1464
"MICRONESIA (FEDERATED STATES OF)_2020","Week","a0",14,13,14,13,NA,NA,NA,NA,FALSE,"Case 2: Sub-annual only",NA,13
"MICRONESIA (FEDERATED STATES OF)_2021","Week","a0",9,15,9,15,NA,NA,NA,NA,FALSE,"Case 2: Sub-annual only",NA,15
"MICRONESIA (FEDERATED STATES OF)_2022","Week","a0",27,2732,27,2732,NA,NA,NA,NA,FALSE,"Case 2: Sub-annual only",NA,2732
"MICRONESIA (FEDERATED STATES OF)_2023","Week","a0",9,6,9,6,NA,NA,NA,NA,FALSE,"Case 2: Sub-annual only",NA,6
"MICRONESIA (FEDERATED STATES OF)_2024","Week","a0",40,61,40,61,NA,NA,NA,NA,FALSE,"Case 2: Sub-annual only",NA,61
"MONTSERRAT_1990","Year","a0",1,0,1,0,NA,NA,NA,NA,NA,"Case 1: Annual only",NA,0
"MONTSERRAT_1991","Year","a0",1,0,1,0,NA,NA,NA,NA,NA,"Case 1: Annual only",NA,0
"MONTSERRAT_1992","Year","a0",1,0,1,0,NA,NA,NA,NA,NA,"Case 1: Annual only",NA,0
"MONTSERRAT_1993","Year","a0",1,0,1,0,NA,NA,NA,NA,NA,"Case 1: Annual only",NA,0
"MONTSERRAT_1994","Year","a0",1,0,1,0,NA,NA,NA,NA,NA,"Case 1: Annual only",NA,0
"MONTSERRAT_1995","Year","a0",1,75,1,75,NA,NA,NA,NA,NA,"Case 1: Annual only",NA,75
"MONTSERRAT_1996","Year","a0",1,3,1,3,NA,NA,NA,NA,NA,"Case 1: Annual only",NA,3
"MONTSERRAT_1997","Year","a0",1,0,1,0,NA,NA,NA,NA,NA,"Case 1: Annual only",NA,0
"MONTSERRAT_1998","Year","a0",1,0,1,0,NA,NA,NA,NA,NA,"Case 1: Annual only",NA,0
"MONTSERRAT_1999","Year","a0",1,0,1,0,NA,NA,NA,NA,NA,"Case 1: Annual only",NA,0
"MONTSERRAT_2000","Year","a0",1,9,1,9,NA,NA,NA,NA,NA,"Case 1: Annual only",NA,9
"MONTSERRAT_2001","Year","a0",1,1,1,1,NA,NA,NA,NA,NA,"Case 1: Annual only",NA,1
"MONTSERRAT_2002","Year","a0",1,1,1,1,NA,NA,NA,NA,NA,"Case 1: Annual only",NA,1
"MONTSERRAT_2003","Year","a0",1,1,1,1,NA,NA,NA,NA,NA,"Case 1: Annual only",NA,1
"MONTSERRAT_2004","Year","a0",1,0,1,0,NA,NA,NA,NA,NA,"Case 1: Annual only",NA,0
"MONTSERRAT_2005","Year","a0",1,0,1,0,NA,NA,NA,NA,NA,"Case 1: Annual only",NA,0
"MONTSERRAT_2006","Year","a0",1,0,1,0,NA,NA,NA,NA,NA,"Case 1: Annual only",NA,0
"MONTSERRAT_2007","Year","a0",1,0,1,0,NA,NA,NA,NA,NA,"Case 1: Annual only",NA,0
"MONTSERRAT_2008","Year","a0",1,2,1,2,NA,NA,NA,NA,NA,"Case 1: Annual only",NA,2
"MONTSERRAT_2009","Year","a0",1,0,1,0,NA,NA,NA,NA,NA,"Case 1: Annual only",NA,0
"MONTSERRAT_2010","Year","a0",1,0,1,0,NA,NA,NA,NA,NA,"Case 1: Annual only",NA,0
"MONTSERRAT_2011","Year","a0",1,3,1,3,NA,NA,NA,NA,NA,"Case 1: Annual only",NA,3
"MONTSERRAT_2012","Year","a0",1,0,1,0,NA,NA,NA,NA,NA,"Case 1: Annual only",NA,0
"MONTSERRAT_2013","Year","a0",1,6,1,6,NA,NA,NA,NA,NA,"Case 1: Annual only",NA,6
"MONTSERRAT_2014","Year","a0",1,17,1,17,NA,NA,NA,NA,FALSE,"Incomplete sub-annual - annual selected",41.1764705882353,17
"MONTSERRAT_2015","Week","a0",52,0,52,0,NA,NA,NA,NA,TRUE,"Sub-annual >= Annual",NA,NA
"MONTSERRAT_2016","Year","a0",1,25,1,25,NA,NA,NA,NA,FALSE,"Incomplete sub-annual - annual selected",52,25
"MONTSERRAT_2017","Week","a0",52,0,52,0,NA,NA,NA,NA,TRUE,"Sub-annual >= Annual",NA,NA
"MONTSERRAT_2018","Week","a0",52,1,52,1,NA,NA,NA,NA,TRUE,"Sub-annual >= Annual",100,1
"MONTSERRAT_2019","Week","a0",52,1,52,1,NA,NA,NA,NA,TRUE,"Sub-annual >= Annual",100,1
"MONTSERRAT_2020","Week","a0",53,0,53,0,NA,NA,NA,NA,TRUE,"Sub-annual >= Annual",NA,NA
"MONTSERRAT_2021","Week","a0",12,3,12,3,NA,NA,NA,NA,FALSE,"Incomplete sub-annual - sub-annual selected",100,3
"MONTSERRAT_2022","Year","a0",1,9,1,9,NA,NA,NA,NA,FALSE,"Incomplete sub-annual - annual selected",88.8888888888889,9
"MONTSERRAT_2023","Week","a0",52,6,52,6,NA,NA,NA,NA,TRUE,"Sub-annual >= Annual",100,6
"MONTSERRAT_2024","Week","a0",52,3,52,3,NA,NA,NA,NA,TRUE,"Sub-annual >= Annual",100,3
"MYANMAR_1990","Year","a0",1,5696,1,5696,NA,NA,NA,NA,NA,"Case 1: Annual only",NA,5696
"MYANMAR_1991","Year","a0",1,6677,1,6677,NA,NA,NA,NA,NA,"Case 1: Annual only",NA,6677
"MYANMAR_1992","Year","a0",1,1418,1,1418,NA,NA,NA,NA,NA,"Case 1: Annual only",NA,1418
"MYANMAR_1993","Year","a0",1,1742,1,1742,NA,NA,NA,NA,NA,"Case 1: Annual only",NA,1742
"MYANMAR_1994","Year","a0",1,11591,1,11591,NA,NA,NA,NA,NA,"Case 1: Annual only",NA,11591
"MYANMAR_1995","Year","a0",1,2063,1,2063,NA,NA,NA,NA,NA,"Case 1: Annual only",NA,2063
"MYANMAR_1996","Year","a0",1,1731,1,1731,NA,NA,NA,NA,NA,"Case 1: Annual only",NA,1731
"MYANMAR_1997","Year","a0",1,3697,1,3697,NA,NA,NA,NA,NA,"Case 1: Annual only",NA,3697
"MYANMAR_1998","Year","a0",1,12231,1,12231,NA,NA,NA,NA,NA,"Case 1: Annual only",NA,12231
"MYANMAR_1999","Year","a0",1,5495,1,5495,NA,NA,NA,NA,NA,"Case 1: Annual only",NA,5495
"MYANMAR_2000","Year","a0",1,1222,1,1222,NA,NA,NA,NA,NA,"Case 1: Annual only",NA,1222
"MYANMAR_2001","Year","a0",1,15503,1,15503,NA,NA,NA,NA,NA,"Case 1: Annual only",NA,15503
"MYANMAR_2002","Year","a0",1,15663,1,15663,NA,NA,NA,NA,NA,"Case 1: Annual only",NA,15663
"MYANMAR_2003","Year","a0",1,6792,1,6792,NA,NA,NA,NA,NA,"Case 1: Annual only",NA,6792
"MYANMAR_2004","Year","a0",1,6624,1,6624,NA,NA,NA,NA,NA,"Case 1: Annual only",NA,6624
"MYANMAR_2005","Year","a0",1,16965,1,16965,NA,NA,NA,NA,NA,"Case 1: Annual only",NA,16965
"MYANMAR_2006","Year","a0",1,10392,1,10392,NA,NA,NA,NA,NA,"Case 1: Annual only",NA,10392
"MYANMAR_2007","Year","a0",1,14658,1,14658,NA,NA,NA,NA,NA,"Case 1: Annual only",NA,14658
"MYANMAR_2008","Year","a0",1,17281,1,17281,NA,NA,NA,NA,NA,"Case 1: Annual only",NA,17281
"MYANMAR_2009","Year","a0",1,23681,1,23681,NA,NA,NA,NA,NA,"Case 1: Annual only",NA,23681
"MYANMAR_2010","Year","a0",1,15631,1,15631,NA,NA,NA,NA,NA,"Case 1: Annual only",NA,15631
"MYANMAR_2011","Year","a0",1,4297,1,4297,NA,NA,NA,NA,NA,"Case 1: Annual only",NA,4297
"MYANMAR_2012","Year","a1",1,7006,1,5606,1,7006,NA,NA,TRUE,"Annual > sub-annual",0.114187838995147,7006
"MYANMAR_2013","Year","a1",1,22166,1,21366,1,22166,NA,NA,TRUE,"Annual > sub-annual",0.157899485698818,22166
"MYANMAR_2014","Year","a1",1,14410,1,13480,1,14410,NA,NA,TRUE,"Annual > sub-annual",0.131852879944483,14410
"MYANMAR_2015","Year","a0",1,42540,1,42540,1,42191,NA,NA,TRUE,"Annual > sub-annual",0.183356840620592,42540
"MYANMAR_2016","Year","a1",1,10385,1,10023,1,10385,NA,NA,TRUE,"Annual > sub-annual",0.154068367838228,10385
"MYANMAR_2017","Year","a1",1,32891,1,30709,1,32891,NA,NA,TRUE,"Annual > sub-annual",0.209783831443252,32891
"MYANMAR_2018","Year","a0",1,22659,1,22659,1,22512,NA,NA,NA,"Case 1: Annual only",NA,22659
"MYANMAR_2019","Year","a0",1,23203,1,23203,NA,NA,NA,NA,NA,"Case 1: Annual only",NA,23203
"MYANMAR_2020","Year","a0",1,15131,1,15131,NA,NA,NA,NA,NA,"Case 1: Annual only",NA,15131
"MYANMAR_2021","Year","a0",1,5446,1,5446,NA,NA,NA,NA,NA,"Case 1: Annual only",NA,5446
"MYANMAR_2022","Year","a0",1,24971,1,24971,NA,NA,NA,NA,NA,"Case 1: Annual only",NA,24971
"MYANMAR_2023","Year","a0",1,16130,1,16130,NA,NA,NA,NA,NA,"Case 1: Annual only",NA,16130
"MYANMAR_2024","Month","a0",12,6388,12,6388,NA,NA,NA,NA,TRUE,"Case 2: Sub-annual only",NA,6388
"NAURU_1991","Year","a0",1,0,1,0,NA,NA,NA,NA,NA,"Case 1: Annual only",NA,0
"NAURU_1992","Year","a0",1,0,1,0,NA,NA,NA,NA,NA,"Case 1: Annual only",NA,0
"NAURU_1993","Year","a0",1,0,1,0,NA,NA,NA,NA,NA,"Case 1: Annual only",NA,0
"NAURU_1994","Year","a0",1,0,1,0,NA,NA,NA,NA,NA,"Case 1: Annual only",NA,0
"NAURU_1995","Year","a0",1,0,1,0,NA,NA,NA,NA,NA,"Case 1: Annual only",NA,0
"NAURU_1996","Year","a0",1,0,1,0,NA,NA,NA,NA,NA,"Case 1: Annual only",NA,0
"NAURU_1997","Year","a0",1,0,1,0,NA,NA,NA,NA,NA,"Case 1: Annual only",NA,0
"NAURU_1998","Year","a0",1,0,1,0,NA,NA,NA,NA,NA,"Case 1: Annual only",NA,0
"NAURU_1999","Year","a0",1,0,1,0,NA,NA,NA,NA,NA,"Case 1: Annual only",NA,0
"NAURU_2000","Year","a0",1,0,1,0,NA,NA,NA,NA,NA,"Case 1: Annual only",NA,0
"NAURU_2001","Year","a0",1,0,1,0,NA,NA,NA,NA,NA,"Case 1: Annual only",NA,0
"NAURU_2002","Year","a0",1,0,1,0,NA,NA,NA,NA,NA,"Case 1: Annual only",NA,0
"NAURU_2003","Year","a0",1,233,1,233,NA,NA,NA,NA,NA,"Case 1: Annual only",NA,233
"NAURU_2004","Year","a0",1,0,1,0,NA,NA,NA,NA,NA,"Case 1: Annual only",NA,0
"NAURU_2005","Year","a0",1,0,1,0,NA,NA,NA,NA,NA,"Case 1: Annual only",NA,0
"NAURU_2006","Year","a0",1,0,1,0,NA,NA,NA,NA,NA,"Case 1: Annual only",NA,0
"NAURU_2007","Year","a0",1,0,1,0,NA,NA,NA,NA,NA,"Case 1: Annual only",NA,0
"NAURU_2008","Year","a0",1,2,1,2,NA,NA,NA,NA,NA,"Case 1: Annual only",NA,2
"NAURU_2009","Year","a0",1,0,1,0,NA,NA,NA,NA,NA,"Case 1: Annual only",NA,0
"NAURU_2010","Year","a0",1,0,1,0,NA,NA,NA,NA,NA,"Case 1: Annual only",NA,0
"NAURU_2011","Year","a0",1,0,1,0,NA,NA,NA,NA,NA,"Case 1: Annual only",NA,0
"NAURU_2012","Year","a0",1,0,1,0,NA,NA,NA,NA,NA,"Case 1: Annual only",NA,0
"NAURU_2016","Year","a0",1,0,1,0,NA,NA,NA,NA,NA,"Case 1: Annual only",NA,0
"NAURU_2017","Year","a0",1,964,1,964,NA,NA,NA,NA,FALSE,"Incomplete sub-annual - annual selected",0.311203319502075,964
"NAURU_2018","Year","a0",1,114,1,114,NA,NA,NA,NA,NA,"Case 1: Annual only",NA,114
"NAURU_2024","Week","a0",40,0,40,0,NA,NA,NA,NA,FALSE,"Case 2: Sub-annual only",NA,0
"NEPAL_1990","Year","a0",1,0,1,0,NA,NA,NA,NA,NA,"Case 1: Annual only",NA,0
"NEPAL_1991","Year","a0",1,0,1,0,NA,NA,NA,NA,NA,"Case 1: Annual only",NA,0
"NEPAL_1992","Year","a0",1,0,1,0,NA,NA,NA,NA,NA,"Case 1: Annual only",NA,0
"NEPAL_1993","Year","a0",1,0,1,0,NA,NA,NA,NA,NA,"Case 1: Annual only",NA,0
"NEPAL_1994","Year","a0",1,0,1,0,NA,NA,NA,NA,NA,"Case 1: Annual only",NA,0
"NEPAL_1995","Year","a0",1,0,1,0,NA,NA,NA,NA,NA,"Case 1: Annual only",NA,0
"NEPAL_1996","Year","a0",1,0,1,0,NA,NA,NA,NA,NA,"Case 1: Annual only",NA,0
"NEPAL_1997","Year","a0",1,0,1,0,NA,NA,NA,NA,NA,"Case 1: Annual only",NA,0
"NEPAL_1998","Year","a0",1,0,1,0,NA,NA,NA,NA,NA,"Case 1: Annual only",NA,0
"NEPAL_1999","Year","a0",1,0,1,0,NA,NA,NA,NA,NA,"Case 1: Annual only",NA,0
"NEPAL_2000","Year","a0",1,0,1,0,NA,NA,NA,NA,NA,"Case 1: Annual only",NA,0
"NEPAL_2001","Year","a0",1,0,1,0,NA,NA,NA,NA,NA,"Case 1: Annual only",NA,0
"NEPAL_2002","Year","a0",1,0,1,0,NA,NA,NA,NA,NA,"Case 1: Annual only",NA,0
"NEPAL_2003","Year","a0",1,0,1,0,NA,NA,NA,NA,NA,"Case 1: Annual only",NA,0
"NEPAL_2004","Year","a0",1,0,1,0,NA,NA,NA,NA,NA,"Case 1: Annual only",NA,0
"NEPAL_2005","Year","a0",1,0,1,0,NA,NA,NA,NA,NA,"Case 1: Annual only",NA,0
"NEPAL_2006","Year","a0",1,32,1,32,NA,NA,NA,NA,NA,"Case 1: Annual only",NA,32
"NEPAL_2007","Year","a0",1,27,1,27,NA,NA,NA,NA,NA,"Case 1: Annual only",NA,27
"NEPAL_2008","Year","a0",1,10,1,10,NA,NA,NA,NA,NA,"Case 1: Annual only",NA,10
"NEPAL_2009","Year","a0",1,30,1,30,NA,NA,NA,NA,NA,"Case 1: Annual only",NA,30
"NEPAL_2010","Year","a0",1,917,1,917,NA,NA,NA,NA,NA,"Case 1: Annual only",NA,917
"NEPAL_2011","Year","a0",1,79,1,79,NA,NA,NA,NA,NA,"Case 1: Annual only",NA,79
"NEPAL_2012","Year","a0",1,183,1,183,NA,NA,NA,NA,NA,"Case 1: Annual only",NA,183
"NEPAL_2013","Year","a0",1,642,1,642,NA,NA,NA,NA,NA,"Case 1: Annual only",NA,642
"NEPAL_2014","Year","a0",1,356,1,356,NA,NA,NA,NA,NA,"Case 1: Annual only",NA,356
"NEPAL_2015","Year","a0",1,26,1,26,NA,NA,NA,NA,NA,"Case 1: Annual only",NA,26
"NEPAL_2016","Year","a0",1,1523,1,1523,1,1523,NA,NA,FALSE,"Incomplete sub-annual - annual selected",29.8095863427446,1523
"NEPAL_2017","Year","a0",1,1201,1,1201,NA,NA,NA,NA,TRUE,"Annual > sub-annual",8.07660283097419,1201
"NEPAL_2018","Year","a0",1,230,1,230,NA,NA,NA,NA,TRUE,"Annual > sub-annual",76.0869565217391,230
"NEPAL_2019","Year","a0",1,12100,1,12100,NA,NA,NA,NA,TRUE,"Annual > sub-annual",85.504132231405,12100
"NEPAL_2020","Year","a0",1,630,1,630,NA,NA,NA,NA,TRUE,"Annual > sub-annual",63.1746031746032,630
"NEPAL_2021","Year","a0",1,540,1,540,1,530,NA,NA,TRUE,"Annual > sub-annual",63.7037037037037,540
"NEPAL_2022","Month","a2",12,54784,12,22865,NA,NA,12,54784,TRUE,"Sub-annual >= Annual",100,54784
"NEPAL_2023","Month","a0",12,52790,12,52790,NA,NA,12,51243,TRUE,"Sub-annual >= Annual",103.01894892961,52790
"NEPAL_2024","Month","a0",12,41865,12,41865,NA,NA,12,34385,TRUE,"Case 2: Sub-annual only",NA,41865
"NEW CALEDONIA_1990","Year","a0",1,92,1,92,NA,NA,NA,NA,NA,"Case 1: Annual only",NA,92
"NEW CALEDONIA_1991","Year","a0",1,26,1,26,NA,NA,NA,NA,NA,"Case 1: Annual only",NA,26
"NEW CALEDONIA_1992","Year","a0",1,10,1,10,NA,NA,NA,NA,NA,"Case 1: Annual only",NA,10
"NEW CALEDONIA_1993","Year","a0",1,4,1,4,NA,NA,NA,NA,NA,"Case 1: Annual only",NA,4
"NEW CALEDONIA_1994","Year","a0",1,11,1,11,NA,NA,NA,NA,NA,"Case 1: Annual only",NA,11
"NEW CALEDONIA_1995","Year","a0",1,1820,1,1820,NA,NA,NA,NA,NA,"Case 1: Annual only",NA,1820
"NEW CALEDONIA_1996","Year","a0",1,0,1,0,NA,NA,NA,NA,NA,"Case 1: Annual only",NA,0
"NEW CALEDONIA_1997","Year","a0",1,154,1,154,NA,NA,NA,NA,NA,"Case 1: Annual only",NA,154
"NEW CALEDONIA_1998","Year","a0",1,2618,1,2618,NA,NA,NA,NA,NA,"Case 1: Annual only",NA,2618
"NEW CALEDONIA_1999","Year","a0",1,359,1,359,NA,NA,NA,NA,NA,"Case 1: Annual only",NA,359
"NEW CALEDONIA_2000","Year","a0",1,15,1,15,NA,NA,NA,NA,NA,"Case 1: Annual only",NA,15
"NEW CALEDONIA_2001","Year","a0",1,34,1,34,NA,NA,NA,NA,NA,"Case 1: Annual only",NA,34
"NEW CALEDONIA_2002","Year","a0",1,105,1,105,NA,NA,NA,NA,NA,"Case 1: Annual only",NA,105
"NEW CALEDONIA_2003","Year","a0",1,5673,1,5673,NA,NA,NA,NA,NA,"Case 1: Annual only",NA,5673
"NEW CALEDONIA_2004","Year","a0",1,792,1,792,NA,NA,NA,NA,NA,"Case 1: Annual only",NA,792
"NEW CALEDONIA_2005","Year","a0",1,46,1,46,NA,NA,NA,NA,NA,"Case 1: Annual only",NA,46
"NEW CALEDONIA_2006","Year","a0",1,48,1,48,NA,NA,NA,NA,NA,"Case 1: Annual only",NA,48
"NEW CALEDONIA_2007","Year","a0",1,47,1,47,NA,NA,NA,NA,NA,"Case 1: Annual only",NA,47
"NEW CALEDONIA_2008","Year","a0",1,1179,1,1179,NA,NA,NA,NA,NA,"Case 1: Annual only",NA,1179
"NEW CALEDONIA_2009","Year","a0",1,8610,1,8610,NA,NA,NA,NA,NA,"Case 1: Annual only",NA,8610
"NEW CALEDONIA_2010","Year","a0",1,113,1,113,NA,NA,NA,NA,NA,"Case 1: Annual only",NA,113
"NEW CALEDONIA_2011","Year","a0",1,1,1,1,NA,NA,NA,NA,NA,"Case 1: Annual only",NA,1
"NEW CALEDONIA_2012","Week","a0",52,660,52,660,NA,NA,NA,NA,TRUE,"Case 2: Sub-annual only",NA,660
"NEW CALEDONIA_2013","Week","a0",52,10750,52,10750,NA,NA,NA,NA,TRUE,"Sub-annual >= Annual",107.953404298052,10750
"NEW CALEDONIA_2017","Week","a0",50,4421,50,4421,NA,NA,NA,NA,FALSE,"Incomplete sub-annual - sub-annual selected",105.261904761905,4421
"NEW CALEDONIA_2018","Year","a0",1,1997,1,1997,NA,NA,NA,NA,FALSE,"Incomplete sub-annual - annual selected",99.449173760641,1997
"NEW CALEDONIA_2019","Year","a0",1,3916,1,3916,NA,NA,NA,NA,NA,"Case 1: Annual only",NA,3916
"NEW CALEDONIA_2020","Week","a0",51,59,51,59,NA,NA,NA,NA,FALSE,"Case 2: Sub-annual only",NA,59
"NEW CALEDONIA_2021","Week","a0",52,136,52,136,NA,NA,NA,NA,TRUE,"Case 2: Sub-annual only",NA,136
"NEW CALEDONIA_2022","Week","a0",42,518,42,518,NA,NA,NA,NA,FALSE,"Case 2: Sub-annual only",NA,518
"NEW CALEDONIA_2023","Week","a0",21,6,21,6,NA,NA,NA,NA,FALSE,"Case 2: Sub-annual only",NA,6
"NEW CALEDONIA_2024","Month","a0",12,18,12,18,NA,NA,NA,NA,TRUE,"Case 2: Sub-annual only",NA,18
"NICARAGUA_1990","Year","a0",1,4137,1,4137,NA,NA,NA,NA,NA,"Case 1: Annual only",NA,4137
"NICARAGUA_1991","Year","a0",1,1885,1,1885,NA,NA,NA,NA,NA,"Case 1: Annual only",NA,1885
"NICARAGUA_1992","Year","a0",1,5495,1,5495,NA,NA,NA,NA,NA,"Case 1: Annual only",NA,5495
"NICARAGUA_1993","Year","a0",1,8938,1,8938,NA,NA,NA,NA,NA,"Case 1: Annual only",NA,8938
"NICARAGUA_1994","Year","a0",1,20469,1,20469,NA,NA,NA,NA,NA,"Case 1: Annual only",NA,20469
"NICARAGUA_1995","Year","a0",1,18454,1,18454,NA,NA,NA,NA,NA,"Case 1: Annual only",NA,18454
"NICARAGUA_1996","Year","a0",1,2743,1,2743,NA,NA,NA,NA,NA,"Case 1: Annual only",NA,2743
"NICARAGUA_1997","Year","a0",1,3058,1,3058,NA,NA,NA,NA,NA,"Case 1: Annual only",NA,3058
"NICARAGUA_1998","Year","a0",1,13160,1,13160,NA,NA,NA,NA,NA,"Case 1: Annual only",NA,13160
"NICARAGUA_1999","Year","a0",1,10401,1,10401,NA,NA,NA,NA,NA,"Case 1: Annual only",NA,10401
"NICARAGUA_2000","Year","a0",1,6681,1,6681,NA,NA,NA,NA,TRUE,"Annual > sub-annual",12.87232450232,6681
"NICARAGUA_2001","Month","a1",12,2333,NA,NA,12,2333,NA,NA,TRUE,"Sub-annual >= Annual",141.737545565006,2333
"NICARAGUA_2002","Month","a1",12,2269,NA,NA,12,2269,NA,NA,TRUE,"Sub-annual >= Annual",113.45,2269
"NICARAGUA_2003","Month","a1",12,2715,NA,NA,12,2715,NA,NA,TRUE,"Sub-annual >= Annual",105.889235569423,2715
"NICARAGUA_2004","Week","a1",52,8332,NA,NA,52,8332,NA,NA,TRUE,"Sub-annual >= Annual",884.501061571125,8332
"NICARAGUA_2005","Week","a1",52,14678,NA,NA,52,14678,NA,NA,TRUE,"Sub-annual >= Annual",942.105263157895,14678
"NICARAGUA_2006","Week","a1",52,10456,NA,NA,52,10456,NA,NA,TRUE,"Sub-annual >= Annual",805.546995377504,10456
"NICARAGUA_2007","Week","a1",52,12292,NA,NA,52,12292,NA,NA,TRUE,"Sub-annual >= Annual",972.46835443038,12292
"NICARAGUA_2008","Week","a1",52,8813,NA,NA,52,8813,NA,NA,FALSE,"Incomplete sub-annual - sub-annual selected",634.028776978417,8813
"NICARAGUA_2009","Week","a1",52,18063,NA,NA,52,18063,NA,NA,TRUE,"Sub-annual >= Annual",105.879249706917,18063
"NICARAGUA_2010","Week","a1",52,25174,NA,NA,52,25174,NA,NA,TRUE,"Sub-annual >= Annual",488.152026371922,25174
"NICARAGUA_2011","Year","a0",1,11881,1,11881,NA,NA,NA,NA,TRUE,"Annual > sub-annual",99.5118256039054,11881
"NICARAGUA_2012","Week","a1",52,30378,NA,NA,52,30378,NA,NA,TRUE,"Sub-annual >= Annual",100.556107249255,30378
"NICARAGUA_2013","Year","a0",1,77179,1,77179,NA,NA,NA,NA,TRUE,"Annual > sub-annual",88.3349097552443,77179
"NICARAGUA_2014","Week","a0",53,35425,53,35425,52,34643,NA,NA,TRUE,"Sub-annual >= Annual",100,35425
"NICARAGUA_2015","Week","a0",52,49326,52,49326,52,48865,NA,NA,TRUE,"Sub-annual >= Annual",100,49326
"NICARAGUA_2016","Week","a0",52,88463,52,88463,52,87416,NA,NA,TRUE,"Sub-annual >= Annual",100,88463
"NICARAGUA_2017","Week","a1",52,68785,52,64712,52,68785,NA,NA,TRUE,"Sub-annual >= Annual",106.294041290642,68785
"NICARAGUA_2018","Week","a0",52,58746,52,58746,52,58376,NA,NA,TRUE,"Sub-annual >= Annual",100,58746
"NICARAGUA_2019","Week","a0",52,186173,52,186173,52,183324,NA,NA,TRUE,"Sub-annual >= Annual",100,186173
"NICARAGUA_2020","Week","a0",53,53953,53,53953,52,52777,NA,NA,TRUE,"Sub-annual >= Annual",100,53953
"NICARAGUA_2021","Week","a0",52,36741,52,36741,52,36193,NA,NA,TRUE,"Sub-annual >= Annual",100,36741
"NICARAGUA_2022","Week","a0",52,97541,52,97541,45,78553,NA,NA,TRUE,"Sub-annual >= Annual",100,97541
"NICARAGUA_2023","Week","a0",52,181096,52,181096,NA,NA,NA,NA,TRUE,"Sub-annual >= Annual",100,181096
"NICARAGUA_2024","Week","a0",52,92022,52,92022,NA,NA,NA,NA,TRUE,"Sub-annual >= Annual",100,92022
"NIGER_2024","Month","a0",12,58,12,58,NA,NA,NA,NA,TRUE,"Case 2: Sub-annual only",NA,58
"NIUE_1991","Year","a0",1,2,1,2,NA,NA,NA,NA,NA,"Case 1: Annual only",NA,2
"NIUE_1992","Year","a0",1,0,1,0,NA,NA,NA,NA,NA,"Case 1: Annual only",NA,0
"NIUE_1993","Year","a0",1,0,1,0,NA,NA,NA,NA,NA,"Case 1: Annual only",NA,0
"NIUE_1994","Year","a0",1,0,1,0,NA,NA,NA,NA,NA,"Case 1: Annual only",NA,0
"NIUE_1995","Year","a0",1,0,1,0,NA,NA,NA,NA,NA,"Case 1: Annual only",NA,0
"NIUE_1996","Year","a0",1,1,1,1,NA,NA,NA,NA,NA,"Case 1: Annual only",NA,1
"NIUE_1997","Year","a0",1,0,1,0,NA,NA,NA,NA,NA,"Case 1: Annual only",NA,0
"NIUE_1998","Year","a0",1,0,1,0,NA,NA,NA,NA,NA,"Case 1: Annual only",NA,0
"NIUE_1999","Year","a0",1,0,1,0,NA,NA,NA,NA,NA,"Case 1: Annual only",NA,0
"NIUE_2000","Year","a0",1,0,1,0,NA,NA,NA,NA,NA,"Case 1: Annual only",NA,0
"NIUE_2001","Year","a0",1,1,1,1,NA,NA,NA,NA,NA,"Case 1: Annual only",NA,1
"NIUE_2002","Year","a0",1,0,1,0,NA,NA,NA,NA,NA,"Case 1: Annual only",NA,0
"NIUE_2003","Year","a0",1,0,1,0,NA,NA,NA,NA,NA,"Case 1: Annual only",NA,0
"NIUE_2004","Year","a0",1,0,1,0,NA,NA,NA,NA,NA,"Case 1: Annual only",NA,0
"NIUE_2005","Year","a0",1,0,1,0,NA,NA,NA,NA,NA,"Case 1: Annual only",NA,0
"NIUE_2006","Year","a0",1,0,1,0,NA,NA,NA,NA,NA,"Case 1: Annual only",NA,0
"NIUE_2007","Year","a0",1,0,1,0,NA,NA,NA,NA,NA,"Case 1: Annual only",NA,0
"NIUE_2008","Year","a0",1,3,1,3,NA,NA,NA,NA,NA,"Case 1: Annual only",NA,3
"NIUE_2009","Year","a0",1,0,1,0,NA,NA,NA,NA,NA,"Case 1: Annual only",NA,0
"NIUE_2010","Year","a0",1,0,1,0,NA,NA,NA,NA,NA,"Case 1: Annual only",NA,0
"NIUE_2011","Year","a0",1,0,1,0,NA,NA,NA,NA,NA,"Case 1: Annual only",NA,0
"NIUE_2012","Year","a0",1,0,1,0,NA,NA,NA,NA,NA,"Case 1: Annual only",NA,0
"NIUE_2016","Year","a0",1,0,1,0,NA,NA,NA,NA,NA,"Case 1: Annual only",NA,0
"NIUE_2017","Week","a0",18,9,18,9,NA,NA,NA,NA,FALSE,"Incomplete sub-annual - sub-annual selected",450,9
"NIUE_2018","Week","a0",16,0,16,0,NA,NA,NA,NA,FALSE,"Case 2: Sub-annual only",NA,0
"NIUE_2019","Week","a0",22,0,22,0,NA,NA,NA,NA,FALSE,"Case 2: Sub-annual only",NA,0
"NIUE_2020","Week","a0",7,0,7,0,NA,NA,NA,NA,FALSE,"Case 2: Sub-annual only",NA,0
"NIUE_2021","Week","a0",13,0,13,0,NA,NA,NA,NA,FALSE,"Case 2: Sub-annual only",NA,0
"NIUE_2022","Week","a0",37,12,37,12,NA,NA,NA,NA,FALSE,"Case 2: Sub-annual only",NA,12
"NIUE_2023","Week","a0",20,0,20,0,NA,NA,NA,NA,FALSE,"Case 2: Sub-annual only",NA,0
"NIUE_2024","Week","a0",40,0,40,0,NA,NA,NA,NA,FALSE,"Case 2: Sub-annual only",NA,0
"NORTHERN MARIANA ISLANDS_1992","Year","a0",1,0,1,0,NA,NA,NA,NA,NA,"Case 1: Annual only",NA,0
"NORTHERN MARIANA ISLANDS_1993","Year","a0",1,0,1,0,NA,NA,NA,NA,NA,"Case 1: Annual only",NA,0
"NORTHERN MARIANA ISLANDS_1994","Year","a0",1,0,1,0,NA,NA,NA,NA,NA,"Case 1: Annual only",NA,0
"NORTHERN MARIANA ISLANDS_1995","Year","a0",1,0,1,0,NA,NA,NA,NA,NA,"Case 1: Annual only",NA,0
"NORTHERN MARIANA ISLANDS_1998","Year","a0",1,3,1,3,NA,NA,NA,NA,NA,"Case 1: Annual only",NA,3
"NORTHERN MARIANA ISLANDS_1999","Year","a0",1,0,1,0,NA,NA,NA,NA,NA,"Case 1: Annual only",NA,0
"NORTHERN MARIANA ISLANDS_2000","Year","a0",1,0,1,0,NA,NA,NA,NA,NA,"Case 1: Annual only",NA,0
"NORTHERN MARIANA ISLANDS_2001","Year","a0",1,1418,1,1418,NA,NA,NA,NA,NA,"Case 1: Annual only",NA,1418
"NORTHERN MARIANA ISLANDS_2002","Year","a0",1,0,1,0,NA,NA,NA,NA,NA,"Case 1: Annual only",NA,0
"NORTHERN MARIANA ISLANDS_2003","Year","a0",1,0,1,0,NA,NA,NA,NA,NA,"Case 1: Annual only",NA,0
"NORTHERN MARIANA ISLANDS_2004","Year","a0",1,0,1,0,NA,NA,NA,NA,NA,"Case 1: Annual only",NA,0
"NORTHERN MARIANA ISLANDS_2005","Year","a0",1,0,1,0,NA,NA,NA,NA,NA,"Case 1: Annual only",NA,0
"NORTHERN MARIANA ISLANDS_2006","Year","a0",1,0,1,0,NA,NA,NA,NA,NA,"Case 1: Annual only",NA,0
"NORTHERN MARIANA ISLANDS_2007","Year","a0",1,0,1,0,NA,NA,NA,NA,NA,"Case 1: Annual only",NA,0
"NORTHERN MARIANA ISLANDS_2008","Year","a0",1,0,1,0,NA,NA,NA,NA,NA,"Case 1: Annual only",NA,0
"NORTHERN MARIANA ISLANDS_2009","Year","a0",1,0,1,0,NA,NA,NA,NA,NA,"Case 1: Annual only",NA,0
"NORTHERN MARIANA ISLANDS_2010","Year","a0",1,0,1,0,NA,NA,NA,NA,NA,"Case 1: Annual only",NA,0
"NORTHERN MARIANA ISLANDS_2011","Year","a0",1,0,1,0,NA,NA,NA,NA,NA,"Case 1: Annual only",NA,0
"NORTHERN MARIANA ISLANDS_2012","Year","a0",1,0,1,0,NA,NA,NA,NA,NA,"Case 1: Annual only",NA,0
"NORTHERN MARIANA ISLANDS_2017","Week","a0",32,0,32,0,NA,NA,NA,NA,FALSE,"Case 2: Sub-annual only",NA,0
"NORTHERN MARIANA ISLANDS_2018","Week","a0",35,0,35,0,NA,NA,NA,NA,FALSE,"Case 2: Sub-annual only",NA,0
"NORTHERN MARIANA ISLANDS_2019","Week","a0",30,4,30,4,NA,NA,NA,NA,FALSE,"Case 2: Sub-annual only",NA,4
"NORTHERN MARIANA ISLANDS_2020","Week","a0",2,0,2,0,NA,NA,NA,NA,FALSE,"Case 2: Sub-annual only",NA,0
"NORTHERN MARIANA ISLANDS_2021","Week","a0",14,0,14,0,NA,NA,NA,NA,FALSE,"Case 2: Sub-annual only",NA,0
"NORTHERN MARIANA ISLANDS_2022","Week","a0",42,929,42,929,NA,NA,NA,NA,FALSE,"Case 2: Sub-annual only",NA,929
"NORTHERN MARIANA ISLANDS_2023","Week","a0",21,0,21,0,NA,NA,NA,NA,FALSE,"Case 2: Sub-annual only",NA,0
"NORTHERN MARIANA ISLANDS_2024","Week","a0",40,1,40,1,NA,NA,NA,NA,FALSE,"Case 2: Sub-annual only",NA,1
"OMAN_2018","Month","a0",12,64,12,64,NA,NA,NA,NA,TRUE,"Sub-annual >= Annual",193.939393939394,64
"OMAN_2019","Month","a0",12,109,12,109,NA,NA,NA,NA,TRUE,"Case 2: Sub-annual only",NA,109
"OMAN_2020","Month","a0",12,310,12,310,NA,NA,NA,NA,TRUE,"Case 2: Sub-annual only",NA,310
"OMAN_2021","Month","a0",12,24,12,24,NA,NA,NA,NA,TRUE,"Case 2: Sub-annual only",NA,24
"OMAN_2022","Month","a0",12,1989,12,1989,NA,NA,NA,NA,TRUE,"Case 2: Sub-annual only",NA,1989
"OMAN_2023","Month","a0",12,2711,12,2711,NA,NA,NA,NA,TRUE,"Case 2: Sub-annual only",NA,2711
"PAKISTAN_1994","Year","a0",1,145,1,145,NA,NA,NA,NA,NA,"Case 1: Annual only",NA,145
"PAKISTAN_1995","Year","a0",1,76,1,76,NA,NA,NA,NA,NA,"Case 1: Annual only",NA,76
"PAKISTAN_1997","Year","a0",1,251,1,251,NA,NA,NA,NA,NA,"Case 1: Annual only",NA,251
"PAKISTAN_2003","Year","a0",1,17,1,17,NA,NA,NA,NA,NA,"Case 1: Annual only",NA,17
"PAKISTAN_2004","Year","a0",1,25,1,25,NA,NA,NA,NA,NA,"Case 1: Annual only",NA,25
"PAKISTAN_2005","Year","a0",1,3940,1,3940,NA,NA,NA,NA,NA,"Case 1: Annual only",NA,3940
"PAKISTAN_2006","Year","a0",1,1931,1,1931,NA,NA,NA,NA,NA,"Case 1: Annual only",NA,1931
"PAKISTAN_2007","Year","a0",1,1199,1,1199,NA,NA,NA,NA,NA,"Case 1: Annual only",NA,1199
"PAKISTAN_2008","Year","a0",1,1795,1,1795,NA,NA,NA,NA,NA,"Case 1: Annual only",NA,1795
"PAKISTAN_2009","Year","a0",1,946,1,946,NA,NA,NA,NA,NA,"Case 1: Annual only",NA,946
"PAKISTAN_2010","Year","a0",1,9785,1,9785,NA,NA,NA,NA,NA,"Case 1: Annual only",NA,9785
"PAKISTAN_2011","Year","a0",1,24928,1,24928,NA,NA,NA,NA,NA,"Case 1: Annual only",NA,24928
"PAKISTAN_2012","Year","a0",1,3764,1,3764,NA,NA,NA,NA,NA,"Case 1: Annual only",NA,3764
"PAKISTAN_2013","Year","a0",1,28883,1,28883,NA,NA,NA,NA,TRUE,"Annual > sub-annual",60.8904892151092,28883
"PAKISTAN_2014","Year","a0",1,4128,1,4128,NA,NA,NA,NA,FALSE,"Incomplete sub-annual - annual selected",14.7286821705426,4128
"PAKISTAN_2015","Year","a0",1,13088,1,13088,NA,NA,NA,NA,NA,"Case 1: Annual only",NA,13088
"PAKISTAN_2016","Year","a0",1,9260,1,9260,NA,NA,NA,NA,NA,"Case 1: Annual only",NA,9260
"PAKISTAN_2017","Year","a0",1,25023,1,25023,NA,NA,NA,NA,FALSE,"Incomplete sub-annual - annual selected",98.649242696719,25023
"PAKISTAN_2018","Year","a0",1,6054,1,6054,NA,NA,NA,NA,NA,"Case 1: Annual only",NA,6054
"PAKISTAN_2019","Year","a0",1,48330,1,48330,NA,NA,NA,NA,TRUE,"Annual > sub-annual",50.7303951996689,48330
"PAKISTAN_2020","Year","a0",1,45121,1,45121,NA,NA,NA,NA,FALSE,"Incomplete sub-annual - annual selected",4.28403625806166,45121
"PAKISTAN_2021","Year","a0",1,53682,1,53682,NA,NA,NA,NA,FALSE,"Incomplete sub-annual - annual selected",7.76051562907492,53682
"PAKISTAN_2022","Year","a0",1,78802,1,78802,NA,NA,NA,NA,FALSE,"Incomplete sub-annual - annual selected",0.590086546026751,78802
"PAKISTAN_2023","Month","a0",7,6638,7,6638,NA,NA,NA,NA,FALSE,"Case 2: Sub-annual only",NA,6638
"PAKISTAN_2024","Month","a0",12,58433,12,58433,NA,NA,NA,NA,TRUE,"Case 2: Sub-annual only",NA,58433
"PALAU_1991","Year","a0",1,0,1,0,NA,NA,NA,NA,NA,"Case 1: Annual only",NA,0
"PALAU_1992","Year","a0",1,0,1,0,NA,NA,NA,NA,NA,"Case 1: Annual only",NA,0
"PALAU_1993","Year","a0",1,0,1,0,NA,NA,NA,NA,NA,"Case 1: Annual only",NA,0
"PALAU_1994","Year","a0",1,0,1,0,NA,NA,NA,NA,NA,"Case 1: Annual only",NA,0
"PALAU_1995","Year","a0",1,857,1,857,NA,NA,NA,NA,NA,"Case 1: Annual only",NA,857
"PALAU_1996","Year","a0",1,0,1,0,NA,NA,NA,NA,NA,"Case 1: Annual only",NA,0
"PALAU_1997","Year","a0",1,0,1,0,NA,NA,NA,NA,NA,"Case 1: Annual only",NA,0
"PALAU_1998","Year","a0",1,14,1,14,NA,NA,NA,NA,NA,"Case 1: Annual only",NA,14
"PALAU_1999","Year","a0",1,1,1,1,NA,NA,NA,NA,NA,"Case 1: Annual only",NA,1
"PALAU_2000","Year","a0",1,1208,1,1208,NA,NA,NA,NA,NA,"Case 1: Annual only",NA,1208
"PALAU_2001","Year","a0",1,863,1,863,NA,NA,NA,NA,NA,"Case 1: Annual only",NA,863
"PALAU_2002","Year","a0",1,45,1,45,NA,NA,NA,NA,NA,"Case 1: Annual only",NA,45
"PALAU_2003","Year","a0",1,15,1,15,NA,NA,NA,NA,NA,"Case 1: Annual only",NA,15
"PALAU_2004","Year","a0",1,37,1,37,NA,NA,NA,NA,NA,"Case 1: Annual only",NA,37
"PALAU_2005","Year","a0",1,0,1,0,NA,NA,NA,NA,NA,"Case 1: Annual only",NA,0
"PALAU_2006","Year","a0",1,28,1,28,NA,NA,NA,NA,NA,"Case 1: Annual only",NA,28
"PALAU_2007","Year","a0",1,80,1,80,NA,NA,NA,NA,NA,"Case 1: Annual only",NA,80
"PALAU_2008","Year","a0",1,204,1,204,NA,NA,NA,NA,NA,"Case 1: Annual only",NA,204
"PALAU_2009","Year","a0",1,4,1,4,NA,NA,NA,NA,NA,"Case 1: Annual only",NA,4
"PALAU_2010","Year","a0",1,9,1,9,NA,NA,NA,NA,NA,"Case 1: Annual only",NA,9
"PALAU_2011","Year","a0",1,334,1,334,NA,NA,NA,NA,NA,"Case 1: Annual only",NA,334
"PALAU_2012","Year","a0",1,0,1,0,NA,NA,NA,NA,NA,"Case 1: Annual only",NA,0
"PALAU_2013","Year","a0",1,9,1,9,NA,NA,NA,NA,NA,"Case 1: Annual only",NA,9
"PALAU_2014","Year","a0",1,13,1,13,NA,NA,NA,NA,NA,"Case 1: Annual only",NA,13
"PALAU_2017","Week","a0",29,681,29,681,NA,NA,NA,NA,FALSE,"Incomplete sub-annual - sub-annual selected",154.772727272727,681
"PALAU_2018","Year","a0",1,570,1,570,NA,NA,NA,NA,FALSE,"Incomplete sub-annual - annual selected",75.7894736842105,570
"PALAU_2019","Week","a0",38,1347,38,1347,NA,NA,NA,NA,FALSE,"Incomplete sub-annual - sub-annual selected",182.767978290366,1347
"PALAU_2020","Week","a0",20,141,20,141,NA,NA,NA,NA,FALSE,"Case 2: Sub-annual only",NA,141
"PALAU_2021","Week","a0",15,5,15,5,NA,NA,NA,NA,FALSE,"Case 2: Sub-annual only",NA,5
"PALAU_2022","Week","a0",40,122,40,122,NA,NA,NA,NA,FALSE,"Case 2: Sub-annual only",NA,122
"PALAU_2023","Week","a0",20,4,20,4,NA,NA,NA,NA,FALSE,"Case 2: Sub-annual only",NA,4
"PALAU_2024","Month","a0",9,4,9,4,NA,NA,NA,NA,FALSE,"Case 2: Sub-annual only",NA,4
"PANAMA_1990","Year","a0",1,0,1,0,NA,NA,NA,NA,NA,"Case 1: Annual only",NA,0
"PANAMA_1991","Year","a0",1,0,1,0,NA,NA,NA,NA,NA,"Case 1: Annual only",NA,0
"PANAMA_1992","Year","a0",1,0,1,0,NA,NA,NA,NA,NA,"Case 1: Annual only",NA,0
"PANAMA_1993","Year","a0",1,13,1,13,NA,NA,NA,NA,NA,"Case 1: Annual only",NA,13
"PANAMA_1994","Year","a0",1,20469,1,20469,NA,NA,NA,NA,NA,"Case 1: Annual only",NA,20469
"PANAMA_1995","Year","a0",1,3080,1,3080,NA,NA,NA,NA,NA,"Case 1: Annual only",NA,3080
"PANAMA_1996","Year","a0",1,811,1,811,NA,NA,NA,NA,NA,"Case 1: Annual only",NA,811
"PANAMA_1997","Year","a0",1,2628,1,2628,NA,NA,NA,NA,NA,"Case 1: Annual only",NA,2628
"PANAMA_1998","Year","a0",1,2716,1,2716,NA,NA,NA,NA,NA,"Case 1: Annual only",NA,2716
"PANAMA_1999","Year","a0",1,2782,1,2782,NA,NA,NA,NA,NA,"Case 1: Annual only",NA,2782
"PANAMA_2000","Year","a0",1,314,1,314,NA,NA,NA,NA,NA,"Case 1: Annual only",NA,314
"PANAMA_2001","Year","a0",1,1538,1,1538,NA,NA,NA,NA,NA,"Case 1: Annual only",NA,1538
"PANAMA_2002","Year","a0",1,706,1,706,NA,NA,NA,NA,NA,"Case 1: Annual only",NA,706
"PANAMA_2003","Year","a0",1,293,1,293,NA,NA,NA,NA,NA,"Case 1: Annual only",NA,293
"PANAMA_2004","Year","a0",1,369,1,369,NA,NA,NA,NA,TRUE,"Annual > sub-annual",87.5338753387534,369
"PANAMA_2005","Year","a0",1,3998,1,3998,NA,NA,NA,NA,FALSE,"Incomplete sub-annual - annual selected",0.475237618809405,3998
"PANAMA_2006","Year","a0",1,4293,1,4293,NA,NA,NA,NA,NA,"Case 1: Annual only",NA,4293
"PANAMA_2007","Year","a0",1,3399,1,3399,NA,NA,NA,NA,NA,"Case 1: Annual only",NA,3399
"PANAMA_2008","Year","a0",1,2284,1,2284,NA,NA,NA,NA,NA,"Case 1: Annual only",NA,2284
"PANAMA_2009","Year","a0",1,6783,1,6783,NA,NA,NA,NA,NA,"Case 1: Annual only",NA,6783
"PANAMA_2010","Year","a0",1,1999,1,1999,NA,NA,NA,NA,FALSE,"Incomplete sub-annual - annual selected",65.5827913956979,1999
"PANAMA_2011","Year","a0",1,3844,1,3844,NA,NA,NA,NA,TRUE,"Annual > sub-annual",47.528616024974,3844
"PANAMA_2012","Year","a0",1,1194,1,1194,NA,NA,NA,NA,FALSE,"Incomplete sub-annual - annual selected",57.5376884422111,1194
"PANAMA_2013","Year","a0",1,4774,1,4774,NA,NA,NA,NA,NA,"Case 1: Annual only",NA,4774
"PANAMA_2014","Week","a0",53,5517,53,5517,NA,NA,NA,NA,TRUE,"Sub-annual >= Annual",100,5517
"PANAMA_2015","Year","a0",1,4815,1,4815,NA,NA,NA,NA,TRUE,"Annual > sub-annual",69.5119418483904,4815
"PANAMA_2016","Year","a0",1,9526,1,9526,NA,NA,NA,NA,TRUE,"Annual > sub-annual",82.7629645181608,9526
"PANAMA_2017","Year","a0",1,10702,1,10702,NA,NA,NA,NA,TRUE,"Annual > sub-annual",84.815922257522,10702
"PANAMA_2018","Year","a0",1,7944,1,7944,NA,NA,NA,NA,TRUE,"Annual > sub-annual",86.9587109768379,7944
"PANAMA_2019","Year","a0",1,9661,1,9661,NA,NA,NA,NA,TRUE,"Annual > sub-annual",97.7952592899286,9661
"PANAMA_2020","Week","a1",51,4091,53,3939,51,4091,NA,NA,FALSE,"Incomplete sub-annual - sub-annual selected",102.608477552044,4091
"PANAMA_2021","Year","a0",1,3685,1,3685,NA,NA,NA,NA,TRUE,"Annual > sub-annual",83.989145183175,3685
"PANAMA_2022","Week","a0",52,11924,52,11924,44,9883,NA,NA,TRUE,"Sub-annual >= Annual",100,11924
"PANAMA_2023","Week","a0",52,20924,52,20924,NA,NA,NA,NA,TRUE,"Sub-annual >= Annual",100,20924
"PANAMA_2024","Week","a0",52,37231,52,37231,NA,NA,NA,NA,TRUE,"Sub-annual >= Annual",100,37231
"PAPUA NEW GUINEA_1991","Year","a0",1,475,1,475,NA,NA,NA,NA,NA,"Case 1: Annual only",NA,475
"PAPUA NEW GUINEA_1992","Year","a0",1,0,1,0,NA,NA,NA,NA,NA,"Case 1: Annual only",NA,0
"PAPUA NEW GUINEA_1993","Year","a0",1,0,1,0,NA,NA,NA,NA,NA,"Case 1: Annual only",NA,0
"PAPUA NEW GUINEA_1994","Year","a0",1,0,1,0,NA,NA,NA,NA,NA,"Case 1: Annual only",NA,0
"PAPUA NEW GUINEA_1995","Year","a0",1,0,1,0,NA,NA,NA,NA,NA,"Case 1: Annual only",NA,0
"PAPUA NEW GUINEA_1996","Year","a0",1,0,1,0,NA,NA,NA,NA,NA,"Case 1: Annual only",NA,0
"PAPUA NEW GUINEA_1997","Year","a0",1,0,1,0,NA,NA,NA,NA,NA,"Case 1: Annual only",NA,0
"PAPUA NEW GUINEA_1998","Year","a0",1,0,1,0,NA,NA,NA,NA,NA,"Case 1: Annual only",NA,0
"PAPUA NEW GUINEA_1999","Year","a0",1,0,1,0,NA,NA,NA,NA,NA,"Case 1: Annual only",NA,0
"PAPUA NEW GUINEA_2000","Year","a0",1,0,1,0,NA,NA,NA,NA,NA,"Case 1: Annual only",NA,0
"PAPUA NEW GUINEA_2001","Year","a0",1,0,1,0,NA,NA,NA,NA,NA,"Case 1: Annual only",NA,0
"PAPUA NEW GUINEA_2002","Year","a0",1,22,1,22,NA,NA,NA,NA,NA,"Case 1: Annual only",NA,22
"PAPUA NEW GUINEA_2003","Year","a0",1,0,1,0,NA,NA,NA,NA,NA,"Case 1: Annual only",NA,0
"PAPUA NEW GUINEA_2004","Year","a0",1,0,1,0,NA,NA,NA,NA,NA,"Case 1: Annual only",NA,0
"PAPUA NEW GUINEA_2005","Year","a0",1,0,1,0,NA,NA,NA,NA,NA,"Case 1: Annual only",NA,0
"PAPUA NEW GUINEA_2006","Year","a0",1,0,1,0,NA,NA,NA,NA,NA,"Case 1: Annual only",NA,0
"PAPUA NEW GUINEA_2007","Year","a0",1,0,1,0,NA,NA,NA,NA,NA,"Case 1: Annual only",NA,0
"PAPUA NEW GUINEA_2008","Year","a0",1,0,1,0,NA,NA,NA,NA,NA,"Case 1: Annual only",NA,0
"PAPUA NEW GUINEA_2009","Year","a0",1,28,1,28,NA,NA,NA,NA,NA,"Case 1: Annual only",NA,28
"PAPUA NEW GUINEA_2010","Year","a0",1,0,1,0,NA,NA,NA,NA,NA,"Case 1: Annual only",NA,0
"PAPUA NEW GUINEA_2011","Year","a0",1,3,1,3,NA,NA,NA,NA,NA,"Case 1: Annual only",NA,3
"PAPUA NEW GUINEA_2012","Year","a0",1,0,1,0,NA,NA,NA,NA,NA,"Case 1: Annual only",NA,0
"PAPUA NEW GUINEA_2014","Year","a0",1,6,1,6,NA,NA,NA,NA,NA,"Case 1: Annual only",NA,6
"PAPUA NEW GUINEA_2024","Week","a0",40,0,40,0,NA,NA,NA,NA,FALSE,"Case 2: Sub-annual only",NA,0
"PARAGUAY_1990","Year","a0",1,0,1,0,NA,NA,NA,NA,NA,"Case 1: Annual only",NA,0
"PARAGUAY_1991","Year","a0",1,0,1,0,NA,NA,NA,NA,NA,"Case 1: Annual only",NA,0
"PARAGUAY_1992","Year","a0",1,0,1,0,NA,NA,NA,NA,NA,"Case 1: Annual only",NA,0
"PARAGUAY_1993","Year","a0",1,0,1,0,NA,NA,NA,NA,NA,"Case 1: Annual only",NA,0
"PARAGUAY_1994","Year","a0",1,0,1,0,NA,NA,NA,NA,NA,"Case 1: Annual only",NA,0
"PARAGUAY_1995","Year","a0",1,0,1,0,NA,NA,NA,NA,NA,"Case 1: Annual only",NA,0
"PARAGUAY_1996","Year","a0",1,0,1,0,NA,NA,NA,NA,NA,"Case 1: Annual only",NA,0
"PARAGUAY_1997","Year","a0",1,0,1,0,NA,NA,NA,NA,NA,"Case 1: Annual only",NA,0
"PARAGUAY_1998","Year","a0",1,0,1,0,NA,NA,NA,NA,NA,"Case 1: Annual only",NA,0
"PARAGUAY_1999","Year","a0",1,1164,1,1164,NA,NA,NA,NA,NA,"Case 1: Annual only",NA,1164
"PARAGUAY_2000","Year","a0",1,24282,1,24282,NA,NA,NA,NA,NA,"Case 1: Annual only",NA,24282
"PARAGUAY_2001","Year","a0",1,38,1,38,NA,NA,NA,NA,NA,"Case 1: Annual only",NA,38
"PARAGUAY_2002","Year","a0",1,1871,1,1871,NA,NA,NA,NA,NA,"Case 1: Annual only",NA,1871
"PARAGUAY_2003","Year","a0",1,137,1,137,NA,NA,NA,NA,NA,"Case 1: Annual only",NA,137
"PARAGUAY_2004","Year","a0",1,164,1,164,NA,NA,NA,NA,NA,"Case 1: Annual only",NA,164
"PARAGUAY_2005","Year","a0",1,405,1,405,NA,NA,NA,NA,NA,"Case 1: Annual only",NA,405
"PARAGUAY_2006","Year","a0",1,4271,1,4271,NA,NA,NA,NA,NA,"Case 1: Annual only",NA,4271
"PARAGUAY_2007","Year","a0",1,28127,1,28127,NA,NA,NA,NA,NA,"Case 1: Annual only",NA,28127
"PARAGUAY_2008","Year","a0",1,1953,1,1953,NA,NA,NA,NA,NA,"Case 1: Annual only",NA,1953
"PARAGUAY_2009","Year","a0",1,6143,1,6143,NA,NA,NA,NA,NA,"Case 1: Annual only",NA,6143
"PARAGUAY_2010","Year","a0",1,13523,1,13523,NA,NA,NA,NA,NA,"Case 1: Annual only",NA,13523
"PARAGUAY_2011","Year","a0",1,42847,1,42847,NA,NA,NA,NA,NA,"Case 1: Annual only",NA,42847
"PARAGUAY_2012","Year","a0",1,39063,1,39063,NA,NA,NA,NA,NA,"Case 1: Annual only",NA,39063
"PARAGUAY_2013","Year","a0",1,144470,1,144470,NA,NA,NA,NA,NA,"Case 1: Annual only",NA,144470
"PARAGUAY_2014","Year","a0",1,10014,1,10014,NA,NA,NA,NA,FALSE,"Incomplete sub-annual - annual selected",99.6604753345317,10014
"PARAGUAY_2015","Year","a0",1,68652,1,68652,NA,NA,NA,NA,FALSE,"Incomplete sub-annual - annual selected",97.0022723300122,68652
"PARAGUAY_2016","Week","a0",52,70215,52,70215,NA,NA,NA,NA,TRUE,"Sub-annual >= Annual",100,70215
"PARAGUAY_2017","Week","a0",52,1832,52,1832,NA,NA,NA,NA,TRUE,"Sub-annual >= Annual",100,1832
"PARAGUAY_2018","Week","a0",52,32359,52,32359,NA,NA,NA,NA,TRUE,"Sub-annual >= Annual",100,32359
"PARAGUAY_2019","Week","a0",52,11811,52,11811,NA,NA,NA,NA,TRUE,"Sub-annual >= Annual",100,11811
"PARAGUAY_2020","Week","a0",53,223782,53,223782,NA,NA,NA,NA,TRUE,"Sub-annual >= Annual",100,223782
"PARAGUAY_2021","Week","a0",52,16897,52,16897,NA,NA,NA,NA,TRUE,"Sub-annual >= Annual",100,16897
"PARAGUAY_2022","Week","a0",52,7428,52,7428,NA,NA,NA,NA,TRUE,"Sub-annual >= Annual",100,7428
"PARAGUAY_2023","Week","a0",52,63216,52,63216,NA,NA,NA,NA,TRUE,"Sub-annual >= Annual",100,63216
"PARAGUAY_2024","Week","a0",52,295785,52,295785,NA,NA,NA,NA,TRUE,"Sub-annual >= Annual",100,295785
"PERU_1990","Year","a0",1,7858,1,7858,NA,NA,NA,NA,NA,"Case 1: Annual only",NA,7858
"PERU_1991","Year","a0",1,714,1,714,NA,NA,NA,NA,NA,"Case 1: Annual only",NA,714
"PERU_1992","Year","a0",1,1971,1,1971,NA,NA,NA,NA,NA,"Case 1: Annual only",NA,1971
"PERU_1993","Year","a0",1,897,1,897,NA,NA,NA,NA,NA,"Case 1: Annual only",NA,897
"PERU_1994","Year","a0",1,1471,1,1471,NA,NA,NA,NA,NA,"Case 1: Annual only",NA,1471
"PERU_1995","Year","a0",1,2732,1,2732,NA,NA,NA,NA,NA,"Case 1: Annual only",NA,2732
"PERU_1996","Year","a0",1,6395,1,6395,NA,NA,NA,NA,NA,"Case 1: Annual only",NA,6395
"PERU_1997","Year","a0",1,1357,1,1357,NA,NA,NA,NA,NA,"Case 1: Annual only",NA,1357
"PERU_1998","Year","a0",1,988,1,988,NA,NA,NA,NA,NA,"Case 1: Annual only",NA,988
"PERU_1999","Year","a0",1,554,1,554,NA,NA,NA,NA,NA,"Case 1: Annual only",NA,554
"PERU_2000","Week","a2",52,5557,NA,NA,NA,NA,52,5557,TRUE,"Sub-annual >= Annual",101.294203426905,5557
"PERU_2001","Week","a2",52,23526,NA,NA,NA,NA,52,23526,TRUE,"Sub-annual >= Annual",101.941242742005,23526
"PERU_2002","Year","a0",1,8862,1,8862,NA,NA,NA,NA,TRUE,"Annual > sub-annual",91.2435116226585,8862
"PERU_2003","Year","a0",1,3622,1,3622,NA,NA,NA,NA,TRUE,"Annual > sub-annual",92.4627277747101,3622
"PERU_2004","Year","a0",1,9739,1,9739,NA,NA,NA,NA,TRUE,"Annual > sub-annual",98.0285450251566,9739
"PERU_2005","Year","a0",1,6342,1,6342,NA,NA,NA,NA,TRUE,"Annual > sub-annual",88.9309366130558,6342
"PERU_2006","Year","a0",1,5527,1,5527,NA,NA,NA,NA,TRUE,"Annual > sub-annual",72.7700379952958,5527
"PERU_2007","Year","a0",1,6872,1,6872,NA,NA,NA,NA,TRUE,"Annual > sub-annual",98.8358556461001,6872
"PERU_2008","Week","a2",53,12939,NA,NA,52,12469,53,12939,TRUE,"Sub-annual >= Annual",126.283427679094,12939
"PERU_2009","Week","a2",52,13326,NA,NA,NA,NA,52,13326,TRUE,"Sub-annual >= Annual",151.414611975912,13326
"PERU_2010","Year","a0",1,18484,1,18484,NA,NA,NA,NA,TRUE,"Annual > sub-annual",91.1166414196062,18484
"PERU_2011","Week","a1",52,31439,NA,NA,52,31439,52,28084,TRUE,"Sub-annual >= Annual",106.169796028637,31439
"PERU_2012","Week","a1",52,31005,NA,NA,52,31005,52,28505,TRUE,"Sub-annual >= Annual",100.278146123743,31005
"PERU_2013","Week","a1",52,15039,NA,NA,52,15039,52,13092,TRUE,"Sub-annual >= Annual",109.207755428073,15039
"PERU_2014","Week","a0",53,19043,53,19043,NA,NA,53,17234,TRUE,"Sub-annual >= Annual",100,19043
"PERU_2015","Year","a0",1,35837,1,35837,NA,NA,NA,NA,TRUE,"Annual > sub-annual",99.9414013449787,35837
"PERU_2016","Week","a0",52,31868,52,31868,NA,NA,52,25160,TRUE,"Sub-annual >= Annual",100,31868
"PERU_2017","Week","a0",52,76093,52,76093,NA,NA,52,68290,TRUE,"Sub-annual >= Annual",100,76093
"PERU_2018","Week","a0",52,6930,52,6930,NA,NA,52,4698,TRUE,"Sub-annual >= Annual",100,6930
"PERU_2019","Week","a0",52,17143,52,17143,NA,NA,52,15287,TRUE,"Sub-annual >= Annual",100,17143
"PERU_2020","Week","a0",53,56394,53,56394,NA,NA,53,47932,TRUE,"Sub-annual >= Annual",100,56394
"PERU_2021","Week","a0",52,49274,52,49274,NA,NA,52,44791,TRUE,"Sub-annual >= Annual",100,49274
"PERU_2022","Week","a0",52,72851,52,72851,NA,NA,52,63216,TRUE,"Sub-annual >= Annual",100,72851
"PERU_2023","Week","a0",52,274227,52,274227,NA,NA,52,256641,TRUE,"Sub-annual >= Annual",100,274227
"PERU_2024","Week","a0",52,280726,52,280726,NA,NA,NA,NA,TRUE,"Sub-annual >= Annual",100,280726
"PHILIPPINES_1990","Year","a0",1,588,1,588,NA,NA,NA,NA,NA,"Case 1: Annual only",NA,588
"PHILIPPINES_1991","Year","a0",1,11317,1,11317,NA,NA,NA,NA,NA,"Case 1: Annual only",NA,11317
"PHILIPPINES_1992","Year","a0",1,9108,1,9108,NA,NA,NA,NA,NA,"Case 1: Annual only",NA,9108
"PHILIPPINES_1993","Year","a0",1,5448,1,5448,NA,NA,NA,NA,NA,"Case 1: Annual only",NA,5448
"PHILIPPINES_1994","Year","a0",1,5603,1,5603,NA,NA,NA,NA,TRUE,"Annual > sub-annual",74.6921292164912,5603
"PHILIPPINES_1995","Year","a0",1,5166,1,5166,NA,NA,NA,NA,TRUE,"Annual > sub-annual",78.8037166085947,5166
"PHILIPPINES_1996","Year","a0",1,14649,1,14649,NA,NA,NA,NA,TRUE,"Annual > sub-annual",56.3929278449041,14649
"PHILIPPINES_1997","Year","a0",1,12811,1,12811,NA,NA,NA,NA,TRUE,"Annual > sub-annual",75.9737725392241,12811
"PHILIPPINES_1998","Year","a0",1,35648,1,35648,NA,NA,NA,NA,TRUE,"Annual > sub-annual",93.0795556552962,35648
"PHILIPPINES_1999","Year","a0",1,9406,1,9406,NA,NA,NA,NA,TRUE,"Annual > sub-annual",94.4928768870933,9406
"PHILIPPINES_2000","Year","a0",1,8561,1,8561,1,6614,NA,NA,TRUE,"Annual > sub-annual",71.4636140637776,8561
"PHILIPPINES_2001","Year","a0",1,25002,1,25002,1,23235,NA,NA,TRUE,"Annual > sub-annual",80.2975761939045,25002
"PHILIPPINES_2002","Year","a0",1,16663,1,16663,1,13187,NA,NA,TRUE,"Annual > sub-annual",81.5819480285663,16663
"PHILIPPINES_2003","Year","a0",1,29946,1,29946,1,18039,NA,NA,TRUE,"Annual > sub-annual",84.7926267281106,29946
"PHILIPPINES_2004","Year","a0",1,23040,1,23040,NA,NA,NA,NA,TRUE,"Annual > sub-annual",79.9565972222222,23040
"PHILIPPINES_2005","Year","a0",1,33901,1,33901,1,20383,NA,NA,TRUE,"Annual > sub-annual",77.6407775581841,33901
"PHILIPPINES_2006","Year","a0",1,37101,1,37101,1,14937,NA,NA,TRUE,"Annual > sub-annual",60.8662839276569,37101
"PHILIPPINES_2007","Year","a0",1,55639,1,55639,1,22737,NA,NA,TRUE,"Annual > sub-annual",67.2549830155107,55639
"PHILIPPINES_2008","Year","a0",1,39620,1,39620,1,25284,NA,NA,TRUE,"Annual > sub-annual",76.6330136294801,39620
"PHILIPPINES_2009","Year","a0",1,57819,1,57819,1,13627,NA,NA,TRUE,"Annual > sub-annual",68.1056400145281,57819
"PHILIPPINES_2010","Year","a0",1,135355,1,135355,1,21843,NA,NA,TRUE,"Annual > sub-annual",94.7633999482841,135355
"PHILIPPINES_2011","Month","a0",12,117418,12,117418,NA,NA,NA,NA,TRUE,"Sub-annual >= Annual",372.779224077719,117418
"PHILIPPINES_2012","Year","a1",1,67699,NA,NA,1,67699,NA,NA,NA,"Case 1: Annual only",NA,67699
"PHILIPPINES_2013","Week","a0",52,215868,52,215868,NA,NA,NA,NA,TRUE,"Sub-annual >= Annual",105.349770138503,215868
"PHILIPPINES_2014","Week","a0",52,113801,52,113801,NA,NA,NA,NA,FALSE,"Incomplete sub-annual - sub-annual selected",100.278450896594,113801
"PHILIPPINES_2015","Year","a0",1,213930,1,213930,1,73393,NA,NA,FALSE,"Incomplete sub-annual - annual selected",79.0230449212359,213930
"PHILIPPINES_2016","Year","a0",1,220518,1,220518,1,72061,NA,NA,FALSE,"Incomplete sub-annual - annual selected",79.5019000716495,220518
"PHILIPPINES_2017","Year","a0",1,152224,1,152224,1,25584,NA,NA,FALSE,"Incomplete sub-annual - annual selected",87.3278852217784,152224
"PHILIPPINES_2018","Year","a0",1,216190,1,216190,1,51401,NA,NA,FALSE,"Incomplete sub-annual - annual selected",98.4805032610204,216190
"PHILIPPINES_2019","Week","a0",52,437777,52,437777,NA,NA,NA,NA,TRUE,"Sub-annual >= Annual",100.048907243071,437777
"PHILIPPINES_2020","Year","a1",1,88595,NA,NA,1,88595,NA,NA,TRUE,"Annual > sub-annual",95.4726564704554,88595
"PHILIPPINES_2021","Year","a1",1,79592,NA,NA,1,79592,NA,NA,FALSE,"Incomplete sub-annual - annual selected",97.5462358025932,79592
"PHILIPPINES_2022","Week","a0",49,219469,49,219469,NA,NA,NA,NA,FALSE,"Case 2: Sub-annual only",NA,219469
"PHILIPPINES_2023","Week","a0",48,72025,48,72025,NA,NA,NA,NA,FALSE,"Case 2: Sub-annual only",NA,72025
"PUERTO RICO_1990","Year","a0",1,9444,1,9444,NA,NA,NA,NA,NA,"Case 1: Annual only",NA,9444
"PUERTO RICO_1991","Year","a0",1,10305,1,10305,NA,NA,NA,NA,NA,"Case 1: Annual only",NA,10305
"PUERTO RICO_1992","Year","a0",1,13009,1,13009,NA,NA,NA,NA,NA,"Case 1: Annual only",NA,13009
"PUERTO RICO_1993","Year","a0",1,6600,1,6600,NA,NA,NA,NA,NA,"Case 1: Annual only",NA,6600
"PUERTO RICO_1994","Year","a0",1,22000,1,22000,NA,NA,NA,NA,NA,"Case 1: Annual only",NA,22000
"PUERTO RICO_1995","Year","a0",1,6491,1,6491,NA,NA,NA,NA,NA,"Case 1: Annual only",NA,6491
"PUERTO RICO_1996","Year","a0",1,4631,1,4631,NA,NA,NA,NA,NA,"Case 1: Annual only",NA,4631
"PUERTO RICO_1997","Year","a0",1,6893,1,6893,NA,NA,NA,NA,NA,"Case 1: Annual only",NA,6893
"PUERTO RICO_1998","Year","a0",1,17068,1,17068,NA,NA,NA,NA,NA,"Case 1: Annual only",NA,17068
"PUERTO RICO_1999","Year","a0",1,4959,1,4959,NA,NA,NA,NA,NA,"Case 1: Annual only",NA,4959
"PUERTO RICO_2000","Year","a0",1,2409,1,2409,NA,NA,NA,NA,NA,"Case 1: Annual only",NA,2409
"PUERTO RICO_2001","Year","a0",1,5197,1,5197,NA,NA,NA,NA,NA,"Case 1: Annual only",NA,5197
"PUERTO RICO_2002","Year","a0",1,2883,1,2883,NA,NA,NA,NA,NA,"Case 1: Annual only",NA,2883
"PUERTO RICO_2003","Year","a0",1,3730,1,3730,NA,NA,NA,NA,NA,"Case 1: Annual only",NA,3730
"PUERTO RICO_2004","Year","a0",1,3277,1,3277,NA,NA,NA,NA,NA,"Case 1: Annual only",NA,3277
"PUERTO RICO_2005","Year","a0",1,5682,1,5682,NA,NA,NA,NA,NA,"Case 1: Annual only",NA,5682
"PUERTO RICO_2006","Year","a0",1,3036,1,3036,NA,NA,NA,NA,NA,"Case 1: Annual only",NA,3036
"PUERTO RICO_2007","Year","a0",1,10964,1,10964,NA,NA,NA,NA,NA,"Case 1: Annual only",NA,10964
"PUERTO RICO_2008","Year","a0",1,3319,1,3319,NA,NA,NA,NA,NA,"Case 1: Annual only",NA,3319
"PUERTO RICO_2009","Year","a0",1,6588,1,6588,NA,NA,NA,NA,NA,"Case 1: Annual only",NA,6588
"PUERTO RICO_2010","Year","a0",1,21265,1,21265,NA,NA,NA,NA,NA,"Case 1: Annual only",NA,21265
"PUERTO RICO_2011","Year","a0",1,5623,1,5623,NA,NA,NA,NA,NA,"Case 1: Annual only",NA,5623
"PUERTO RICO_2012","Year","a0",1,11774,1,11774,NA,NA,NA,NA,NA,"Case 1: Annual only",NA,11774
"PUERTO RICO_2013","Year","a0",1,18164,1,18164,NA,NA,NA,NA,NA,"Case 1: Annual only",NA,18164
"PUERTO RICO_2014","Week","a0",53,8880,53,8880,NA,NA,NA,NA,TRUE,"Sub-annual >= Annual",100,8880
"PUERTO RICO_2015","Week","a0",52,1867,52,1867,NA,NA,NA,NA,TRUE,"Sub-annual >= Annual",100,1867
"PUERTO RICO_2016","Week","a0",52,168,52,168,NA,NA,NA,NA,TRUE,"Sub-annual >= Annual",100,168
"PUERTO RICO_2017","Week","a0",52,0,52,0,NA,NA,NA,NA,TRUE,"Sub-annual >= Annual",NA,NA
"PUERTO RICO_2018","Week","a0",52,0,52,0,NA,NA,NA,NA,TRUE,"Sub-annual >= Annual",NA,NA
"PUERTO RICO_2019","Week","a0",52,37,52,37,NA,NA,NA,NA,TRUE,"Sub-annual >= Annual",100,37
"PUERTO RICO_2020","Week","a0",53,914,53,914,NA,NA,NA,NA,TRUE,"Sub-annual >= Annual",100,914
"PUERTO RICO_2021","Week","a0",52,636,52,636,NA,NA,NA,NA,TRUE,"Sub-annual >= Annual",100,636
"PUERTO RICO_2022","Week","a0",52,1023,52,1023,NA,NA,NA,NA,TRUE,"Sub-annual >= Annual",100,1023
"PUERTO RICO_2023","Week","a0",52,1242,52,1242,NA,NA,NA,NA,TRUE,"Sub-annual >= Annual",100,1242
"PUERTO RICO_2024","Week","a0",52,6088,52,6088,NA,NA,NA,NA,TRUE,"Sub-annual >= Annual",100,6088
"REUNION_2024","Month","a0",6,1227,6,1227,NA,NA,NA,NA,FALSE,"Case 2: Sub-annual only",NA,1227
"SAINT BARTHELEMY_1990","Year","a0",1,0,1,0,NA,NA,NA,NA,NA,"Case 1: Annual only",NA,0
"SAINT BARTHELEMY_1991","Year","a0",1,0,1,0,NA,NA,NA,NA,NA,"Case 1: Annual only",NA,0
"SAINT BARTHELEMY_1992","Year","a0",1,0,1,0,NA,NA,NA,NA,NA,"Case 1: Annual only",NA,0
"SAINT BARTHELEMY_1993","Year","a0",1,0,1,0,NA,NA,NA,NA,NA,"Case 1: Annual only",NA,0
"SAINT BARTHELEMY_1994","Year","a0",1,0,1,0,NA,NA,NA,NA,NA,"Case 1: Annual only",NA,0
"SAINT BARTHELEMY_1995","Year","a0",1,0,1,0,NA,NA,NA,NA,NA,"Case 1: Annual only",NA,0
"SAINT BARTHELEMY_1996","Year","a0",1,0,1,0,NA,NA,NA,NA,NA,"Case 1: Annual only",NA,0
"SAINT BARTHELEMY_1997","Year","a0",1,0,1,0,NA,NA,NA,NA,NA,"Case 1: Annual only",NA,0
"SAINT BARTHELEMY_1998","Year","a0",1,0,1,0,NA,NA,NA,NA,NA,"Case 1: Annual only",NA,0
"SAINT BARTHELEMY_1999","Year","a0",1,0,1,0,NA,NA,NA,NA,NA,"Case 1: Annual only",NA,0
"SAINT BARTHELEMY_2000","Year","a0",1,0,1,0,NA,NA,NA,NA,NA,"Case 1: Annual only",NA,0
"SAINT BARTHELEMY_2001","Year","a0",1,0,1,0,NA,NA,NA,NA,NA,"Case 1: Annual only",NA,0
"SAINT BARTHELEMY_2002","Year","a0",1,0,1,0,NA,NA,NA,NA,NA,"Case 1: Annual only",NA,0
"SAINT BARTHELEMY_2003","Year","a0",1,0,1,0,NA,NA,NA,NA,NA,"Case 1: Annual only",NA,0
"SAINT BARTHELEMY_2004","Year","a0",1,0,1,0,NA,NA,NA,NA,NA,"Case 1: Annual only",NA,0
"SAINT BARTHELEMY_2005","Year","a0",1,0,1,0,NA,NA,NA,NA,NA,"Case 1: Annual only",NA,0
"SAINT BARTHELEMY_2006","Year","a0",1,0,1,0,NA,NA,NA,NA,NA,"Case 1: Annual only",NA,0
"SAINT BARTHELEMY_2007","Year","a0",1,0,1,0,NA,NA,NA,NA,NA,"Case 1: Annual only",NA,0
"SAINT BARTHELEMY_2008","Year","a0",1,0,1,0,NA,NA,NA,NA,NA,"Case 1: Annual only",NA,0
"SAINT BARTHELEMY_2009","Year","a0",1,804,1,804,NA,NA,NA,NA,NA,"Case 1: Annual only",NA,804
"SAINT BARTHELEMY_2010","Year","a0",1,0,1,0,NA,NA,NA,NA,NA,"Case 1: Annual only",NA,0
"SAINT BARTHELEMY_2011","Year","a0",1,23,1,23,NA,NA,NA,NA,NA,"Case 1: Annual only",NA,23
"SAINT BARTHELEMY_2012","Year","a0",1,40,1,40,NA,NA,NA,NA,NA,"Case 1: Annual only",NA,40
"SAINT BARTHELEMY_2013","Year","a0",1,966,1,966,NA,NA,NA,NA,NA,"Case 1: Annual only",NA,966
"SAINT BARTHELEMY_2014","Year","a0",1,56,1,56,NA,NA,NA,NA,FALSE,"Incomplete sub-annual - annual selected",76.7857142857143,56
"SAINT BARTHELEMY_2015","Year","a0",1,428,1,428,NA,NA,NA,NA,FALSE,"Incomplete sub-annual - annual selected",1.86915887850467,428
"SAINT BARTHELEMY_2016","Year","a0",1,78,1,78,NA,NA,NA,NA,FALSE,"Incomplete sub-annual - annual selected",33.3333333333333,78
"SAINT BARTHELEMY_2017","Week","a0",52,55,52,55,NA,NA,NA,NA,TRUE,"Sub-annual >= Annual",100,55
"SAINT BARTHELEMY_2018","Week","a0",52,0,52,0,NA,NA,NA,NA,TRUE,"Sub-annual >= Annual",NA,NA
"SAINT BARTHELEMY_2019","Week","a0",52,11,52,11,NA,NA,NA,NA,TRUE,"Sub-annual >= Annual",100,11
"SAINT BARTHELEMY_2020","Week","a0",53,1616,53,1616,NA,NA,NA,NA,TRUE,"Sub-annual >= Annual",100,1616
"SAINT BARTHELEMY_2021","Week","a0",52,70,52,70,NA,NA,NA,NA,TRUE,"Sub-annual >= Annual",100,70
"SAINT BARTHELEMY_2022","Year","a0",1,93,1,93,NA,NA,NA,NA,FALSE,"Incomplete sub-annual - annual selected",0,93
"SAINT BARTHELEMY_2023","Week","a0",52,737,52,737,NA,NA,NA,NA,TRUE,"Sub-annual >= Annual",100,737
"SAINT BARTHELEMY_2024","Week","a0",52,173,52,173,NA,NA,NA,NA,TRUE,"Sub-annual >= Annual",100,173
"SAINT KITTS AND NEVIS_1990","Year","a0",1,0,1,0,NA,NA,NA,NA,NA,"Case 1: Annual only",NA,0
"SAINT KITTS AND NEVIS_1991","Year","a0",1,8,1,8,NA,NA,NA,NA,NA,"Case 1: Annual only",NA,8
"SAINT KITTS AND NEVIS_1992","Year","a0",1,0,1,0,NA,NA,NA,NA,NA,"Case 1: Annual only",NA,0
"SAINT KITTS AND NEVIS_1993","Year","a0",1,0,1,0,NA,NA,NA,NA,NA,"Case 1: Annual only",NA,0
"SAINT KITTS AND NEVIS_1994","Year","a0",1,0,1,0,NA,NA,NA,NA,NA,"Case 1: Annual only",NA,0
"SAINT KITTS AND NEVIS_1995","Year","a0",1,27,1,27,NA,NA,NA,NA,NA,"Case 1: Annual only",NA,27
"SAINT KITTS AND NEVIS_1996","Year","a0",1,6,1,6,NA,NA,NA,NA,NA,"Case 1: Annual only",NA,6
"SAINT KITTS AND NEVIS_1997","Year","a0",1,0,1,0,NA,NA,NA,NA,NA,"Case 1: Annual only",NA,0
"SAINT KITTS AND NEVIS_1998","Year","a0",1,0,1,0,NA,NA,NA,NA,NA,"Case 1: Annual only",NA,0
"SAINT KITTS AND NEVIS_1999","Year","a0",1,1,1,1,NA,NA,NA,NA,NA,"Case 1: Annual only",NA,1
"SAINT KITTS AND NEVIS_2000","Year","a0",1,5,1,5,NA,NA,NA,NA,NA,"Case 1: Annual only",NA,5
"SAINT KITTS AND NEVIS_2001","Year","a0",1,85,1,85,NA,NA,NA,NA,NA,"Case 1: Annual only",NA,85
"SAINT KITTS AND NEVIS_2002","Year","a0",1,20,1,20,NA,NA,NA,NA,NA,"Case 1: Annual only",NA,20
"SAINT KITTS AND NEVIS_2003","Year","a0",1,2,1,2,NA,NA,NA,NA,NA,"Case 1: Annual only",NA,2
"SAINT KITTS AND NEVIS_2004","Year","a0",1,4,1,4,NA,NA,NA,NA,NA,"Case 1: Annual only",NA,4
"SAINT KITTS AND NEVIS_2005","Year","a0",1,0,1,0,NA,NA,NA,NA,NA,"Case 1: Annual only",NA,0
"SAINT KITTS AND NEVIS_2006","Year","a0",1,1,1,1,NA,NA,NA,NA,NA,"Case 1: Annual only",NA,1
"SAINT KITTS AND NEVIS_2007","Year","a0",1,0,1,0,NA,NA,NA,NA,NA,"Case 1: Annual only",NA,0
"SAINT KITTS AND NEVIS_2008","Year","a0",1,49,1,49,NA,NA,NA,NA,NA,"Case 1: Annual only",NA,49
"SAINT KITTS AND NEVIS_2009","Year","a0",1,2,1,2,NA,NA,NA,NA,NA,"Case 1: Annual only",NA,2
"SAINT KITTS AND NEVIS_2010","Year","a0",1,19,1,19,NA,NA,NA,NA,NA,"Case 1: Annual only",NA,19
"SAINT KITTS AND NEVIS_2011","Year","a0",1,46,1,46,NA,NA,NA,NA,NA,"Case 1: Annual only",NA,46
"SAINT KITTS AND NEVIS_2012","Year","a0",1,2,1,2,NA,NA,NA,NA,NA,"Case 1: Annual only",NA,2
"SAINT KITTS AND NEVIS_2013","Year","a0",1,100,1,100,NA,NA,NA,NA,NA,"Case 1: Annual only",NA,100
"SAINT KITTS AND NEVIS_2014","Year","a0",1,75,1,75,NA,NA,NA,NA,FALSE,"Incomplete sub-annual - annual selected",73.3333333333333,75
"SAINT KITTS AND NEVIS_2015","Week","a0",52,5,52,5,NA,NA,NA,NA,TRUE,"Sub-annual >= Annual",100,5
"SAINT KITTS AND NEVIS_2016","Year","a0",1,136,1,136,NA,NA,NA,NA,FALSE,"Incomplete sub-annual - annual selected",11.0294117647059,136
"SAINT KITTS AND NEVIS_2017","Year","a0",1,10,1,10,NA,NA,NA,NA,FALSE,"Incomplete sub-annual - annual selected",60,10
"SAINT KITTS AND NEVIS_2018","Week","a0",52,6,52,6,NA,NA,NA,NA,TRUE,"Sub-annual >= Annual",100,6
"SAINT KITTS AND NEVIS_2019","Week","a0",52,46,52,46,NA,NA,NA,NA,TRUE,"Sub-annual >= Annual",100,46
"SAINT KITTS AND NEVIS_2020","Week","a0",53,20,53,20,NA,NA,NA,NA,TRUE,"Sub-annual >= Annual",100,20
"SAINT KITTS AND NEVIS_2021","Week","a0",52,0,52,0,NA,NA,NA,NA,TRUE,"Sub-annual >= Annual",NA,NA
"SAINT KITTS AND NEVIS_2022","Week","a0",52,1,52,1,NA,NA,NA,NA,TRUE,"Sub-annual >= Annual",100,1
"SAINT KITTS AND NEVIS_2023","Week","a0",52,286,52,286,NA,NA,NA,NA,TRUE,"Sub-annual >= Annual",100,286
"SAINT KITTS AND NEVIS_2024","Week","a0",52,253,52,253,NA,NA,NA,NA,TRUE,"Sub-annual >= Annual",100,253
"SAINT LUCIA_1990","Year","a0",1,2,1,2,NA,NA,NA,NA,NA,"Case 1: Annual only",NA,2
"SAINT LUCIA_1991","Year","a0",1,4,1,4,NA,NA,NA,NA,NA,"Case 1: Annual only",NA,4
"SAINT LUCIA_1992","Year","a0",1,0,1,0,NA,NA,NA,NA,NA,"Case 1: Annual only",NA,0
"SAINT LUCIA_1993","Year","a0",1,0,1,0,NA,NA,NA,NA,NA,"Case 1: Annual only",NA,0
"SAINT LUCIA_1994","Year","a0",1,0,1,0,NA,NA,NA,NA,NA,"Case 1: Annual only",NA,0
"SAINT LUCIA_1995","Year","a0",1,52,1,52,NA,NA,NA,NA,NA,"Case 1: Annual only",NA,52
"SAINT LUCIA_1996","Year","a0",1,65,1,65,NA,NA,NA,NA,NA,"Case 1: Annual only",NA,65
"SAINT LUCIA_1997","Year","a0",1,11,1,11,NA,NA,NA,NA,NA,"Case 1: Annual only",NA,11
"SAINT LUCIA_1998","Year","a0",1,0,1,0,NA,NA,NA,NA,NA,"Case 1: Annual only",NA,0
"SAINT LUCIA_1999","Year","a0",1,3,1,3,NA,NA,NA,NA,NA,"Case 1: Annual only",NA,3
"SAINT LUCIA_2000","Year","a0",1,0,1,0,NA,NA,NA,NA,NA,"Case 1: Annual only",NA,0
"SAINT LUCIA_2001","Year","a0",1,292,1,292,NA,NA,NA,NA,NA,"Case 1: Annual only",NA,292
"SAINT LUCIA_2002","Year","a0",1,51,1,51,NA,NA,NA,NA,NA,"Case 1: Annual only",NA,51
"SAINT LUCIA_2003","Year","a0",1,5,1,5,NA,NA,NA,NA,NA,"Case 1: Annual only",NA,5
"SAINT LUCIA_2004","Year","a0",1,11,1,11,NA,NA,NA,NA,NA,"Case 1: Annual only",NA,11
"SAINT LUCIA_2005","Year","a0",1,1,1,1,NA,NA,NA,NA,NA,"Case 1: Annual only",NA,1
"SAINT LUCIA_2006","Year","a0",1,30,1,30,NA,NA,NA,NA,NA,"Case 1: Annual only",NA,30
"SAINT LUCIA_2007","Year","a0",1,39,1,39,NA,NA,NA,NA,NA,"Case 1: Annual only",NA,39
"SAINT LUCIA_2008","Year","a0",1,98,1,98,NA,NA,NA,NA,NA,"Case 1: Annual only",NA,98
"SAINT LUCIA_2009","Year","a0",1,18,1,18,NA,NA,NA,NA,NA,"Case 1: Annual only",NA,18
"SAINT LUCIA_2010","Year","a0",1,74,1,74,NA,NA,NA,NA,NA,"Case 1: Annual only",NA,74
"SAINT LUCIA_2011","Year","a0",1,757,1,757,NA,NA,NA,NA,NA,"Case 1: Annual only",NA,757
"SAINT LUCIA_2012","Year","a0",1,10,1,10,NA,NA,NA,NA,NA,"Case 1: Annual only",NA,10
"SAINT LUCIA_2013","Year","a0",1,234,1,234,NA,NA,NA,NA,NA,"Case 1: Annual only",NA,234
"SAINT LUCIA_2014","Year","a0",1,167,1,167,NA,NA,NA,NA,FALSE,"Incomplete sub-annual - annual selected",75.4491017964072,167
"SAINT LUCIA_2015","Year","a0",1,25,1,25,NA,NA,NA,NA,FALSE,"Incomplete sub-annual - annual selected",12,25
"SAINT LUCIA_2016","Year","a0",1,196,1,196,NA,NA,NA,NA,FALSE,"Incomplete sub-annual - annual selected",52.0408163265306,196
"SAINT LUCIA_2017","Year","a0",1,66,1,66,NA,NA,NA,NA,FALSE,"Incomplete sub-annual - annual selected",53.030303030303,66
"SAINT LUCIA_2018","Week","a0",52,90,52,90,NA,NA,NA,NA,TRUE,"Sub-annual >= Annual",100,90
"SAINT LUCIA_2019","Week","a0",52,20,52,20,NA,NA,NA,NA,TRUE,"Sub-annual >= Annual",100,20
"SAINT LUCIA_2020","Week","a0",53,1318,53,1318,NA,NA,NA,NA,TRUE,"Sub-annual >= Annual",100,1318
"SAINT LUCIA_2021","Week","a0",52,39,52,39,NA,NA,NA,NA,TRUE,"Sub-annual >= Annual",100,39
"SAINT LUCIA_2022","Week","a0",52,15,52,15,NA,NA,NA,NA,TRUE,"Sub-annual >= Annual",100,15
"SAINT LUCIA_2023","Week","a0",52,60,52,60,NA,NA,NA,NA,TRUE,"Sub-annual >= Annual",100,60
"SAINT LUCIA_2024","Week","a0",52,432,52,432,NA,NA,NA,NA,TRUE,"Sub-annual >= Annual",100,432
"SAINT MARTIN_1990","Year","a0",1,0,1,0,NA,NA,NA,NA,NA,"Case 1: Annual only",NA,0
"SAINT MARTIN_1991","Year","a0",1,0,1,0,NA,NA,NA,NA,NA,"Case 1: Annual only",NA,0
"SAINT MARTIN_1992","Year","a0",1,0,1,0,NA,NA,NA,NA,NA,"Case 1: Annual only",NA,0
"SAINT MARTIN_1993","Year","a0",1,0,1,0,NA,NA,NA,NA,NA,"Case 1: Annual only",NA,0
"SAINT MARTIN_1994","Year","a0",1,0,1,0,NA,NA,NA,NA,NA,"Case 1: Annual only",NA,0
"SAINT MARTIN_1995","Year","a0",1,0,1,0,NA,NA,NA,NA,NA,"Case 1: Annual only",NA,0
"SAINT MARTIN_1996","Year","a0",1,0,1,0,NA,NA,NA,NA,NA,"Case 1: Annual only",NA,0
"SAINT MARTIN_1997","Year","a0",1,0,1,0,NA,NA,NA,NA,NA,"Case 1: Annual only",NA,0
"SAINT MARTIN_1998","Year","a0",1,0,1,0,NA,NA,NA,NA,NA,"Case 1: Annual only",NA,0
"SAINT MARTIN_1999","Year","a0",1,0,1,0,NA,NA,NA,NA,NA,"Case 1: Annual only",NA,0
"SAINT MARTIN_2000","Year","a0",1,0,1,0,NA,NA,NA,NA,NA,"Case 1: Annual only",NA,0
"SAINT MARTIN_2001","Year","a0",1,0,1,0,NA,NA,NA,NA,NA,"Case 1: Annual only",NA,0
"SAINT MARTIN_2002","Year","a0",1,0,1,0,NA,NA,NA,NA,NA,"Case 1: Annual only",NA,0
"SAINT MARTIN_2003","Year","a0",1,0,1,0,NA,NA,NA,NA,NA,"Case 1: Annual only",NA,0
"SAINT MARTIN_2004","Year","a0",1,0,1,0,NA,NA,NA,NA,NA,"Case 1: Annual only",NA,0
"SAINT MARTIN_2005","Year","a0",1,0,1,0,NA,NA,NA,NA,NA,"Case 1: Annual only",NA,0
"SAINT MARTIN_2006","Year","a0",1,0,1,0,NA,NA,NA,NA,NA,"Case 1: Annual only",NA,0
"SAINT MARTIN_2007","Year","a0",1,0,1,0,NA,NA,NA,NA,NA,"Case 1: Annual only",NA,0
"SAINT MARTIN_2008","Year","a0",1,0,1,0,NA,NA,NA,NA,NA,"Case 1: Annual only",NA,0
"SAINT MARTIN_2009","Year","a0",1,1698,1,1698,NA,NA,NA,NA,NA,"Case 1: Annual only",NA,1698
"SAINT MARTIN_2010","Year","a0",1,506,1,506,NA,NA,NA,NA,NA,"Case 1: Annual only",NA,506
"SAINT MARTIN_2011","Year","a0",1,168,1,168,NA,NA,NA,NA,NA,"Case 1: Annual only",NA,168
"SAINT MARTIN_2012","Year","a0",1,372,1,372,NA,NA,NA,NA,NA,"Case 1: Annual only",NA,372
"SAINT MARTIN_2013","Year","a0",1,3095,1,3095,NA,NA,NA,NA,NA,"Case 1: Annual only",NA,3095
"SAINT MARTIN_2014","Year","a0",1,404,1,404,NA,NA,NA,NA,FALSE,"Incomplete sub-annual - annual selected",38.1188118811881,404
"SAINT MARTIN_2015","Year","a0",1,436,1,436,NA,NA,NA,NA,FALSE,"Incomplete sub-annual - annual selected",72.0183486238532,436
"SAINT MARTIN_2016","Year","a0",1,350,1,350,NA,NA,NA,NA,FALSE,"Incomplete sub-annual - annual selected",0,350
"SAINT MARTIN_2017","Year","a0",1,197,1,197,NA,NA,NA,NA,FALSE,"Incomplete sub-annual - annual selected",79.6954314720812,197
"SAINT MARTIN_2018","Week","a0",52,104,52,104,NA,NA,NA,NA,TRUE,"Sub-annual >= Annual",100,104
"SAINT MARTIN_2019","Year","a0",1,260,1,260,NA,NA,NA,NA,FALSE,"Incomplete sub-annual - annual selected",80.7692307692308,260
"SAINT MARTIN_2020","Week","a0",53,2736,53,2736,NA,NA,NA,NA,TRUE,"Sub-annual >= Annual",100,2736
"SAINT MARTIN_2021","Week","a0",52,172,52,172,NA,NA,NA,NA,TRUE,"Sub-annual >= Annual",100,172
"SAINT MARTIN_2022","Year","a0",1,35,1,35,NA,NA,NA,NA,FALSE,"Incomplete sub-annual - annual selected",0,35
"SAINT MARTIN_2023","Week","a0",52,1272,52,1272,NA,NA,NA,NA,TRUE,"Sub-annual >= Annual",100,1272
"SAINT MARTIN_2024","Week","a0",52,624,52,624,NA,NA,NA,NA,TRUE,"Sub-annual >= Annual",100,624
"SAINT VINCENT AND THE GRENADINES_1990","Year","a0",1,9,1,9,NA,NA,NA,NA,NA,"Case 1: Annual only",NA,9
"SAINT VINCENT AND THE GRENADINES_1991","Year","a0",1,1,1,1,NA,NA,NA,NA,NA,"Case 1: Annual only",NA,1
"SAINT VINCENT AND THE GRENADINES_1992","Year","a0",1,7,1,7,NA,NA,NA,NA,NA,"Case 1: Annual only",NA,7
"SAINT VINCENT AND THE GRENADINES_1993","Year","a0",1,7,1,7,NA,NA,NA,NA,NA,"Case 1: Annual only",NA,7
"SAINT VINCENT AND THE GRENADINES_1994","Year","a0",1,0,1,0,NA,NA,NA,NA,NA,"Case 1: Annual only",NA,0
"SAINT VINCENT AND THE GRENADINES_1995","Year","a0",1,224,1,224,NA,NA,NA,NA,NA,"Case 1: Annual only",NA,224
"SAINT VINCENT AND THE GRENADINES_1996","Year","a0",1,190,1,190,NA,NA,NA,NA,NA,"Case 1: Annual only",NA,190
"SAINT VINCENT AND THE GRENADINES_1997","Year","a0",1,3,1,3,NA,NA,NA,NA,NA,"Case 1: Annual only",NA,3
"SAINT VINCENT AND THE GRENADINES_1998","Year","a0",1,88,1,88,NA,NA,NA,NA,NA,"Case 1: Annual only",NA,88
"SAINT VINCENT AND THE GRENADINES_1999","Year","a0",1,8,1,8,NA,NA,NA,NA,NA,"Case 1: Annual only",NA,8
"SAINT VINCENT AND THE GRENADINES_2000","Year","a0",1,5,1,5,NA,NA,NA,NA,NA,"Case 1: Annual only",NA,5
"SAINT VINCENT AND THE GRENADINES_2001","Year","a0",1,3,1,3,NA,NA,NA,NA,NA,"Case 1: Annual only",NA,3
"SAINT VINCENT AND THE GRENADINES_2002","Year","a0",1,123,1,123,NA,NA,NA,NA,NA,"Case 1: Annual only",NA,123
"SAINT VINCENT AND THE GRENADINES_2003","Year","a0",1,3,1,3,NA,NA,NA,NA,NA,"Case 1: Annual only",NA,3
"SAINT VINCENT AND THE GRENADINES_2004","Year","a0",1,4,1,4,NA,NA,NA,NA,NA,"Case 1: Annual only",NA,4
"SAINT VINCENT AND THE GRENADINES_2005","Year","a0",1,8,1,8,NA,NA,NA,NA,NA,"Case 1: Annual only",NA,8
"SAINT VINCENT AND THE GRENADINES_2006","Year","a0",1,5,1,5,NA,NA,NA,NA,NA,"Case 1: Annual only",NA,5
"SAINT VINCENT AND THE GRENADINES_2007","Year","a0",1,2,1,2,NA,NA,NA,NA,NA,"Case 1: Annual only",NA,2
"SAINT VINCENT AND THE GRENADINES_2008","Year","a0",1,6,1,6,NA,NA,NA,NA,NA,"Case 1: Annual only",NA,6
"SAINT VINCENT AND THE GRENADINES_2009","Year","a0",1,10,1,10,NA,NA,NA,NA,NA,"Case 1: Annual only",NA,10
"SAINT VINCENT AND THE GRENADINES_2010","Year","a0",1,217,1,217,NA,NA,NA,NA,NA,"Case 1: Annual only",NA,217
"SAINT VINCENT AND THE GRENADINES_2011","Year","a0",1,47,1,47,NA,NA,NA,NA,NA,"Case 1: Annual only",NA,47
"SAINT VINCENT AND THE GRENADINES_2012","Year","a0",1,91,1,91,NA,NA,NA,NA,NA,"Case 1: Annual only",NA,91
"SAINT VINCENT AND THE GRENADINES_2013","Year","a0",1,127,1,127,NA,NA,NA,NA,NA,"Case 1: Annual only",NA,127
"SAINT VINCENT AND THE GRENADINES_2014","Year","a0",1,117,1,117,NA,NA,NA,NA,FALSE,"Incomplete sub-annual - annual selected",0,117
"SAINT VINCENT AND THE GRENADINES_2015","Year","a0",1,13,1,13,NA,NA,NA,NA,FALSE,"Incomplete sub-annual - annual selected",7.69230769230769,13
"SAINT VINCENT AND THE GRENADINES_2016","Year","a0",1,89,1,89,NA,NA,NA,NA,FALSE,"Incomplete sub-annual - annual selected",67.4157303370787,89
"SAINT VINCENT AND THE GRENADINES_2017","Week","a0",52,3,52,3,NA,NA,NA,NA,TRUE,"Sub-annual >= Annual",100,3
"SAINT VINCENT AND THE GRENADINES_2018","Year","a0",1,4,1,4,NA,NA,NA,NA,FALSE,"Incomplete sub-annual - annual selected",25,4
"SAINT VINCENT AND THE GRENADINES_2019","Week","a0",52,11,52,11,NA,NA,NA,NA,TRUE,"Sub-annual >= Annual",100,11
"SAINT VINCENT AND THE GRENADINES_2020","Year","a0",1,1603,1,1603,NA,NA,NA,NA,FALSE,"Incomplete sub-annual - annual selected",72.0524017467249,1603
"SAINT VINCENT AND THE GRENADINES_2021","Year","a0",1,152,1,152,NA,NA,NA,NA,FALSE,"Incomplete sub-annual - annual selected",44.078947368421,152
"SAINT VINCENT AND THE GRENADINES_2022","Week","a0",52,25,52,25,NA,NA,NA,NA,TRUE,"Sub-annual >= Annual",100,25
"SAINT VINCENT AND THE GRENADINES_2023","Week","a0",52,17,52,17,NA,NA,NA,NA,TRUE,"Sub-annual >= Annual",100,17
"SAINT VINCENT AND THE GRENADINES_2024","Year","a0",1,971,1,971,NA,NA,NA,NA,FALSE,"Incomplete sub-annual - annual selected",99.794026776519,971
"SAMOA_1991","Year","a0",1,22,1,22,NA,NA,NA,NA,NA,"Case 1: Annual only",NA,22
"SAMOA_1992","Year","a0",1,3,1,3,NA,NA,NA,NA,NA,"Case 1: Annual only",NA,3
"SAMOA_1993","Year","a0",1,2,1,2,NA,NA,NA,NA,NA,"Case 1: Annual only",NA,2
"SAMOA_1995","Year","a0",1,278,1,278,NA,NA,NA,NA,NA,"Case 1: Annual only",NA,278
"SAMOA_1996","Year","a0",1,1013,1,1013,NA,NA,NA,NA,NA,"Case 1: Annual only",NA,1013
"SAMOA_1997","Year","a0",1,163,1,163,NA,NA,NA,NA,NA,"Case 1: Annual only",NA,163
"SAMOA_1998","Year","a0",1,49,1,49,NA,NA,NA,NA,NA,"Case 1: Annual only",NA,49
"SAMOA_2000","Year","a0",1,200,1,200,NA,NA,NA,NA,NA,"Case 1: Annual only",NA,200
"SAMOA_2001","Year","a0",1,163,1,163,NA,NA,NA,NA,NA,"Case 1: Annual only",NA,163
"SAMOA_2002","Year","a0",1,2,1,2,NA,NA,NA,NA,NA,"Case 1: Annual only",NA,2
"SAMOA_2003","Year","a0",1,0,1,0,NA,NA,NA,NA,NA,"Case 1: Annual only",NA,0
"SAMOA_2004","Year","a0",1,1,1,1,NA,NA,NA,NA,NA,"Case 1: Annual only",NA,1
"SAMOA_2005","Year","a0",1,2,1,2,NA,NA,NA,NA,NA,"Case 1: Annual only",NA,2
"SAMOA_2006","Year","a0",1,29,1,29,NA,NA,NA,NA,NA,"Case 1: Annual only",NA,29
"SAMOA_2007","Year","a0",1,23,1,23,NA,NA,NA,NA,NA,"Case 1: Annual only",NA,23
"SAMOA_2008","Year","a0",1,677,1,677,NA,NA,NA,NA,NA,"Case 1: Annual only",NA,677
"SAMOA_2017","Year","a0",1,2724,1,2724,NA,NA,NA,NA,NA,"Case 1: Annual only",NA,2724
"SAMOA_2018","Week","a0",22,193,22,193,NA,NA,NA,NA,FALSE,"Case 2: Sub-annual only",NA,193
"SAMOA_2019","Week","a0",25,206,25,206,NA,NA,NA,NA,FALSE,"Case 2: Sub-annual only",NA,206
"SAMOA_2020","Week","a0",8,3,8,3,NA,NA,NA,NA,FALSE,"Case 2: Sub-annual only",NA,3
"SAMOA_2021","Week","a0",6,15,6,15,NA,NA,NA,NA,FALSE,"Case 2: Sub-annual only",NA,15
"SAMOA_2022","Week","a0",21,14287,21,14287,NA,NA,NA,NA,FALSE,"Case 2: Sub-annual only",NA,14287
"SAMOA_2023","Week","a0",19,56,19,56,NA,NA,NA,NA,FALSE,"Case 2: Sub-annual only",NA,56
"SAMOA_2024","Month","a0",8,473,8,473,NA,NA,NA,NA,FALSE,"Case 2: Sub-annual only",NA,473
"SAO TOME AND PRINCIPE_2023","Month","a0",9,2815,9,2815,NA,NA,NA,NA,FALSE,"Case 2: Sub-annual only",NA,2815
"SAO TOME AND PRINCIPE_2024","Month","a0",12,32,12,32,NA,NA,NA,NA,TRUE,"Case 2: Sub-annual only",NA,32
"SAUDI ARABIA_1990","Year","a0",1,0,1,0,NA,NA,NA,NA,NA,"Case 1: Annual only",NA,0
"SAUDI ARABIA_1991","Year","a0",1,0,1,0,NA,NA,NA,NA,NA,"Case 1: Annual only",NA,0
"SAUDI ARABIA_1992","Year","a0",1,0,1,0,NA,NA,NA,NA,NA,"Case 1: Annual only",NA,0
"SAUDI ARABIA_1993","Year","a0",1,1,1,1,NA,NA,NA,NA,NA,"Case 1: Annual only",NA,1
"SAUDI ARABIA_1994","Year","a0",1,315,1,315,NA,NA,NA,NA,NA,"Case 1: Annual only",NA,315
"SAUDI ARABIA_1995","Year","a0",1,136,1,136,NA,NA,NA,NA,NA,"Case 1: Annual only",NA,136
"SAUDI ARABIA_1996","Year","a0",1,57,1,57,NA,NA,NA,NA,NA,"Case 1: Annual only",NA,57
"SAUDI ARABIA_1997","Year","a0",1,62,1,62,NA,NA,NA,NA,NA,"Case 1: Annual only",NA,62
"SAUDI ARABIA_1998","Year","a0",1,31,1,31,NA,NA,NA,NA,NA,"Case 1: Annual only",NA,31
"SAUDI ARABIA_1999","Year","a0",1,26,1,26,NA,NA,NA,NA,NA,"Case 1: Annual only",NA,26
"SAUDI ARABIA_2000","Year","a0",1,17,1,17,NA,NA,NA,NA,NA,"Case 1: Annual only",NA,17
"SAUDI ARABIA_2001","Year","a0",1,7,1,7,NA,NA,NA,NA,NA,"Case 1: Annual only",NA,7
"SAUDI ARABIA_2002","Year","a0",1,11,1,11,NA,NA,NA,NA,NA,"Case 1: Annual only",NA,11
"SAUDI ARABIA_2006","Month","a0",12,1544,12,1544,NA,NA,NA,NA,TRUE,"Sub-annual >= Annual",100,1544
"SAUDI ARABIA_2007","Month","a0",12,490,12,490,NA,NA,NA,NA,TRUE,"Sub-annual >= Annual",100,490
"SAUDI ARABIA_2008","Month","a0",12,913,12,913,NA,NA,NA,NA,TRUE,"Sub-annual >= Annual",100,913
"SAUDI ARABIA_2009","Month","a0",12,3350,12,3350,NA,NA,NA,NA,TRUE,"Sub-annual >= Annual",100,3350
"SAUDI ARABIA_2010","Month","a0",12,3526,12,3526,NA,NA,NA,NA,TRUE,"Sub-annual >= Annual",100,3526
"SAUDI ARABIA_2011","Month","a0",12,3302,12,3302,NA,NA,NA,NA,TRUE,"Sub-annual >= Annual",100,3302
"SAUDI ARABIA_2012","Month","a0",12,1749,12,1749,NA,NA,NA,NA,TRUE,"Sub-annual >= Annual",100,1749
"SAUDI ARABIA_2013","Month","a0",12,6512,12,6512,NA,NA,NA,NA,TRUE,"Sub-annual >= Annual",100,6512
"SAUDI ARABIA_2014","Month","a0",12,2081,12,2081,NA,NA,NA,NA,TRUE,"Sub-annual >= Annual",100,2081
"SAUDI ARABIA_2015","Month","a0",12,4312,12,4312,NA,NA,NA,NA,TRUE,"Sub-annual >= Annual",100,4312
"SAUDI ARABIA_2016","Month","a0",12,5428,12,5428,NA,NA,NA,NA,TRUE,"Sub-annual >= Annual",100,5428
"SAUDI ARABIA_2017","Month","a0",12,3462,12,3462,NA,NA,NA,NA,TRUE,"Sub-annual >= Annual",100,3462
"SAUDI ARABIA_2018","Month","a0",12,5345,12,5345,12,4790,NA,NA,TRUE,"Sub-annual >= Annual",100,5345
"SAUDI ARABIA_2019","Month","a1",12,2228,12,0,12,2228,NA,NA,TRUE,"Sub-annual >= Annual",NA,NA
"SAUDI ARABIA_2020","Month","a0",12,2375,12,2375,12,1573,NA,NA,TRUE,"Sub-annual >= Annual",100,2375
"SAUDI ARABIA_2021","Month","a0",12,3421,12,3421,12,2254,NA,NA,TRUE,"Sub-annual >= Annual",100,3421
"SAUDI ARABIA_2022","Week","a0",52,1470,52,1470,NA,NA,NA,NA,TRUE,"Case 2: Sub-annual only",NA,1470
"SAUDI ARABIA_2023","Month","a0",12,15010,12,15010,5,7408,NA,NA,TRUE,"Sub-annual >= Annual",100,15010
"SAUDI ARABIA_2024","Month","a0",8,8193,8,8193,NA,NA,NA,NA,FALSE,"Case 2: Sub-annual only",NA,8193
"SENEGAL_2024","Month","a0",12,1208,12,1208,NA,NA,NA,NA,TRUE,"Case 2: Sub-annual only",NA,1208
"SEYCHELLES_2023","Month","a0",12,4614,12,4614,NA,NA,NA,NA,TRUE,"Case 2: Sub-annual only",NA,4614
"SEYCHELLES_2024","Month","a0",7,2583,7,2583,NA,NA,NA,NA,FALSE,"Case 2: Sub-annual only",NA,2583
"SINGAPORE_1990","Year","a0",1,1733,1,1733,NA,NA,NA,NA,NA,"Case 1: Annual only",NA,1733
"SINGAPORE_1991","Year","a0",1,2179,1,2179,NA,NA,NA,NA,NA,"Case 1: Annual only",NA,2179
"SINGAPORE_1992","Year","a0",1,2878,1,2878,NA,NA,NA,NA,NA,"Case 1: Annual only",NA,2878
"SINGAPORE_1993","Month","a1",12,947,NA,NA,12,947,NA,NA,TRUE,"Sub-annual >= Annual",100.105708245243,947
"SINGAPORE_1994","Month","a1",12,1239,NA,NA,12,1239,NA,NA,TRUE,"Sub-annual >= Annual",100,1239
"SINGAPORE_1995","Month","a1",12,2008,NA,NA,12,2008,NA,NA,TRUE,"Sub-annual >= Annual",100,2008
"SINGAPORE_1996","Year","a0",1,3128,1,3128,NA,NA,NA,NA,TRUE,"Annual > sub-annual",97.5383631713555,3128
"SINGAPORE_1997","Month","a1",12,4300,NA,NA,12,4300,NA,NA,TRUE,"Sub-annual >= Annual",100,4300
"SINGAPORE_1998","Year","a0",1,5258,1,5258,NA,NA,NA,NA,TRUE,"Annual > sub-annual",99.1441612780525,5258
"SINGAPORE_1999","Month","a1",12,1355,NA,NA,12,1355,NA,NA,TRUE,"Sub-annual >= Annual",100,1355
"SINGAPORE_2000","Month","a0",12,673,12,673,12,673,NA,NA,TRUE,"Sub-annual >= Annual",100,673
"SINGAPORE_2001","Month","a0",12,2379,12,2379,12,2355,NA,NA,TRUE,"Sub-annual >= Annual",100.295109612142,2379
"SINGAPORE_2002","Year","a0",1,3945,1,3945,NA,NA,NA,NA,TRUE,"Annual > sub-annual",98.8593155893536,3945
"SINGAPORE_2003","Year","a0",1,4788,1,4788,NA,NA,NA,NA,TRUE,"Annual > sub-annual",98.9139515455305,4788
"SINGAPORE_2004","Year","a0",1,9459,1,9459,NA,NA,NA,NA,TRUE,"Annual > sub-annual",98.5305000528597,9459
"SINGAPORE_2005","Year","a0",1,14209,1,14209,NA,NA,NA,NA,TRUE,"Annual > sub-annual",99.7466394538673,14209
"SINGAPORE_2006","Month","a1",12,3128,NA,NA,12,3128,NA,NA,TRUE,"Sub-annual >= Annual",100.031979533099,3128
"SINGAPORE_2007","Year","a0",1,8826,1,8826,NA,NA,NA,NA,TRUE,"Annual > sub-annual",99.2068887378201,8826
"SINGAPORE_2008","Year","a0",1,7032,1,7032,NA,NA,NA,NA,TRUE,"Annual > sub-annual",99.2747440273038,7032
"SINGAPORE_2009","Month","a1",12,4523,NA,NA,12,4523,NA,NA,TRUE,"Sub-annual >= Annual",100.578163219924,4523
"SINGAPORE_2010","Month","a1",12,5392,NA,NA,12,5392,NA,NA,TRUE,"Sub-annual >= Annual",100.521998508576,5392
"SINGAPORE_2011","Week","a0",52,5266,52,5266,NA,NA,NA,NA,TRUE,"Case 2: Sub-annual only",NA,5266
"SINGAPORE_2012","Week","a0",52,4602,52,4602,NA,NA,NA,NA,TRUE,"Case 2: Sub-annual only",NA,4602
"SINGAPORE_2013","Year","a0",1,22170,1,22170,NA,NA,NA,NA,TRUE,"Annual > sub-annual",99.6887686062246,22170
"SINGAPORE_2014","Year","a0",1,18326,1,18326,NA,NA,NA,NA,TRUE,"Annual > sub-annual",99.8908654370839,18326
"SINGAPORE_2015","Year","a0",1,11294,1,11294,NA,NA,NA,NA,TRUE,"Annual > sub-annual",99.9822914822029,11294
"SINGAPORE_2016","Week","a0",52,13110,52,13110,NA,NA,NA,NA,TRUE,"Sub-annual >= Annual",100.19105846389,13110
"SINGAPORE_2017","Year","a0",1,2767,1,2767,NA,NA,NA,NA,TRUE,"Annual > sub-annual",99.5663173111673,2767
"SINGAPORE_2018","Year","a0",1,3283,1,3283,NA,NA,NA,NA,FALSE,"Incomplete sub-annual - annual selected",41.5778251599147,3283
"SINGAPORE_2019","Year","a0",1,15999,1,15999,NA,NA,NA,NA,TRUE,"Annual > sub-annual",99.443715232202,15999
"SINGAPORE_2020","Week","a0",53,35261,53,35261,NA,NA,NA,NA,TRUE,"Case 2: Sub-annual only",NA,35261
"SINGAPORE_2021","Week","a0",52,5245,52,5245,NA,NA,NA,NA,TRUE,"Case 2: Sub-annual only",NA,5245
"SINGAPORE_2022","Week","a0",51,31853,51,31853,NA,NA,NA,NA,FALSE,"Case 2: Sub-annual only",NA,31853
"SINGAPORE_2023","Week","a0",52,9938,52,9938,NA,NA,NA,NA,TRUE,"Case 2: Sub-annual only",NA,9938
"SINGAPORE_2024","Month","a0",12,13655,12,13655,NA,NA,NA,NA,TRUE,"Case 2: Sub-annual only",NA,13655
"SINT MAARTEN_2004","Year","a0",1,0,1,0,NA,NA,NA,NA,NA,"Case 1: Annual only",NA,0
"SINT MAARTEN_2006","Year","a0",1,0,1,0,NA,NA,NA,NA,NA,"Case 1: Annual only",NA,0
"SINT MAARTEN_2007","Year","a0",1,0,1,0,NA,NA,NA,NA,NA,"Case 1: Annual only",NA,0
"SINT MAARTEN_2014","Year","a0",1,31,1,31,NA,NA,NA,NA,NA,"Case 1: Annual only",NA,31
"SINT MAARTEN_2015","Year","a0",1,13,1,13,NA,NA,NA,NA,FALSE,"Incomplete sub-annual - annual selected",7.69230769230769,13
"SINT MAARTEN_2016","Week","a0",52,11,52,11,NA,NA,NA,NA,TRUE,"Sub-annual >= Annual",100,11
"SINT MAARTEN_2017","Week","a0",52,0,52,0,NA,NA,NA,NA,TRUE,"Sub-annual >= Annual",NA,NA
"SINT MAARTEN_2018","Year","a0",1,29,1,29,NA,NA,NA,NA,FALSE,"Incomplete sub-annual - annual selected",0,29
"SINT MAARTEN_2019","Week","a0",52,8,52,8,NA,NA,NA,NA,TRUE,"Sub-annual >= Annual",100,8
"SINT MAARTEN_2020","Week","a0",53,9,53,9,NA,NA,NA,NA,TRUE,"Sub-annual >= Annual",100,9
"SINT MAARTEN_2023","Year","a0",1,1,1,1,NA,NA,NA,NA,FALSE,"Incomplete sub-annual - annual selected",0,1
"SINT MAARTEN_2024","Year","a0",1,144,1,144,NA,NA,NA,NA,FALSE,"Incomplete sub-annual - annual selected",82.6388888888889,144
"SOLOMON ISLANDS_1991","Year","a0",1,0,1,0,NA,NA,NA,NA,NA,"Case 1: Annual only",NA,0
"SOLOMON ISLANDS_1992","Year","a0",1,0,1,0,NA,NA,NA,NA,NA,"Case 1: Annual only",NA,0
"SOLOMON ISLANDS_1993","Year","a0",1,0,1,0,NA,NA,NA,NA,NA,"Case 1: Annual only",NA,0
"SOLOMON ISLANDS_1994","Year","a0",1,0,1,0,NA,NA,NA,NA,NA,"Case 1: Annual only",NA,0
"SOLOMON ISLANDS_1995","Year","a0",1,1,1,1,NA,NA,NA,NA,NA,"Case 1: Annual only",NA,1
"SOLOMON ISLANDS_1996","Year","a0",1,3,1,3,NA,NA,NA,NA,NA,"Case 1: Annual only",NA,3
"SOLOMON ISLANDS_1997","Year","a0",1,0,1,0,NA,NA,NA,NA,NA,"Case 1: Annual only",NA,0
"SOLOMON ISLANDS_1998","Year","a0",1,0,1,0,NA,NA,NA,NA,NA,"Case 1: Annual only",NA,0
"SOLOMON ISLANDS_1999","Year","a0",1,0,1,0,NA,NA,NA,NA,NA,"Case 1: Annual only",NA,0
"SOLOMON ISLANDS_2000","Year","a0",1,0,1,0,NA,NA,NA,NA,NA,"Case 1: Annual only",NA,0
"SOLOMON ISLANDS_2001","Year","a0",1,0,1,0,NA,NA,NA,NA,NA,"Case 1: Annual only",NA,0
"SOLOMON ISLANDS_2002","Year","a0",1,30,1,30,NA,NA,NA,NA,NA,"Case 1: Annual only",NA,30
"SOLOMON ISLANDS_2003","Year","a0",1,0,1,0,NA,NA,NA,NA,NA,"Case 1: Annual only",NA,0
"SOLOMON ISLANDS_2004","Year","a0",1,0,1,0,NA,NA,NA,NA,NA,"Case 1: Annual only",NA,0
"SOLOMON ISLANDS_2005","Year","a0",1,0,1,0,NA,NA,NA,NA,NA,"Case 1: Annual only",NA,0
"SOLOMON ISLANDS_2006","Year","a0",1,0,1,0,NA,NA,NA,NA,NA,"Case 1: Annual only",NA,0
"SOLOMON ISLANDS_2007","Year","a0",1,0,1,0,NA,NA,NA,NA,NA,"Case 1: Annual only",NA,0
"SOLOMON ISLANDS_2008","Year","a0",1,3,1,3,NA,NA,NA,NA,NA,"Case 1: Annual only",NA,3
"SOLOMON ISLANDS_2009","Year","a0",1,0,1,0,NA,NA,NA,NA,NA,"Case 1: Annual only",NA,0
"SOLOMON ISLANDS_2010","Year","a0",1,0,1,0,NA,NA,NA,NA,NA,"Case 1: Annual only",NA,0
"SOLOMON ISLANDS_2011","Year","a0",1,0,1,0,NA,NA,NA,NA,NA,"Case 1: Annual only",NA,0
"SOLOMON ISLANDS_2012","Year","a0",1,0,1,0,NA,NA,NA,NA,NA,"Case 1: Annual only",NA,0
"SOLOMON ISLANDS_2013","Year","a0",1,9500,1,9500,NA,NA,NA,NA,NA,"Case 1: Annual only",NA,9500
"SOLOMON ISLANDS_2016","Week","a1",14,3920,NA,NA,14,3920,NA,NA,FALSE,"Case 2: Sub-annual only",NA,3920
"SOLOMON ISLANDS_2018","Week","a0",43,407,43,407,NA,NA,NA,NA,FALSE,"Case 2: Sub-annual only",NA,407
"SOLOMON ISLANDS_2019","Week","a0",40,366,40,366,NA,NA,NA,NA,FALSE,"Case 2: Sub-annual only",NA,366
"SOLOMON ISLANDS_2020","Week","a0",23,110,23,110,NA,NA,NA,NA,FALSE,"Case 2: Sub-annual only",NA,110
"SOLOMON ISLANDS_2021","Week","a0",14,159,14,159,NA,NA,NA,NA,FALSE,"Case 2: Sub-annual only",NA,159
"SOLOMON ISLANDS_2022","Week","a0",43,9088,43,9088,NA,NA,NA,NA,FALSE,"Case 2: Sub-annual only",NA,9088
"SOLOMON ISLANDS_2023","Week","a0",18,230,18,230,NA,NA,NA,NA,FALSE,"Case 2: Sub-annual only",NA,230
"SOLOMON ISLANDS_2024","Week","a0",40,145,40,145,NA,NA,NA,NA,FALSE,"Case 2: Sub-annual only",NA,145
"SPAIN_2008","Year","a0",1,0,1,0,NA,NA,NA,NA,NA,"Case 1: Annual only",NA,0
"SPAIN_2009","Year","a0",1,0,1,0,NA,NA,NA,NA,NA,"Case 1: Annual only",NA,0
"SPAIN_2010","Year","a0",1,0,1,0,NA,NA,NA,NA,NA,"Case 1: Annual only",NA,0
"SPAIN_2011","Year","a0",1,0,1,0,NA,NA,NA,NA,NA,"Case 1: Annual only",NA,0
"SPAIN_2012","Year","a0",1,0,1,0,NA,NA,NA,NA,NA,"Case 1: Annual only",NA,0
"SPAIN_2013","Year","a0",1,0,1,0,NA,NA,NA,NA,NA,"Case 1: Annual only",NA,0
"SPAIN_2014","Year","a0",1,0,1,0,NA,NA,NA,NA,NA,"Case 1: Annual only",NA,0
"SPAIN_2015","Year","a0",1,0,1,0,NA,NA,NA,NA,NA,"Case 1: Annual only",NA,0
"SPAIN_2016","Year","a0",1,0,1,0,NA,NA,NA,NA,NA,"Case 1: Annual only",NA,0
"SPAIN_2017","Year","a0",1,0,1,0,NA,NA,NA,NA,NA,"Case 1: Annual only",NA,0
"SPAIN_2018","Year","a0",1,6,1,6,NA,NA,NA,NA,NA,"Case 1: Annual only",NA,6
"SPAIN_2019","Year","a0",1,2,1,2,NA,NA,NA,NA,NA,"Case 1: Annual only",NA,2
"SPAIN_2020","Year","a0",1,0,1,0,NA,NA,NA,NA,NA,"Case 1: Annual only",NA,0
"SPAIN_2021","Year","a0",1,0,1,0,NA,NA,NA,NA,NA,"Case 1: Annual only",NA,0
"SPAIN_2022","Year","a0",1,0,1,0,NA,NA,NA,NA,NA,"Case 1: Annual only",NA,0
"SPAIN_2023","Year","a0",1,3,1,3,NA,NA,NA,NA,NA,"Case 1: Annual only",NA,3
"SPAIN_2024","Month","a0",12,10,12,10,NA,NA,NA,NA,TRUE,"Case 2: Sub-annual only",NA,10
"SRI LANKA_1990","Year","a0",1,1350,1,1350,NA,NA,NA,NA,NA,"Case 1: Annual only",NA,1350
"SRI LANKA_1991","Year","a0",1,1048,1,1048,NA,NA,NA,NA,NA,"Case 1: Annual only",NA,1048
"SRI LANKA_1992","Year","a0",1,656,1,656,NA,NA,NA,NA,NA,"Case 1: Annual only",NA,656
"SRI LANKA_1993","Year","a0",1,750,1,750,NA,NA,NA,NA,NA,"Case 1: Annual only",NA,750
"SRI LANKA_1994","Year","a0",1,582,1,582,NA,NA,NA,NA,NA,"Case 1: Annual only",NA,582
"SRI LANKA_1995","Year","a0",1,440,1,440,NA,NA,NA,NA,NA,"Case 1: Annual only",NA,440
"SRI LANKA_1996","Year","a0",1,1298,1,1298,NA,NA,NA,NA,TRUE,"Annual > sub-annual",99.8459167950693,1298
"SRI LANKA_1997","Month","a1",12,981,NA,NA,12,981,NA,NA,TRUE,"Sub-annual >= Annual",100.102040816327,981
"SRI LANKA_1998","Year","a0",1,1275,1,1275,NA,NA,NA,NA,TRUE,"Annual > sub-annual",99.921568627451,1275
"SRI LANKA_1999","Month","a1",12,1688,NA,NA,12,1688,NA,NA,TRUE,"Sub-annual >= Annual",100,1688
"SRI LANKA_2000","Year","a0",1,3343,1,3343,NA,NA,NA,NA,TRUE,"Annual > sub-annual",99.6410409811546,3343
"SRI LANKA_2001","Year","a0",1,4304,1,4304,NA,NA,NA,NA,TRUE,"Annual > sub-annual",99.6514869888476,4304
"SRI LANKA_2002","Year","a0",1,8931,1,8931,NA,NA,NA,NA,TRUE,"Annual > sub-annual",33.3333333333333,8931
"SRI LANKA_2003","Year","a0",1,4749,1,4749,NA,NA,NA,NA,TRUE,"Annual > sub-annual",33.7334175615919,4749
"SRI LANKA_2004","Year","a0",1,15463,1,15463,NA,NA,NA,NA,TRUE,"Annual > sub-annual",22.181982797646,15463
"SRI LANKA_2005","Year","a0",1,5994,1,5994,NA,NA,NA,NA,NA,"Case 1: Annual only",NA,5994
"SRI LANKA_2006","Year","a0",1,11980,1,11980,NA,NA,NA,NA,NA,"Case 1: Annual only",NA,11980
"SRI LANKA_2007","Year","a0",1,7314,1,7314,NA,NA,NA,NA,NA,"Case 1: Annual only",NA,7314
"SRI LANKA_2008","Year","a0",1,6555,1,6555,NA,NA,NA,NA,NA,"Case 1: Annual only",NA,6555
"SRI LANKA_2009","Year","a0",1,35010,1,35010,NA,NA,NA,NA,NA,"Case 1: Annual only",NA,35010
"SRI LANKA_2010","Week","a0",51,33988,51,33988,NA,NA,NA,NA,FALSE,"Case 2: Sub-annual only",NA,33988
"SRI LANKA_2011","Week","a0",51,27614,51,27614,NA,NA,NA,NA,FALSE,"Case 2: Sub-annual only",NA,27614
"SRI LANKA_2012","Week","a0",51,43783,51,43783,NA,NA,NA,NA,FALSE,"Case 2: Sub-annual only",NA,43783
"SRI LANKA_2013","Week","a0",50,30450,50,30450,NA,NA,NA,NA,FALSE,"Case 2: Sub-annual only",NA,30450
"SRI LANKA_2014","Week","a0",50,45535,50,45535,NA,NA,NA,NA,FALSE,"Case 2: Sub-annual only",NA,45535
"SRI LANKA_2015","Week","a0",50,27702,50,27702,NA,NA,NA,NA,FALSE,"Case 2: Sub-annual only",NA,27702
"SRI LANKA_2016","Week","a0",51,50954,51,50954,NA,NA,NA,NA,FALSE,"Case 2: Sub-annual only",NA,50954
"SRI LANKA_2017","Month","a0",12,174736,12,174736,NA,NA,NA,NA,TRUE,"Case 2: Sub-annual only",NA,174736
"SRI LANKA_2018","Month","a0",12,51320,12,51320,NA,NA,NA,NA,TRUE,"Case 2: Sub-annual only",NA,51320
"SRI LANKA_2019","Month","a0",12,94789,12,94789,NA,NA,NA,NA,TRUE,"Case 2: Sub-annual only",NA,94789
"SRI LANKA_2020","Month","a0",12,32232,12,32232,NA,NA,NA,NA,TRUE,"Case 2: Sub-annual only",NA,32232
"SRI LANKA_2021","Month","a0",12,36120,12,36120,NA,NA,NA,NA,TRUE,"Case 2: Sub-annual only",NA,36120
"SRI LANKA_2022","Month","a0",12,76689,12,76689,NA,NA,NA,NA,TRUE,"Case 2: Sub-annual only",NA,76689
"SRI LANKA_2023","Month","a0",12,88659,12,88659,NA,NA,NA,NA,TRUE,"Case 2: Sub-annual only",NA,88659
"SRI LANKA_2024","Month","a0",8,33236,8,33236,NA,NA,NA,NA,FALSE,"Case 2: Sub-annual only",NA,33236
"SUDAN_2019","Week","a0",12,9268,12,9268,NA,NA,NA,NA,FALSE,"Case 2: Sub-annual only",NA,9268
"SUDAN_2023","Month","a0",6,7347,6,7347,NA,NA,NA,NA,FALSE,"Case 2: Sub-annual only",NA,7347
"SUDAN_2024","Month","a0",12,10560,12,10560,NA,NA,NA,NA,TRUE,"Case 2: Sub-annual only",NA,10560
"SURINAME_1990","Year","a0",1,0,1,0,NA,NA,NA,NA,NA,"Case 1: Annual only",NA,0
"SURINAME_1991","Year","a0",1,0,1,0,NA,NA,NA,NA,NA,"Case 1: Annual only",NA,0
"SURINAME_1992","Year","a0",1,0,1,0,NA,NA,NA,NA,NA,"Case 1: Annual only",NA,0
"SURINAME_1993","Year","a0",1,0,1,0,NA,NA,NA,NA,NA,"Case 1: Annual only",NA,0
"SURINAME_1994","Year","a0",1,0,1,0,NA,NA,NA,NA,NA,"Case 1: Annual only",NA,0
"SURINAME_1995","Year","a0",1,344,1,344,NA,NA,NA,NA,NA,"Case 1: Annual only",NA,344
"SURINAME_1996","Year","a0",1,677,1,677,NA,NA,NA,NA,NA,"Case 1: Annual only",NA,677
"SURINAME_1997","Year","a0",1,90,1,90,NA,NA,NA,NA,NA,"Case 1: Annual only",NA,90
"SURINAME_1998","Year","a0",1,1140,1,1140,NA,NA,NA,NA,NA,"Case 1: Annual only",NA,1140
"SURINAME_1999","Year","a0",1,695,1,695,NA,NA,NA,NA,NA,"Case 1: Annual only",NA,695
"SURINAME_2000","Year","a0",1,1069,1,1069,NA,NA,NA,NA,NA,"Case 1: Annual only",NA,1069
"SURINAME_2001","Year","a0",1,748,1,748,NA,NA,NA,NA,NA,"Case 1: Annual only",NA,748
"SURINAME_2002","Year","a0",1,1081,1,1081,NA,NA,NA,NA,NA,"Case 1: Annual only",NA,1081
"SURINAME_2003","Year","a0",1,284,1,284,NA,NA,NA,NA,NA,"Case 1: Annual only",NA,284
"SURINAME_2004","Year","a0",1,368,1,368,NA,NA,NA,NA,NA,"Case 1: Annual only",NA,368
"SURINAME_2005","Year","a0",1,2712,1,2712,NA,NA,NA,NA,NA,"Case 1: Annual only",NA,2712
"SURINAME_2006","Year","a0",1,253,1,253,NA,NA,NA,NA,NA,"Case 1: Annual only",NA,253
"SURINAME_2007","Year","a0",1,41,1,41,NA,NA,NA,NA,NA,"Case 1: Annual only",NA,41
"SURINAME_2008","Year","a0",1,12,1,12,NA,NA,NA,NA,NA,"Case 1: Annual only",NA,12
"SURINAME_2009","Year","a0",1,120,1,120,NA,NA,NA,NA,NA,"Case 1: Annual only",NA,120
"SURINAME_2010","Year","a0",1,93,1,93,NA,NA,NA,NA,NA,"Case 1: Annual only",NA,93
"SURINAME_2011","Year","a0",1,386,1,386,NA,NA,NA,NA,NA,"Case 1: Annual only",NA,386
"SURINAME_2012","Year","a0",1,781,1,781,NA,NA,NA,NA,NA,"Case 1: Annual only",NA,781
"SURINAME_2013","Year","a0",1,21,1,21,NA,NA,NA,NA,NA,"Case 1: Annual only",NA,21
"SURINAME_2014","Year","a0",1,23,1,23,NA,NA,NA,NA,FALSE,"Incomplete sub-annual - annual selected",17.3913043478261,23
"SURINAME_2015","Year","a0",1,15,1,15,NA,NA,NA,NA,NA,"Case 1: Annual only",NA,15
"SURINAME_2016","Year","a0",1,6,1,6,NA,NA,NA,NA,NA,"Case 1: Annual only",NA,6
"SURINAME_2017","Year","a0",1,1,1,1,NA,NA,NA,NA,NA,"Case 1: Annual only",NA,1
"SURINAME_2018","Week","a0",52,123,52,123,NA,NA,NA,NA,TRUE,"Sub-annual >= Annual",100,123
"SURINAME_2019","Week","a0",52,86,52,86,NA,NA,NA,NA,TRUE,"Sub-annual >= Annual",100,86
"SURINAME_2020","Week","a0",53,563,53,563,NA,NA,NA,NA,TRUE,"Sub-annual >= Annual",100,563
"SURINAME_2021","Week","a0",52,10,52,10,NA,NA,NA,NA,TRUE,"Sub-annual >= Annual",100,10
"SURINAME_2022","Week","a0",52,17,52,17,NA,NA,NA,NA,TRUE,"Sub-annual >= Annual",100,17
"SURINAME_2023","Week","a0",52,282,52,282,NA,NA,NA,NA,TRUE,"Sub-annual >= Annual",100,282
"SURINAME_2024","Week","a0",52,95,52,95,NA,NA,NA,NA,TRUE,"Sub-annual >= Annual",100,95
"TAIWAN_1990","Year","a0",1,0,1,0,NA,NA,NA,NA,NA,"Case 1: Annual only",NA,0
"TAIWAN_1991","Year","a0",1,149,1,149,NA,NA,NA,NA,NA,"Case 1: Annual only",NA,149
"TAIWAN_1992","Year","a0",1,4,1,4,NA,NA,NA,NA,NA,"Case 1: Annual only",NA,4
"TAIWAN_1993","Year","a0",1,0,1,0,NA,NA,NA,NA,NA,"Case 1: Annual only",NA,0
"TAIWAN_1994","Year","a0",1,222,1,222,NA,NA,NA,NA,NA,"Case 1: Annual only",NA,222
"TAIWAN_1995","Year","a0",1,329,1,329,NA,NA,NA,NA,NA,"Case 1: Annual only",NA,329
"TAIWAN_1996","Year","a0",1,20,1,20,NA,NA,NA,NA,NA,"Case 1: Annual only",NA,20
"TAIWAN_1997","Year","a0",1,19,1,19,NA,NA,NA,NA,NA,"Case 1: Annual only",NA,19
"TAIWAN_1998","Week","a2",52,309,NA,NA,NA,NA,52,309,TRUE,"Case 2: Sub-annual only",NA,309
"TAIWAN_1999","Week","a2",52,40,NA,NA,NA,NA,52,40,TRUE,"Case 2: Sub-annual only",NA,40
"TAIWAN_2000","Week","a2",52,113,NA,NA,NA,NA,52,113,TRUE,"Case 2: Sub-annual only",NA,113
"TAIWAN_2001","Week","a2",52,225,NA,NA,NA,NA,52,225,TRUE,"Case 2: Sub-annual only",NA,225
"TAIWAN_2002","Week","a2",52,5097,NA,NA,NA,NA,52,5097,TRUE,"Case 2: Sub-annual only",NA,5097
"TAIWAN_2003","Week","a2",53,92,NA,NA,NA,NA,53,92,TRUE,"Case 2: Sub-annual only",NA,92
"TAIWAN_2004","Week","a2",52,335,NA,NA,NA,NA,52,335,TRUE,"Case 2: Sub-annual only",NA,335
"TAIWAN_2005","Week","a2",52,193,NA,NA,NA,NA,52,193,TRUE,"Case 2: Sub-annual only",NA,193
"TAIWAN_2006","Week","a2",52,931,NA,NA,NA,NA,52,931,TRUE,"Case 2: Sub-annual only",NA,931
"TAIWAN_2007","Week","a2",52,1933,NA,NA,NA,NA,52,1933,TRUE,"Case 2: Sub-annual only",NA,1933
"TAIWAN_2008","Week","a2",53,478,NA,NA,NA,NA,53,478,TRUE,"Case 2: Sub-annual only",NA,478
"TAIWAN_2009","Week","a2",52,840,NA,NA,NA,NA,52,840,TRUE,"Case 2: Sub-annual only",NA,840
"TAIWAN_2010","Week","a2",52,1534,NA,NA,NA,NA,52,1534,TRUE,"Case 2: Sub-annual only",NA,1534
"TAIWAN_2011","Week","a2",52,1543,NA,NA,NA,NA,52,1543,TRUE,"Case 2: Sub-annual only",NA,1543
"TAIWAN_2012","Week","a2",52,1270,NA,NA,NA,NA,52,1270,TRUE,"Case 2: Sub-annual only",NA,1270
"TAIWAN_2013","Week","a2",52,596,NA,NA,NA,NA,52,596,TRUE,"Special country - sub-annual selected",100,596
"TAIWAN_2014","Week","a2",53,15509,NA,NA,NA,NA,53,15509,TRUE,"Special country - sub-annual selected",100,15509
"TAIWAN_2015","Week","a2",52,43467,NA,NA,NA,NA,52,43467,TRUE,"Special country - sub-annual selected",100,43467
"TAIWAN_2016","Week","a2",52,317,NA,NA,NA,NA,52,317,TRUE,"Special country - sub-annual selected",83.2020997375328,381
"TAIWAN_2017","Week","a2",52,10,NA,NA,NA,NA,52,10,TRUE,"Special country - sub-annual selected",100,10
"TAIWAN_2018","Week","a2",52,183,NA,NA,NA,NA,52,183,TRUE,"Special country - sub-annual selected",100,183
"TAIWAN_2019","Week","a2",52,100,NA,NA,NA,NA,52,100,TRUE,"Special country - sub-annual selected",100,100
"TAIWAN_2020","Week","a2",53,73,NA,NA,NA,NA,53,73,TRUE,"Case 2: Sub-annual only",NA,73
"TAIWAN_2021","Week","a2",52,0,NA,NA,NA,NA,52,0,TRUE,"Case 2: Sub-annual only",NA,0
"TAIWAN_2022","Week","a2",52,20,NA,NA,NA,NA,52,20,TRUE,"Case 2: Sub-annual only",NA,20
"TAIWAN_2023","Week","a2",52,26415,NA,NA,NA,NA,52,26415,TRUE,"Case 2: Sub-annual only",NA,26415
"TAIWAN_2024","Week","a2",52,269,NA,NA,NA,NA,52,269,TRUE,"Case 2: Sub-annual only",NA,269
"THAILAND_1990","Year","a0",1,92002,1,92002,NA,NA,NA,NA,NA,"Case 1: Annual only",NA,92002
"THAILAND_1991","Year","a0",1,43511,1,43511,NA,NA,NA,NA,NA,"Case 1: Annual only",NA,43511
"THAILAND_1992","Year","a0",1,41125,1,41125,NA,NA,NA,NA,NA,"Case 1: Annual only",NA,41125
"THAILAND_1993","Year","a0",1,67017,1,67017,NA,NA,NA,NA,TRUE,"Annual > sub-annual",98.61975319695,67017
"THAILAND_1994","Year","a0",1,51688,1,51688,NA,NA,NA,NA,TRUE,"Annual > sub-annual",95.7340195016251,51688
"THAILAND_1995","Year","a0",1,60330,1,60330,NA,NA,NA,NA,TRUE,"Annual > sub-annual",96.9865738438588,60330
"THAILAND_1996","Year","a0",1,38109,1,38109,NA,NA,NA,NA,TRUE,"Annual > sub-annual",94.3399197040069,38109
"THAILAND_1997","Year","a0",1,101689,1,101689,NA,NA,NA,NA,TRUE,"Annual > sub-annual",97.5061216060734,101689
"THAILAND_1998","Year","a0",1,129954,1,129954,NA,NA,NA,NA,TRUE,"Annual > sub-annual",95.8469920125583,129954
"THAILAND_1999","Year","a0",1,24900,1,24900,NA,NA,NA,NA,TRUE,"Annual > sub-annual",78.2208835341365,24900
"THAILAND_2000","Year","a0",1,18617,1,18617,NA,NA,NA,NA,TRUE,"Annual > sub-annual",79.4596336681528,18617
"THAILAND_2001","Year","a0",1,139327,1,139327,NA,NA,NA,NA,TRUE,"Annual > sub-annual",75.1261420973681,139327
"THAILAND_2002","Year","a0",1,114800,1,114800,NA,NA,NA,NA,TRUE,"Annual > sub-annual",67.8754355400697,114800
"THAILAND_2003","Year","a0",1,62767,1,62767,NA,NA,NA,NA,TRUE,"Annual > sub-annual",27.8681472748419,62767
"THAILAND_2004","Year","a0",1,38367,1,38367,NA,NA,NA,NA,TRUE,"Annual > sub-annual",29.1422316052858,38367
"THAILAND_2005","Year","a0",1,45893,1,45893,NA,NA,NA,NA,TRUE,"Annual > sub-annual",32.8372518684767,45893
"THAILAND_2006","Year","a0",1,42456,1,42456,NA,NA,NA,NA,TRUE,"Annual > sub-annual",40.1874882231016,42456
"THAILAND_2007","Year","a0",1,62949,1,62949,NA,NA,NA,NA,TRUE,"Annual > sub-annual",40.4231997331173,62949
"THAILAND_2008","Year","a0",1,89626,1,89626,NA,NA,NA,NA,TRUE,"Annual > sub-annual",40.8865730926294,89626
"THAILAND_2009","Month","a1",12,25194,NA,NA,12,25194,NA,NA,TRUE,"Sub-annual >= Annual",100,25194
"THAILAND_2010","Month","a0",12,53149,12,53149,12,53149,NA,NA,TRUE,"Case 2: Sub-annual only",NA,53149
"THAILAND_2011","Month","a0",12,29759,12,29759,12,29759,NA,NA,TRUE,"Case 2: Sub-annual only",NA,29759
"THAILAND_2012","Month","a0",12,39321,12,39321,12,25316,NA,NA,TRUE,"Case 2: Sub-annual only",NA,39321
"THAILAND_2013","Month","a0",12,87502,12,87502,12,87502,NA,NA,TRUE,"Case 2: Sub-annual only",NA,87502
"THAILAND_2014","Month","a0",12,23170,12,23170,12,23170,NA,NA,TRUE,"Case 2: Sub-annual only",NA,23170
"THAILAND_2015","Month","a0",12,86953,12,86953,12,86653,NA,NA,TRUE,"Case 2: Sub-annual only",NA,86953
"THAILAND_2016","Month","a0",12,38466,12,38466,12,38466,NA,NA,TRUE,"Case 2: Sub-annual only",NA,38466
"THAILAND_2017","Month","a0",12,31843,12,31843,12,31843,NA,NA,TRUE,"Case 2: Sub-annual only",NA,31843
"THAILAND_2018","Month","a0",12,87212,12,87212,12,55076,NA,NA,TRUE,"Case 2: Sub-annual only",NA,87212
"THAILAND_2019","Month","a0",12,131157,12,131157,12,87866,NA,NA,TRUE,"Case 2: Sub-annual only",NA,131157
"THAILAND_2020","Month","a0",12,72519,12,72519,12,50911,NA,NA,TRUE,"Case 2: Sub-annual only",NA,72519
"THAILAND_2021","Month","a0",12,10617,12,10617,12,7778,NA,NA,TRUE,"Case 2: Sub-annual only",NA,10617
"THAILAND_2022","Month","a0",12,46678,12,46678,12,34605,NA,NA,TRUE,"Case 2: Sub-annual only",NA,46678
"THAILAND_2023","Month","a0",12,159219,12,159219,NA,NA,NA,NA,TRUE,"Case 2: Sub-annual only",NA,159219
"THAILAND_2024","Month","a0",12,104681,12,104681,NA,NA,NA,NA,TRUE,"Case 2: Sub-annual only",NA,104681
"TIMOR-LESTE_1990","Year","a0",1,0,1,0,NA,NA,NA,NA,NA,"Case 1: Annual only",NA,0
"TIMOR-LESTE_1991","Year","a0",1,0,1,0,NA,NA,NA,NA,NA,"Case 1: Annual only",NA,0
"TIMOR-LESTE_1992","Year","a0",1,0,1,0,NA,NA,NA,NA,NA,"Case 1: Annual only",NA,0
"TIMOR-LESTE_1993","Year","a0",1,0,1,0,NA,NA,NA,NA,NA,"Case 1: Annual only",NA,0
"TIMOR-LESTE_1994","Year","a0",1,0,1,0,NA,NA,NA,NA,NA,"Case 1: Annual only",NA,0
"TIMOR-LESTE_1995","Year","a0",1,0,1,0,NA,NA,NA,NA,NA,"Case 1: Annual only",NA,0
"TIMOR-LESTE_1996","Year","a0",1,0,1,0,NA,NA,NA,NA,NA,"Case 1: Annual only",NA,0
"TIMOR-LESTE_1997","Year","a0",1,0,1,0,NA,NA,NA,NA,NA,"Case 1: Annual only",NA,0
"TIMOR-LESTE_1998","Year","a0",1,0,1,0,NA,NA,NA,NA,NA,"Case 1: Annual only",NA,0
"TIMOR-LESTE_1999","Year","a0",1,0,1,0,NA,NA,NA,NA,NA,"Case 1: Annual only",NA,0
"TIMOR-LESTE_2000","Year","a0",1,0,1,0,NA,NA,NA,NA,NA,"Case 1: Annual only",NA,0
"TIMOR-LESTE_2001","Year","a0",1,0,1,0,NA,NA,NA,NA,NA,"Case 1: Annual only",NA,0
"TIMOR-LESTE_2002","Year","a0",1,0,1,0,NA,NA,NA,NA,NA,"Case 1: Annual only",NA,0
"TIMOR-LESTE_2003","Year","a0",1,0,1,0,NA,NA,NA,NA,NA,"Case 1: Annual only",NA,0
"TIMOR-LESTE_2004","Year","a0",1,434,1,434,NA,NA,NA,NA,NA,"Case 1: Annual only",NA,434
"TIMOR-LESTE_2005","Year","a0",1,1128,1,1128,NA,NA,NA,NA,FALSE,"Incomplete sub-annual - annual selected",92.2872340425532,1128
"TIMOR-LESTE_2006","Year","a0",1,162,1,162,NA,NA,NA,NA,NA,"Case 1: Annual only",NA,162
"TIMOR-LESTE_2007","Year","a0",1,227,1,227,NA,NA,NA,NA,NA,"Case 1: Annual only",NA,227
"TIMOR-LESTE_2008","Year","a0",1,108,1,108,NA,NA,NA,NA,NA,"Case 1: Annual only",NA,108
"TIMOR-LESTE_2009","Year","a0",1,175,1,175,NA,NA,NA,NA,NA,"Case 1: Annual only",NA,175
"TIMOR-LESTE_2010","Year","a0",1,433,1,433,NA,NA,NA,NA,NA,"Case 1: Annual only",NA,433
"TIMOR-LESTE_2011","Year","a0",1,302,1,302,NA,NA,NA,NA,NA,"Case 1: Annual only",NA,302
"TIMOR-LESTE_2012","Year","a0",1,751,1,751,NA,NA,NA,NA,NA,"Case 1: Annual only",NA,751
"TIMOR-LESTE_2013","Year","a0",1,502,1,502,NA,NA,NA,NA,NA,"Case 1: Annual only",NA,502
"TIMOR-LESTE_2014","Year","a0",1,642,1,642,NA,NA,NA,NA,NA,"Case 1: Annual only",NA,642
"TIMOR-LESTE_2020","Year","a1",1,1451,NA,NA,1,1451,NA,NA,NA,"Case 1: Annual only",NA,1451
"TIMOR-LESTE_2021","Month","a0",12,901,12,901,NA,NA,NA,NA,TRUE,"Sub-annual >= Annual",100,901
"TIMOR-LESTE_2022","Month","a0",12,5658,12,5658,NA,NA,NA,NA,TRUE,"Sub-annual >= Annual",238.331929233361,5658
"TIMOR-LESTE_2023","Month","a0",12,1953,12,1953,NA,NA,NA,NA,TRUE,"Case 2: Sub-annual only",NA,1953
"TIMOR-LESTE_2024","Month","a0",10,1438,10,1438,NA,NA,NA,NA,FALSE,"Case 2: Sub-annual only",NA,1438
"TOGO_2023","Month","a0",4,55,4,55,NA,NA,NA,NA,FALSE,"Case 2: Sub-annual only",NA,55
"TOGO_2024","Month","a0",12,0,12,0,NA,NA,NA,NA,TRUE,"Case 2: Sub-annual only",NA,0
"TOKELAU_1991","Year","a0",1,3,1,3,NA,NA,NA,NA,NA,"Case 1: Annual only",NA,3
"TOKELAU_1992","Year","a0",1,0,1,0,NA,NA,NA,NA,NA,"Case 1: Annual only",NA,0
"TOKELAU_1993","Year","a0",1,0,1,0,NA,NA,NA,NA,NA,"Case 1: Annual only",NA,0
"TOKELAU_1994","Year","a0",1,0,1,0,NA,NA,NA,NA,NA,"Case 1: Annual only",NA,0
"TOKELAU_1995","Year","a0",1,0,1,0,NA,NA,NA,NA,NA,"Case 1: Annual only",NA,0
"TOKELAU_1996","Year","a0",1,6,1,6,NA,NA,NA,NA,NA,"Case 1: Annual only",NA,6
"TOKELAU_1997","Year","a0",1,0,1,0,NA,NA,NA,NA,NA,"Case 1: Annual only",NA,0
"TOKELAU_1998","Year","a0",1,0,1,0,NA,NA,NA,NA,NA,"Case 1: Annual only",NA,0
"TOKELAU_1999","Year","a0",1,0,1,0,NA,NA,NA,NA,NA,"Case 1: Annual only",NA,0
"TOKELAU_2000","Year","a0",1,0,1,0,NA,NA,NA,NA,NA,"Case 1: Annual only",NA,0
"TOKELAU_2001","Year","a0",1,4,1,4,NA,NA,NA,NA,NA,"Case 1: Annual only",NA,4
"TOKELAU_2002","Year","a0",1,0,1,0,NA,NA,NA,NA,NA,"Case 1: Annual only",NA,0
"TOKELAU_2003","Year","a0",1,0,1,0,NA,NA,NA,NA,NA,"Case 1: Annual only",NA,0
"TOKELAU_2004","Year","a0",1,0,1,0,NA,NA,NA,NA,NA,"Case 1: Annual only",NA,0
"TOKELAU_2005","Year","a0",1,0,1,0,NA,NA,NA,NA,NA,"Case 1: Annual only",NA,0
"TOKELAU_2006","Year","a0",1,0,1,0,NA,NA,NA,NA,NA,"Case 1: Annual only",NA,0
"TOKELAU_2007","Year","a0",1,0,1,0,NA,NA,NA,NA,NA,"Case 1: Annual only",NA,0
"TOKELAU_2008","Year","a0",1,0,1,0,NA,NA,NA,NA,NA,"Case 1: Annual only",NA,0
"TOKELAU_2009","Year","a0",1,0,1,0,NA,NA,NA,NA,NA,"Case 1: Annual only",NA,0
"TOKELAU_2010","Year","a0",1,0,1,0,NA,NA,NA,NA,NA,"Case 1: Annual only",NA,0
"TOKELAU_2011","Year","a0",1,0,1,0,NA,NA,NA,NA,NA,"Case 1: Annual only",NA,0
"TOKELAU_2012","Year","a0",1,0,1,0,NA,NA,NA,NA,NA,"Case 1: Annual only",NA,0
"TOKELAU_2017","Week","a0",26,5,26,5,NA,NA,NA,NA,FALSE,"Case 2: Sub-annual only",NA,5
"TOKELAU_2018","Week","a0",37,0,37,0,NA,NA,NA,NA,FALSE,"Case 2: Sub-annual only",NA,0
"TOKELAU_2019","Week","a0",26,0,26,0,NA,NA,NA,NA,FALSE,"Case 2: Sub-annual only",NA,0
"TOKELAU_2020","Week","a0",14,0,14,0,NA,NA,NA,NA,FALSE,"Case 2: Sub-annual only",NA,0
"TOKELAU_2021","Week","a0",4,0,4,0,NA,NA,NA,NA,FALSE,"Case 2: Sub-annual only",NA,0
"TOKELAU_2022","Week","a0",18,3,18,3,NA,NA,NA,NA,FALSE,"Case 2: Sub-annual only",NA,3
"TOKELAU_2023","Week","a0",7,0,7,0,NA,NA,NA,NA,FALSE,"Case 2: Sub-annual only",NA,0
"TOKELAU_2024","Month","a0",8,4,8,4,NA,NA,NA,NA,FALSE,"Case 2: Sub-annual only",NA,4
"TONGA_1990","Year","a0",1,896,1,896,NA,NA,NA,NA,NA,"Case 1: Annual only",NA,896
"TONGA_1991","Year","a0",1,122,1,122,NA,NA,NA,NA,NA,"Case 1: Annual only",NA,122
"TONGA_1992","Year","a0",1,35,1,35,NA,NA,NA,NA,NA,"Case 1: Annual only",NA,35
"TONGA_1993","Year","a0",1,9,1,9,NA,NA,NA,NA,NA,"Case 1: Annual only",NA,9
"TONGA_1994","Year","a0",1,1,1,1,NA,NA,NA,NA,NA,"Case 1: Annual only",NA,1
"TONGA_1995","Year","a0",1,0,1,0,NA,NA,NA,NA,NA,"Case 1: Annual only",NA,0
"TONGA_1996","Year","a0",1,3,1,3,NA,NA,NA,NA,NA,"Case 1: Annual only",NA,3
"TONGA_1997","Year","a0",1,0,1,0,NA,NA,NA,NA,NA,"Case 1: Annual only",NA,0
"TONGA_1998","Year","a0",1,460,1,460,NA,NA,NA,NA,NA,"Case 1: Annual only",NA,460
"TONGA_1999","Year","a0",1,0,1,0,NA,NA,NA,NA,NA,"Case 1: Annual only",NA,0
"TONGA_2000","Year","a0",1,0,1,0,NA,NA,NA,NA,NA,"Case 1: Annual only",NA,0
"TONGA_2001","Year","a0",1,0,1,0,NA,NA,NA,NA,NA,"Case 1: Annual only",NA,0
"TONGA_2002","Year","a0",1,0,1,0,NA,NA,NA,NA,NA,"Case 1: Annual only",NA,0
"TONGA_2003","Year","a0",1,80,1,80,NA,NA,NA,NA,NA,"Case 1: Annual only",NA,80
"TONGA_2004","Year","a0",1,3,1,3,NA,NA,NA,NA,NA,"Case 1: Annual only",NA,3
"TONGA_2005","Year","a0",1,0,1,0,NA,NA,NA,NA,NA,"Case 1: Annual only",NA,0
"TONGA_2006","Year","a0",1,0,1,0,NA,NA,NA,NA,NA,"Case 1: Annual only",NA,0
"TONGA_2007","Year","a0",1,62,1,62,NA,NA,NA,NA,NA,"Case 1: Annual only",NA,62
"TONGA_2008","Year","a0",1,195,1,195,NA,NA,NA,NA,NA,"Case 1: Annual only",NA,195
"TONGA_2009","Year","a0",1,273,1,273,NA,NA,NA,NA,NA,"Case 1: Annual only",NA,273
"TONGA_2010","Year","a0",1,30,1,30,NA,NA,NA,NA,NA,"Case 1: Annual only",NA,30
"TONGA_2011","Year","a0",1,0,1,0,NA,NA,NA,NA,NA,"Case 1: Annual only",NA,0
"TONGA_2012","Year","a0",1,0,1,0,NA,NA,NA,NA,NA,"Case 1: Annual only",NA,0
"TONGA_2014","Year","a0",1,51,1,51,NA,NA,NA,NA,NA,"Case 1: Annual only",NA,51
"TONGA_2015","Year","a0",1,1559,1,1559,NA,NA,NA,NA,FALSE,"Incomplete sub-annual - annual selected",4.10519563822963,1559
"TONGA_2017","Year","a0",1,100,1,100,NA,NA,NA,NA,FALSE,"Incomplete sub-annual - annual selected",3,100
"TONGA_2018","Week","a0",41,381,41,381,NA,NA,NA,NA,FALSE,"Case 2: Sub-annual only",NA,381
"TONGA_2019","Week","a0",40,4,40,4,NA,NA,NA,NA,FALSE,"Case 2: Sub-annual only",NA,4
"TONGA_2020","Week","a0",22,1,22,1,NA,NA,NA,NA,FALSE,"Case 2: Sub-annual only",NA,1
"TONGA_2021","Week","a0",10,0,10,0,NA,NA,NA,NA,FALSE,"Case 2: Sub-annual only",NA,0
"TONGA_2022","Week","a0",22,1230,22,1230,NA,NA,NA,NA,FALSE,"Case 2: Sub-annual only",NA,1230
"TONGA_2023","Week","a0",20,2,20,2,NA,NA,NA,NA,FALSE,"Case 2: Sub-annual only",NA,2
"TONGA_2024","Month","a0",8,14,8,14,NA,NA,NA,NA,FALSE,"Case 2: Sub-annual only",NA,14
"TRINIDAD AND TOBAGO_1990","Year","a0",1,526,1,526,NA,NA,NA,NA,NA,"Case 1: Annual only",NA,526
"TRINIDAD AND TOBAGO_1991","Year","a0",1,36,1,36,NA,NA,NA,NA,NA,"Case 1: Annual only",NA,36
"TRINIDAD AND TOBAGO_1992","Year","a0",1,116,1,116,NA,NA,NA,NA,NA,"Case 1: Annual only",NA,116
"TRINIDAD AND TOBAGO_1993","Year","a0",1,38,1,38,NA,NA,NA,NA,NA,"Case 1: Annual only",NA,38
"TRINIDAD AND TOBAGO_1994","Year","a0",1,0,1,0,NA,NA,NA,NA,NA,"Case 1: Annual only",NA,0
"TRINIDAD AND TOBAGO_1995","Year","a0",1,4295,1,4295,NA,NA,NA,NA,NA,"Case 1: Annual only",NA,4295
"TRINIDAD AND TOBAGO_1996","Year","a0",1,3983,1,3983,NA,NA,NA,NA,NA,"Case 1: Annual only",NA,3983
"TRINIDAD AND TOBAGO_1997","Year","a0",1,745,1,745,NA,NA,NA,NA,NA,"Case 1: Annual only",NA,745
"TRINIDAD AND TOBAGO_1998","Year","a0",1,2984,1,2984,NA,NA,NA,NA,NA,"Case 1: Annual only",NA,2984
"TRINIDAD AND TOBAGO_1999","Year","a0",1,1200,1,1200,NA,NA,NA,NA,NA,"Case 1: Annual only",NA,1200
"TRINIDAD AND TOBAGO_2000","Year","a0",1,2017,1,2017,NA,NA,NA,NA,NA,"Case 1: Annual only",NA,2017
"TRINIDAD AND TOBAGO_2001","Year","a0",1,2158,1,2158,NA,NA,NA,NA,NA,"Case 1: Annual only",NA,2158
"TRINIDAD AND TOBAGO_2002","Year","a0",1,5973,1,5973,NA,NA,NA,NA,NA,"Case 1: Annual only",NA,5973
"TRINIDAD AND TOBAGO_2003","Year","a0",1,2209,1,2209,NA,NA,NA,NA,NA,"Case 1: Annual only",NA,2209
"TRINIDAD AND TOBAGO_2004","Year","a0",1,497,1,497,NA,NA,NA,NA,NA,"Case 1: Annual only",NA,497
"TRINIDAD AND TOBAGO_2005","Year","a0",1,411,1,411,NA,NA,NA,NA,NA,"Case 1: Annual only",NA,411
"TRINIDAD AND TOBAGO_2006","Year","a0",1,36,1,36,NA,NA,NA,NA,NA,"Case 1: Annual only",NA,36
"TRINIDAD AND TOBAGO_2007","Year","a0",1,47,1,47,NA,NA,NA,NA,NA,"Case 1: Annual only",NA,47
"TRINIDAD AND TOBAGO_2008","Year","a0",1,2358,1,2358,NA,NA,NA,NA,NA,"Case 1: Annual only",NA,2358
"TRINIDAD AND TOBAGO_2009","Year","a0",1,24,1,24,NA,NA,NA,NA,NA,"Case 1: Annual only",NA,24
"TRINIDAD AND TOBAGO_2010","Year","a0",1,4737,1,4737,NA,NA,NA,NA,NA,"Case 1: Annual only",NA,4737
"TRINIDAD AND TOBAGO_2011","Year","a0",1,1242,1,1242,NA,NA,NA,NA,NA,"Case 1: Annual only",NA,1242
"TRINIDAD AND TOBAGO_2012","Year","a0",1,0,1,0,NA,NA,NA,NA,NA,"Case 1: Annual only",NA,0
"TRINIDAD AND TOBAGO_2013","Year","a0",1,0,1,0,NA,NA,NA,NA,NA,"Case 1: Annual only",NA,0
"TRINIDAD AND TOBAGO_2014","Year","a0",1,148,1,148,NA,NA,NA,NA,FALSE,"Incomplete sub-annual - annual selected",2.02702702702703,148
"TRINIDAD AND TOBAGO_2015","Year","a0",1,1687,1,1687,NA,NA,NA,NA,FALSE,"Incomplete sub-annual - annual selected",1.6597510373444,1687
"TRINIDAD AND TOBAGO_2016","Year","a0",1,1801,1,1801,NA,NA,NA,NA,FALSE,"Incomplete sub-annual - annual selected",26.0966129927818,1801
"TRINIDAD AND TOBAGO_2017","Year","a0",1,300,1,300,NA,NA,NA,NA,FALSE,"Incomplete sub-annual - annual selected",3.33333333333333,300
"TRINIDAD AND TOBAGO_2018","Year","a0",1,123,1,123,NA,NA,NA,NA,FALSE,"Incomplete sub-annual - annual selected",12.1951219512195,123
"TRINIDAD AND TOBAGO_2019","Week","a0",52,416,52,416,NA,NA,NA,NA,TRUE,"Sub-annual >= Annual",100,416
"TRINIDAD AND TOBAGO_2020","Year","a0",1,59,1,59,NA,NA,NA,NA,FALSE,"Incomplete sub-annual - annual selected",62.7118644067797,59
"TRINIDAD AND TOBAGO_2021","Year","a0",1,20,1,20,NA,NA,NA,NA,FALSE,"Incomplete sub-annual - annual selected",60,20
"TRINIDAD AND TOBAGO_2022","Year","a0",1,52,1,52,NA,NA,NA,NA,FALSE,"Incomplete sub-annual - annual selected",82.6923076923077,52
"TRINIDAD AND TOBAGO_2023","Year","a0",1,126,1,126,NA,NA,NA,NA,FALSE,"Incomplete sub-annual - annual selected",14.2857142857143,126
"TRINIDAD AND TOBAGO_2024","Year","a0",1,2004,1,2004,NA,NA,NA,NA,FALSE,"Incomplete sub-annual - annual selected",94.311377245509,2004
"TURKS AND CAICOS ISLANDS_1990","Year","a0",1,0,1,0,NA,NA,NA,NA,NA,"Case 1: Annual only",NA,0
"TURKS AND CAICOS ISLANDS_1991","Year","a0",1,0,1,0,NA,NA,NA,NA,NA,"Case 1: Annual only",NA,0
"TURKS AND CAICOS ISLANDS_1992","Year","a0",1,0,1,0,NA,NA,NA,NA,NA,"Case 1: Annual only",NA,0
"TURKS AND CAICOS ISLANDS_1993","Year","a0",1,0,1,0,NA,NA,NA,NA,NA,"Case 1: Annual only",NA,0
"TURKS AND CAICOS ISLANDS_1994","Year","a0",1,0,1,0,NA,NA,NA,NA,NA,"Case 1: Annual only",NA,0
"TURKS AND CAICOS ISLANDS_1995","Year","a0",1,0,1,0,NA,NA,NA,NA,NA,"Case 1: Annual only",NA,0
"TURKS AND CAICOS ISLANDS_1996","Year","a0",1,0,1,0,NA,NA,NA,NA,NA,"Case 1: Annual only",NA,0
"TURKS AND CAICOS ISLANDS_1997","Year","a0",1,0,1,0,NA,NA,NA,NA,NA,"Case 1: Annual only",NA,0
"TURKS AND CAICOS ISLANDS_1998","Year","a0",1,0,1,0,NA,NA,NA,NA,NA,"Case 1: Annual only",NA,0
"TURKS AND CAICOS ISLANDS_1999","Year","a0",1,0,1,0,NA,NA,NA,NA,NA,"Case 1: Annual only",NA,0
"TURKS AND CAICOS ISLANDS_2000","Year","a0",1,0,1,0,NA,NA,NA,NA,NA,"Case 1: Annual only",NA,0
"TURKS AND CAICOS ISLANDS_2001","Year","a0",1,0,1,0,NA,NA,NA,NA,NA,"Case 1: Annual only",NA,0
"TURKS AND CAICOS ISLANDS_2002","Year","a0",1,0,1,0,NA,NA,NA,NA,NA,"Case 1: Annual only",NA,0
"TURKS AND CAICOS ISLANDS_2003","Year","a0",1,2,1,2,NA,NA,NA,NA,NA,"Case 1: Annual only",NA,2
"TURKS AND CAICOS ISLANDS_2004","Year","a0",1,1,1,1,NA,NA,NA,NA,NA,"Case 1: Annual only",NA,1
"TURKS AND CAICOS ISLANDS_2005","Year","a0",1,1,1,1,NA,NA,NA,NA,NA,"Case 1: Annual only",NA,1
"TURKS AND CAICOS ISLANDS_2006","Year","a0",1,0,1,0,NA,NA,NA,NA,NA,"Case 1: Annual only",NA,0
"TURKS AND CAICOS ISLANDS_2007","Year","a0",1,0,1,0,NA,NA,NA,NA,NA,"Case 1: Annual only",NA,0
"TURKS AND CAICOS ISLANDS_2008","Year","a0",1,0,1,0,NA,NA,NA,NA,NA,"Case 1: Annual only",NA,0
"TURKS AND CAICOS ISLANDS_2009","Year","a0",1,0,1,0,NA,NA,NA,NA,NA,"Case 1: Annual only",NA,0
"TURKS AND CAICOS ISLANDS_2010","Year","a0",1,0,1,0,NA,NA,NA,NA,NA,"Case 1: Annual only",NA,0
"TURKS AND CAICOS ISLANDS_2011","Year","a0",1,24,1,24,NA,NA,NA,NA,NA,"Case 1: Annual only",NA,24
"TURKS AND CAICOS ISLANDS_2012","Year","a0",1,14,1,14,NA,NA,NA,NA,NA,"Case 1: Annual only",NA,14
"TURKS AND CAICOS ISLANDS_2013","Year","a0",1,5,1,5,NA,NA,NA,NA,NA,"Case 1: Annual only",NA,5
"TURKS AND CAICOS ISLANDS_2014","Year","a0",1,252,1,252,NA,NA,NA,NA,FALSE,"Incomplete sub-annual - annual selected",3.57142857142857,252
"TURKS AND CAICOS ISLANDS_2015","Year","a0",1,331,1,331,NA,NA,NA,NA,FALSE,"Incomplete sub-annual - annual selected",9.06344410876133,331
"TURKS AND CAICOS ISLANDS_2016","Year","a0",1,484,1,484,NA,NA,NA,NA,FALSE,"Incomplete sub-annual - annual selected",85.7438016528926,484
"TURKS AND CAICOS ISLANDS_2017","Year","a0",1,210,1,210,NA,NA,NA,NA,FALSE,"Incomplete sub-annual - annual selected",74.7619047619048,210
"TURKS AND CAICOS ISLANDS_2018","Year","a0",1,2,1,2,NA,NA,NA,NA,FALSE,"Incomplete sub-annual - annual selected",0,2
"TURKS AND CAICOS ISLANDS_2019","Week","a0",52,19,52,19,NA,NA,NA,NA,TRUE,"Sub-annual >= Annual",100,19
"TURKS AND CAICOS ISLANDS_2020","Week","a0",53,142,53,142,NA,NA,NA,NA,TRUE,"Sub-annual >= Annual",100,142
"TURKS AND CAICOS ISLANDS_2021","Year","a0",1,4,1,4,NA,NA,NA,NA,FALSE,"Incomplete sub-annual - annual selected",0,4
"TURKS AND CAICOS ISLANDS_2022","Week","a0",52,3,52,3,NA,NA,NA,NA,TRUE,"Sub-annual >= Annual",100,3
"TURKS AND CAICOS ISLANDS_2023","Week","a0",52,182,52,182,NA,NA,NA,NA,TRUE,"Sub-annual >= Annual",100,182
"TURKS AND CAICOS ISLANDS_2024","Week","a0",52,117,52,117,NA,NA,NA,NA,TRUE,"Sub-annual >= Annual",100,117
"TUVALU_1991","Year","a0",1,19,1,19,NA,NA,NA,NA,NA,"Case 1: Annual only",NA,19
"TUVALU_1992","Year","a0",1,811,1,811,NA,NA,NA,NA,NA,"Case 1: Annual only",NA,811
"TUVALU_1993","Year","a0",1,0,1,0,NA,NA,NA,NA,NA,"Case 1: Annual only",NA,0
"TUVALU_1994","Year","a0",1,0,1,0,NA,NA,NA,NA,NA,"Case 1: Annual only",NA,0
"TUVALU_1995","Year","a0",1,0,1,0,NA,NA,NA,NA,NA,"Case 1: Annual only",NA,0
"TUVALU_1996","Year","a0",1,0,1,0,NA,NA,NA,NA,NA,"Case 1: Annual only",NA,0
"TUVALU_1997","Year","a0",1,0,1,0,NA,NA,NA,NA,NA,"Case 1: Annual only",NA,0
"TUVALU_1998","Year","a0",1,2,1,2,NA,NA,NA,NA,NA,"Case 1: Annual only",NA,2
"TUVALU_1999","Year","a0",1,0,1,0,NA,NA,NA,NA,NA,"Case 1: Annual only",NA,0
"TUVALU_2000","Year","a0",1,0,1,0,NA,NA,NA,NA,NA,"Case 1: Annual only",NA,0
"TUVALU_2001","Year","a0",1,0,1,0,NA,NA,NA,NA,NA,"Case 1: Annual only",NA,0
"TUVALU_2002","Year","a0",1,0,1,0,NA,NA,NA,NA,NA,"Case 1: Annual only",NA,0
"TUVALU_2003","Year","a0",1,0,1,0,NA,NA,NA,NA,NA,"Case 1: Annual only",NA,0
"TUVALU_2004","Year","a0",1,0,1,0,NA,NA,NA,NA,NA,"Case 1: Annual only",NA,0
"TUVALU_2005","Year","a0",1,0,1,0,NA,NA,NA,NA,NA,"Case 1: Annual only",NA,0
"TUVALU_2006","Year","a0",1,0,1,0,NA,NA,NA,NA,NA,"Case 1: Annual only",NA,0
"TUVALU_2007","Year","a0",1,0,1,0,NA,NA,NA,NA,NA,"Case 1: Annual only",NA,0
"TUVALU_2008","Year","a0",1,0,1,0,NA,NA,NA,NA,NA,"Case 1: Annual only",NA,0
"TUVALU_2009","Year","a0",1,0,1,0,NA,NA,NA,NA,NA,"Case 1: Annual only",NA,0
"TUVALU_2010","Year","a0",1,0,1,0,NA,NA,NA,NA,NA,"Case 1: Annual only",NA,0
"TUVALU_2011","Year","a0",1,0,1,0,NA,NA,NA,NA,NA,"Case 1: Annual only",NA,0
"TUVALU_2012","Year","a0",1,0,1,0,NA,NA,NA,NA,NA,"Case 1: Annual only",NA,0
"TUVALU_2017","Week","a0",12,0,12,0,NA,NA,NA,NA,FALSE,"Case 2: Sub-annual only",NA,0
"TUVALU_2018","Week","a0",14,0,14,0,NA,NA,NA,NA,FALSE,"Case 2: Sub-annual only",NA,0
"TUVALU_2019","Year","a0",1,522,1,522,NA,NA,NA,NA,FALSE,"Incomplete sub-annual - annual selected",23.7547892720307,522
"TUVALU_2020","Week","a0",15,5,15,5,NA,NA,NA,NA,FALSE,"Case 2: Sub-annual only",NA,5
"TUVALU_2021","Week","a0",2,0,2,0,NA,NA,NA,NA,FALSE,"Case 2: Sub-annual only",NA,0
"TUVALU_2022","Week","a0",3,93,3,93,NA,NA,NA,NA,FALSE,"Case 2: Sub-annual only",NA,93
"TUVALU_2023","Week","a0",3,0,3,0,NA,NA,NA,NA,FALSE,"Case 2: Sub-annual only",NA,0
"TUVALU_2024","Week","a0",40,1,40,1,NA,NA,NA,NA,FALSE,"Case 2: Sub-annual only",NA,1
"UNITED REPUBLIC OF TANZANIA_2024","Month","a0",12,34,12,34,NA,NA,NA,NA,TRUE,"Case 2: Sub-annual only",NA,34
"UNITED STATES OF AMERICA_1990","Year","a0",1,0,1,0,NA,NA,NA,NA,NA,"Case 1: Annual only",NA,0
"UNITED STATES OF AMERICA_1991","Year","a0",1,0,1,0,NA,NA,NA,NA,NA,"Case 1: Annual only",NA,0
"UNITED STATES OF AMERICA_1992","Year","a0",1,0,1,0,NA,NA,NA,NA,NA,"Case 1: Annual only",NA,0
"UNITED STATES OF AMERICA_1993","Year","a0",1,0,1,0,NA,NA,NA,NA,NA,"Case 1: Annual only",NA,0
"UNITED STATES OF AMERICA_1994","Year","a0",1,0,1,0,NA,NA,NA,NA,NA,"Case 1: Annual only",NA,0
"UNITED STATES OF AMERICA_1995","Year","a0",1,7,1,7,NA,NA,NA,NA,NA,"Case 1: Annual only",NA,7
"UNITED STATES OF AMERICA_1996","Year","a0",1,0,1,0,NA,NA,NA,NA,NA,"Case 1: Annual only",NA,0
"UNITED STATES OF AMERICA_1997","Year","a0",1,0,1,0,NA,NA,NA,NA,NA,"Case 1: Annual only",NA,0
"UNITED STATES OF AMERICA_1998","Year","a0",1,0,1,0,NA,NA,NA,NA,NA,"Case 1: Annual only",NA,0
"UNITED STATES OF AMERICA_1999","Year","a0",1,0,1,0,NA,NA,NA,NA,NA,"Case 1: Annual only",NA,0
"UNITED STATES OF AMERICA_2000","Year","a0",1,0,1,0,NA,NA,NA,NA,NA,"Case 1: Annual only",NA,0
"UNITED STATES OF AMERICA_2001","Year","a0",1,96,1,96,NA,NA,NA,NA,NA,"Case 1: Annual only",NA,96
"UNITED STATES OF AMERICA_2002","Year","a0",1,29,1,29,NA,NA,NA,NA,NA,"Case 1: Annual only",NA,29
"UNITED STATES OF AMERICA_2003","Year","a0",1,40,1,40,NA,NA,NA,NA,NA,"Case 1: Annual only",NA,40
"UNITED STATES OF AMERICA_2004","Year","a0",1,0,1,0,NA,NA,NA,NA,NA,"Case 1: Annual only",NA,0
"UNITED STATES OF AMERICA_2005","Year","a0",1,0,1,0,NA,NA,NA,NA,NA,"Case 1: Annual only",NA,0
"UNITED STATES OF AMERICA_2006","Year","a0",1,143,1,143,NA,NA,NA,NA,NA,"Case 1: Annual only",NA,143
"UNITED STATES OF AMERICA_2007","Year","a0",1,488,1,488,NA,NA,NA,NA,NA,"Case 1: Annual only",NA,488
"UNITED STATES OF AMERICA_2008","Year","a0",1,0,1,0,NA,NA,NA,NA,NA,"Case 1: Annual only",NA,0
"UNITED STATES OF AMERICA_2009","Year","a0",1,3,1,3,NA,NA,NA,NA,NA,"Case 1: Annual only",NA,3
"UNITED STATES OF AMERICA_2010","Year","a0",1,65,1,65,NA,NA,NA,NA,NA,"Case 1: Annual only",NA,65
"UNITED STATES OF AMERICA_2011","Year","a0",1,7,1,7,NA,NA,NA,NA,NA,"Case 1: Annual only",NA,7
"UNITED STATES OF AMERICA_2012","Year","a0",1,186,1,186,NA,NA,NA,NA,NA,"Case 1: Annual only",NA,186
"UNITED STATES OF AMERICA_2013","Year","a0",1,543,1,543,NA,NA,NA,NA,NA,"Case 1: Annual only",NA,543
"UNITED STATES OF AMERICA_2014","Week","a0",53,668,53,668,NA,NA,NA,NA,TRUE,"Sub-annual >= Annual",100,668
"UNITED STATES OF AMERICA_2015","Week","a0",52,945,52,945,1,1,NA,NA,TRUE,"Sub-annual >= Annual",100,945
"UNITED STATES OF AMERICA_2016","Week","a0",52,990,52,990,6,7,NA,NA,TRUE,"Sub-annual >= Annual",100,990
"UNITED STATES OF AMERICA_2017","Week","a0",52,453,52,453,13,23,NA,NA,TRUE,"Sub-annual >= Annual",100,453
"UNITED STATES OF AMERICA_2018","Week","a0",52,331,52,331,NA,NA,NA,NA,TRUE,"Sub-annual >= Annual",100,331
"UNITED STATES OF AMERICA_2019","Week","a0",52,1158,52,1158,NA,NA,NA,NA,TRUE,"Sub-annual >= Annual",100,1158
"UNITED STATES OF AMERICA_2020","Week","a0",53,307,53,307,NA,NA,NA,NA,TRUE,"Sub-annual >= Annual",100,307
"UNITED STATES OF AMERICA_2021","Week","a0",52,114,52,114,NA,NA,NA,NA,TRUE,"Sub-annual >= Annual",100,114
"UNITED STATES OF AMERICA_2022","Week","a0",52,1156,52,1156,NA,NA,NA,NA,TRUE,"Sub-annual >= Annual",100,1156
"UNITED STATES OF AMERICA_2023","Week","a0",52,156,52,156,NA,NA,NA,NA,TRUE,"Sub-annual >= Annual",100,156
"UNITED STATES OF AMERICA_2024","Week","a0",52,3071,52,3071,NA,NA,NA,NA,TRUE,"Sub-annual >= Annual",100,3071
"URUGUAY_1990","Year","a0",1,0,1,0,NA,NA,NA,NA,NA,"Case 1: Annual only",NA,0
"URUGUAY_1991","Year","a0",1,0,1,0,NA,NA,NA,NA,NA,"Case 1: Annual only",NA,0
"URUGUAY_1992","Year","a0",1,0,1,0,NA,NA,NA,NA,NA,"Case 1: Annual only",NA,0
"URUGUAY_1993","Year","a0",1,0,1,0,NA,NA,NA,NA,NA,"Case 1: Annual only",NA,0
"URUGUAY_1994","Year","a0",1,0,1,0,NA,NA,NA,NA,NA,"Case 1: Annual only",NA,0
"URUGUAY_1995","Year","a0",1,0,1,0,NA,NA,NA,NA,NA,"Case 1: Annual only",NA,0
"URUGUAY_1996","Year","a0",1,0,1,0,NA,NA,NA,NA,NA,"Case 1: Annual only",NA,0
"URUGUAY_1997","Year","a0",1,0,1,0,NA,NA,NA,NA,NA,"Case 1: Annual only",NA,0
"URUGUAY_1998","Year","a0",1,0,1,0,NA,NA,NA,NA,NA,"Case 1: Annual only",NA,0
"URUGUAY_1999","Year","a0",1,0,1,0,NA,NA,NA,NA,NA,"Case 1: Annual only",NA,0
"URUGUAY_2000","Year","a0",1,0,1,0,NA,NA,NA,NA,NA,"Case 1: Annual only",NA,0
"URUGUAY_2001","Year","a0",1,0,1,0,NA,NA,NA,NA,NA,"Case 1: Annual only",NA,0
"URUGUAY_2002","Year","a0",1,0,1,0,NA,NA,NA,NA,NA,"Case 1: Annual only",NA,0
"URUGUAY_2003","Year","a0",1,0,1,0,NA,NA,NA,NA,NA,"Case 1: Annual only",NA,0
"URUGUAY_2004","Year","a0",1,0,1,0,NA,NA,NA,NA,NA,"Case 1: Annual only",NA,0
"URUGUAY_2005","Year","a0",1,0,1,0,NA,NA,NA,NA,NA,"Case 1: Annual only",NA,0
"URUGUAY_2006","Year","a0",1,0,1,0,NA,NA,NA,NA,NA,"Case 1: Annual only",NA,0
"URUGUAY_2007","Year","a0",1,0,1,0,NA,NA,NA,NA,NA,"Case 1: Annual only",NA,0
"URUGUAY_2008","Year","a0",1,0,1,0,NA,NA,NA,NA,NA,"Case 1: Annual only",NA,0
"URUGUAY_2009","Year","a0",1,0,1,0,NA,NA,NA,NA,NA,"Case 1: Annual only",NA,0
"URUGUAY_2010","Year","a0",1,0,1,0,NA,NA,NA,NA,NA,"Case 1: Annual only",NA,0
"URUGUAY_2011","Year","a0",1,0,1,0,NA,NA,NA,NA,NA,"Case 1: Annual only",NA,0
"URUGUAY_2012","Year","a0",1,0,1,0,NA,NA,NA,NA,NA,"Case 1: Annual only",NA,0
"URUGUAY_2013","Year","a0",1,0,1,0,NA,NA,NA,NA,NA,"Case 1: Annual only",NA,0
"URUGUAY_2014","Week","a0",53,0,53,0,NA,NA,NA,NA,TRUE,"Sub-annual >= Annual",NA,NA
"URUGUAY_2015","Week","a0",52,13,52,13,NA,NA,NA,NA,TRUE,"Sub-annual >= Annual",100,13
"URUGUAY_2016","Week","a0",52,1769,52,1769,NA,NA,NA,NA,TRUE,"Sub-annual >= Annual",100,1769
"URUGUAY_2017","Week","a0",52,0,52,0,NA,NA,NA,NA,TRUE,"Sub-annual >= Annual",NA,NA
"URUGUAY_2018","Week","a0",52,0,52,0,NA,NA,NA,NA,TRUE,"Sub-annual >= Annual",NA,NA
"URUGUAY_2019","Week","a0",52,0,52,0,NA,NA,NA,NA,TRUE,"Sub-annual >= Annual",NA,NA
"URUGUAY_2020","Week","a0",53,4,53,4,NA,NA,NA,NA,TRUE,"Sub-annual >= Annual",100,4
"URUGUAY_2021","Year","a0",1,52,1,52,NA,NA,NA,NA,FALSE,"Incomplete sub-annual - annual selected",0,52
"URUGUAY_2022","Year","a0",1,80,1,80,NA,NA,NA,NA,NA,"Case 1: Annual only",NA,80
"URUGUAY_2023","Week","a0",52,48,52,48,NA,NA,NA,NA,TRUE,"Sub-annual >= Annual",100,48
"URUGUAY_2024","Year","a0",1,712,1,712,NA,NA,NA,NA,FALSE,"Incomplete sub-annual - annual selected",99.5786516853933,712
"VANUATU_1990","Year","a0",1,52,1,52,NA,NA,NA,NA,NA,"Case 1: Annual only",NA,52
"VANUATU_1991","Year","a0",1,74,1,74,NA,NA,NA,NA,NA,"Case 1: Annual only",NA,74
"VANUATU_1992","Year","a0",1,113,1,113,NA,NA,NA,NA,NA,"Case 1: Annual only",NA,113
"VANUATU_1993","Year","a0",1,52,1,52,NA,NA,NA,NA,NA,"Case 1: Annual only",NA,52
"VANUATU_1994","Year","a0",1,138,1,138,NA,NA,NA,NA,NA,"Case 1: Annual only",NA,138
"VANUATU_1995","Year","a0",1,100,1,100,NA,NA,NA,NA,NA,"Case 1: Annual only",NA,100
"VANUATU_1996","Year","a0",1,19,1,19,NA,NA,NA,NA,NA,"Case 1: Annual only",NA,19
"VANUATU_1997","Year","a0",1,0,1,0,NA,NA,NA,NA,NA,"Case 1: Annual only",NA,0
"VANUATU_1998","Year","a0",1,131,1,131,NA,NA,NA,NA,NA,"Case 1: Annual only",NA,131
"VANUATU_1999","Year","a0",1,110,1,110,NA,NA,NA,NA,NA,"Case 1: Annual only",NA,110
"VANUATU_2000","Year","a0",1,0,1,0,NA,NA,NA,NA,NA,"Case 1: Annual only",NA,0
"VANUATU_2001","Year","a0",1,20,1,20,NA,NA,NA,NA,NA,"Case 1: Annual only",NA,20
"VANUATU_2002","Year","a0",1,15,1,15,NA,NA,NA,NA,NA,"Case 1: Annual only",NA,15
"VANUATU_2003","Year","a0",1,122,1,122,NA,NA,NA,NA,NA,"Case 1: Annual only",NA,122
"VANUATU_2004","Year","a0",1,26,1,26,NA,NA,NA,NA,NA,"Case 1: Annual only",NA,26
"VANUATU_2005","Year","a0",1,2,1,2,NA,NA,NA,NA,NA,"Case 1: Annual only",NA,2
"VANUATU_2006","Year","a0",1,168,1,168,NA,NA,NA,NA,NA,"Case 1: Annual only",NA,168
"VANUATU_2007","Year","a0",1,82,1,82,NA,NA,NA,NA,NA,"Case 1: Annual only",NA,82
"VANUATU_2008","Year","a0",1,96,1,96,NA,NA,NA,NA,NA,"Case 1: Annual only",NA,96
"VANUATU_2009","Year","a0",1,45,1,45,NA,NA,NA,NA,NA,"Case 1: Annual only",NA,45
"VANUATU_2010","Year","a0",1,105,1,105,NA,NA,NA,NA,NA,"Case 1: Annual only",NA,105
"VANUATU_2011","Year","a0",1,33,1,33,NA,NA,NA,NA,NA,"Case 1: Annual only",NA,33
"VANUATU_2012","Year","a0",1,0,1,0,NA,NA,NA,NA,NA,"Case 1: Annual only",NA,0
"VANUATU_2017","Week","a0",33,275,33,275,NA,NA,NA,NA,FALSE,"Case 2: Sub-annual only",NA,275
"VANUATU_2018","Week","a0",48,75,48,75,NA,NA,NA,NA,FALSE,"Case 2: Sub-annual only",NA,75
"VANUATU_2019","Week","a0",41,37,41,37,NA,NA,NA,NA,FALSE,"Case 2: Sub-annual only",NA,37
"VANUATU_2020","Week","a0",20,16,20,16,NA,NA,NA,NA,FALSE,"Case 2: Sub-annual only",NA,16
"VANUATU_2021","Week","a0",30,22,30,22,NA,NA,NA,NA,FALSE,"Case 2: Sub-annual only",NA,22
"VANUATU_2022","Week","a0",27,2382,27,2382,NA,NA,NA,NA,FALSE,"Case 2: Sub-annual only",NA,2382
"VANUATU_2023","Week","a0",14,37,14,37,NA,NA,NA,NA,FALSE,"Case 2: Sub-annual only",NA,37
"VANUATU_2024","Month","a0",9,138,9,138,NA,NA,NA,NA,FALSE,"Case 2: Sub-annual only",NA,138
"VENEZUELA_1990","Year","a0",1,7637,1,7637,NA,NA,NA,NA,NA,"Case 1: Annual only",NA,7637
"VENEZUELA_1991","Year","a0",1,6559,1,6559,NA,NA,NA,NA,NA,"Case 1: Annual only",NA,6559
"VENEZUELA_1992","Year","a0",1,3356,1,3356,NA,NA,NA,NA,NA,"Case 1: Annual only",NA,3356
"VENEZUELA_1993","Year","a0",1,9059,1,9059,NA,NA,NA,NA,NA,"Case 1: Annual only",NA,9059
"VENEZUELA_1994","Year","a0",1,15046,1,15046,NA,NA,NA,NA,NA,"Case 1: Annual only",NA,15046
"VENEZUELA_1995","Year","a0",1,26900,1,26900,NA,NA,NA,NA,NA,"Case 1: Annual only",NA,26900
"VENEZUELA_1996","Year","a0",1,7500,1,7500,NA,NA,NA,NA,NA,"Case 1: Annual only",NA,7500
"VENEZUELA_1997","Year","a0",1,27354,1,27354,NA,NA,NA,NA,NA,"Case 1: Annual only",NA,27354
"VENEZUELA_1998","Year","a0",1,31863,1,31863,NA,NA,NA,NA,NA,"Case 1: Annual only",NA,31863
"VENEZUELA_1999","Year","a0",1,24028,1,24028,NA,NA,NA,NA,TRUE,"Annual > sub-annual",87.4854336607292,24028
"VENEZUELA_2000","Month","a1",12,21039,NA,NA,12,21039,NA,NA,TRUE,"Sub-annual >= Annual",111.229183187946,21039
"VENEZUELA_2001","Month","a1",12,82620,NA,NA,12,82620,NA,NA,TRUE,"Sub-annual >= Annual",107.80412061744,82620
"VENEZUELA_2002","Month","a1",12,37507,NA,NA,12,37507,NA,NA,TRUE,"Sub-annual >= Annual",108.098682883246,37507
"VENEZUELA_2003","Month","a1",12,26771,NA,NA,12,26771,NA,NA,TRUE,"Sub-annual >= Annual",108.165656565657,26771
"VENEZUELA_2004","Month","a1",12,29777,NA,NA,12,29777,NA,NA,TRUE,"Sub-annual >= Annual",103.727313895566,29777
"VENEZUELA_2005","Year","a0",1,39517,1,39517,NA,NA,NA,NA,FALSE,"Incomplete sub-annual - annual selected",19.7408710175368,39517
"VENEZUELA_2006","Year","a0",1,37384,1,37384,NA,NA,NA,NA,NA,"Case 1: Annual only",NA,37384
"VENEZUELA_2007","Year","a0",1,74185,1,74185,NA,NA,NA,NA,NA,"Case 1: Annual only",NA,74185
"VENEZUELA_2008","Year","a0",1,44399,1,44399,NA,NA,NA,NA,NA,"Case 1: Annual only",NA,44399
"VENEZUELA_2009","Year","a0",1,60720,1,60720,NA,NA,NA,NA,NA,"Case 1: Annual only",NA,60720
"VENEZUELA_2010","Year","a0",1,113764,1,113764,NA,NA,NA,NA,NA,"Case 1: Annual only",NA,113764
"VENEZUELA_2011","Year","a0",1,30135,1,30135,NA,NA,NA,NA,NA,"Case 1: Annual only",NA,30135
"VENEZUELA_2012","Year","a0",1,49502,1,49502,NA,NA,NA,NA,NA,"Case 1: Annual only",NA,49502
"VENEZUELA_2013","Year","a0",1,63726,1,63726,NA,NA,NA,NA,NA,"Case 1: Annual only",NA,63726
"VENEZUELA_2014","Year","a0",1,87529,1,87529,NA,NA,NA,NA,FALSE,"Incomplete sub-annual - annual selected",85.7087365330348,87529
"VENEZUELA_2015","Year","a0",1,54152,1,54152,NA,NA,NA,NA,FALSE,"Incomplete sub-annual - annual selected",2.31016398286305,54152
"VENEZUELA_2016","Week","a0",52,29268,52,29268,NA,NA,NA,NA,TRUE,"Sub-annual >= Annual",100,29268
"VENEZUELA_2017","Week","a0",52,8615,52,8615,NA,NA,NA,NA,TRUE,"Sub-annual >= Annual",100,8615
"VENEZUELA_2018","Week","a0",52,19118,52,19118,NA,NA,NA,NA,TRUE,"Sub-annual >= Annual",100,19118
"VENEZUELA_2019","Week","a0",52,16015,52,16015,NA,NA,NA,NA,TRUE,"Sub-annual >= Annual",100,16015
"VENEZUELA_2020","Week","a0",53,6721,53,6721,NA,NA,NA,NA,TRUE,"Sub-annual >= Annual",100,6721
"VENEZUELA_2021","Week","a0",52,5926,52,5926,NA,NA,NA,NA,TRUE,"Sub-annual >= Annual",100,5926
"VENEZUELA_2022","Week","a0",52,11409,52,11409,NA,NA,NA,NA,TRUE,"Sub-annual >= Annual",100,11409
"VENEZUELA_2023","Week","a0",52,4809,52,4809,NA,NA,NA,NA,TRUE,"Sub-annual >= Annual",100,4809
"VIET NAM_1990","Year","a0",1,37569,1,37569,NA,NA,NA,NA,NA,"Case 1: Annual only",NA,37569
"VIET NAM_1991","Year","a0",1,94630,1,94630,NA,NA,NA,NA,NA,"Case 1: Annual only",NA,94630
"VIET NAM_1992","Year","a0",1,48333,1,48333,NA,NA,NA,NA,NA,"Case 1: Annual only",NA,48333
"VIET NAM_1993","Year","a0",1,53674,1,53674,NA,NA,NA,NA,NA,"Case 1: Annual only",NA,53674
"VIET NAM_1994","Year","a0",1,44944,1,44944,NA,NA,NA,NA,FALSE,"Incomplete sub-annual - annual selected",95.2919188323247,44944
"VIET NAM_1995","Month","a1",12,80447,NA,NA,12,80447,NA,NA,TRUE,"Sub-annual >= Annual",100,80447
"VIET NAM_1996","Month","a1",12,89963,NA,NA,12,89963,NA,NA,TRUE,"Sub-annual >= Annual",100,89963
"VIET NAM_1997","Year","a0",1,108000,1,108000,NA,NA,NA,NA,TRUE,"Annual > sub-annual",99.2481481481481,108000
"VIET NAM_1998","Month","a1",12,234920,NA,NA,12,234920,NA,NA,TRUE,"Sub-annual >= Annual",100.022991833641,234920
"VIET NAM_1999","Month","a1",12,35868,NA,NA,12,35868,NA,NA,TRUE,"Sub-annual >= Annual",171.938066248023,35868
"VIET NAM_2000","Month","a1",12,25269,NA,NA,12,25269,NA,NA,TRUE,"Sub-annual >= Annual",100,25269
"VIET NAM_2001","Year","a0",1,42878,1,42878,NA,NA,NA,NA,TRUE,"Annual > sub-annual",97.9826484444237,42878
"VIET NAM_2002","Year","a0",1,31760,1,31760,NA,NA,NA,NA,TRUE,"Annual > sub-annual",99.5214105793451,31760
"VIET NAM_2003","Month","a1",12,49751,NA,NA,12,49751,NA,NA,TRUE,"Sub-annual >= Annual",100,49751
"VIET NAM_2004","Month","a1",12,78692,NA,NA,12,78692,NA,NA,TRUE,"Sub-annual >= Annual",100,78692
"VIET NAM_2005","Month","a1",12,57080,NA,NA,12,57080,NA,NA,TRUE,"Sub-annual >= Annual",100.1755001755,57080
"VIET NAM_2006","Month","a1",12,68792,NA,NA,12,68792,NA,NA,TRUE,"Sub-annual >= Annual",100.379384812934,68792
"VIET NAM_2007","Month","a1",12,104553,NA,NA,12,104553,NA,NA,TRUE,"Sub-annual >= Annual",100.153266981503,104553
"VIET NAM_2008","Month","a1",12,96451,NA,NA,12,96451,NA,NA,TRUE,"Sub-annual >= Annual",100,96451
"VIET NAM_2009","Month","a1",12,105370,NA,NA,12,105370,NA,NA,TRUE,"Sub-annual >= Annual",100,105370
"VIET NAM_2010","Year","a0",1,128831,1,128831,NA,NA,NA,NA,TRUE,"Annual > sub-annual",99.9060785059497,128831
"VIET NAM_2011","Month","a0",12,40998,12,40998,NA,NA,NA,NA,TRUE,"Case 2: Sub-annual only",NA,40998
"VIET NAM_2012","Month","a0",12,82838,12,82838,NA,NA,NA,NA,TRUE,"Case 2: Sub-annual only",NA,82838
"VIET NAM_2013","Year","a0",1,66322,1,66322,NA,NA,NA,NA,TRUE,"Annual > sub-annual",99.9969844093966,66322
"VIET NAM_2014","Year","a0",1,31848,1,31848,NA,NA,NA,NA,TRUE,"Annual > sub-annual",91.6258477769405,31848
"VIET NAM_2015","Year","a0",1,97484,1,97484,NA,NA,NA,NA,TRUE,"Annual > sub-annual",99.2480817364901,97484
"VIET NAM_2016","Week","a0",52,109649,52,109649,NA,NA,NA,NA,TRUE,"Sub-annual >= Annual",119.692388302459,109649
"VIET NAM_2017","Year","a0",1,172232,1,172232,NA,NA,NA,NA,TRUE,"Annual > sub-annual",87.3832969483023,172232
"VIET NAM_2018","Year","a0",1,131447,1,131447,NA,NA,NA,NA,TRUE,"Annual > sub-annual",90.126819174268,131447
"VIET NAM_2019","Year","a0",1,320702,1,320702,NA,NA,NA,NA,TRUE,"Annual > sub-annual",81.773422055366,320702
"VIET NAM_2020","Year","a0",1,137470,1,137470,NA,NA,NA,NA,NA,"Case 1: Annual only",NA,137470
"VIET NAM_2021","Year","a0",1,68268,1,68268,NA,NA,NA,NA,NA,"Case 1: Annual only",NA,68268
"VIET NAM_2022","Year","a0",1,367729,1,367729,NA,NA,NA,NA,NA,"Case 1: Annual only",NA,367729
"VIET NAM_2023","Week","a0",41,138468,41,138468,NA,NA,NA,NA,FALSE,"Case 2: Sub-annual only",NA,138468
"VIET NAM_2024","Month","a0",12,108433,12,108433,NA,NA,NA,NA,TRUE,"Case 2: Sub-annual only",NA,108433
"VIRGIN ISLANDS (UK)_1990","Year","a0",1,0,1,0,NA,NA,NA,NA,NA,"Case 1: Annual only",NA,0
"VIRGIN ISLANDS (UK)_1991","Year","a0",1,0,1,0,NA,NA,NA,NA,NA,"Case 1: Annual only",NA,0
"VIRGIN ISLANDS (UK)_1992","Year","a0",1,0,1,0,NA,NA,NA,NA,NA,"Case 1: Annual only",NA,0
"VIRGIN ISLANDS (UK)_1993","Year","a0",1,0,1,0,NA,NA,NA,NA,NA,"Case 1: Annual only",NA,0
"VIRGIN ISLANDS (UK)_1994","Year","a0",1,0,1,0,NA,NA,NA,NA,NA,"Case 1: Annual only",NA,0
"VIRGIN ISLANDS (UK)_1995","Year","a0",1,0,1,0,NA,NA,NA,NA,NA,"Case 1: Annual only",NA,0
"VIRGIN ISLANDS (UK)_1996","Year","a0",1,0,1,0,NA,NA,NA,NA,NA,"Case 1: Annual only",NA,0
"VIRGIN ISLANDS (UK)_1997","Year","a0",1,0,1,0,NA,NA,NA,NA,NA,"Case 1: Annual only",NA,0
"VIRGIN ISLANDS (UK)_1998","Year","a0",1,1,1,1,NA,NA,NA,NA,NA,"Case 1: Annual only",NA,1
"VIRGIN ISLANDS (UK)_1999","Year","a0",1,0,1,0,NA,NA,NA,NA,NA,"Case 1: Annual only",NA,0
"VIRGIN ISLANDS (UK)_2000","Year","a0",1,3,1,3,NA,NA,NA,NA,NA,"Case 1: Annual only",NA,3
"VIRGIN ISLANDS (UK)_2001","Year","a0",1,23,1,23,NA,NA,NA,NA,NA,"Case 1: Annual only",NA,23
"VIRGIN ISLANDS (UK)_2002","Year","a0",1,0,1,0,NA,NA,NA,NA,NA,"Case 1: Annual only",NA,0
"VIRGIN ISLANDS (UK)_2003","Year","a0",1,0,1,0,NA,NA,NA,NA,NA,"Case 1: Annual only",NA,0
"VIRGIN ISLANDS (UK)_2004","Year","a0",1,0,1,0,NA,NA,NA,NA,NA,"Case 1: Annual only",NA,0
"VIRGIN ISLANDS (UK)_2005","Year","a0",1,0,1,0,NA,NA,NA,NA,NA,"Case 1: Annual only",NA,0
"VIRGIN ISLANDS (UK)_2006","Year","a0",1,0,1,0,NA,NA,NA,NA,NA,"Case 1: Annual only",NA,0
"VIRGIN ISLANDS (UK)_2007","Year","a0",1,6,1,6,NA,NA,NA,NA,NA,"Case 1: Annual only",NA,6
"VIRGIN ISLANDS (UK)_2008","Year","a0",1,15,1,15,NA,NA,NA,NA,NA,"Case 1: Annual only",NA,15
"VIRGIN ISLANDS (UK)_2009","Year","a0",1,65,1,65,NA,NA,NA,NA,NA,"Case 1: Annual only",NA,65
"VIRGIN ISLANDS (UK)_2010","Year","a0",1,9,1,9,NA,NA,NA,NA,NA,"Case 1: Annual only",NA,9
"VIRGIN ISLANDS (UK)_2011","Year","a0",1,939,1,939,NA,NA,NA,NA,NA,"Case 1: Annual only",NA,939
"VIRGIN ISLANDS (UK)_2012","Year","a0",1,12,1,12,NA,NA,NA,NA,NA,"Case 1: Annual only",NA,12
"VIRGIN ISLANDS (UK)_2013","Year","a0",1,223,1,223,NA,NA,NA,NA,NA,"Case 1: Annual only",NA,223
"VIRGIN ISLANDS (UK)_2014","Year","a0",1,239,1,239,NA,NA,NA,NA,FALSE,"Incomplete sub-annual - annual selected",5.43933054393306,239
"VIRGIN ISLANDS (UK)_2015","Year","a0",1,103,1,103,NA,NA,NA,NA,FALSE,"Incomplete sub-annual - annual selected",0,103
"VIRGIN ISLANDS (UK)_2016","Year","a0",1,100,1,100,NA,NA,NA,NA,FALSE,"Incomplete sub-annual - annual selected",3,100
"VIRGIN ISLANDS (UK)_2017","Year","a0",1,67,1,67,NA,NA,NA,NA,FALSE,"Incomplete sub-annual - annual selected",41.7910447761194,67
"VIRGIN ISLANDS (UK)_2018","Week","a0",52,60,52,60,NA,NA,NA,NA,TRUE,"Sub-annual >= Annual",100,60
"VIRGIN ISLANDS (UK)_2019","Week","a0",52,78,52,78,NA,NA,NA,NA,TRUE,"Sub-annual >= Annual",100,78
"VIRGIN ISLANDS (UK)_2020","Week","a0",53,44,53,44,NA,NA,NA,NA,TRUE,"Sub-annual >= Annual",100,44
"VIRGIN ISLANDS (UK)_2021","Year","a0",1,14,1,14,NA,NA,NA,NA,FALSE,"Incomplete sub-annual - annual selected",92.8571428571429,14
"VIRGIN ISLANDS (UK)_2022","Year","a0",1,27,1,27,NA,NA,NA,NA,FALSE,"Incomplete sub-annual - annual selected",22.2222222222222,27
"VIRGIN ISLANDS (UK)_2023","Year","a0",1,7,1,7,NA,NA,NA,NA,FALSE,"Incomplete sub-annual - annual selected",71.4285714285714,7
"VIRGIN ISLANDS (UK)_2024","Year","a0",1,139,1,139,NA,NA,NA,NA,FALSE,"Incomplete sub-annual - annual selected",96.4028776978417,139
"VIRGIN ISLANDS (US)_1990","Year","a0",1,339,1,339,NA,NA,NA,NA,NA,"Case 1: Annual only",NA,339
"VIRGIN ISLANDS (US)_1991","Year","a0",1,62,1,62,NA,NA,NA,NA,NA,"Case 1: Annual only",NA,62
"VIRGIN ISLANDS (US)_1992","Year","a0",1,48,1,48,NA,NA,NA,NA,NA,"Case 1: Annual only",NA,48
"VIRGIN ISLANDS (US)_1993","Year","a0",1,0,1,0,NA,NA,NA,NA,NA,"Case 1: Annual only",NA,0
"VIRGIN ISLANDS (US)_1994","Year","a0",1,0,1,0,NA,NA,NA,NA,NA,"Case 1: Annual only",NA,0
"VIRGIN ISLANDS (US)_1995","Year","a0",1,0,1,0,NA,NA,NA,NA,NA,"Case 1: Annual only",NA,0
"VIRGIN ISLANDS (US)_1996","Year","a0",1,0,1,0,NA,NA,NA,NA,NA,"Case 1: Annual only",NA,0
"VIRGIN ISLANDS (US)_1997","Year","a0",1,0,1,0,NA,NA,NA,NA,NA,"Case 1: Annual only",NA,0
"VIRGIN ISLANDS (US)_1998","Year","a0",1,0,1,0,NA,NA,NA,NA,NA,"Case 1: Annual only",NA,0
"VIRGIN ISLANDS (US)_1999","Year","a0",1,0,1,0,NA,NA,NA,NA,NA,"Case 1: Annual only",NA,0
"VIRGIN ISLANDS (US)_2000","Year","a0",1,0,1,0,NA,NA,NA,NA,NA,"Case 1: Annual only",NA,0
"VIRGIN ISLANDS (US)_2001","Year","a0",1,0,1,0,NA,NA,NA,NA,NA,"Case 1: Annual only",NA,0
"VIRGIN ISLANDS (US)_2002","Year","a0",1,0,1,0,NA,NA,NA,NA,NA,"Case 1: Annual only",NA,0
"VIRGIN ISLANDS (US)_2003","Year","a0",1,0,1,0,NA,NA,NA,NA,NA,"Case 1: Annual only",NA,0
"VIRGIN ISLANDS (US)_2004","Year","a0",1,0,1,0,NA,NA,NA,NA,NA,"Case 1: Annual only",NA,0
"VIRGIN ISLANDS (US)_2005","Year","a0",1,0,1,0,NA,NA,NA,NA,NA,"Case 1: Annual only",NA,0
"VIRGIN ISLANDS (US)_2006","Year","a0",1,0,1,0,NA,NA,NA,NA,NA,"Case 1: Annual only",NA,0
"VIRGIN ISLANDS (US)_2007","Year","a0",1,73,1,73,NA,NA,NA,NA,NA,"Case 1: Annual only",NA,73
"VIRGIN ISLANDS (US)_2008","Year","a0",1,0,1,0,NA,NA,NA,NA,NA,"Case 1: Annual only",NA,0
"VIRGIN ISLANDS (US)_2009","Year","a0",1,0,1,0,NA,NA,NA,NA,NA,"Case 1: Annual only",NA,0
"VIRGIN ISLANDS (US)_2010","Year","a0",1,0,1,0,NA,NA,NA,NA,NA,"Case 1: Annual only",NA,0
"VIRGIN ISLANDS (US)_2011","Year","a0",1,0,1,0,NA,NA,NA,NA,NA,"Case 1: Annual only",NA,0
"VIRGIN ISLANDS (US)_2012","Year","a0",1,4,1,4,NA,NA,NA,NA,NA,"Case 1: Annual only",NA,4
"VIRGIN ISLANDS (US)_2013","Year","a0",1,0,1,0,NA,NA,NA,NA,NA,"Case 1: Annual only",NA,0
"VIRGIN ISLANDS (US)_2014","Week","a0",53,19,53,19,NA,NA,NA,NA,TRUE,"Sub-annual >= Annual",100,19
"VIRGIN ISLANDS (US)_2015","Week","a0",52,3,52,3,NA,NA,NA,NA,TRUE,"Sub-annual >= Annual",100,3
"VIRGIN ISLANDS (US)_2016","Week","a0",52,11,52,11,NA,NA,NA,NA,TRUE,"Sub-annual >= Annual",100,11
"VIRGIN ISLANDS (US)_2017","Week","a0",52,1,52,1,NA,NA,NA,NA,TRUE,"Sub-annual >= Annual",100,1
"VIRGIN ISLANDS (US)_2018","Week","a0",52,0,52,0,NA,NA,NA,NA,TRUE,"Sub-annual >= Annual",NA,NA
"VIRGIN ISLANDS (US)_2019","Week","a0",52,0,52,0,NA,NA,NA,NA,TRUE,"Sub-annual >= Annual",NA,NA
"VIRGIN ISLANDS (US)_2020","Week","a0",53,0,53,0,NA,NA,NA,NA,TRUE,"Sub-annual >= Annual",NA,NA
"VIRGIN ISLANDS (US)_2021","Week","a0",52,0,52,0,NA,NA,NA,NA,TRUE,"Sub-annual >= Annual",NA,NA
"VIRGIN ISLANDS (US)_2022","Week","a0",52,0,52,0,NA,NA,NA,NA,TRUE,"Sub-annual >= Annual",NA,NA
"VIRGIN ISLANDS (US)_2023","Week","a0",52,0,52,0,NA,NA,NA,NA,TRUE,"Sub-annual >= Annual",NA,NA
"VIRGIN ISLANDS (US)_2024","Week","a0",52,185,52,185,NA,NA,NA,NA,TRUE,"Sub-annual >= Annual",100,185
"WALLIS AND FUTUNA_1991","Year","a0",1,11,1,11,NA,NA,NA,NA,NA,"Case 1: Annual only",NA,11
"WALLIS AND FUTUNA_1992","Year","a0",1,0,1,0,NA,NA,NA,NA,NA,"Case 1: Annual only",NA,0
"WALLIS AND FUTUNA_1993","Year","a0",1,0,1,0,NA,NA,NA,NA,NA,"Case 1: Annual only",NA,0
"WALLIS AND FUTUNA_1994","Year","a0",1,0,1,0,NA,NA,NA,NA,NA,"Case 1: Annual only",NA,0
"WALLIS AND FUTUNA_1995","Year","a0",1,5,1,5,NA,NA,NA,NA,NA,"Case 1: Annual only",NA,5
"WALLIS AND FUTUNA_1996","Year","a0",1,0,1,0,NA,NA,NA,NA,NA,"Case 1: Annual only",NA,0
"WALLIS AND FUTUNA_1997","Year","a0",1,0,1,0,NA,NA,NA,NA,NA,"Case 1: Annual only",NA,0
"WALLIS AND FUTUNA_1998","Year","a0",1,395,1,395,NA,NA,NA,NA,NA,"Case 1: Annual only",NA,395
"WALLIS AND FUTUNA_1999","Year","a0",1,160,1,160,NA,NA,NA,NA,NA,"Case 1: Annual only",NA,160
"WALLIS AND FUTUNA_2000","Year","a0",1,0,1,0,NA,NA,NA,NA,NA,"Case 1: Annual only",NA,0
"WALLIS AND FUTUNA_2001","Year","a0",1,0,1,0,NA,NA,NA,NA,NA,"Case 1: Annual only",NA,0
"WALLIS AND FUTUNA_2002","Year","a0",1,0,1,0,NA,NA,NA,NA,NA,"Case 1: Annual only",NA,0
"WALLIS AND FUTUNA_2003","Year","a0",1,2447,1,2447,NA,NA,NA,NA,NA,"Case 1: Annual only",NA,2447
"WALLIS AND FUTUNA_2004","Year","a0",1,41,1,41,NA,NA,NA,NA,NA,"Case 1: Annual only",NA,41
"WALLIS AND FUTUNA_2005","Year","a0",1,0,1,0,NA,NA,NA,NA,NA,"Case 1: Annual only",NA,0
"WALLIS AND FUTUNA_2006","Year","a0",1,0,1,0,NA,NA,NA,NA,NA,"Case 1: Annual only",NA,0
"WALLIS AND FUTUNA_2007","Year","a0",1,0,1,0,NA,NA,NA,NA,NA,"Case 1: Annual only",NA,0
"WALLIS AND FUTUNA_2008","Year","a0",1,0,1,0,NA,NA,NA,NA,NA,"Case 1: Annual only",NA,0
"WALLIS AND FUTUNA_2009","Year","a0",1,13,1,13,NA,NA,NA,NA,NA,"Case 1: Annual only",NA,13
"WALLIS AND FUTUNA_2010","Year","a0",1,0,1,0,NA,NA,NA,NA,NA,"Case 1: Annual only",NA,0
"WALLIS AND FUTUNA_2011","Year","a0",1,0,1,0,NA,NA,NA,NA,NA,"Case 1: Annual only",NA,0
"WALLIS AND FUTUNA_2012","Year","a0",1,0,1,0,NA,NA,NA,NA,NA,"Case 1: Annual only",NA,0
"WALLIS AND FUTUNA_2013","Year","a0",1,94,1,94,NA,NA,NA,NA,NA,"Case 1: Annual only",NA,94
"WALLIS AND FUTUNA_2017","Year","a0",1,222,1,222,NA,NA,NA,NA,NA,"Case 1: Annual only",NA,222
"WALLIS AND FUTUNA_2018","Year","a0",1,202,1,202,NA,NA,NA,NA,NA,"Case 1: Annual only",NA,202
"WALLIS AND FUTUNA_2019","Week","a0",21,45,21,45,NA,NA,NA,NA,FALSE,"Case 2: Sub-annual only",NA,45
"WALLIS AND FUTUNA_2020","Week","a0",52,143,52,143,NA,NA,NA,NA,FALSE,"Case 2: Sub-annual only",NA,143
"WALLIS AND FUTUNA_2021","Week","a0",46,90,46,90,NA,NA,NA,NA,FALSE,"Case 2: Sub-annual only",NA,90
"WALLIS AND FUTUNA_2022","Week","a0",31,1297,31,1297,NA,NA,NA,NA,FALSE,"Case 2: Sub-annual only",NA,1297
"WALLIS AND FUTUNA_2023","Week","a0",20,33,20,33,NA,NA,NA,NA,FALSE,"Case 2: Sub-annual only",NA,33
"WALLIS AND FUTUNA_2024","Month","a0",9,78,9,78,NA,NA,NA,NA,FALSE,"Case 2: Sub-annual only",NA,78
"YEMEN_2015","Year","a0",1,6777,1,6777,NA,NA,NA,NA,NA,"Case 1: Annual only",NA,6777
"YEMEN_2018","Week","a0",52,28081,52,28081,NA,NA,NA,NA,TRUE,"Case 2: Sub-annual only",NA,28081
"YEMEN_2019","Week","a0",52,77643,52,77643,NA,NA,NA,NA,TRUE,"Case 2: Sub-annual only",NA,77643
"YEMEN_2020","Week","a0",52,66025,52,66025,NA,NA,NA,NA,FALSE,"Case 2: Sub-annual only",NA,66025
"YEMEN_2021","Week","a0",52,6918,52,6918,NA,NA,NA,NA,TRUE,"Case 2: Sub-annual only",NA,6918
"YEMEN_2022","Week","a0",52,24950,52,24950,NA,NA,NA,NA,TRUE,"Case 2: Sub-annual only",NA,24950
"YEMEN_2023","Week","a0",52,21304,52,21304,NA,NA,NA,NA,TRUE,"Case 2: Sub-annual only",NA,21304
"YEMEN_2024","Week","a0",31,4403,31,4403,NA,NA,NA,NA,FALSE,"Case 2: Sub-annual only",NA,4403
