Original_Index,Country,WHO_Region,Year,Cases,Deaths,DALY_2015_GHE,Population_1000s
2812,Singapore,WPRO,1990,1733,,0,3012953
2813,Singapore,WPRO,1991,2179,,,3096570
2814,Singapore,WPRO,1992,2878,,,3189433
2815,Singapore,WPRO,1993,946,0,,3287588
2816,Singapore,WPRO,1994,1239,1,,3385350
2817,Singapore,WPRO,1995,2008,1,,3478779
2818,Singapore,WPRO,1996,3128,3,,3566133
2819,Singapore,WPRO,1997,4300,1,,3649135
2820,Singapore,WPRO,1998,5258,1,,3731440
2821,Singapore,WPRO,1999,1355,5,,3818462
2822,Singapore,WPRO,2000,673,0,100,3913960
2823,Singapore,WPRO,2001,2372,4,,4018779
2824,Singapore,WPRO,2002,3945,,,4131208
2825,Singapore,WPRO,2003,4788,6,,4249295
2826,Singapore,WPRO,2004,9459,0,,4370040
2827,Singapore,WPRO,2005,14209,0,400,4491042
2828,Singapore,WPRO,2006,3127,10,,4611901
2829,Singapore,WPRO,2007,8826,24,,4732528
2830,Singapore,WPRO,2008,7032,10,,4851109
2831,Singapore,WPRO,2009,4497,8,,4965518
2832,Singapore,WPRO,2010,5364,4,200,5074252
2833,Singapore,WPRO,2011,5330,6,,5176017
2834,Singapore,WPRO,2012,4063,0,,5270958
2835,Singapore,WPRO,2013,20682,,,5360837
2836,Singapore,WPRO,2014,17992,4,,5448342
3334,Uruguay,PAHO,1990,0,0,0,3109989
3335,Uruguay,PAHO,1991,0,0,,3132050
3336,Uruguay,PAHO,1992,0,0,,3154855
3337,Uruguay,PAHO,1993,0,0,,3178155
3338,Uruguay,PAHO,1994,0,0,,3201607
3339,Uruguay,PAHO,1995,0,0,,3224804
3340,Uruguay,PAHO,1996,0,0,,3248035
3341,Uruguay,PAHO,1997,0,0,,3271010
3342,Uruguay,PAHO,1998,0,0,,3292138
3343,Uruguay,PAHO,1999,0,0,,3309318
3344,Uruguay,PAHO,2000,0,0,,3321245
3345,Uruguay,PAHO,2001,0,0,,3327103
3346,Uruguay,PAHO,2002,0,0,,3327773
3347,Uruguay,PAHO,2003,0,0,,3325637
3348,Uruguay,PAHO,2004,0,0,,3324096
3349,Uruguay,PAHO,2005,0,0,,3325612
3350,Uruguay,PAHO,2006,0,0,,3331043
3351,Uruguay,PAHO,2007,0,0,,3339741
3352,Uruguay,PAHO,2008,0,0,,3350824
3353,Uruguay,PAHO,2009,0,0,,3362755
3354,Uruguay,PAHO,2010,0,0,,3374415
3355,Uruguay,PAHO,2011,0,0,,3385624
3356,Uruguay,PAHO,2012,0,0,,3396777
3357,Uruguay,PAHO,2013,0,0,,3408005
3358,Uruguay,PAHO,2014,0,0,,3419546
2147,Netherlands,EURO,1990,,,0,14965448
2148,Netherlands,EURO,1991,,,,15064519
2149,Netherlands,EURO,1992,,,,15165862
2150,Netherlands,EURO,1993,,,,15268006
2151,Netherlands,EURO,1994,,,,15369120
2152,Netherlands,EURO,1995,,,,15467851
2153,Netherlands,EURO,1996,,,,15563255
2154,Netherlands,EURO,1997,,,,15655475
2155,Netherlands,EURO,1998,,,,15745647
2156,Netherlands,EURO,1999,,,,15835523
2157,Netherlands,EURO,2000,,,0,15926188
2158,Netherlands,EURO,2001,,,,16018114
2159,Netherlands,EURO,2002,,,,16110355
2160,Netherlands,EURO,2003,,,,16200951
2161,Netherlands,EURO,2004,,,,16287182
2162,Netherlands,EURO,2005,,,0,16367158
2163,Netherlands,EURO,2006,,,,16440222
2164,Netherlands,EURO,2007,,,,16507056
2165,Netherlands,EURO,2008,,,,16568734
2166,Netherlands,EURO,2009,,,,16626926
2167,Netherlands,EURO,2010,,,,16682917
2168,Netherlands,EURO,2011,,,,16737002
2169,Netherlands,EURO,2012,,,,16789095
2170,Netherlands,EURO,2013,,,,16839699
2171,Netherlands,EURO,2014,0,,,16889356
2031,Montserrat,PAHO,1990,0,0,0,10730
2032,Montserrat,PAHO,1991,0,0,,10766
2033,Montserrat,PAHO,1992,0,0,,10851
2034,Montserrat,PAHO,1993,0,0,,10886
2035,Montserrat,PAHO,1994,154,0,,10717
2036,Montserrat,PAHO,1995,75,0,,10233
2037,Montserrat,PAHO,1996,3,0,,9376
2038,Montserrat,PAHO,1997,0,0,,8216
2039,Montserrat,PAHO,1998,0,0,,6936
2040,Montserrat,PAHO,1999,0,0,,5787
2041,Montserrat,PAHO,2000,9,0,,4955
2042,Montserrat,PAHO,2001,1,0,,4505
2043,Montserrat,PAHO,2002,1,0,,4376
2044,Montserrat,PAHO,2003,1,0,,4471
2045,Montserrat,PAHO,2004,0,0,,4644
2046,Montserrat,PAHO,2005,0,0,,4778
2047,Montserrat,PAHO,2006,0,0,,4846
2048,Montserrat,PAHO,2007,0,0,,4889
2049,Montserrat,PAHO,2008,2,0,,4908
2050,Montserrat,PAHO,2009,0,0,,4923
2051,Montserrat,PAHO,2010,0,0,,4944
2052,Montserrat,PAHO,2011,3,0,,4994
2053,Montserrat,PAHO,2012,1,0,,5031
2054,Montserrat,PAHO,2013,6,0,,5068
2055,Montserrat,PAHO,2014,17,0,,5098
1393,Honduras,PAHO,1990,1700,0,0,4955328
1394,Honduras,PAHO,1991,5319,1,,5099951
1395,Honduras,PAHO,1992,2114,0,,5247836
1396,Honduras,PAHO,1993,2847,1,,5398805
1397,Honduras,PAHO,1994,3055,1,,5552625
1398,Honduras,PAHO,1995,27575,3,,5709051
1399,Honduras,PAHO,1996,5047,0,,5867849
1400,Honduras,PAHO,1997,11849,1,,6028882
1401,Honduras,PAHO,1998,22218,4,,6192026
1402,Honduras,PAHO,1999,17766,7,,6357221
1403,Honduras,PAHO,2000,13328,10,1600,6524283
1404,Honduras,PAHO,2001,8215,0,,6693061
1405,Honduras,PAHO,2002,32269,17,,6863157
1406,Honduras,PAHO,2003,15643,11,,7033821
1407,Honduras,PAHO,2004,19971,2,,7204153
1408,Honduras,PAHO,2005,18843,6,2300,7373430
1409,Honduras,PAHO,2006,8436,0,,7541406
1410,Honduras,PAHO,2007,33508,16,,7707972
1411,Honduras,PAHO,2008,18941,9,,7872658
1412,Honduras,PAHO,2009,15291,14,,8035021
1413,Honduras,PAHO,2010,66814,83,4300,8194778
1414,Honduras,PAHO,2011,8297,0,,8351600
1415,Honduras,PAHO,2012,15554,4,,8505646
1416,Honduras,PAHO,2013,39271,29,,8657785
1417,Honduras,PAHO,2014,43456,5,,8809216
1596,Jamaica,PAHO,1990,9,0,0,2424242
1597,Jamaica,PAHO,1991,5,0,,2443689
1598,Jamaica,PAHO,1992,296,0,,2465362
1599,Jamaica,PAHO,1993,0,0,,2488782
1600,Jamaica,PAHO,1994,4,0,,2513049
1601,Jamaica,PAHO,1995,1884,4,,2537440
1602,Jamaica,PAHO,1996,46,0,,2561993
1603,Jamaica,PAHO,1997,16,0,,2586827
1604,Jamaica,PAHO,1998,1467,0,,2611367
1605,Jamaica,PAHO,1999,24,0,,2634882
1606,Jamaica,PAHO,2000,25,0,0,2656864
1607,Jamaica,PAHO,2001,39,0,,2677011
1608,Jamaica,PAHO,2002,90,0,,2695446
1609,Jamaica,PAHO,2003,52,0,,2712511
1610,Jamaica,PAHO,2004,9,0,,2728777
1611,Jamaica,PAHO,2005,46,0,0,2744673
1612,Jamaica,PAHO,2006,79,0,,2760279
1613,Jamaica,PAHO,2007,1448,0,,2775467
1614,Jamaica,PAHO,2008,359,0,,2790122
1615,Jamaica,PAHO,2009,70,0,,2804082
1616,Jamaica,PAHO,2010,2827,15,800,2817210
1617,Jamaica,PAHO,2011,408,0,,2829493
1618,Jamaica,PAHO,2012,4670,10,,2840992
1619,Jamaica,PAHO,2013,861,4,,2851807
1620,Jamaica,PAHO,2014,928,0,,2862087
871,Dominica,PAHO,1990,6,0,0,70926
872,Dominica,PAHO,1991,12,0,,70842
873,Dominica,PAHO,1992,0,0,,70970
874,Dominica,PAHO,1993,1,0,,71210
875,Dominica,PAHO,1994,1,0,,71373
876,Dominica,PAHO,1995,293,0,,71368
877,Dominica,PAHO,1996,3,0,,71145
878,Dominica,PAHO,1997,0,0,,70753
879,Dominica,PAHO,1998,7,0,,70290
880,Dominica,PAHO,1999,1,0,,69903
881,Dominica,PAHO,2000,15,0,,69676
882,Dominica,PAHO,2001,5,0,,69670
883,Dominica,PAHO,2002,0,0,,69824
884,Dominica,PAHO,2003,0,0,,70093
885,Dominica,PAHO,2004,4,0,,70379
886,Dominica,PAHO,2005,11,0,,70627
887,Dominica,PAHO,2006,19,0,,70807
888,Dominica,PAHO,2007,111,0,,70950
889,Dominica,PAHO,2008,80,0,,71074
890,Dominica,PAHO,2009,2,0,,71229
891,Dominica,PAHO,2010,635,0,,71440
892,Dominica,PAHO,2011,40,0,,71718
893,Dominica,PAHO,2012,29,0,,72044
894,Dominica,PAHO,2013,197,0,,72400
895,Dominica,PAHO,2014,189,0,,72778
1625,Japan,WPRO,1990,,,0,124515561
1626,Japan,WPRO,1991,0,,,124940015
1627,Japan,WPRO,1992,0,,,125341476
1628,Japan,WPRO,1993,0,,,125717524
1629,Japan,WPRO,1994,0,,,126063174
1630,Japan,WPRO,1995,19,0,,126375466
1631,Japan,WPRO,1996,17,0,,126654021
1632,Japan,WPRO,1997,15,0,,126902628
1633,Japan,WPRO,1998,58,0,,127127265
1634,Japan,WPRO,1999,10,0,,127335858
1635,Japan,WPRO,2000,18,0,100,127533934
1636,Japan,WPRO,2001,50,,,127723513
1637,Japan,WPRO,2002,52,,,127902617
1638,Japan,WPRO,2003,32,,,128067794
1639,Japan,WPRO,2004,49,0,,128213632
1640,Japan,WPRO,2005,74,0,0,128335767
1641,Japan,WPRO,2006,58,0,,128432994
1642,Japan,WPRO,2007,89,0,,128505251
1643,Japan,WPRO,2008,101,0,,128550508
1644,Japan,WPRO,2009,92,0,,128566659
1645,Japan,WPRO,2010,243,0,,128551873
1646,Japan,WPRO,2011,104,0,,128505399
1647,Japan,WPRO,2012,0,0,,128426384
1648,Japan,WPRO,2013,,,,128312920
1649,Japan,WPRO,2014,,,,128162873
1915,Martinique,PAHO,1990,4,0,0,358449
1916,Martinique,PAHO,1991,0,0,,360900
1917,Martinique,PAHO,1992,38,0,,362755
1918,Martinique,PAHO,1993,0,0,,364377
1919,Martinique,PAHO,1994,0,0,,366248
1920,Martinique,PAHO,1995,519,1,,368732
1921,Martinique,PAHO,1996,430,0,,371918
1922,Martinique,PAHO,1997,235,3,,375654
1923,Martinique,PAHO,1998,44,0,,379663
1924,Martinique,PAHO,1999,268,0,,383547
1925,Martinique,PAHO,2000,171,0,,387004
1926,Martinique,PAHO,2001,4465,4,,389973
1927,Martinique,PAHO,2002,392,0,,392485
1928,Martinique,PAHO,2003,791,0,,394508
1929,Martinique,PAHO,2004,0,0,,396024
1930,Martinique,PAHO,2005,6083,4,,397047
1931,Martinique,PAHO,2006,4086,1,,397565
1932,Martinique,PAHO,2007,5082,4,,397577
1933,Martinique,PAHO,2008,586,0,,397107
1934,Martinique,PAHO,2009,1378,1,,396204
1935,Martinique,PAHO,2010,37100,14,,394910
1936,Martinique,PAHO,2011,275,0,,393209
1937,Martinique,PAHO,2012,1511,0,,391164
1938,Martinique,PAHO,2013,7040,0,,389050
1939,Martinique,PAHO,2014,1680,2,,387204
3160,Trinidad and Tobago,PAHO,1990,526,0,0,1221900
3161,Trinidad and Tobago,PAHO,1991,36,0,,1229907
3162,Trinidad and Tobago,PAHO,1992,116,0,,1237487
3163,Trinidad and Tobago,PAHO,1993,268,0,,1244407
3164,Trinidad and Tobago,PAHO,1994,48,0,,1250318
3165,Trinidad and Tobago,PAHO,1995,312,0,,1255001
3166,Trinidad and Tobago,PAHO,1996,3983,0,,1258364
3167,Trinidad and Tobago,PAHO,1997,1357,9,,1260678
3168,Trinidad and Tobago,PAHO,1998,2848,0,,1262542
3169,Trinidad and Tobago,PAHO,1999,1135,0,,1264775
3170,Trinidad and Tobago,PAHO,2000,1968,0,1100,1267984
3171,Trinidad and Tobago,PAHO,2001,2072,0,,1272380
3172,Trinidad and Tobago,PAHO,2002,5700,80,,1277837
3173,Trinidad and Tobago,PAHO,2003,2129,0,,1284052
3174,Trinidad and Tobago,PAHO,2004,546,0,,1290535
3175,Trinidad and Tobago,PAHO,2005,411,0,100,1296934
3176,Trinidad and Tobago,PAHO,2006,37,0,,1303144
3177,Trinidad and Tobago,PAHO,2007,47,0,,1309260
3178,Trinidad and Tobago,PAHO,2008,2366,3,,1315372
3179,Trinidad and Tobago,PAHO,2009,24,0,,1321618
3180,Trinidad and Tobago,PAHO,2010,4734,3,900,1328100
3181,Trinidad and Tobago,PAHO,2011,1243,1,,1334788
3182,Trinidad and Tobago,PAHO,2012,2473,0,,1341588
3183,Trinidad and Tobago,PAHO,2013,3289,0,,1348248
3184,Trinidad and Tobago,PAHO,2014,5157,0,,1354493
784,Cuba,PAHO,1990,0,0,0,10582081
785,Cuba,PAHO,1991,0,0,,10663585
786,Cuba,PAHO,1992,0,0,,10733363
787,Cuba,PAHO,1993,0,0,,10794135
788,Cuba,PAHO,1994,0,0,,10850585
789,Cuba,PAHO,1995,0,0,,10906043
790,Cuba,PAHO,1996,0,0,,10961012
791,Cuba,PAHO,1997,3012,12,,11013983
792,Cuba,PAHO,1998,0,0,,11064097
793,Cuba,PAHO,1999,0,0,,11110004
794,Cuba,PAHO,2000,138,0,400,11150736
795,Cuba,PAHO,2001,11294,2,,11186542
796,Cuba,PAHO,2002,3011,1,,11217998
797,Cuba,PAHO,2003,0,0,,11244885
798,Cuba,PAHO,2004,0,0,,11266941
799,Cuba,PAHO,2005,75,0,300,11284253
800,Cuba,PAHO,2006,0,0,,11296233
801,Cuba,PAHO,2007,28,0,,11303687
802,Cuba,PAHO,2008,0,0,,11309754
803,Cuba,PAHO,2009,70,0,,11318602
804,Cuba,PAHO,2010,0,0,700,11333051
805,Cuba,PAHO,2011,0,0,,11354651
806,Cuba,PAHO,2012,0,0,,11382146
807,Cuba,PAHO,2013,1430,0,,11412167
808,Cuba,PAHO,2014,2522,0,,11439767
3305,United States Virgin Islands,PAHO,1990,339,0,0,103756
3306,United States Virgin Islands,PAHO,1991,62,0,,104089
3307,United States Virgin Islands,PAHO,1992,48,0,,104794
3308,United States Virgin Islands,PAHO,1993,0,0,,105723
3309,United States Virgin Islands,PAHO,1994,0,0,,106646
3310,United States Virgin Islands,PAHO,1995,0,0,,107392
3311,United States Virgin Islands,PAHO,1996,0,0,,107931
3312,United States Virgin Islands,PAHO,1997,0,0,,108311
3313,United States Virgin Islands,PAHO,1998,0,0,,108556
3314,United States Virgin Islands,PAHO,1999,0,0,,108681
3315,United States Virgin Islands,PAHO,2000,0,0,,108722
3316,United States Virgin Islands,PAHO,2001,0,0,,108690
3317,United States Virgin Islands,PAHO,2002,0,0,,108557
3318,United States Virgin Islands,PAHO,2003,0,0,,108352
3319,United States Virgin Islands,PAHO,2004,0,0,,108086
3320,United States Virgin Islands,PAHO,2005,0,0,,107793
3321,United States Virgin Islands,PAHO,2006,0,0,,107472
3322,United States Virgin Islands,PAHO,2007,73,0,,107141
3323,United States Virgin Islands,PAHO,2008,0,0,,106798
3324,United States Virgin Islands,PAHO,2009,0,0,,106469
3325,United States Virgin Islands,PAHO,2010,0,0,,106149
3326,United States Virgin Islands,PAHO,2011,0,0,,105843
3327,United States Virgin Islands,PAHO,2012,4,0,,105557
3328,United States Virgin Islands,PAHO,2013,141,0,,105311
3329,United States Virgin Islands,PAHO,2014,19,0,,105110
2118,Nepal,SEARO,1990,0,0,0,18749406
2119,Nepal,SEARO,1991,0,0,,19245054
2120,Nepal,SEARO,1992,0,0,,19773772
2121,Nepal,SEARO,1993,0,0,,20321175
2122,Nepal,SEARO,1994,0,0,,20867130
2123,Nepal,SEARO,1995,0,0,,21396384
2124,Nepal,SEARO,1996,0,0,,21903379
2125,Nepal,SEARO,1997,0,0,,22389803
2126,Nepal,SEARO,1998,0,0,,22856305
2127,Nepal,SEARO,1999,0,0,,23305994
2128,Nepal,SEARO,2000,0,0,900,23740911
2129,Nepal,SEARO,2001,0,0,,24161777
2130,Nepal,SEARO,2002,0,0,,24566342
2131,Nepal,SEARO,2003,0,0,,24950623
2132,Nepal,SEARO,2004,0,0,,25309449
2133,Nepal,SEARO,2005,0,0,1100,25640287
2134,Nepal,SEARO,2006,32,10,,25940618
2135,Nepal,SEARO,2007,27,2,,26214847
2136,Nepal,SEARO,2008,10,3,,26475859
2137,Nepal,SEARO,2009,30,2,,26741103
2138,Nepal,SEARO,2010,917,5,3300,27023137
2139,Nepal,SEARO,2011,79,0,,27327147
2140,Nepal,SEARO,2012,183,0,,27649925
2141,Nepal,SEARO,2013,728,0,,27985310
2142,Nepal,SEARO,2014,362,0,,28323241
494,Brunei Darussalam,WPRO,1990,,,0,258785
495,Brunei Darussalam,WPRO,1991,,,,266274
496,Brunei Darussalam,WPRO,1992,,,,273963
497,Brunei Darussalam,WPRO,1993,,,,281751
498,Brunei Darussalam,WPRO,1994,,,,289525
499,Brunei Darussalam,WPRO,1995,3,,,297192
500,Brunei Darussalam,WPRO,1996,,,,304699
501,Brunei Darussalam,WPRO,1997,,,,312038
502,Brunei Darussalam,WPRO,1998,2,,,319222
503,Brunei Darussalam,WPRO,1999,8,,,326289
504,Brunei Darussalam,WPRO,2000,0,,0,333241
505,Brunei Darussalam,WPRO,2001,,,,340117
506,Brunei Darussalam,WPRO,2002,,,,346867
507,Brunei Darussalam,WPRO,2003,,,,353389
508,Brunei Darussalam,WPRO,2004,36,0,,359523
509,Brunei Darussalam,WPRO,2005,68,0,100,365158
510,Brunei Darussalam,WPRO,2006,68,0,,370250
511,Brunei Darussalam,WPRO,2007,18,0,,374864
512,Brunei Darussalam,WPRO,2008,16,0,,379252
513,Brunei Darussalam,WPRO,2009,33,0,,383772
514,Brunei Darussalam,WPRO,2010,298,2,100,388662
515,Brunei Darussalam,WPRO,2011,25,0,,394013
516,Brunei Darussalam,WPRO,2012,0,0,,399748
517,Brunei Darussalam,WPRO,2013,,,,405716
518,Brunei Darussalam,WPRO,2014,436,,,411704
2522,Philippines,WPRO,1990,588,,0,61947348
2523,Philippines,WPRO,1991,11317,401,,63508459
2524,Philippines,WPRO,1992,9108,441,,65075486
2525,Philippines,WPRO,1993,5715,70,,66650247
2526,Philippines,WPRO,1994,5603,71,,68236230
2527,Philippines,WPRO,1995,7413,88,,69835715
2528,Philippines,WPRO,1996,14649,212,,71446107
2529,Philippines,WPRO,1997,12811,314,,73064764
2530,Philippines,WPRO,1998,36162,514,,74693695
2531,Philippines,WPRO,1999,9406,75,,76335812
2532,Philippines,WPRO,2000,8480,36,65500,77991569
2533,Philippines,WPRO,2001,25216,177,,79665315
2534,Philippines,WPRO,2002,16663,183,,81352060
2535,Philippines,WPRO,2003,29946,170,,83031954
2536,Philippines,WPRO,2004,23040,0,,84678493
2537,Philippines,WPRO,2005,33901,0,140100,86274237
2538,Philippines,WPRO,2006,37101,378,,87809419
2539,Philippines,WPRO,2007,55639,533,,89293490
2540,Philippines,WPRO,2008,39620,373,,90751864
2541,Philippines,WPRO,2009,57819,548,,92220879
2542,Philippines,WPRO,2010,135355,793,221300,93726624
2543,Philippines,WPRO,2011,125975,654,,95277940
2544,Philippines,WPRO,2012,154945,0,,96866642
2545,Philippines,WPRO,2013,166107,528,,98481032
2546,Philippines,WPRO,2014,121580,465,,100102249
2899,Solomon Islands,WPRO,1990,,,0,311840
2900,Solomon Islands,WPRO,1991,0,,,320753
2901,Solomon Islands,WPRO,1992,0,,,329953
2902,Solomon Islands,WPRO,1993,0,,,339456
2903,Solomon Islands,WPRO,1994,0,0,,349225
2904,Solomon Islands,WPRO,1995,1,,,359225
2905,Solomon Islands,WPRO,1996,3,,,369469
2906,Solomon Islands,WPRO,1997,0,,,379947
2907,Solomon Islands,WPRO,1998,0,,,390643
2908,Solomon Islands,WPRO,1999,0,,,401538
2909,Solomon Islands,WPRO,2000,0,,100,412609
2910,Solomon Islands,WPRO,2001,0,,,423853
2911,Solomon Islands,WPRO,2002,30,,,435262
2912,Solomon Islands,WPRO,2003,0,,,446769
2913,Solomon Islands,WPRO,2004,0,0,,458324
2914,Solomon Islands,WPRO,2005,0,0,0,469885
2915,Solomon Islands,WPRO,2006,0,0,,481422
2916,Solomon Islands,WPRO,2007,0,0,,492940
2917,Solomon Islands,WPRO,2008,132,0,,504477
2918,Solomon Islands,WPRO,2009,0,0,,516079
2919,Solomon Islands,WPRO,2010,0,0,0,527790
2920,Solomon Islands,WPRO,2011,0,0,,539614
2921,Solomon Islands,WPRO,2012,0,0,,551531
2922,Solomon Islands,WPRO,2013,,,,563513
2923,Solomon Islands,WPRO,2014,,,,575504
3276,United States of America,PAHO,1990,102,0,0,252529950
3277,United States of America,PAHO,1991,25,0,,254974819
3278,United States of America,PAHO,1992,68,0,,257454273
3279,United States of America,PAHO,1993,57,0,,260020186
3280,United States of America,PAHO,1994,91,0,,262741566
3281,United States of America,PAHO,1995,7,0,,265658849
3282,United States of America,PAHO,1996,0,0,,268803424
3283,United States of America,PAHO,1997,0,0,,272136551
3284,United States of America,PAHO,1998,0,0,,275542603
3285,United States of America,PAHO,1999,0,0,,278862277
3286,United States of America,PAHO,2000,0,0,100,281982778
3287,United States of America,PAHO,2001,96,0,,284852391
3288,United States of America,PAHO,2002,29,0,,287506847
3289,United States of America,PAHO,2003,40,0,,290027624
3290,United States of America,PAHO,2004,0,0,,292539324
3291,United States of America,PAHO,2005,0,0,200,295129501
3292,United States of America,PAHO,2006,143,0,,297827356
3293,United States of America,PAHO,2007,488,0,,300595175
3294,United States of America,PAHO,2008,0,0,,303374067
3295,United States of America,PAHO,2009,3,0,,306076362
3296,United States of America,PAHO,2010,65,0,200,308641391
3297,United States of America,PAHO,2011,7,0,,311051373
3298,United States of America,PAHO,2012,186,0,,313335423
3299,United States of America,PAHO,2013,543,0,,315536676
3300,United States of America,PAHO,2014,668,0,,317718779
1248,Guadeloupe,PAHO,1990,12,0,0,385878
1249,Guadeloupe,PAHO,1991,51,0,,390069
1250,Guadeloupe,PAHO,1992,75,0,,393465
1251,Guadeloupe,PAHO,1993,0,0,,396429
1252,Guadeloupe,PAHO,1994,0,0,,399470
1253,Guadeloupe,PAHO,1995,156,3,,402937
1254,Guadeloupe,PAHO,1996,186,0,,406977
1255,Guadeloupe,PAHO,1997,0,0,,411444
1256,Guadeloupe,PAHO,1998,0,0,,416089
1257,Guadeloupe,PAHO,1999,41,0,,420582
1258,Guadeloupe,PAHO,2000,59,0,,424646
1259,Guadeloupe,PAHO,2001,0,0,,428220
1260,Guadeloupe,PAHO,2002,93,0,,431359
1261,Guadeloupe,PAHO,2003,495,0,,434191
1262,Guadeloupe,PAHO,2004,0,0,,436885
1263,Guadeloupe,PAHO,2005,3364,0,,439552
1264,Guadeloupe,PAHO,2006,2948,1,,442257
1265,Guadeloupe,PAHO,2007,3266,4,,444910
1266,Guadeloupe,PAHO,2008,277,0,,447345
1267,Guadeloupe,PAHO,2009,2232,0,,449333
1268,Guadeloupe,PAHO,2010,40374,5,,450718
1269,Guadeloupe,PAHO,2011,101,0,,451447
1270,Guadeloupe,PAHO,2012,1080,0,,451602
1271,Guadeloupe,PAHO,2013,12667,8,,451338
1272,Guadeloupe,PAHO,2014,1397,0,,450884
2290,Niue,WPRO,1990,,,0,2329
2291,Niue,WPRO,1991,2,,,2288
2292,Niue,WPRO,1992,0,,,2258
2293,Niue,WPRO,1993,0,0,,2236
2294,Niue,WPRO,1994,0,,,2205
2295,Niue,WPRO,1995,0,0,,2165
2296,Niue,WPRO,1996,1,0,,2124
2297,Niue,WPRO,1997,0,,,2067
2298,Niue,WPRO,1998,0,,,2011
2299,Niue,WPRO,1999,0,,,1956
2300,Niue,WPRO,2000,0,0,,1899
2301,Niue,WPRO,2001,0,0,,1854
2302,Niue,WPRO,2002,0,,,1789
2303,Niue,WPRO,2003,0,,,1755
2304,Niue,WPRO,2004,0,0,,1715
2305,Niue,WPRO,2005,0,0,,1683
2306,Niue,WPRO,2006,0,0,,1662
2307,Niue,WPRO,2007,0,0,,1651
2308,Niue,WPRO,2008,2,0,,1639
2309,Niue,WPRO,2009,0,0,,1636
2310,Niue,WPRO,2010,0,0,,1630
2311,Niue,WPRO,2011,0,0,,1630
2312,Niue,WPRO,2012,0,0,,1623
2313,Niue,WPRO,2013,,,,1623
2314,Niue,WPRO,2014,,,,1616
958,El Salvador,PAHO,1990,2381,0,0,5254984
959,El Salvador,PAHO,1991,1273,0,,5326657
960,El Salvador,PAHO,1992,884,0,,5400331
961,El Salvador,PAHO,1993,9015,0,,5474000
962,El Salvador,PAHO,1994,8145,0,,5544945
963,El Salvador,PAHO,1995,9658,5,,5611115
964,El Salvador,PAHO,1996,790,0,,5671925
965,El Salvador,PAHO,1997,423,0,,5727755
966,El Salvador,PAHO,1998,1684,0,,5778706
967,El Salvador,PAHO,1999,556,4,,5825187
968,El Salvador,PAHO,2000,2837,26,300,5867626
969,El Salvador,PAHO,2001,985,4,,5905962
970,El Salvador,PAHO,2002,18307,11,,5940303
971,El Salvador,PAHO,2003,7436,8,,5971535
972,El Salvador,PAHO,2004,13344,1,,6000775
973,El Salvador,PAHO,2005,15290,0,800,6028961
974,El Salvador,PAHO,2006,22088,4,,6056478
975,El Salvador,PAHO,2007,12476,0,,6083475
976,El Salvador,PAHO,2008,5774,0,,6110301
977,El Salvador,PAHO,2009,15040,10,,6137276
978,El Salvador,PAHO,2010,22406,2,1000,6164626
979,El Salvador,PAHO,2011,20836,7,,6192560
980,El Salvador,PAHO,2012,42393,6,,6221246
981,El Salvador,PAHO,2013,28877,3,,6250777
982,El Salvador,PAHO,2014,53460,6,,6281189
1335,Guyana,PAHO,1990,3,0,0,743309
1336,Guyana,PAHO,1991,0,0,,744289
1337,Guyana,PAHO,1992,2,0,,748134
1338,Guyana,PAHO,1993,0,0,,753484
1339,Guyana,PAHO,1994,1,0,,758342
1340,Guyana,PAHO,1995,0,0,,761291
1341,Guyana,PAHO,1996,0,0,,761861
1342,Guyana,PAHO,1997,0,0,,760510
1343,Guyana,PAHO,1998,42,0,,757952
1344,Guyana,PAHO,1999,0,0,,755278
1345,Guyana,PAHO,2000,19,0,0,753301
1346,Guyana,PAHO,2001,60,0,,752263
1347,Guyana,PAHO,2002,202,0,,751884
1348,Guyana,PAHO,2003,33,0,,751857
1349,Guyana,PAHO,2004,47,0,,751652
1350,Guyana,PAHO,2005,178,0,0,750946
1351,Guyana,PAHO,2006,118,0,,749601
1352,Guyana,PAHO,2007,201,0,,747869
1353,Guyana,PAHO,2008,324,0,,746314
1354,Guyana,PAHO,2009,994,1,,745693
1355,Guyana,PAHO,2010,1468,1,300,746556
1356,Guyana,PAHO,2011,1093,0,,749100
1357,Guyana,PAHO,2012,2189,0,,753091
1358,Guyana,PAHO,2013,1120,0,,758081
1359,Guyana,PAHO,2014,863,0,,763393
2841,Slovakia,EURO,1990,,,0,5288454
2842,Slovakia,EURO,1991,,,,5309235
2843,Slovakia,EURO,1992,,,,5329033
2844,Slovakia,EURO,1993,,,,5347214
2845,Slovakia,EURO,1994,,,,5362896
2846,Slovakia,EURO,1995,,,,5375470
2847,Slovakia,EURO,1996,,,,5384788
2848,Slovakia,EURO,1997,,,,5391204
2849,Slovakia,EURO,1998,,,,5395254
2850,Slovakia,EURO,1999,,,,5397708
2851,Slovakia,EURO,2000,,,,5399211
2852,Slovakia,EURO,2001,,,,5400006
2853,Slovakia,EURO,2002,,,,5400154
2854,Slovakia,EURO,2003,,,,5399886
2855,Slovakia,EURO,2004,,,,5399419
2856,Slovakia,EURO,2005,,,,5398963
2857,Slovakia,EURO,2006,,,,5398541
2858,Slovakia,EURO,2007,,,,5398326
2859,Slovakia,EURO,2008,0,,,5398856
2860,Slovakia,EURO,2009,0,,,5400719
2861,Slovakia,EURO,2010,0,,,5404294
2862,Slovakia,EURO,2011,0,,,5409847
2863,Slovakia,EURO,2012,3,,,5417070
2864,Slovakia,EURO,2013,4,,,5425130
2865,Slovakia,EURO,2014,0,,,5432841
3450,Wallis and Futuna,WPRO,1990,,,0,13878
3451,Wallis and Futuna,WPRO,1991,11,,,13912
3452,Wallis and Futuna,WPRO,1992,0,,,13955
3453,Wallis and Futuna,WPRO,1993,0,0,,14014
3454,Wallis and Futuna,WPRO,1994,0,,,14075
3455,Wallis and Futuna,WPRO,1995,5,,,14142
3456,Wallis and Futuna,WPRO,1996,0,,,14211
3457,Wallis and Futuna,WPRO,1997,0,,,14280
3458,Wallis and Futuna,WPRO,1998,395,0,,14354
3459,Wallis and Futuna,WPRO,1999,160,0,,14428
3460,Wallis and Futuna,WPRO,2000,0,0,,14500
3461,Wallis and Futuna,WPRO,2001,0,0,,14563
3462,Wallis and Futuna,WPRO,2002,0,,,14622
3463,Wallis and Futuna,WPRO,2003,2798,2,,14651
3464,Wallis and Futuna,WPRO,2004,41,0,,14643
3465,Wallis and Futuna,WPRO,2005,0,0,,14568
3466,Wallis and Futuna,WPRO,2006,0,0,,14434
3467,Wallis and Futuna,WPRO,2007,0,0,,14229
3468,Wallis and Futuna,WPRO,2008,124,0,,13984
3469,Wallis and Futuna,WPRO,2009,13,0,,13706
3470,Wallis and Futuna,WPRO,2010,0,0,,13428
3471,Wallis and Futuna,WPRO,2011,0,0,,13129
3472,Wallis and Futuna,WPRO,2012,0,0,,12836
3473,Wallis and Futuna,WPRO,2013,,,,12551
3474,Wallis and Futuna,WPRO,2014,,,,12285
755,Croatia,EURO,1990,,,0,4776372
756,Croatia,EURO,1991,,,,4760003
757,Croatia,EURO,1992,,,,4732862
758,Croatia,EURO,1993,,,,4697535
759,Croatia,EURO,1994,,,,4657802
760,Croatia,EURO,1995,,,,4616763
761,Croatia,EURO,1996,,,,4574887
762,Croatia,EURO,1997,,,,4532399
763,Croatia,EURO,1998,,,,4491902
764,Croatia,EURO,1999,,,,4456433
765,Croatia,EURO,2000,,,,4428072
766,Croatia,EURO,2001,,,,4408080
767,Croatia,EURO,2002,,,,4395819
768,Croatia,EURO,2003,,,,4388946
769,Croatia,EURO,2004,,,,4383920
770,Croatia,EURO,2005,,,,4378057
771,Croatia,EURO,2006,,,,4370699
772,Croatia,EURO,2007,,,,4362266
773,Croatia,EURO,2008,,,,4352428
774,Croatia,EURO,2009,,,,4341084
775,Croatia,EURO,2010,,,,4328153
776,Croatia,EURO,2011,,,,4313371
777,Croatia,EURO,2012,0,,,4296526
778,Croatia,EURO,2013,0,,,4277806
779,Croatia,EURO,2014,0,,,4257533
581,Cayman Islands,PAHO,1990,0,0,0,25010
582,Cayman Islands,PAHO,1991,0,0,,26213
583,Cayman Islands,PAHO,1992,0,0,,27404
584,Cayman Islands,PAHO,1993,0,0,,28646
585,Cayman Islands,PAHO,1994,0,0,,30055
586,Cayman Islands,PAHO,1995,1,0,,31672
587,Cayman Islands,PAHO,1996,0,0,,33536
588,Cayman Islands,PAHO,1997,0,0,,35597
589,Cayman Islands,PAHO,1998,2,0,,37740
590,Cayman Islands,PAHO,1999,1,0,,39808
591,Cayman Islands,PAHO,2000,0,0,,41687
592,Cayman Islands,PAHO,2001,0,0,,43316
593,Cayman Islands,PAHO,2002,1,0,,44738
594,Cayman Islands,PAHO,2003,1,0,,46028
595,Cayman Islands,PAHO,2004,0,0,,47299
596,Cayman Islands,PAHO,2005,1,0,,48622
597,Cayman Islands,PAHO,2006,0,0,,50031
598,Cayman Islands,PAHO,2007,10,0,,51483
599,Cayman Islands,PAHO,2008,1,0,,52926
600,Cayman Islands,PAHO,2009,0,0,,54279
601,Cayman Islands,PAHO,2010,8,0,,55507
602,Cayman Islands,PAHO,2011,2,0,,56579
603,Cayman Islands,PAHO,2012,53,0,,57523
604,Cayman Islands,PAHO,2013,69,0,,58371
605,Cayman Islands,PAHO,2014,124,0,,59172
59,Antigua and Barbuda,PAHO,1990,1,0,0,66696
60,Antigua and Barbuda,PAHO,1991,1,0,,67307
61,Antigua and Barbuda,PAHO,1992,0,0,,68427
62,Antigua and Barbuda,PAHO,1993,0,0,,69938
63,Antigua and Barbuda,PAHO,1994,0,0,,71719
64,Antigua and Barbuda,PAHO,1995,56,0,,73619
65,Antigua and Barbuda,PAHO,1996,12,0,,75628
66,Antigua and Barbuda,PAHO,1997,7,0,,77739
67,Antigua and Barbuda,PAHO,1998,4,0,,79851
68,Antigua and Barbuda,PAHO,1999,2,0,,81831
69,Antigua and Barbuda,PAHO,2000,8,0,0,83584
70,Antigua and Barbuda,PAHO,2001,20,0,,85057
71,Antigua and Barbuda,PAHO,2002,5,0,,86266
72,Antigua and Barbuda,PAHO,2003,0,0,,87293
73,Antigua and Barbuda,PAHO,2004,0,0,,88257
74,Antigua and Barbuda,PAHO,2005,0,0,0,89253
75,Antigua and Barbuda,PAHO,2006,0,0,,90301
76,Antigua and Barbuda,PAHO,2007,0,0,,91381
77,Antigua and Barbuda,PAHO,2008,17,0,,92478
78,Antigua and Barbuda,PAHO,2009,0,0,,93581
79,Antigua and Barbuda,PAHO,2010,3,0,0,94661
80,Antigua and Barbuda,PAHO,2011,7,0,,95719
81,Antigua and Barbuda,PAHO,2012,10,0,,96777
82,Antigua and Barbuda,PAHO,2013,3,0,,97824
83,Antigua and Barbuda,PAHO,2014,37,0,,98875
407,Bolivia (Plurinational State of),PAHO,1990,40642,0,0,6856244
408,Bolivia (Plurinational State of),PAHO,1991,97397,0,,6992521
409,Bolivia (Plurinational State of),PAHO,1992,3501,0,,7131707
410,Bolivia (Plurinational State of),PAHO,1993,6915,0,,7273825
411,Bolivia (Plurinational State of),PAHO,1994,54453,0,,7418861
412,Bolivia (Plurinational State of),PAHO,1995,7,0,,7566714
413,Bolivia (Plurinational State of),PAHO,1996,52,0,,7717443
414,Bolivia (Plurinational State of),PAHO,1997,539,0,,7870855
415,Bolivia (Plurinational State of),PAHO,1998,49,0,,8026254
416,Bolivia (Plurinational State of),PAHO,1999,43,0,,8182712
417,Bolivia (Plurinational State of),PAHO,2000,73,0,300,8339512
418,Bolivia (Plurinational State of),PAHO,2001,176,0,,8496375
419,Bolivia (Plurinational State of),PAHO,2002,890,1,,8653345
420,Bolivia (Plurinational State of),PAHO,2003,6454,6,,8810420
421,Bolivia (Plurinational State of),PAHO,2004,7340,0,,8967741
422,Bolivia (Plurinational State of),PAHO,2005,4443,0,700,9125409
423,Bolivia (Plurinational State of),PAHO,2006,2040,1,,9283334
424,Bolivia (Plurinational State of),PAHO,2007,7332,1,,9441444
425,Bolivia (Plurinational State of),PAHO,2008,3181,0,,9599855
426,Bolivia (Plurinational State of),PAHO,2009,84047,25,,9758748
427,Bolivia (Plurinational State of),PAHO,2010,9918,0,1100,9918242
428,Bolivia (Plurinational State of),PAHO,2011,26681,47,,10078343
429,Bolivia (Plurinational State of),PAHO,2012,49336,37,,10239004
430,Bolivia (Plurinational State of),PAHO,2013,13050,8,,10400264
431,Bolivia (Plurinational State of),PAHO,2014,26560,0,,10562159
1306,Guatemala,PAHO,1990,5757,0,0,9263813
1307,Guatemala,PAHO,1991,10968,0,,9483270
1308,Guatemala,PAHO,1992,1286,0,,9708544
1309,Guatemala,PAHO,1993,1907,0,,9938692
1310,Guatemala,PAHO,1994,2872,1,,10172297
1311,Guatemala,PAHO,1995,3980,0,,10408489
1312,Guatemala,PAHO,1996,3679,0,,10646674
1313,Guatemala,PAHO,1997,5379,0,,10887634
1314,Guatemala,PAHO,1998,4651,0,,11133501
1315,Guatemala,PAHO,1999,3615,1,,11387203
1316,Guatemala,PAHO,2000,8964,9,1600,11650743
1317,Guatemala,PAHO,2001,4508,2,,11924946
1318,Guatemala,PAHO,2002,7599,6,,12208848
1319,Guatemala,PAHO,2003,6706,3,,12500478
1320,Guatemala,PAHO,2004,6352,4,,12796925
1321,Guatemala,PAHO,2005,6341,1,1600,13096028
1322,Guatemala,PAHO,2006,2428,1,,13397008
1323,Guatemala,PAHO,2007,5886,4,,13700286
1324,Guatemala,PAHO,2008,3230,0,,14006366
1325,Guatemala,PAHO,2009,10438,28,,14316208
1326,Guatemala,PAHO,2010,17045,41,10500,14630417
1327,Guatemala,PAHO,2011,2565,9,,14948919
1328,Guatemala,PAHO,2012,9547,17,,15271056
1329,Guatemala,PAHO,2013,11860,8,,15596214
1330,Guatemala,PAHO,2014,19791,13,,15923559
1828,Maldives,SEARO,1990,0,0,0,223215
1829,Maldives,SEARO,1991,0,0,,229754
1830,Maldives,SEARO,1992,0,0,,236190
1831,Maldives,SEARO,1993,0,0,,242459
1832,Maldives,SEARO,1994,0,0,,248433
1833,Maldives,SEARO,1995,0,0,,254082
1834,Maldives,SEARO,1996,0,0,,259327
1835,Maldives,SEARO,1997,0,0,,264275
1836,Maldives,SEARO,1998,2000,0,,269206
1837,Maldives,SEARO,1999,105,1,,274484
1838,Maldives,SEARO,2000,180,1,400,280384
1839,Maldives,SEARO,2001,73,0,,287027
1840,Maldives,SEARO,2002,27,1,,294341
1841,Maldives,SEARO,2003,38,0,,302209
1842,Maldives,SEARO,2004,742,3,,310423
1843,Maldives,SEARO,2005,1126,0,300,318836
1844,Maldives,SEARO,2006,2836,10,,327371
1845,Maldives,SEARO,2007,1680,3,,336070
1846,Maldives,SEARO,2008,1815,3,,345054
1847,Maldives,SEARO,2009,774,2,,354501
1848,Maldives,SEARO,2010,920,2,300,364511
1849,Maldives,SEARO,2011,2909,12,,375131
1850,Maldives,SEARO,2012,1083,1,,386203
1851,Maldives,SEARO,2013,681,1,,397397
1852,Maldives,SEARO,2014,738,2,,408247
1538,Ireland,EURO,1990,,,0,3569257
1539,Ireland,EURO,1991,,,,3576375
1540,Ireland,EURO,1992,,,,3588594
1541,Ireland,EURO,1993,,,,3605665
1542,Ireland,EURO,1994,,,,3626799
1543,Ireland,EURO,1995,,,,3651545
1544,Ireland,EURO,1996,,,,3679849
1545,Ireland,EURO,1997,,,,3712464
1546,Ireland,EURO,1998,,,,3750570
1547,Ireland,EURO,1999,,,,3795699
1548,Ireland,EURO,2000,,,,3848776
1549,Ireland,EURO,2001,,,,3909293
1550,Ireland,EURO,2002,,,,3976288
1551,Ireland,EURO,2003,,,,4049547
1552,Ireland,EURO,2004,,,,4128749
1553,Ireland,EURO,2005,,,,4212977
1554,Ireland,EURO,2006,,,,4303370
1555,Ireland,EURO,2007,,,,4398073
1556,Ireland,EURO,2008,0,,,4489589
1557,Ireland,EURO,2009,0,,,4568064
1558,Ireland,EURO,2010,0,,,4626928
1559,Ireland,EURO,2011,0,,,4662579
1560,Ireland,EURO,2012,5,,,4678117
1561,Ireland,EURO,2013,4,,,4681967
1562,Ireland,EURO,2014,14,,,4686347
262,Barbados,PAHO,1990,236,0,0,260374
263,Barbados,PAHO,1991,21,0,,261275
264,Barbados,PAHO,1992,4,0,,262184
265,Barbados,PAHO,1993,55,0,,263089
266,Barbados,PAHO,1994,114,0,,264015
267,Barbados,PAHO,1995,976,1,,264959
268,Barbados,PAHO,1996,130,0,,265942
269,Barbados,PAHO,1997,199,2,,266945
270,Barbados,PAHO,1998,852,0,,267950
271,Barbados,PAHO,1999,688,4,,268922
272,Barbados,PAHO,2000,744,0,100,269847
273,Barbados,PAHO,2001,1015,0,,270685
274,Barbados,PAHO,2002,740,0,,271478
275,Barbados,PAHO,2003,557,0,,272258
276,Barbados,PAHO,2004,349,0,,273091
277,Barbados,PAHO,2005,320,0,100,274009
278,Barbados,PAHO,2006,1,0,,275039
279,Barbados,PAHO,2007,0,0,,276150
280,Barbados,PAHO,2008,1,0,,277319
281,Barbados,PAHO,2009,55,0,,278470
282,Barbados,PAHO,2010,2917,4,200,279569
283,Barbados,PAHO,2011,745,2,,280601
284,Barbados,PAHO,2012,1445,1,,281585
285,Barbados,PAHO,2013,2848,4,,282509
286,Barbados,PAHO,2014,2689,0,,283385
3218,Tuvalu,WPRO,1990,,,0,9003
3219,Tuvalu,WPRO,1991,19,,,9053
3220,Tuvalu,WPRO,1992,811,,,9109
3221,Tuvalu,WPRO,1993,0,,,9156
3222,Tuvalu,WPRO,1994,0,,,9190
3223,Tuvalu,WPRO,1995,0,,,9230
3224,Tuvalu,WPRO,1996,0,,,9256
3225,Tuvalu,WPRO,1997,0,,,9277
3226,Tuvalu,WPRO,1998,2,,,9306
3227,Tuvalu,WPRO,1999,0,,,9345
3228,Tuvalu,WPRO,2000,0,,,9420
3229,Tuvalu,WPRO,2001,0,,,9512
3230,Tuvalu,WPRO,2002,0,,,9635
3231,Tuvalu,WPRO,2003,0,,,9767
3232,Tuvalu,WPRO,2004,0,0,,9894
3233,Tuvalu,WPRO,2005,0,0,,10027
3234,Tuvalu,WPRO,2006,0,0,,10137
3235,Tuvalu,WPRO,2007,0,0,,10243
3236,Tuvalu,WPRO,2008,0,0,,10340
3237,Tuvalu,WPRO,2009,0,0,,10441
3238,Tuvalu,WPRO,2010,0,0,,10531
3239,Tuvalu,WPRO,2011,0,0,,10628
3240,Tuvalu,WPRO,2012,0,0,,10725
3241,Tuvalu,WPRO,2013,,,,10819
3242,Tuvalu,WPRO,2014,,,,10908
552,Canada,PAHO,1990,0,0,0,27692680
553,Canada,PAHO,1991,0,0,,28044606
554,Canada,PAHO,1992,0,0,,28384350
555,Canada,PAHO,1993,0,0,,28711303
556,Canada,PAHO,1994,0,0,,29026188
557,Canada,PAHO,1995,0,0,,29330073
558,Canada,PAHO,1996,0,0,,29622132
559,Canada,PAHO,1997,0,0,,29903150
560,Canada,PAHO,1998,0,0,,30178134
561,Canada,PAHO,1999,0,0,,30453884
562,Canada,PAHO,2000,0,0,,30735773
563,Canada,PAHO,2001,0,0,,31024732
564,Canada,PAHO,2002,0,0,,31320889
565,Canada,PAHO,2003,0,0,,31627806
566,Canada,PAHO,2004,0,0,,31949417
567,Canada,PAHO,2005,0,0,,32287980
568,Canada,PAHO,2006,0,0,,32645483
569,Canada,PAHO,2007,0,0,,33019932
570,Canada,PAHO,2008,0,0,,33404548
571,Canada,PAHO,2009,0,0,,33789831
572,Canada,PAHO,2010,0,0,,34168668
573,Canada,PAHO,2011,0,0,,34538622
574,Canada,PAHO,2012,0,0,,34900705
575,Canada,PAHO,2013,0,0,,35255495
576,Canada,PAHO,2014,0,0,,35604728
2696,Saint Kitts and Nevis,PAHO,1990,0,0,0,40834
2697,Saint Kitts and Nevis,PAHO,1991,8,0,,41013
2698,Saint Kitts and Nevis,PAHO,1992,0,0,,41361
2699,Saint Kitts and Nevis,PAHO,1993,1,0,,41846
2700,Saint Kitts and Nevis,PAHO,1994,8,0,,42373
2701,Saint Kitts and Nevis,PAHO,1995,27,0,,42891
2702,Saint Kitts and Nevis,PAHO,1996,6,0,,43373
2703,Saint Kitts and Nevis,PAHO,1997,0,0,,43846
2704,Saint Kitts and Nevis,PAHO,1998,0,0,,44317
2705,Saint Kitts and Nevis,PAHO,1999,1,0,,44824
2706,Saint Kitts and Nevis,PAHO,2000,5,0,,45374
2707,Saint Kitts and Nevis,PAHO,2001,81,0,,45990
2708,Saint Kitts and Nevis,PAHO,2002,20,0,,46641
2709,Saint Kitts and Nevis,PAHO,2003,2,0,,47306
2710,Saint Kitts and Nevis,PAHO,2004,4,0,,47971
2711,Saint Kitts and Nevis,PAHO,2005,0,0,,48611
2712,Saint Kitts and Nevis,PAHO,2006,1,0,,49210
2713,Saint Kitts and Nevis,PAHO,2007,0,0,,49783
2714,Saint Kitts and Nevis,PAHO,2008,49,0,,50332
2715,Saint Kitts and Nevis,PAHO,2009,2,0,,50886
2716,Saint Kitts and Nevis,PAHO,2010,19,0,,51445
2717,Saint Kitts and Nevis,PAHO,2011,47,0,,52006
2718,Saint Kitts and Nevis,PAHO,2012,2,0,,52591
2719,Saint Kitts and Nevis,PAHO,2013,100,0,,53169
2720,Saint Kitts and Nevis,PAHO,2014,75,0,,53739
2203,New Caledonia,WPRO,1990,92,,0,169787
2204,New Caledonia,WPRO,1991,26,,,173488
2205,New Caledonia,WPRO,1992,10,,,177525
2206,New Caledonia,WPRO,1993,4,,,181825
2207,New Caledonia,WPRO,1994,11,,,186264
2208,New Caledonia,WPRO,1995,2211,,,190732
2209,New Caledonia,WPRO,1996,2121,,,195216
2210,New Caledonia,WPRO,1997,250,,,199715
2211,New Caledonia,WPRO,1998,2618,0,,204180
2212,New Caledonia,WPRO,1999,359,0,,208582
2213,New Caledonia,WPRO,2000,15,0,,212871
2214,New Caledonia,WPRO,2001,34,,,217040
2215,New Caledonia,WPRO,2002,105,,,221088
2216,New Caledonia,WPRO,2003,5673,17,,225026
2217,New Caledonia,WPRO,2004,792,0,,228883
2218,New Caledonia,WPRO,2005,46,0,,232686
2219,New Caledonia,WPRO,2006,48,0,,236435
2220,New Caledonia,WPRO,2007,47,0,,240129
2221,New Caledonia,WPRO,2008,1179,0,,243786
2222,New Caledonia,WPRO,2009,8610,0,,247413
2223,New Caledonia,WPRO,2010,113,0,,251037
2224,New Caledonia,WPRO,2011,1,0,,254657
2225,New Caledonia,WPRO,2012,320,0,,258275
2226,New Caledonia,WPRO,2013,10541,,,261889
2227,New Caledonia,WPRO,2014,,,,265497
1567,Italy,EURO,1990,,,0,57127120
1568,Italy,EURO,1991,,,,57152516
1569,Italy,EURO,1992,,,,57188887
1570,Italy,EURO,1993,,,,57226647
1571,Italy,EURO,1994,,,,57251367
1572,Italy,EURO,1995,,,,57255193
1573,Italy,EURO,1996,,,,57229670
1574,Italy,EURO,1997,,,,57184901
1575,Italy,EURO,1998,,,,57153554
1576,Italy,EURO,1999,,,,57179989
1577,Italy,EURO,2000,,,,57293721
1578,Italy,EURO,2001,,,,57506367
1579,Italy,EURO,2002,,,,57801763
1580,Italy,EURO,2003,,,,58147037
1581,Italy,EURO,2004,,,,58494704
1582,Italy,EURO,2005,,,,58808483
1583,Italy,EURO,2006,,,,59079869
1584,Italy,EURO,2007,,,,59313511
1585,Italy,EURO,2008,12,,,59502385
1586,Italy,EURO,2009,10,,,59641853
1587,Italy,EURO,2010,51,,,59729807
1588,Italy,EURO,2011,44,,,59759929
1589,Italy,EURO,2012,74,,,59733834
1590,Italy,EURO,2013,142,,,59668000
1591,Italy,EURO,2014,79,,,59585668
2406,Panama,PAHO,1990,0,0,0,2471009
2407,Panama,PAHO,1991,0,0,,2523181
2408,Panama,PAHO,1992,0,0,,2576018
2409,Panama,PAHO,1993,14,0,,2629644
2410,Panama,PAHO,1994,20469,0,,2684183
2411,Panama,PAHO,1995,3083,1,,2739730
2412,Panama,PAHO,1996,811,0,,2796344
2413,Panama,PAHO,1997,2628,0,,2853941
2414,Panama,PAHO,1998,2717,0,,2912328
2415,Panama,PAHO,1999,2782,0,,2971197
2416,Panama,PAHO,2000,314,0,100,3030347
2417,Panama,PAHO,2001,1531,1,,3089684
2418,Panama,PAHO,2002,711,0,,3149265
2419,Panama,PAHO,2003,293,0,,3209174
2420,Panama,PAHO,2004,373,2,,3269541
2421,Panama,PAHO,2005,4000,1,200,3330465
2422,Panama,PAHO,2006,4300,1,,3391905
2423,Panama,PAHO,2007,3402,0,,3453807
2424,Panama,PAHO,2008,2287,0,,3516268
2425,Panama,PAHO,2009,6811,6,,3579385
2426,Panama,PAHO,2010,1996,0,400,3643222
2427,Panama,PAHO,2011,3882,17,,3707782
2428,Panama,PAHO,2012,1329,0,,3772938
2429,Panama,PAHO,2013,4759,8,,3838462
2430,Panama,PAHO,2014,5517,9,,3903986
668,Colombia,PAHO,1990,17389,1,0,34271565
669,Colombia,PAHO,1991,15200,0,,34916766
670,Colombia,PAHO,1992,59853,5,,35558682
671,Colombia,PAHO,1993,25585,0,,36195168
672,Colombia,PAHO,1994,27885,0,,36823537
673,Colombia,PAHO,1995,51059,14,,37441977
674,Colombia,PAHO,1996,33155,11,,38049038
675,Colombia,PAHO,1997,16390,28,,38645411
676,Colombia,PAHO,1998,52840,63,,39234062
677,Colombia,PAHO,1999,19243,30,,39819279
678,Colombia,PAHO,2000,20956,19,7500,40403958
679,Colombia,PAHO,2001,42311,54,,40988909
680,Colombia,PAHO,2002,76996,27,,41572491
681,Colombia,PAHO,2003,46504,9,,42152151
682,Colombia,PAHO,2004,27523,20,,42724163
683,Colombia,PAHO,2005,30475,47,9200,43285634
684,Colombia,PAHO,2006,36471,50,,43835722
685,Colombia,PAHO,2007,43227,20,,44374572
686,Colombia,PAHO,2008,26732,12,,44901544
687,Colombia,PAHO,2009,51543,44,,45416181
688,Colombia,PAHO,2010,157152,217,20000,45918097
689,Colombia,PAHO,2011,33207,42,,46406646
690,Colombia,PAHO,2012,49361,52,,46881475
691,Colombia,PAHO,2013,127219,161,,47342981
692,Colombia,PAHO,2014,107696,166,,47791911
1190,Greece,EURO,1990,,,0,10248537
1191,Greece,EURO,1991,,,,10341892
1192,Greece,EURO,1992,,,,10451417
1193,Greece,EURO,1993,,,,10569422
1194,Greece,EURO,1994,,,,10684818
1195,Greece,EURO,1995,,,,10789375
1196,Greece,EURO,1996,,,,10880912
1197,Greece,EURO,1997,,,,10961123
1198,Greece,EURO,1998,,,,11030393
1199,Greece,EURO,1999,,,,11090266
1200,Greece,EURO,2000,,,,11142119
1201,Greece,EURO,2001,,,,11184398
1202,Greece,EURO,2002,,,,11216799
1203,Greece,EURO,2003,,,,11243567
1204,Greece,EURO,2004,,,,11270476
1205,Greece,EURO,2005,,,,11301204
1206,Greece,EURO,2006,,,,11338770
1207,Greece,EURO,2007,,,,11380897
1208,Greece,EURO,2008,0,,,11419647
1209,Greece,EURO,2009,0,,,11443828
1210,Greece,EURO,2010,0,,0,11446005
1211,Greece,EURO,2011,0,,,11422805
1212,Greece,EURO,2012,0,,,11378257
1213,Greece,EURO,2013,1,,,11321300
1214,Greece,EURO,2014,4,,,11264726
117,Aruba,PAHO,1990,0,0,0,62149
118,Aruba,PAHO,1991,0,0,,64622
119,Aruba,PAHO,1992,0,0,,68235
120,Aruba,PAHO,1993,0,0,,72504
121,Aruba,PAHO,1994,0,0,,76700
122,Aruba,PAHO,1995,37,0,,80324
123,Aruba,PAHO,1996,10,0,,83200
124,Aruba,PAHO,1997,0,0,,85451
125,Aruba,PAHO,1998,0,0,,87277
126,Aruba,PAHO,1999,130,0,,89005
127,Aruba,PAHO,2000,76,0,,90853
128,Aruba,PAHO,2001,0,0,,92898
129,Aruba,PAHO,2002,25,0,,94992
130,Aruba,PAHO,2003,0,0,,97017
131,Aruba,PAHO,2004,173,0,,98737
132,Aruba,PAHO,2005,0,0,,100031
133,Aruba,PAHO,2006,5,0,,100832
134,Aruba,PAHO,2007,0,0,,101220
135,Aruba,PAHO,2008,0,0,,101353
136,Aruba,PAHO,2009,845,0,,101453
137,Aruba,PAHO,2010,1697,1,,101669
138,Aruba,PAHO,2011,3027,2,,102053
139,Aruba,PAHO,2012,667,0,,102577
140,Aruba,PAHO,2013,1020,1,,103187
141,Aruba,PAHO,2014,400,0,,103795
1654,Kiribati,WPRO,1990,0,,0,72412
1655,Kiribati,WPRO,1991,0,,,73700
1656,Kiribati,WPRO,1992,0,,,74769
1657,Kiribati,WPRO,1993,0,,,75719
1658,Kiribati,WPRO,1994,0,,,76671
1659,Kiribati,WPRO,1995,0,,,77730
1660,Kiribati,WPRO,1996,0,,,78907
1661,Kiribati,WPRO,1997,0,,,80184
1662,Kiribati,WPRO,1998,0,,,81550
1663,Kiribati,WPRO,1999,0,,,82966
1664,Kiribati,WPRO,2000,0,,100,84406
1665,Kiribati,WPRO,2001,0,,,85858
1666,Kiribati,WPRO,2002,483,,,87343
1667,Kiribati,WPRO,2003,1660,,,88895
1668,Kiribati,WPRO,2004,0,0,,90542
1669,Kiribati,WPRO,2005,0,0,100,92325
1670,Kiribati,WPRO,2006,0,0,,94260
1671,Kiribati,WPRO,2007,0,0,,96311
1672,Kiribati,WPRO,2008,831,0,,98440
1673,Kiribati,WPRO,2009,7,0,,100568
1674,Kiribati,WPRO,2010,1,0,100,102652
1675,Kiribati,WPRO,2011,0,0,,104656
1676,Kiribati,WPRO,2012,0,0,,106613
1677,Kiribati,WPRO,2013,,,,108535
1678,Kiribati,WPRO,2014,,,,110458
1132,French Polynesia,WPRO,1990,,,0,198375
1133,French Polynesia,WPRO,1991,518,,,202016
1134,French Polynesia,WPRO,1992,593,,,205266
1135,French Polynesia,WPRO,1993,355,,,208345
1136,French Polynesia,WPRO,1994,134,,,211579
1137,French Polynesia,WPRO,1995,208,,,215196
1138,French Polynesia,WPRO,1996,577,,,219283
1139,French Polynesia,WPRO,1997,0,,,223731
1140,French Polynesia,WPRO,1998,16,0,,228376
1141,French Polynesia,WPRO,1999,33,0,,232952
1142,French Polynesia,WPRO,2000,3,0,,237258
1143,French Polynesia,WPRO,2001,32800,8,,241273
1144,French Polynesia,WPRO,2002,143,,,245006
1145,French Polynesia,WPRO,2003,43,,,248499
1146,French Polynesia,WPRO,2004,59,0,,251775
1147,French Polynesia,WPRO,2005,50,0,,254886
1148,French Polynesia,WPRO,2006,818,0,,257832
1149,French Polynesia,WPRO,2007,1897,0,,260594
1150,French Polynesia,WPRO,2008,189,0,,263179
1151,French Polynesia,WPRO,2009,2479,0,,265581
1152,French Polynesia,WPRO,2010,250,0,,267820
1153,French Polynesia,WPRO,2011,12,0,,269843
1154,French Polynesia,WPRO,2012,0,0,,271703
1155,French Polynesia,WPRO,2013,,,,273528
1156,French Polynesia,WPRO,2014,,,,275484
2870,Slovenia,EURO,1990,,,0,2006479
2871,Slovenia,EURO,1991,,,,2007884
2872,Slovenia,EURO,1992,,,,2005512
2873,Slovenia,EURO,1993,,,,2000768
2874,Slovenia,EURO,1994,,,,1995607
2875,Slovenia,EURO,1995,,,,1991472
2876,Slovenia,EURO,1996,,,,1988989
2877,Slovenia,EURO,1997,,,,1987955
2878,Slovenia,EURO,1998,,,,1987976
2879,Slovenia,EURO,1999,,,,1988318
2880,Slovenia,EURO,2000,,,,1988499
2881,Slovenia,EURO,2001,,,,1988349
2882,Slovenia,EURO,2002,,,,1988264
2883,Slovenia,EURO,2003,,,,1988965
2884,Slovenia,EURO,2004,,,,1991430
2885,Slovenia,EURO,2005,,,,1996281
2886,Slovenia,EURO,2006,,,,2003791
2887,Slovenia,EURO,2007,,,,2013539
2888,Slovenia,EURO,2008,5,,,2024538
2889,Slovenia,EURO,2009,4,,,2035424
2890,Slovenia,EURO,2010,8,,,2045168
2891,Slovenia,EURO,2011,8,,,2053436
2892,Slovenia,EURO,2012,10,,,2060390
2893,Slovenia,EURO,2013,8,,,2066119
2894,Slovenia,EURO,2014,2,,,2070845
1857,Malta,EURO,1990,,,0,364431
1858,Malta,EURO,1991,,,,367528
1859,Malta,EURO,1992,,,,370642
1860,Malta,EURO,1993,,,,373784
1861,Malta,EURO,1994,,,,377006
1862,Malta,EURO,1995,,,,380305
1863,Malta,EURO,1996,,,,383710
1864,Malta,EURO,1997,,,,387184
1865,Malta,EURO,1998,,,,390605
1866,Malta,EURO,1999,,,,393805
1867,Malta,EURO,2000,,,,396668
1868,Malta,EURO,2001,,,,399155
1869,Malta,EURO,2002,,,,401303
1870,Malta,EURO,2003,,,,403211
1871,Malta,EURO,2004,,,,405007
1872,Malta,EURO,2005,,,,406787
1873,Malta,EURO,2006,,,,408563
1874,Malta,EURO,2007,,,,410324
1875,Malta,EURO,2008,0,,,412128
1876,Malta,EURO,2009,0,,,414045
1877,Malta,EURO,2010,1,,,416110
1878,Malta,EURO,2011,0,,,418367
1879,Malta,EURO,2012,0,,,420789
1880,Malta,EURO,2013,0,,,423246
1881,Malta,EURO,2014,0,,,425570
1074,France,EURO,1990,,,0,56960835
1075,France,EURO,1991,,,,57237702
1076,France,EURO,1992,,,,57496974
1077,France,EURO,1993,,,,57744820
1078,France,EURO,1994,,,,57990661
1079,France,EURO,1995,,,,58241791
1080,France,EURO,1996,,,,58499689
1081,France,EURO,1997,,,,58763395
1082,France,EURO,1998,,,,59034921
1083,France,EURO,1999,,,,59316107
1084,France,EURO,2000,,,,59608201
1085,France,EURO,2001,,,,59911252
1086,France,EURO,2002,,,,60225076
1087,France,EURO,2003,,,,60550097
1088,France,EURO,2004,,,,60886607
1089,France,EURO,2005,,,,61233900
1090,France,EURO,2006,,,,61592884
1091,France,EURO,2007,,,,61960950
1092,France,EURO,2008,56,,,62329567
1093,France,EURO,2009,64,,,62687521
1094,France,EURO,2010,594,,0,63026740
1095,France,EURO,2011,55,,,63343577
1096,France,EURO,2012,110,,,63639873
1097,France,EURO,2013,270,,,63919917
1098,France,EURO,2014,208,,,64190638
2580,Portugal,EURO,1990,,,0,9953327
2581,Portugal,EURO,1991,,,,9974195
2582,Portugal,EURO,1992,,,,10009576
2583,Portugal,EURO,1993,,,,10054996
2584,Portugal,EURO,1994,,,,10103443
2585,Portugal,EURO,1995,,,,10149735
2586,Portugal,EURO,1996,,,,10192394
2587,Portugal,EURO,1997,,,,10232884
2588,Portugal,EURO,1998,,,,10272286
2589,Portugal,EURO,1999,,,,10312611
2590,Portugal,EURO,2000,,,,10355117
2591,Portugal,EURO,2001,,,,10399312
2592,Portugal,EURO,2002,,,,10443668
2593,Portugal,EURO,2003,,,,10487113
2594,Portugal,EURO,2004,,,,10528268
2595,Portugal,EURO,2005,,,,10565723
2596,Portugal,EURO,2006,,,,10599951
2597,Portugal,EURO,2007,,,,10630120
2598,Portugal,EURO,2008,,,,10652099
2599,Portugal,EURO,2009,,,,10660616
2600,Portugal,EURO,2010,,,,10652321
2601,Portugal,EURO,2011,,,,10625330
2602,Portugal,EURO,2012,,,,10581821
2603,Portugal,EURO,2013,,,,10527674
2604,Portugal,EURO,2014,,,,10471168
2060,Myanmar,SEARO,1990,6318,179,0,40626250
2061,Myanmar,SEARO,1991,8055,282,,41190156
2062,Myanmar,SEARO,1992,1685,37,,41711465
2063,Myanmar,SEARO,1993,2279,67,,42209778
2064,Myanmar,SEARO,1994,11647,461,,42712223
2065,Myanmar,SEARO,1995,2477,53,,43237792
2066,Myanmar,SEARO,1996,1655,18,,43793310
2067,Myanmar,SEARO,1997,3993,76,,44371525
2068,Myanmar,SEARO,1998,8978,14,,44959935
2069,Myanmar,SEARO,1999,12918,88,,45539435
2070,Myanmar,SEARO,2000,1884,14,19600,46095462
2071,Myanmar,SEARO,2001,15695,204,,46627994
2072,Myanmar,SEARO,2002,16047,170,,47140220
2073,Myanmar,SEARO,2003,7907,78,,47624894
2074,Myanmar,SEARO,2004,7369,79,,48073707
2075,Myanmar,SEARO,2005,17454,169,31800,48482614
2076,Myanmar,SEARO,2006,11383,128,,48846474
2077,Myanmar,SEARO,2007,15285,2,,49171586
2078,Myanmar,SEARO,2008,14480,3,,49479752
2079,Myanmar,SEARO,2009,24287,2,,49800690
2080,Myanmar,SEARO,2010,16529,117,32800,50155896
2081,Myanmar,SEARO,2011,4738,16,,50553031
2082,Myanmar,SEARO,2012,6433,26,,50986514
2083,Myanmar,SEARO,2013,20255,84,,51448196
2084,Myanmar,SEARO,2014,13806,89,,51924182
2551,Poland,EURO,1990,,,0,37954553
2552,Poland,EURO,1991,,,,38077213
2553,Poland,EURO,1992,,,,38191777
2554,Poland,EURO,1993,,,,38295474
2555,Poland,EURO,1994,,,,38383516
2556,Poland,EURO,1995,,,,38452632
2557,Poland,EURO,1996,,,,38503607
2558,Poland,EURO,1997,,,,38538730
2559,Poland,EURO,1998,,,,38558054
2560,Poland,EURO,1999,,,,38561694
2561,Poland,EURO,2000,,,,38550495
2562,Poland,EURO,2001,,,,38524005
2563,Poland,EURO,2002,,,,38484472
2564,Poland,EURO,2003,,,,38438826
2565,Poland,EURO,2004,,,,38396066
2566,Poland,EURO,2005,,,,38362666
2567,Poland,EURO,2006,,,,38341036
2568,Poland,EURO,2007,,,,38329585
2569,Poland,EURO,2008,2,,,38325689
2570,Poland,EURO,2009,4,,,38324870
2571,Poland,EURO,2010,6,,,38323402
2572,Poland,EURO,2011,5,,,38320947
2573,Poland,EURO,2012,5,,,38317404
2574,Poland,EURO,2013,13,,,38309451
2575,Poland,EURO,2014,15,,,38293060
1973,Micronesia (Federated States of),WPRO,1990,,,0,96331
1974,Micronesia (Federated States of),WPRO,1991,,,,98799
1975,Micronesia (Federated States of),WPRO,1992,,,,101413
1976,Micronesia (Federated States of),WPRO,1993,0,,,103934
1977,Micronesia (Federated States of),WPRO,1994,0,,,106057
1978,Micronesia (Federated States of),WPRO,1995,66,,,107556
1979,Micronesia (Federated States of),WPRO,1996,67,,,108344
1980,Micronesia (Federated States of),WPRO,1997,,,,108502
1981,Micronesia (Federated States of),WPRO,1998,315,0,,108238
1982,Micronesia (Federated States of),WPRO,1999,0,,,107816
1983,Micronesia (Federated States of),WPRO,2000,14,,100,107432
1984,Micronesia (Federated States of),WPRO,2001,,,,107165
1985,Micronesia (Federated States of),WPRO,2002,,,,106983
1986,Micronesia (Federated States of),WPRO,2003,,,,106816
1987,Micronesia (Federated States of),WPRO,2004,,,,106577
1988,Micronesia (Federated States of),WPRO,2005,,,100,106196
1989,Micronesia (Federated States of),WPRO,2006,,,,105684
1990,Micronesia (Federated States of),WPRO,2007,,,,105078
1991,Micronesia (Federated States of),WPRO,2008,,,,104478
1992,Micronesia (Federated States of),WPRO,2009,,,,103960
1993,Micronesia (Federated States of),WPRO,2010,,,0,103616
1994,Micronesia (Federated States of),WPRO,2011,,,,103468
1995,Micronesia (Federated States of),WPRO,2012,,,,103503
1996,Micronesia (Federated States of),WPRO,2013,,,,103702
1997,Micronesia (Federated States of),WPRO,2014,,,,104015
204,Bahamas,PAHO,1990,2,0,0,256336
205,Bahamas,PAHO,1991,0,0,,261116
206,Bahamas,PAHO,1992,0,0,,266134
207,Bahamas,PAHO,1993,0,0,,271165
208,Bahamas,PAHO,1994,0,0,,275895
209,Bahamas,PAHO,1995,1,0,,280150
210,Bahamas,PAHO,1996,0,0,,283790
211,Bahamas,PAHO,1997,0,0,,286970
212,Bahamas,PAHO,1998,336,0,,290060
213,Bahamas,PAHO,1999,0,0,,293572
214,Bahamas,PAHO,2000,0,0,0,297890
215,Bahamas,PAHO,2001,0,0,,303135
216,Bahamas,PAHO,2002,0,0,,309157
217,Bahamas,PAHO,2003,180,0,,315746
218,Bahamas,PAHO,2004,1,0,,322526
219,Bahamas,PAHO,2005,0,0,0,329249
220,Bahamas,PAHO,2006,1,0,,335830
221,Bahamas,PAHO,2007,0,0,,342328
222,Bahamas,PAHO,2008,1,0,,348676
223,Bahamas,PAHO,2009,0,0,,354856
224,Bahamas,PAHO,2010,10,4,100,360832
225,Bahamas,PAHO,2011,7000,0,,366568
226,Bahamas,PAHO,2012,5,0,,372039
227,Bahamas,PAHO,2013,3,0,,377240
228,Bahamas,PAHO,2014,146,0,,382169
2261,Nicaragua,PAHO,1990,4137,0,0,4144565
2262,Nicaragua,PAHO,1991,1885,0,,4236801
2263,Nicaragua,PAHO,1992,5495,4,,4331277
2264,Nicaragua,PAHO,1993,8938,2,,4426580
2265,Nicaragua,PAHO,1994,20469,6,,4520725
2266,Nicaragua,PAHO,1995,19260,0,,4612228
2267,Nicaragua,PAHO,1996,2792,0,,4700779
2268,Nicaragua,PAHO,1997,3126,0,,4786640
2269,Nicaragua,PAHO,1998,13592,7,,4869626
2270,Nicaragua,PAHO,1999,10401,12,,4949660
2271,Nicaragua,PAHO,2000,6681,4,700,5026796
2272,Nicaragua,PAHO,2001,1188,21,,5100750
2273,Nicaragua,PAHO,2002,2157,12,,5171734
2274,Nicaragua,PAHO,2003,2562,4,,5240879
2275,Nicaragua,PAHO,2004,1035,2,,5309703
2276,Nicaragua,PAHO,2005,1735,12,900,5379328
2277,Nicaragua,PAHO,2006,1350,1,,5450211
2278,Nicaragua,PAHO,2007,1415,12,,5522106
2279,Nicaragua,PAHO,2008,1424,5,,5594506
2280,Nicaragua,PAHO,2009,17140,11,,5666581
2281,Nicaragua,PAHO,2010,6261,9,1300,5737723
2282,Nicaragua,PAHO,2011,11888,1,,5807820
2283,Nicaragua,PAHO,2012,30499,5,,5877108
2284,Nicaragua,PAHO,2013,77179,20,,5945747
2285,Nicaragua,PAHO,2014,35430,0,,6013997
900,Dominican Republic,PAHO,1990,39,0,0,7183647
901,Dominican Republic,PAHO,1991,24,0,,7325622
902,Dominican Republic,PAHO,1992,107,0,,7468551
903,Dominican Republic,PAHO,1993,138,0,,7611465
904,Dominican Republic,PAHO,1994,1211,8,,7753052
905,Dominican Republic,PAHO,1995,249,2,,7892423
906,Dominican Republic,PAHO,1996,89,2,,8029113
907,Dominican Republic,PAHO,1997,416,6,,8163472
908,Dominican Republic,PAHO,1998,3049,10,,8296375
909,Dominican Republic,PAHO,1999,1030,15,,8429112
910,Dominican Republic,PAHO,2000,3346,6,2500,8562622
911,Dominican Republic,PAHO,2001,3584,0,,8697126
912,Dominican Republic,PAHO,2002,3042,14,,8832285
913,Dominican Republic,PAHO,2003,5659,75,,8967760
914,Dominican Republic,PAHO,2004,2476,13,,9102998
915,Dominican Republic,PAHO,2005,2860,18,4700,9237566
916,Dominican Republic,PAHO,2006,6143,53,,9371338
917,Dominican Republic,PAHO,2007,9628,47,,9504353
918,Dominican Republic,PAHO,2008,4333,38,,9636520
919,Dominican Republic,PAHO,2009,8292,52,,9767758
920,Dominican Republic,PAHO,2010,11519,51,8300,9897985
921,Dominican Republic,PAHO,2011,2339,2,,10027095
922,Dominican Republic,PAHO,2012,9665,71,,10154950
923,Dominican Republic,PAHO,2013,16658,111,,10281296
924,Dominican Republic,PAHO,2014,6274,62,,10405844
3044,Thailand,SEARO,1990,92002,414,0,56582821
3045,Thailand,SEARO,1991,43511,137,,57258401
3046,Thailand,SEARO,1992,41125,136,,57837878
3047,Thailand,SEARO,1993,67017,222,,58364891
3048,Thailand,SEARO,1994,51688,140,,58901666
3049,Thailand,SEARO,1995,59911,183,,59491790
3050,Thailand,SEARO,1996,38109,114,,60151472
3051,Thailand,SEARO,1997,99150,227,,60863506
3052,Thailand,SEARO,1998,126348,85,,61597283
3053,Thailand,SEARO,1999,24826,56,,62306651
3054,Thailand,SEARO,2000,18617,32,16500,62958021
3055,Thailand,SEARO,2001,139327,245,,63543322
3056,Thailand,SEARO,2002,114800,176,,64073164
3057,Thailand,SEARO,2003,62767,73,,64554952
3058,Thailand,SEARO,2004,38367,48,,65002231
3059,Thailand,SEARO,2005,45893,71,12800,65425470
3060,Thailand,SEARO,2006,42456,59,,65824164
3061,Thailand,SEARO,2007,62949,67,,66195615
3062,Thailand,SEARO,2008,89626,102,,66545760
3063,Thailand,SEARO,2009,25194,2,,66881867
3064,Thailand,SEARO,2010,116947,139,16200,67208808
3065,Thailand,SEARO,2011,69800,63,,67530130
3066,Thailand,SEARO,2012,79594,87,,67843979
3067,Thailand,SEARO,2013,154773,136,,68143065
3068,Thailand,SEARO,2014,41083,49,,68416772
3131,Tonga,WPRO,1990,896,,0,95153
3132,Tonga,WPRO,1991,122,,,95333
3133,Tonga,WPRO,1992,35,,,95496
3134,Tonga,WPRO,1993,9,,,95644
3135,Tonga,WPRO,1994,1,,,95833
3136,Tonga,WPRO,1995,0,,,96076
3137,Tonga,WPRO,1996,3,,,96369
3138,Tonga,WPRO,1997,0,,,96725
3139,Tonga,WPRO,1998,460,1,,97135
3140,Tonga,WPRO,1999,0,,,97591
3141,Tonga,WPRO,2000,0,,300,98082
3142,Tonga,WPRO,2001,0,,,98611
3143,Tonga,WPRO,2002,0,,,99184
3144,Tonga,WPRO,2003,80,6,,99789
3145,Tonga,WPRO,2004,3,0,,100406
3146,Tonga,WPRO,2005,0,0,100,101041
3147,Tonga,WPRO,2006,0,0,,101689
3148,Tonga,WPRO,2007,62,0,,102357
3149,Tonga,WPRO,2008,195,0,,103005
3150,Tonga,WPRO,2009,273,0,,103604
3151,Tonga,WPRO,2010,30,0,200,104137
3152,Tonga,WPRO,2011,0,0,,104577
3153,Tonga,WPRO,2012,0,0,,104951
3154,Tonga,WPRO,2013,,,,105328
3155,Tonga,WPRO,2014,10,,,105782
3189,Turks and Caicos Islands,PAHO,1990,0,0,0,11552
3190,Turks and Caicos Islands,PAHO,1991,0,0,,12206
3191,Turks and Caicos Islands,PAHO,1992,0,0,,12968
3192,Turks and Caicos Islands,PAHO,1993,0,0,,13789
3193,Turks and Caicos Islands,PAHO,1994,0,0,,14597
3194,Turks and Caicos Islands,PAHO,1995,0,0,,15332
3195,Turks and Caicos Islands,PAHO,1996,0,0,,15966
3196,Turks and Caicos Islands,PAHO,1997,0,0,,16528
3197,Turks and Caicos Islands,PAHO,1998,0,0,,17115
3198,Turks and Caicos Islands,PAHO,1999,0,0,,17864
3199,Turks and Caicos Islands,PAHO,2000,0,0,,18873
3200,Turks and Caicos Islands,PAHO,2001,0,0,,20185
3201,Turks and Caicos Islands,PAHO,2002,0,0,,21742
3202,Turks and Caicos Islands,PAHO,2003,2,0,,23410
3203,Turks and Caicos Islands,PAHO,2004,1,0,,25028
3204,Turks and Caicos Islands,PAHO,2005,1,0,,26448
3205,Turks and Caicos Islands,PAHO,2006,0,0,,27642
3206,Turks and Caicos Islands,PAHO,2007,0,0,,28640
3207,Turks and Caicos Islands,PAHO,2008,0,0,,29481
3208,Turks and Caicos Islands,PAHO,2009,0,0,,30245
3209,Turks and Caicos Islands,PAHO,2010,0,0,,30994
3210,Turks and Caicos Islands,PAHO,2011,24,0,,31731
3211,Turks and Caicos Islands,PAHO,2012,16,0,,32431
3212,Turks and Caicos Islands,PAHO,2013,5,0,,33108
3213,Turks and Caicos Islands,PAHO,2014,252,0,,33739
30,Anguilla,PAHO,1990,12,0,0,8334
31,Anguilla,PAHO,1991,0,0,,8666
32,Anguilla,PAHO,1992,0,0,,8981
33,Anguilla,PAHO,1993,0,0,,9266
34,Anguilla,PAHO,1994,0,0,,9537
35,Anguilla,PAHO,1995,4,0,,9802
36,Anguilla,PAHO,1996,1,0,,10058
37,Anguilla,PAHO,1997,0,0,,10303
38,Anguilla,PAHO,1998,0,0,,10548
39,Anguilla,PAHO,1999,12,0,,10793
40,Anguilla,PAHO,2000,3,0,,11070
41,Anguilla,PAHO,2001,25,0,,11372
42,Anguilla,PAHO,2002,5,0,,11692
43,Anguilla,PAHO,2003,2,0,,12021
44,Anguilla,PAHO,2004,0,0,,12339
45,Anguilla,PAHO,2005,0,0,,12638
46,Anguilla,PAHO,2006,0,0,,12903
47,Anguilla,PAHO,2007,0,0,,13150
48,Anguilla,PAHO,2008,9,0,,13360
49,Anguilla,PAHO,2009,0,0,,13565
50,Anguilla,PAHO,2010,1,0,,13769
51,Anguilla,PAHO,2011,9,0,,13951
52,Anguilla,PAHO,2012,9,0,,14129
53,Anguilla,PAHO,2013,8,0,,14299
54,Anguilla,PAHO,2014,86,0,,14459
2725,Saint Lucia,PAHO,1990,2,0,0,138185
2726,Saint Lucia,PAHO,1991,4,0,,140156
2727,Saint Lucia,PAHO,1992,0,0,,141925
2728,Saint Lucia,PAHO,1993,5,0,,143565
2729,Saint Lucia,PAHO,1994,0,0,,145247
2730,Saint Lucia,PAHO,1995,52,0,,147044
2731,Saint Lucia,PAHO,1996,65,0,,149004
2732,Saint Lucia,PAHO,1997,14,0,,151086
2733,Saint Lucia,PAHO,1998,3,0,,153183
2734,Saint Lucia,PAHO,1999,3,0,,155172
2735,Saint Lucia,PAHO,2000,0,0,100,156949
2736,Saint Lucia,PAHO,2001,292,0,,158464
2737,Saint Lucia,PAHO,2002,51,0,,159763
2738,Saint Lucia,PAHO,2003,5,0,,160973
2739,Saint Lucia,PAHO,2004,11,0,,162251
2740,Saint Lucia,PAHO,2005,1,0,0,163714
2741,Saint Lucia,PAHO,2006,30,0,,165407
2742,Saint Lucia,PAHO,2007,39,0,,167288
2743,Saint Lucia,PAHO,2008,98,0,,169220
2744,Saint Lucia,PAHO,2009,18,0,,171022
2745,Saint Lucia,PAHO,2010,74,0,100,172580
2746,Saint Lucia,PAHO,2011,756,1,,173832
2747,Saint Lucia,PAHO,2012,33,0,,174835
2748,Saint Lucia,PAHO,2013,234,2,,175660
2749,Saint Lucia,PAHO,2014,167,0,,176421
2377,Palau,WPRO,1990,,,0,15088
2378,Palau,WPRO,1991,0,,,15474
2379,Palau,WPRO,1992,0,,,15894
2380,Palau,WPRO,1993,0,,,16342
2381,Palau,WPRO,1994,0,,,16806
2382,Palau,WPRO,1995,857,,,17253
2383,Palau,WPRO,1996,0,,,17691
2384,Palau,WPRO,1997,0,,,18123
2385,Palau,WPRO,1998,14,0,,18524
2386,Palau,WPRO,1999,1,0,,18879
2387,Palau,WPRO,2000,1208,1,,19175
2388,Palau,WPRO,2001,863,1,,19404
2389,Palau,WPRO,2002,45,,,19574
2390,Palau,WPRO,2003,15,0,,19700
2391,Palau,WPRO,2004,57,0,,19804
2392,Palau,WPRO,2005,0,0,,19906
2393,Palau,WPRO,2006,28,0,,20012
2394,Palau,WPRO,2007,80,0,,20116
2395,Palau,WPRO,2008,204,0,,20228
2396,Palau,WPRO,2009,4,0,,20342
2397,Palau,WPRO,2010,9,0,,20470
2398,Palau,WPRO,2011,334,0,,20599
2399,Palau,WPRO,2012,0,0,,20758
2400,Palau,WPRO,2013,,,,20920
2401,Palau,WPRO,2014,13,,,21094
1944,Mexico,PAHO,1990,14485,0,0,85357874
1945,Mexico,PAHO,1991,8565,0,,87071512
1946,Mexico,PAHO,1992,11348,0,,88828310
1947,Mexico,PAHO,1993,2899,0,,90600453
1948,Mexico,PAHO,1994,6770,7,,92349147
1949,Mexico,PAHO,1995,35490,30,,94045579
1950,Mexico,PAHO,1996,33626,44,,95687452
1951,Mexico,PAHO,1997,51581,37,,97281739
1952,Mexico,PAHO,1998,23639,14,,98821456
1953,Mexico,PAHO,1999,14655,0,,100300579
1954,Mexico,PAHO,2000,21660,0,800,101719673
1955,Mexico,PAHO,2001,5828,0,,103067068
1956,Mexico,PAHO,2002,9844,6,,104355608
1957,Mexico,PAHO,2003,5018,0,,105640453
1958,Mexico,PAHO,2004,8202,13,,106995583
1959,Mexico,PAHO,2005,16862,0,3200,108472228
1960,Mexico,PAHO,2006,27287,0,,110092378
1961,Mexico,PAHO,2007,48436,10,,111836346
1962,Mexico,PAHO,2008,31154,24,,113661809
1963,Mexico,PAHO,2009,249763,96,,115505228
1964,Mexico,PAHO,2010,57971,20,8200,117318941
1965,Mexico,PAHO,2011,67918,36,,119090017
1966,Mexico,PAHO,2012,164947,170,,120828307
1967,Mexico,PAHO,2013,231498,192,,122535969
1968,Mexico,PAHO,2014,124943,76,,124221600
1219,Grenada,PAHO,1990,3,0,0,96283
1220,Grenada,PAHO,1991,1,0,,96454
1221,Grenada,PAHO,1992,1,0,,97198
1222,Grenada,PAHO,1993,1,0,,98305
1223,Grenada,PAHO,1994,5,0,,99405
1224,Grenada,PAHO,1995,74,0,,100255
1225,Grenada,PAHO,1996,6,0,,100796
1226,Grenada,PAHO,1997,22,0,,101122
1227,Grenada,PAHO,1998,4,0,,101309
1228,Grenada,PAHO,1999,85,0,,101442
1229,Grenada,PAHO,2000,27,0,0,101619
1230,Grenada,PAHO,2001,12,0,,101849
1231,Grenada,PAHO,2002,84,0,,102100
1232,Grenada,PAHO,2003,17,0,,102375
1233,Grenada,PAHO,2004,7,0,,102656
1234,Grenada,PAHO,2005,0,0,0,102949
1235,Grenada,PAHO,2006,22,0,,103259
1236,Grenada,PAHO,2007,0,0,,103586
1237,Grenada,PAHO,2008,6,0,,103930
1238,Grenada,PAHO,2009,23,0,,104296
1239,Grenada,PAHO,2010,138,1,0,104677
1240,Grenada,PAHO,2011,87,0,,105075
1241,Grenada,PAHO,2012,75,0,,105481
1242,Grenada,PAHO,2013,155,0,,105909
1243,Grenada,PAHO,2014,39,1,,106360
2493,Peru,PAHO,1990,7858,0,0,21826658
2494,Peru,PAHO,1991,714,0,,22283128
2495,Peru,PAHO,1992,1971,0,,22737056
2496,Peru,PAHO,1993,897,0,,23184228
2497,Peru,PAHO,1994,1478,0,,23619356
2498,Peru,PAHO,1995,2732,0,,24038760
2499,Peru,PAHO,1996,6395,0,,24441074
2500,Peru,PAHO,1997,1357,0,,24827406
2501,Peru,PAHO,1998,988,0,,25199748
2502,Peru,PAHO,1999,554,1,,25561299
2503,Peru,PAHO,2000,5486,0,500,25914879
2504,Peru,PAHO,2001,22827,4,,26261363
2505,Peru,PAHO,2002,8875,1,,26601467
2506,Peru,PAHO,2003,3607,0,,26937738
2507,Peru,PAHO,2004,9774,1,,27273194
2508,Peru,PAHO,2005,6358,0,600,27610410
2509,Peru,PAHO,2006,5531,0,,27949944
2510,Peru,PAHO,2007,6907,2,,28292724
2511,Peru,PAHO,2008,10278,1,,28641980
2512,Peru,PAHO,2009,8813,1,,29001507
2513,Peru,PAHO,2010,18422,9,1100,29373646
2514,Peru,PAHO,2011,29810,31,,29759989
2515,Peru,PAHO,2012,30709,46,,30158966
2516,Peru,PAHO,2013,13833,20,,30565716
2517,Peru,PAHO,2014,19043,31,,30973354
2609,Puerto Rico,PAHO,1990,9450,1,0,3517975
2610,Puerto Rico,PAHO,1991,10319,1,,3551587
2611,Puerto Rico,PAHO,1992,13009,2,,3586880
2612,Puerto Rico,PAHO,1993,6600,2,,3622706
2613,Puerto Rico,PAHO,1994,22000,11,,3657412
2614,Puerto Rico,PAHO,1995,6765,4,,3689641
2615,Puerto Rico,PAHO,1996,4655,7,,3719324
2616,Puerto Rico,PAHO,1997,6955,5,,3746359
2617,Puerto Rico,PAHO,1998,16895,9,,3769336
2618,Puerto Rico,PAHO,1999,4959,6,,3786575
2619,Puerto Rico,PAHO,2000,2409,0,,3796977
2620,Puerto Rico,PAHO,2001,5161,4,,3799907
2621,Puerto Rico,PAHO,2002,2906,1,,3796028
2622,Puerto Rico,PAHO,2003,3725,0,,3787268
2623,Puerto Rico,PAHO,2004,3288,3,,3776359
2624,Puerto Rico,PAHO,2005,5701,7,,3765399
2625,Puerto Rico,PAHO,2006,3043,3,,3755113
2626,Puerto Rico,PAHO,2007,11012,9,,3745258
2627,Puerto Rico,PAHO,2008,3384,2,,3735788
2628,Puerto Rico,PAHO,2009,6651,2,,3726331
2629,Puerto Rico,PAHO,2010,21298,33,,3716693
2630,Puerto Rico,PAHO,2011,5654,3,,3706984
2631,Puerto Rico,PAHO,2012,12877,7,,3697576
2632,Puerto Rico,PAHO,2013,18164,12,,3688723
2633,Puerto Rico,PAHO,2014,8880,0,,3680715
1770,Luxembourg,EURO,1990,,,0,381791
1771,Luxembourg,EURO,1991,,,,386352
1772,Luxembourg,EURO,1992,,,,391394
1773,Luxembourg,EURO,1993,,,,396810
1774,Luxembourg,EURO,1994,,,,402433
1775,Luxembourg,EURO,1995,,,,408149
1776,Luxembourg,EURO,1996,,,,413999
1777,Luxembourg,EURO,1997,,,,419974
1778,Luxembourg,EURO,1998,,,,425833
1779,Luxembourg,EURO,1999,,,,431262
1780,Luxembourg,EURO,2000,,,,436103
1781,Luxembourg,EURO,2001,,,,440198
1782,Luxembourg,EURO,2002,,,,443726
1783,Luxembourg,EURO,2003,,,,447322
1784,Luxembourg,EURO,2004,,,,451819
1785,Luxembourg,EURO,2005,,,,457842
1786,Luxembourg,EURO,2006,,,,465554
1787,Luxembourg,EURO,2007,,,,474722
1788,Luxembourg,EURO,2008,0,,,485105
1789,Luxembourg,EURO,2009,0,,,496279
1790,Luxembourg,EURO,2010,2,,,507889
1791,Luxembourg,EURO,2011,1,,,519941
1792,Luxembourg,EURO,2012,0,,,532387
1793,Luxembourg,EURO,2013,0,,,544721
1794,Luxembourg,EURO,2014,0,,,556316
1886,Marshall Islands,WPRO,1990,,,0,47298
1887,Marshall Islands,WPRO,1991,56,,,48475
1888,Marshall Islands,WPRO,1992,0,,,49378
1889,Marshall Islands,WPRO,1993,0,,,50048
1890,Marshall Islands,WPRO,1994,0,,,50575
1891,Marshall Islands,WPRO,1995,0,,,51015
1892,Marshall Islands,WPRO,1996,0,,,51401
1893,Marshall Islands,WPRO,1997,0,,,51692
1894,Marshall Islands,WPRO,1998,0,,,51925
1895,Marshall Islands,WPRO,1999,0,,,52079
1896,Marshall Islands,WPRO,2000,0,,,52159
1897,Marshall Islands,WPRO,2001,0,,,52183
1898,Marshall Islands,WPRO,2002,0,,,52158
1899,Marshall Islands,WPRO,2003,0,,,52116
1900,Marshall Islands,WPRO,2004,0,0,,52074
1901,Marshall Islands,WPRO,2005,0,0,,52055
1902,Marshall Islands,WPRO,2006,0,0,,52078
1903,Marshall Islands,WPRO,2007,0,0,,52137
1904,Marshall Islands,WPRO,2008,0,0,,52218
1905,Marshall Islands,WPRO,2009,0,0,,52320
1906,Marshall Islands,WPRO,2010,0,0,,52425
1907,Marshall Islands,WPRO,2011,1257,0,,52542
1908,Marshall Islands,WPRO,2012,0,0,,52663
1909,Marshall Islands,WPRO,2013,,,,52793
1910,Marshall Islands,WPRO,2014,,,,52898
2986,Suriname,PAHO,1990,16,0,0,407472
2987,Suriname,PAHO,1991,40,0,,415216
2988,Suriname,PAHO,1992,24,0,,422763
2989,Suriname,PAHO,1993,171,0,,430039
2990,Suriname,PAHO,1994,75,0,,437037
2991,Suriname,PAHO,1995,344,0,,443724
2992,Suriname,PAHO,1996,677,0,,450036
2993,Suriname,PAHO,1997,90,0,,455954
2994,Suriname,PAHO,1998,1230,0,,461560
2995,Suriname,PAHO,1999,695,0,,467003
2996,Suriname,PAHO,2000,1069,9,500,472390
2997,Suriname,PAHO,2001,736,0,,477740
2998,Suriname,PAHO,2002,1104,1,,483044
2999,Suriname,PAHO,2003,283,0,,488332
3000,Suriname,PAHO,2004,375,0,,493630
3001,Suriname,PAHO,2005,2853,0,400,498946
3002,Suriname,PAHO,2006,285,0,,504307
3003,Suriname,PAHO,2007,41,0,,509705
3004,Suriname,PAHO,2008,24,0,,515148
3005,Suriname,PAHO,2009,120,0,,520619
3006,Suriname,PAHO,2010,113,1,400,526103
3007,Suriname,PAHO,2011,409,8,,531589
3008,Suriname,PAHO,2012,663,4,,537077
3009,Suriname,PAHO,2013,21,0,,542540
3010,Suriname,PAHO,2014,197,0,,547928
1422,Hungary,EURO,1990,,,0,10377651
1423,Hungary,EURO,1991,,,,10363564
1424,Hungary,EURO,1992,,,,10359143
1425,Hungary,EURO,1993,,,,10359589
1426,Hungary,EURO,1994,,,,10358122
1427,Hungary,EURO,1995,,,,10349838
1428,Hungary,EURO,1996,,,,10332989
1429,Hungary,EURO,1997,,,,10309022
1430,Hungary,EURO,1998,,,,10280145
1431,Hungary,EURO,1999,,,,10249959
1432,Hungary,EURO,2000,,,,10221051
1433,Hungary,EURO,2001,,,,10194005
1434,Hungary,EURO,2002,,,,10167872
1435,Hungary,EURO,2003,,,,10141956
1436,Hungary,EURO,2004,,,,10115081
1437,Hungary,EURO,2005,,,,10086465
1438,Hungary,EURO,2006,,,,10055897
1439,Hungary,EURO,2007,,,,10023887
1440,Hungary,EURO,2008,6,,,9991201
1441,Hungary,EURO,2009,1,,,9958942
1442,Hungary,EURO,2010,7,,,9927840
1443,Hungary,EURO,2011,2,,,9898204
1444,Hungary,EURO,2012,3,,,9869684
1445,Hungary,EURO,2013,10,,,9841697
1446,Hungary,EURO,2014,6,,,9813335
2667,Romania,EURO,1990,,,0,23489373
2668,Romania,EURO,1991,,,,23454213
2669,Romania,EURO,1992,,,,23373358
2670,Romania,EURO,1993,,,,23255995
2671,Romania,EURO,1994,,,,23116175
2672,Romania,EURO,1995,,,,22965111
2673,Romania,EURO,1996,,,,22804165
2674,Romania,EURO,1997,,,,22632805
2675,Romania,EURO,1998,,,,22458077
2676,Romania,EURO,1999,,,,22288057
2677,Romania,EURO,2000,,,,22128128
2678,Romania,EURO,2001,,,,21984135
2679,Romania,EURO,2002,,,,21854676
2680,Romania,EURO,2003,,,,21728919
2681,Romania,EURO,2004,,,,21591164
2682,Romania,EURO,2005,,,,21431018
2683,Romania,EURO,2006,,,,21243922
2684,Romania,EURO,2007,,,,21036111
2685,Romania,EURO,2008,1,,,20821084
2686,Romania,EURO,2009,0,,,20617955
2687,Romania,EURO,2010,0,,,20440347
2688,Romania,EURO,2011,2,,,20292967
2689,Romania,EURO,2012,3,,,20171255
2690,Romania,EURO,2013,6,,,20068201
2691,Romania,EURO,2014,6,,,19972736
465,British Virgin Islands,PAHO,1990,3,0,0,16461
466,British Virgin Islands,PAHO,1991,1,0,,16934
467,British Virgin Islands,PAHO,1992,2,0,,17344
468,British Virgin Islands,PAHO,1993,0,0,,17703
469,British Virgin Islands,PAHO,1994,0,0,,18052
470,British Virgin Islands,PAHO,1995,9,0,,18427
471,British Virgin Islands,PAHO,1996,0,0,,18833
472,British Virgin Islands,PAHO,1997,0,0,,19270
473,British Virgin Islands,PAHO,1998,1,0,,19722
474,British Virgin Islands,PAHO,1999,0,0,,20188
475,British Virgin Islands,PAHO,2000,3,0,,20645
476,British Virgin Islands,PAHO,2001,23,0,,21085
477,British Virgin Islands,PAHO,2002,0,0,,21529
478,British Virgin Islands,PAHO,2003,0,0,,22000
479,British Virgin Islands,PAHO,2004,0,0,,22541
480,British Virgin Islands,PAHO,2005,0,0,,23168
481,British Virgin Islands,PAHO,2006,0,0,,23905
482,British Virgin Islands,PAHO,2007,6,0,,24731
483,British Virgin Islands,PAHO,2008,15,0,,25604
484,British Virgin Islands,PAHO,2009,65,0,,26447
485,British Virgin Islands,PAHO,2010,9,0,,27224
486,British Virgin Islands,PAHO,2011,939,0,,27901
487,British Virgin Islands,PAHO,2012,214,0,,28509
488,British Virgin Islands,PAHO,2013,223,0,,29056
489,British Virgin Islands,PAHO,2014,239,0,,29588
2348,Norway,EURO,1990,,,0,4247285
2349,Norway,EURO,1991,,,,4269471
2350,Norway,EURO,1992,,,,4292683
2351,Norway,EURO,1993,,,,4316788
2352,Norway,EURO,1994,,,,4341615
2353,Norway,EURO,1995,,,,4366995
2354,Norway,EURO,1996,,,,4393209
2355,Norway,EURO,1997,,,,4420262
2356,Norway,EURO,1998,,,,4447486
2357,Norway,EURO,1999,,,,4474004
2358,Norway,EURO,2000,,,,4499367
2359,Norway,EURO,2001,,,,4523145
2360,Norway,EURO,2002,,,,4546019
2361,Norway,EURO,2003,,,,4570106
2362,Norway,EURO,2004,,,,4598214
2363,Norway,EURO,2005,,,100,4632364
2364,Norway,EURO,2006,,,,4673070
2365,Norway,EURO,2007,,,,4719648
2366,Norway,EURO,2008,,,,4771409
2367,Norway,EURO,2009,,,,4827180
2368,Norway,EURO,2010,,,,4885878
2369,Norway,EURO,2011,,,,4947595
2370,Norway,EURO,2012,28,,,5012007
2371,Norway,EURO,2013,50,,,5077101
2372,Norway,EURO,2014,73,,,5140311
1045,Finland,EURO,1990,,,0,4996222
1046,Finland,EURO,1991,,,,5019125
1047,Finland,EURO,1992,,,,5044925
1048,Finland,EURO,1993,,,,5071789
1049,Finland,EURO,1994,,,,5097097
1050,Finland,EURO,1995,,,,5119005
1051,Finland,EURO,1996,,,,5136979
1052,Finland,EURO,1997,,,,5151746
1053,Finland,EURO,1998,,,,5164242
1054,Finland,EURO,1999,,,,5175926
1055,Finland,EURO,2000,,,,5187954
1056,Finland,EURO,2001,,,,5200479
1057,Finland,EURO,2002,,,,5213373
1058,Finland,EURO,2003,,,,5227103
1059,Finland,EURO,2004,,,,5242185
1060,Finland,EURO,2005,,,,5258927
1061,Finland,EURO,2006,,,,5277570
1062,Finland,EURO,2007,,,,5298014
1063,Finland,EURO,2008,0,,,5319902
1064,Finland,EURO,2009,0,,,5342646
1065,Finland,EURO,2010,0,,,5365782
1066,Finland,EURO,2011,0,,,5389242
1067,Finland,EURO,2012,1,,,5412980
1068,Finland,EURO,2013,0,,,5436616
1069,Finland,EURO,2014,0,,,5459717
2464,Paraguay,PAHO,1990,0,0,0,4213742
2465,Paraguay,PAHO,1991,0,0,,4323410
2466,Paraguay,PAHO,1992,0,0,,4432736
2467,Paraguay,PAHO,1993,0,0,,4541902
2468,Paraguay,PAHO,1994,0,0,,4651225
2469,Paraguay,PAHO,1995,0,0,,4760850
2470,Paraguay,PAHO,1996,0,0,,4870694
2471,Paraguay,PAHO,1997,0,0,,4980344
2472,Paraguay,PAHO,1998,0,0,,5089310
2473,Paraguay,PAHO,1999,1164,0,,5196937
2474,Paraguay,PAHO,2000,24282,0,300,5302700
2475,Paraguay,PAHO,2001,38,0,,5406624
2476,Paraguay,PAHO,2002,1871,0,,5508611
2477,Paraguay,PAHO,2003,137,0,,5607950
2478,Paraguay,PAHO,2004,164,0,,5703740
2479,Paraguay,PAHO,2005,405,0,200,5795494
2480,Paraguay,PAHO,2006,4271,0,,5882796
2481,Paraguay,PAHO,2007,28182,17,,5966159
2482,Paraguay,PAHO,2008,1953,0,,6047117
2483,Paraguay,PAHO,2009,6143,0,,6127837
2484,Paraguay,PAHO,2010,13553,15,1000,6209877
2485,Paraguay,PAHO,2011,42945,62,,6293783
2486,Paraguay,PAHO,2012,39063,70,,6379219
2487,Paraguay,PAHO,2013,144539,251,,6465740
2488,Paraguay,PAHO,2014,10010,5,,6552584
1480,India,SEARO,1990,,,0,870133480
1481,India,SEARO,1991,6291,3,,888054875
1482,India,SEARO,1992,2683,12,,906021106
1483,India,SEARO,1993,11125,36,,924057817
1484,India,SEARO,1994,7494,4,,942204249
1485,India,SEARO,1995,7847,10,,960482795
1486,India,SEARO,1996,16517,545,,978893217
1487,India,SEARO,1997,1177,36,,997405318
1488,India,SEARO,1998,717,18,,1015974042
1489,India,SEARO,1999,944,17,,1034539214
1490,India,SEARO,2000,650,7,231300,1053050912
1491,India,SEARO,2001,3306,53,,1071477855
1492,India,SEARO,2002,1926,33,,1089807112
1493,India,SEARO,2003,12754,215,,1108027848
1494,India,SEARO,2004,4153,45,,1126135777
1495,India,SEARO,2005,11985,157,664200,1144118674
1496,India,SEARO,2006,12317,184,,1161977719
1497,India,SEARO,2007,5023,62,,1179681239
1498,India,SEARO,2008,12561,80,,1197146906
1499,India,SEARO,2009,15535,96,,1214270132
1500,India,SEARO,2010,28292,110,1020300,1230980691
1501,India,SEARO,2011,18860,169,,1247236029
1502,India,SEARO,2012,50222,242,,1263065852
1503,India,SEARO,2013,75808,195,,1278562207
1504,India,SEARO,2014,40571,137,,1293859294
1364,Haiti,PAHO,1990,0,0,0,7099732
1365,Haiti,PAHO,1991,0,0,,7243391
1366,Haiti,PAHO,1992,0,0,,7386975
1367,Haiti,PAHO,1993,0,0,,7530705
1368,Haiti,PAHO,1994,0,0,,7674911
1369,Haiti,PAHO,1995,0,0,,7819806
1370,Haiti,PAHO,1996,0,0,,7965553
1371,Haiti,PAHO,1997,0,0,,8111951
1372,Haiti,PAHO,1998,0,0,,8258483
1373,Haiti,PAHO,1999,0,0,,8404398
1374,Haiti,PAHO,2000,314,0,1400,8549200
1375,Haiti,PAHO,2001,0,0,,8692567
1376,Haiti,PAHO,2002,0,0,,8834733
1377,Haiti,PAHO,2003,0,0,,8976552
1378,Haiti,PAHO,2004,0,0,,9119178
1379,Haiti,PAHO,2005,0,0,800,9263404
1380,Haiti,PAHO,2006,0,0,,9409457
1381,Haiti,PAHO,2007,0,0,,9556889
1382,Haiti,PAHO,2008,0,0,,9705029
1383,Haiti,PAHO,2009,0,0,,9852870
1384,Haiti,PAHO,2010,0,0,1400,9999617
1385,Haiti,PAHO,2011,0,0,,10145054
1386,Haiti,PAHO,2012,240,0,,10289210
1387,Haiti,PAHO,2013,0,0,,10431776
1388,Haiti,PAHO,2014,0,0,,10572466
842,Democratic People's Republic of Korea,SEARO,1990,,,0,20293054
843,Democratic People's Republic of Korea,SEARO,1991,,,,20609150
844,Democratic People's Republic of Korea,SEARO,1992,,,,20937404
845,Democratic People's Republic of Korea,SEARO,1993,,,,21265834
846,Democratic People's Republic of Korea,SEARO,1994,,,,21577982
847,Democratic People's Republic of Korea,SEARO,1995,,,,21862299
848,Democratic People's Republic of Korea,SEARO,1996,,,,22113548
849,Democratic People's Republic of Korea,SEARO,1997,,,,22335638
850,Democratic People's Republic of Korea,SEARO,1998,,,,22537336
851,Democratic People's Republic of Korea,SEARO,1999,,,,22731985
852,Democratic People's Republic of Korea,SEARO,2000,,,,22929075
853,Democratic People's Republic of Korea,SEARO,2001,,,,23131810
854,Democratic People's Republic of Korea,SEARO,2002,,,,23336681
855,Democratic People's Republic of Korea,SEARO,2003,,,,23538540
856,Democratic People's Republic of Korea,SEARO,2004,,,,23729498
857,Democratic People's Republic of Korea,SEARO,2005,,,,23904167
858,Democratic People's Republic of Korea,SEARO,2006,,,,24061097
859,Democratic People's Republic of Korea,SEARO,2007,,,,24203289
860,Democratic People's Republic of Korea,SEARO,2008,,,,24335146
861,Democratic People's Republic of Korea,SEARO,2009,,,,24463021
862,Democratic People's Republic of Korea,SEARO,2010,,,,24591599
863,Democratic People's Republic of Korea,SEARO,2011,,,,24722298
864,Democratic People's Republic of Korea,SEARO,2012,0,0,,24854034
865,Democratic People's Republic of Korea,SEARO,2013,,,,24985976
866,Democratic People's Republic of Korea,SEARO,2014,,,,25116363
3015,Sweden,EURO,1990,,,0,8567384
3016,Sweden,EURO,1991,,,,8625137
3017,Sweden,EURO,1992,,,,8686738
3018,Sweden,EURO,1993,,,,8746776
3019,Sweden,EURO,1994,,,,8798234
3020,Sweden,EURO,1995,,,,8836420
3021,Sweden,EURO,1996,,,,8859191
3022,Sweden,EURO,1997,,,,8868853
3023,Sweden,EURO,1998,,,,8870848
3024,Sweden,EURO,1999,,,,8873100
3025,Sweden,EURO,2000,,,,8881640
3026,Sweden,EURO,2001,,,,8897793
3027,Sweden,EURO,2002,,,,8920694
3028,Sweden,EURO,2003,,,,8951422
3029,Sweden,EURO,2004,,,,8990639
3030,Sweden,EURO,2005,,,,9038623
3031,Sweden,EURO,2006,,,,9096264
3032,Sweden,EURO,2007,,,,9163243
3033,Sweden,EURO,2008,0,,,9236890
3034,Sweden,EURO,2009,0,,,9313478
3035,Sweden,EURO,2010,0,,,9390168
3036,Sweden,EURO,2011,99,,,9465892
3037,Sweden,EURO,2012,175,,,9540907
3038,Sweden,EURO,2013,220,,,9615247
3039,Sweden,EURO,2014,119,,,9689376
2232,New Zealand,WPRO,1990,,,0,3398172
2233,New Zealand,WPRO,1991,0,,,3446170
2234,New Zealand,WPRO,1992,0,,,3503181
2235,New Zealand,WPRO,1993,0,,,3564464
2236,New Zealand,WPRO,1994,0,,,3623279
2237,New Zealand,WPRO,1995,0,,,3674936
2238,New Zealand,WPRO,1996,11,,,3717349
2239,New Zealand,WPRO,1997,0,,,3752362
2240,New Zealand,WPRO,1998,25,,,3783974
2241,New Zealand,WPRO,1999,9,,,3818131
2242,New Zealand,WPRO,2000,7,,,3858999
2243,New Zealand,WPRO,2001,0,,,3907933
2244,New Zealand,WPRO,2002,0,,,3963206
2245,New Zealand,WPRO,2003,0,,,4022069
2246,New Zealand,WPRO,2004,0,0,,4080438
2247,New Zealand,WPRO,2005,0,0,,4135355
2248,New Zealand,WPRO,2006,0,0,,4185917
2249,New Zealand,WPRO,2007,0,0,,4233151
2250,New Zealand,WPRO,2008,7,0,,4278325
2251,New Zealand,WPRO,2009,99,0,,4323482
2252,New Zealand,WPRO,2010,51,0,,4370062
2253,New Zealand,WPRO,2011,42,0,,4418365
2254,New Zealand,WPRO,2012,0,0,,4467743
2255,New Zealand,WPRO,2013,,,,4517527
2256,New Zealand,WPRO,2014,,,,4566700
2319,Northern Mariana Islands,WPRO,1990,,,0,42538
2320,Northern Mariana Islands,WPRO,1991,,,,45249
2321,Northern Mariana Islands,WPRO,1992,0,,,47919
2322,Northern Mariana Islands,WPRO,1993,0,,,50602
2323,Northern Mariana Islands,WPRO,1994,0,,,53380
2324,Northern Mariana Islands,WPRO,1995,0,,,56278
2325,Northern Mariana Islands,WPRO,1996,,,,59364
2326,Northern Mariana Islands,WPRO,1997,,,,62528
2327,Northern Mariana Islands,WPRO,1998,3,0,,65474
2328,Northern Mariana Islands,WPRO,1999,0,,,67755
2329,Northern Mariana Islands,WPRO,2000,0,0,,69094
2330,Northern Mariana Islands,WPRO,2001,,,,69388
2331,Northern Mariana Islands,WPRO,2002,,,,68763
2332,Northern Mariana Islands,WPRO,2003,,,,67422
2333,Northern Mariana Islands,WPRO,2004,0,0,,65663
2334,Northern Mariana Islands,WPRO,2005,0,0,,63744
2335,Northern Mariana Islands,WPRO,2006,0,0,,61688
2336,Northern Mariana Islands,WPRO,2007,0,0,,59513
2337,Northern Mariana Islands,WPRO,2008,0,0,,57431
2338,Northern Mariana Islands,WPRO,2009,0,0,,55674
2339,Northern Mariana Islands,WPRO,2010,0,0,,54424
2340,Northern Mariana Islands,WPRO,2011,0,0,,53786
2341,Northern Mariana Islands,WPRO,2012,0,0,,53718
2342,Northern Mariana Islands,WPRO,2013,,,,54036
2343,Northern Mariana Islands,WPRO,2014,,,,54468
1451,Iceland,EURO,1990,,,0,255043
1452,Iceland,EURO,1991,,,,257624
1453,Iceland,EURO,1992,,,,260151
1454,Iceland,EURO,1993,,,,262656
1455,Iceland,EURO,1994,,,,265138
1456,Iceland,EURO,1995,,,,267629
1457,Iceland,EURO,1996,,,,270150
1458,Iceland,EURO,1997,,,,272709
1459,Iceland,EURO,1998,,,,275296
1460,Iceland,EURO,1999,,,,277870
1461,Iceland,EURO,2000,,,,280435
1462,Iceland,EURO,2001,,,,282907
1463,Iceland,EURO,2002,,,,285329
1464,Iceland,EURO,2003,,,,287952
1465,Iceland,EURO,2004,,,,291104
1466,Iceland,EURO,2005,,,,294979
1467,Iceland,EURO,2006,,,,299728
1468,Iceland,EURO,2007,,,,305200
1469,Iceland,EURO,2008,,,,310884
1470,Iceland,EURO,2009,0,,,316086
1471,Iceland,EURO,2010,0,,,320328
1472,Iceland,EURO,2011,0,,,323418
1473,Iceland,EURO,2012,0,,,325526
1474,Iceland,EURO,2013,0,,,327029
1475,Iceland,EURO,2014,0,,,328459
3102,Tokelau,WPRO,1990,,,0,1608
3103,Tokelau,WPRO,1991,3,,,1578
3104,Tokelau,WPRO,1992,0,,,1558
3105,Tokelau,WPRO,1993,0,,,1535
3106,Tokelau,WPRO,1994,0,,,1529
3107,Tokelau,WPRO,1995,0,,,1517
3108,Tokelau,WPRO,1996,6,,,1529
3109,Tokelau,WPRO,1997,0,,,1547
3110,Tokelau,WPRO,1998,0,,,1575
3111,Tokelau,WPRO,1999,0,,,1574
3112,Tokelau,WPRO,2000,0,,,1554
3113,Tokelau,WPRO,2001,4,0,,1503
3114,Tokelau,WPRO,2002,0,,,1435
3115,Tokelau,WPRO,2003,0,,,1351
3116,Tokelau,WPRO,2004,0,0,,1273
3117,Tokelau,WPRO,2005,0,0,,1208
3118,Tokelau,WPRO,2006,0,0,,1167
3119,Tokelau,WPRO,2007,0,0,,1141
3120,Tokelau,WPRO,2008,0,0,,1126
3121,Tokelau,WPRO,2009,0,0,,1126
3122,Tokelau,WPRO,2010,0,0,,1140
3123,Tokelau,WPRO,2011,0,0,,1151
3124,Tokelau,WPRO,2012,0,0,,1167
3125,Tokelau,WPRO,2013,,,,1187
3126,Tokelau,WPRO,2014,,,,1219
726,Costa Rica,PAHO,1990,0,0,0,3095995
727,Costa Rica,PAHO,1991,0,0,,3175649
728,Costa Rica,PAHO,1992,0,0,,3257466
729,Costa Rica,PAHO,1993,4612,0,,3341004
730,Costa Rica,PAHO,1994,13929,0,,3425690
731,Costa Rica,PAHO,1995,5134,0,,3510926
732,Costa Rica,PAHO,1996,2307,0,,3596732
733,Costa Rica,PAHO,1997,14267,2,,3682725
734,Costa Rica,PAHO,1998,2628,0,,3767373
735,Costa Rica,PAHO,1999,5923,0,,3848723
736,Costa Rica,PAHO,2000,4903,0,100,3925443
737,Costa Rica,PAHO,2001,9163,0,,3996798
738,Costa Rica,PAHO,2002,12251,0,,4063204
739,Costa Rica,PAHO,2003,19669,0,,4125971
740,Costa Rica,PAHO,2004,9408,0,,4187038
741,Costa Rica,PAHO,2005,37798,2,300,4247841
742,Costa Rica,PAHO,2006,12124,0,,4308794
743,Costa Rica,PAHO,2007,26440,8,,4369469
744,Costa Rica,PAHO,2008,7160,0,,4429508
745,Costa Rica,PAHO,2009,6946,0,,4488263
746,Costa Rica,PAHO,2010,31773,0,400,4545280
747,Costa Rica,PAHO,2011,13854,0,,4600474
748,Costa Rica,PAHO,2012,22243,0,,4654122
749,Costa Rica,PAHO,2013,49868,1,,4706401
750,Costa Rica,PAHO,2014,11140,0,,4757575
349,Bermuda,PAHO,1990,0,0,0,60930
350,Bermuda,PAHO,1991,0,0,,61312
351,Bermuda,PAHO,1992,0,0,,61677
352,Bermuda,PAHO,1993,0,0,,62034
353,Bermuda,PAHO,1994,0,0,,62381
354,Bermuda,PAHO,1995,0,0,,62696
355,Bermuda,PAHO,1996,0,0,,62986
356,Bermuda,PAHO,1997,0,0,,63259
357,Bermuda,PAHO,1998,0,0,,63511
358,Bermuda,PAHO,1999,3,0,,63767
359,Bermuda,PAHO,2000,0,0,,64028
360,Bermuda,PAHO,2001,0,0,,64323
361,Bermuda,PAHO,2002,0,0,,64610
362,Bermuda,PAHO,2003,0,0,,64870
363,Bermuda,PAHO,2004,0,0,,65065
364,Bermuda,PAHO,2005,2,0,,65130
365,Bermuda,PAHO,2006,2,0,,65063
366,Bermuda,PAHO,2007,0,0,,64892
367,Bermuda,PAHO,2008,0,0,,64625
368,Bermuda,PAHO,2009,0,0,,64303
369,Bermuda,PAHO,2010,2,0,,63956
370,Bermuda,PAHO,2011,1,0,,63581
371,Bermuda,PAHO,2012,0,0,,63179
372,Bermuda,PAHO,2013,1,0,,62771
373,Bermuda,PAHO,2014,1,0,,62382
88,Argentina,PAHO,1990,0,0,0,32729739
89,Argentina,PAHO,1991,0,0,,33193918
90,Argentina,PAHO,1992,0,0,,33655151
91,Argentina,PAHO,1993,0,0,,34110917
92,Argentina,PAHO,1994,0,0,,34558115
93,Argentina,PAHO,1995,0,0,,34994814
94,Argentina,PAHO,1996,0,0,,35419682
95,Argentina,PAHO,1997,0,0,,35833969
96,Argentina,PAHO,1998,822,0,,36241590
97,Argentina,PAHO,1999,3,0,,36648068
98,Argentina,PAHO,2000,1700,0,0,37057452
99,Argentina,PAHO,2001,11,0,,37471509
100,Argentina,PAHO,2002,214,0,,37889370
101,Argentina,PAHO,2003,135,0,,38309379
102,Argentina,PAHO,2004,3284,0,,38728696
103,Argentina,PAHO,2005,34,0,0,39145488
104,Argentina,PAHO,2006,181,0,,39558890
105,Argentina,PAHO,2007,173,0,,39970224
106,Argentina,PAHO,2008,40,0,,40382389
107,Argentina,PAHO,2009,26612,5,,40799407
108,Argentina,PAHO,2010,1185,0,200,41223889
109,Argentina,PAHO,2011,213,0,,41656879
110,Argentina,PAHO,2012,2803,0,,42096739
111,Argentina,PAHO,2013,9294,0,,42539925
112,Argentina,PAHO,2014,3270,0,,42981515
1,American Samoa,WPRO,1990,,,0,47038
2,American Samoa,WPRO,1991,0,,,48375
3,American Samoa,WPRO,1992,0,,,49593
4,American Samoa,WPRO,1993,0,,,50720
5,American Samoa,WPRO,1994,246,0,,51803
6,American Samoa,WPRO,1995,246,,,52868
7,American Samoa,WPRO,1996,49,,,53929
8,American Samoa,WPRO,1997,0,,,54941
9,American Samoa,WPRO,1998,205,,,55901
10,American Samoa,WPRO,1999,1,,,56770
11,American Samoa,WPRO,2000,0,,,57521
12,American Samoa,WPRO,2001,500,2,,58175
13,American Samoa,WPRO,2002,1185,0,,58731
14,American Samoa,WPRO,2003,0,,,59117
15,American Samoa,WPRO,2004,0,0,,59264
16,American Samoa,WPRO,2005,0,0,,59118
17,American Samoa,WPRO,2006,1,0,,58650
18,American Samoa,WPRO,2007,126,0,,57903
19,American Samoa,WPRO,2008,649,0,,57030
20,American Samoa,WPRO,2009,419,0,,56227
21,American Samoa,WPRO,2010,51,0,,55637
22,American Samoa,WPRO,2011,0,0,,55320
23,American Samoa,WPRO,2012,0,0,,55230
24,American Samoa,WPRO,2013,,,,55307
25,American Samoa,WPRO,2014,,,,55437
146,Australia,WPRO,1990,,,0,17041431
147,Australia,WPRO,1991,46,,,17271874
148,Australia,WPRO,1992,366,,,17485948
149,Australia,WPRO,1993,690,,,17687479
150,Australia,WPRO,1994,18,,,17882737
151,Australia,WPRO,1995,34,0,,18076743
152,Australia,WPRO,1996,45,,,18271685
153,Australia,WPRO,1997,209,,,18467588
154,Australia,WPRO,1998,558,0,,18665045
155,Australia,WPRO,1999,185,,,18864112
156,Australia,WPRO,2000,232,,200,19065837
157,Australia,WPRO,2001,179,,,19268533
158,Australia,WPRO,2002,224,0,,19475191
159,Australia,WPRO,2003,868,0,,19696972
160,Australia,WPRO,2004,352,0,,19948429
161,Australia,WPRO,2005,219,0,0,20238903
162,Australia,WPRO,2006,2210,0,,20573606
163,Australia,WPRO,2007,316,0,,20946664
164,Australia,WPRO,2008,563,0,,21342493
165,Australia,WPRO,2009,1401,0,,21739040
166,Australia,WPRO,2010,1171,0,100,22120064
167,Australia,WPRO,2011,820,0,,22479799
168,Australia,WPRO,2012,1396,0,,22821849
169,Australia,WPRO,2013,1634,0,,23150729
170,Australia,WPRO,2014,1434,0,,23474668
436,Brazil,PAHO,1990,40916,8,0,149352145
437,Brazil,PAHO,1991,97397,0,,151976577
438,Brazil,PAHO,1992,3501,0,,154564278
439,Brazil,PAHO,1993,6915,0,,157132682
440,Brazil,PAHO,1994,54453,11,,159705123
441,Brazil,PAHO,1995,124887,2,,162296612
442,Brazil,PAHO,1996,175751,2,,164913306
443,Brazil,PAHO,1997,254942,5,,167545164
444,Brazil,PAHO,1998,535178,10,,170170640
445,Brazil,PAHO,1999,204131,3,,172759243
446,Brazil,PAHO,2000,231412,3,9100,175287587
447,Brazil,PAHO,2001,411709,29,,177750670
448,Brazil,PAHO,2002,780644,145,,180151021
449,Brazil,PAHO,2003,340476,38,,182482149
450,Brazil,PAHO,2004,112928,3,,184738458
451,Brazil,PAHO,2005,203789,43,8700,186917361
452,Brazil,PAHO,2006,346550,67,,189012412
453,Brazil,PAHO,2007,559954,158,,191026637
454,Brazil,PAHO,2008,734384,212,,192979029
455,Brazil,PAHO,2009,528883,298,,194895996
456,Brazil,PAHO,2010,1004392,673,51500,196796269
457,Brazil,PAHO,2011,764032,482,,198686688
458,Brazil,PAHO,2012,593093,284,,200560983
459,Brazil,PAHO,2013,1468873,545,,202408632
460,Brazil,PAHO,2014,591080,410,,204213133
2435,Papua New Guinea,WPRO,1990,,,0,4313059
2436,Papua New Guinea,WPRO,1991,475,,,4423007
2437,Papua New Guinea,WPRO,1992,0,,,4535520
2438,Papua New Guinea,WPRO,1993,0,,,4651169
2439,Papua New Guinea,WPRO,1994,0,,,4770606
2440,Papua New Guinea,WPRO,1995,0,,,4894276
2441,Papua New Guinea,WPRO,1996,0,,,5022437
2442,Papua New Guinea,WPRO,1997,0,,,5154910
2443,Papua New Guinea,WPRO,1998,0,,,5291178
2444,Papua New Guinea,WPRO,1999,0,,,5430479
2445,Papua New Guinea,WPRO,2000,0,,600,5572222
2446,Papua New Guinea,WPRO,2001,0,0,,5716152
2447,Papua New Guinea,WPRO,2002,22,,,5862316
2448,Papua New Guinea,WPRO,2003,0,,,6010724
2449,Papua New Guinea,WPRO,2004,0,0,,6161517
2450,Papua New Guinea,WPRO,2005,0,0,500,6314709
2451,Papua New Guinea,WPRO,2006,0,0,,6470272
2452,Papua New Guinea,WPRO,2007,0,0,,6627922
2453,Papua New Guinea,WPRO,2008,0,0,,6787187
2454,Papua New Guinea,WPRO,2009,28,0,,6947447
2455,Papua New Guinea,WPRO,2010,0,0,400,7108239
2456,Papua New Guinea,WPRO,2011,0,0,,7269348
2457,Papua New Guinea,WPRO,2012,0,0,,7430836
2458,Papua New Guinea,WPRO,2013,,,,7592865
2459,Papua New Guinea,WPRO,2014,,,,7755785
3247,United Kingdom of Great Britain and Northern Ireland,EURO,1990,,,0,57183331
3248,United Kingdom of Great Britain and Northern Ireland,EURO,1991,,,,57339447
3249,United Kingdom of Great Britain and Northern Ireland,EURO,1992,,,,57494538
3250,United Kingdom of Great Britain and Northern Ireland,EURO,1993,,,,57650473
3251,United Kingdom of Great Britain and Northern Ireland,EURO,1994,,,,57810771
3252,United Kingdom of Great Britain and Northern Ireland,EURO,1995,,,,57978321
3253,United Kingdom of Great Britain and Northern Ireland,EURO,1996,,,,58156745
3254,United Kingdom of Great Britain and Northern Ireland,EURO,1997,,,,58346673
3255,United Kingdom of Great Britain and Northern Ireland,EURO,1998,,,,58544938
3256,United Kingdom of Great Britain and Northern Ireland,EURO,1999,,,,58746728
3257,United Kingdom of Great Britain and Northern Ireland,EURO,2000,,,,58950848
3258,United Kingdom of Great Britain and Northern Ireland,EURO,2001,,,,59149343
3259,United Kingdom of Great Britain and Northern Ireland,EURO,2002,,,,59348953
3260,United Kingdom of Great Britain and Northern Ireland,EURO,2003,,,,59580222
3261,United Kingdom of Great Britain and Northern Ireland,EURO,2004,,,,59884128
3262,United Kingdom of Great Britain and Northern Ireland,EURO,2005,,,,60286754
3263,United Kingdom of Great Britain and Northern Ireland,EURO,2006,,,,60802801
3264,United Kingdom of Great Britain and Northern Ireland,EURO,2007,,,,61414660
3265,United Kingdom of Great Britain and Northern Ireland,EURO,2008,2,,,62076221
3266,United Kingdom of Great Britain and Northern Ireland,EURO,2009,3,,,62722607
3267,United Kingdom of Great Britain and Northern Ireland,EURO,2010,3,,,63306843
3268,United Kingdom of Great Britain and Northern Ireland,EURO,2011,12,,,63811882
3269,United Kingdom of Great Britain and Northern Ireland,EURO,2012,0,,,64250330
3270,United Kingdom of Great Britain and Northern Ireland,EURO,2013,571,,,64641110
3271,United Kingdom of Great Britain and Northern Ireland,EURO,2014,376,,,65015686
1016,Fiji,WPRO,1990,1461,,0,728628
1017,Fiji,WPRO,1991,65,,,735473
1018,Fiji,WPRO,1992,358,,,744531
1019,Fiji,WPRO,1993,39,,,755026
1020,Fiji,WPRO,1994,0,,,765667
1021,Fiji,WPRO,1995,31,,,775498
1022,Fiji,WPRO,1996,2,,,784476
1023,Fiji,WPRO,1997,0,,,792860
1024,Fiji,WPRO,1998,24780,13,,800315
1025,Fiji,WPRO,1999,430,,,806494
1026,Fiji,WPRO,2000,14,0,2300,811223
1027,Fiji,WPRO,2001,3,0,,814218
1028,Fiji,WPRO,2002,0,,,815691
1029,Fiji,WPRO,2003,16,,,816628
1030,Fiji,WPRO,2004,2,0,,818354
1031,Fiji,WPRO,2005,0,0,100,821817
1032,Fiji,WPRO,2006,25,0,,827411
1033,Fiji,WPRO,2007,100,0,,834812
1034,Fiji,WPRO,2008,2014,0,,843340
1035,Fiji,WPRO,2009,374,0,,851967
1036,Fiji,WPRO,2010,8,0,200,859950
1037,Fiji,WPRO,2011,245,0,,867086
1038,Fiji,WPRO,2012,0,0,,873596
1039,Fiji,WPRO,2013,,,,879715
1040,Fiji,WPRO,2014,,,,885806
697,Cook Islands,WPRO,1990,5,,0,18356
698,Cook Islands,WPRO,1991,1776,,,18528
699,Cook Islands,WPRO,1992,5,,,18714
700,Cook Islands,WPRO,1993,0,,,18869
701,Cook Islands,WPRO,1994,1,0,,18963
702,Cook Islands,WPRO,1995,786,,,18956
703,Cook Islands,WPRO,1996,2,,,18815
704,Cook Islands,WPRO,1997,1652,0,,18569
705,Cook Islands,WPRO,1998,0,0,,18295
706,Cook Islands,WPRO,1999,0,,,18124
707,Cook Islands,WPRO,2000,0,,,18122
708,Cook Islands,WPRO,2001,21,,,18322
709,Cook Islands,WPRO,2002,2256,,,18702
710,Cook Islands,WPRO,2003,1,,,19148
711,Cook Islands,WPRO,2004,4,0,,19522
712,Cook Islands,WPRO,2005,0,0,,19710
713,Cook Islands,WPRO,2006,468,0,,19696
714,Cook Islands,WPRO,2007,1424,0,,19511
715,Cook Islands,WPRO,2008,11,0,,19212
716,Cook Islands,WPRO,2009,170,0,,18868
717,Cook Islands,WPRO,2010,0,0,,18545
718,Cook Islands,WPRO,2011,0,0,,18257
719,Cook Islands,WPRO,2012,0,0,,17996
720,Cook Islands,WPRO,2013,,,,17767
721,Cook Islands,WPRO,2014,946,,,17588
1161,Germany,EURO,1990,,,0,79118326
1162,Germany,EURO,1991,,,,79564454
1163,Germany,EURO,1992,,,,80046157
1164,Germany,EURO,1993,,,,80520088
1165,Germany,EURO,1994,,,,80931041
1166,Germany,EURO,1995,,,,81240604
1167,Germany,EURO,1996,,,,81426337
1168,Germany,EURO,1997,,,,81499866
1169,Germany,EURO,1998,,,,81499232
1170,Germany,EURO,1999,,,,81481612
1171,Germany,EURO,2000,,,,81487757
1172,Germany,EURO,2001,,,,81535848
1173,Germany,EURO,2002,,,,81611868
1174,Germany,EURO,2003,,,,81686495
1175,Germany,EURO,2004,,,,81715659
1176,Germany,EURO,2005,,,,81671234
1177,Germany,EURO,2006,,,,81540353
1178,Germany,EURO,2007,,,,81344457
1179,Germany,EURO,2008,272,,,81130944
1180,Germany,EURO,2009,296,,,80965612
1181,Germany,EURO,2010,595,,,80894785
1182,Germany,EURO,2011,288,,,80933980
1183,Germany,EURO,2012,616,,,81066228
1184,Germany,EURO,2013,872,,,81265139
1185,Germany,EURO,2014,620,,,81489660
1277,Guam,WPRO,1990,,,0,130482
1278,Guam,WPRO,1991,0,,,133558
1279,Guam,WPRO,1992,0,,,136692
1280,Guam,WPRO,1993,0,,,139818
1281,Guam,WPRO,1994,0,,,142802
1282,Guam,WPRO,1995,0,,,145561
1283,Guam,WPRO,1996,0,,,148060
1284,Guam,WPRO,1997,1,,,150303
1285,Guam,WPRO,1998,2,0,,152277
1286,Guam,WPRO,1999,1,,,153953
1287,Guam,WPRO,2000,2,,,155329
1288,Guam,WPRO,2001,0,,,156401
1289,Guam,WPRO,2002,0,,,157175
1290,Guam,WPRO,2003,1,,,157714
1291,Guam,WPRO,2004,1,0,,158099
1292,Guam,WPRO,2005,0,0,,158402
1293,Guam,WPRO,2006,3,0,,158648
1294,Guam,WPRO,2007,1,0,,158855
1295,Guam,WPRO,2008,0,0,,159035
1296,Guam,WPRO,2009,0,0,,159231
1297,Guam,WPRO,2010,3,0,,159444
1298,Guam,WPRO,2011,0,0,,159678
1299,Guam,WPRO,2012,0,0,,159973
1300,Guam,WPRO,2013,,,,160375
1301,Guam,WPRO,2014,,,,160967
1683,Lao People's Democratic Republic,WPRO,1990,60,,0,4258472
1684,Lao People's Democratic Republic,WPRO,1991,249,,,4380073
1685,Lao People's Democratic Republic,WPRO,1992,265,,,4502363
1686,Lao People's Democratic Republic,WPRO,1993,343,4,,4623280
1687,Lao People's Democratic Republic,WPRO,1994,2585,15,,4740380
1688,Lao People's Democratic Republic,WPRO,1995,7781,31,,4851923
1689,Lao People's Democratic Republic,WPRO,1996,8197,24,,4957180
1690,Lao People's Democratic Republic,WPRO,1997,3411,0,,5056519
1691,Lao People's Democratic Republic,WPRO,1998,7671,30,,5150763
1692,Lao People's Democratic Republic,WPRO,1999,2507,4,,5241284
1693,Lao People's Democratic Republic,WPRO,2000,1377,4,2100,5329304
1694,Lao People's Democratic Republic,WPRO,2001,3817,4,,5414568
1695,Lao People's Democratic Republic,WPRO,2002,9192,22,,5497273
1696,Lao People's Democratic Republic,WPRO,2003,17633,65,,5579656
1697,Lao People's Democratic Republic,WPRO,2004,3414,0,,5664605
1698,Lao People's Democratic Republic,WPRO,2005,5471,0,3000,5754026
1699,Lao People's Democratic Republic,WPRO,2006,6356,6,,5849356
1700,Lao People's Democratic Republic,WPRO,2007,4943,4,,5949787
1701,Lao People's Democratic Republic,WPRO,2008,4149,21,,6052190
1702,Lao People's Democratic Republic,WPRO,2009,7214,12,,6152036
1703,Lao People's Democratic Republic,WPRO,2010,22929,46,6200,6246274
1704,Lao People's Democratic Republic,WPRO,2011,3905,7,,6333487
1705,Lao People's Democratic Republic,WPRO,2012,8651,0,,6415169
1706,Lao People's Democratic Republic,WPRO,2013,,,,6494557
1707,Lao People's Democratic Republic,WPRO,2014,,,,6576397
2089,Nauru,WPRO,1990,,,0,9155
2090,Nauru,WPRO,1991,0,,,9348
2091,Nauru,WPRO,1992,0,,,9546
2092,Nauru,WPRO,1993,0,,,9719
2093,Nauru,WPRO,1994,0,,,9857
2094,Nauru,WPRO,1995,0,,,9969
2095,Nauru,WPRO,1996,0,,,10029
2096,Nauru,WPRO,1997,0,,,10057
2097,Nauru,WPRO,1998,0,,,10046
2098,Nauru,WPRO,1999,0,,,10040
2099,Nauru,WPRO,2000,0,,,10037
2100,Nauru,WPRO,2001,0,,,10052
2101,Nauru,WPRO,2002,0,,,10080
2102,Nauru,WPRO,2003,233,0,,10106
2103,Nauru,WPRO,2004,0,0,,10126
2104,Nauru,WPRO,2005,0,0,,10114
2105,Nauru,WPRO,2006,0,0,,10071
2106,Nauru,WPRO,2007,0,0,,10002
2107,Nauru,WPRO,2008,2,0,,9947
2108,Nauru,WPRO,2009,0,0,,9945
2109,Nauru,WPRO,2010,0,0,,10025
2110,Nauru,WPRO,2011,0,0,,10208
2111,Nauru,WPRO,2012,0,0,,10478
2112,Nauru,WPRO,2013,,,,10790
2113,Nauru,WPRO,2014,,,,11070
2928,Spain,EURO,1990,,,0,39306102
2929,Spain,EURO,1991,,,,39403200
2930,Spain,EURO,1992,,,,39515511
2931,Spain,EURO,1993,,,,39638635
2932,Spain,EURO,1994,,,,39764562
2933,Spain,EURO,1995,,,,39890498
2934,Spain,EURO,1996,,,,40009324
2935,Spain,EURO,1997,,,,40131560
2936,Spain,EURO,1998,,,,40292642
2937,Spain,EURO,1999,,,,40539723
2938,Spain,EURO,2000,,,,40903711
2939,Spain,EURO,2001,,,,41392103
2940,Spain,EURO,2002,,,,41985520
2941,Spain,EURO,2003,,,,42653406
2942,Spain,EURO,2004,,,,43351668
2943,Spain,EURO,2005,,,,44042632
2944,Spain,EURO,2006,,,,44725532
2945,Spain,EURO,2007,,,,45393858
2946,Spain,EURO,2008,0,,,45997806
2947,Spain,EURO,2009,4,,,46476072
2948,Spain,EURO,2010,0,,,46788630
2949,Spain,EURO,2011,0,,,46909138
2950,Spain,EURO,2012,0,,,46857404
2951,Spain,EURO,2013,0,,,46697553
2952,Spain,EURO,2014,0,,,46521827
639,China,WPRO,1990,376,,0,1172445200
640,China,WPRO,1991,902,3,,1189183522
641,China,WPRO,1992,46095,0,,1204003901
642,China,WPRO,1993,359,0,,1217129133
643,China,WPRO,1994,17,0,,1228991932
644,China,WPRO,1995,6114,0,,1239940004
645,China,WPRO,1996,13,,,1249981441
646,China,WPRO,1997,647,0,,1259066974
647,China,WPRO,1998,76,,,1267441503
648,China,WPRO,1999,1306,0,,1275406699
649,China,WPRO,2000,405,0,8300,1283198970
650,China,WPRO,2001,375,1,,1290937649
651,China,WPRO,2002,1606,,,1298646577
652,China,WPRO,2003,93,,,1306343911
653,China,WPRO,2004,247,0,,1314007478
654,China,WPRO,2005,40,0,10000,1321623490
655,China,WPRO,2006,1044,0,,1329209094
656,China,WPRO,2007,539,0,,1336800506
657,China,WPRO,2008,202,0,,1344415227
658,China,WPRO,2009,153,0,,1352068091
659,China,WPRO,2010,202,0,7200,1359755102
660,China,WPRO,2011,124,0,,1367480264
661,China,WPRO,2012,0,0,,1375198619
662,China,WPRO,2013,,,,1382793212
663,China,WPRO,2014,45171,6,,1390110388
3421,Viet Nam,WPRO,1990,37569,,0,68209605
3422,Viet Nam,WPRO,1991,111817,347,,69670902
3423,Viet Nam,WPRO,1992,51311,206,,71130448
3424,Viet Nam,WPRO,1993,53674,160,,72560427
3425,Viet Nam,WPRO,1994,44944,115,,73925082
3426,Viet Nam,WPRO,1995,80447,222,,75198977
3427,Viet Nam,WPRO,1996,89963,205,,76372719
3428,Viet Nam,WPRO,1997,108000,245,,77453335
3429,Viet Nam,WPRO,1998,234920,383,,78452897
3430,Viet Nam,WPRO,1999,36996,66,,79391374
3431,Viet Nam,WPRO,2000,24116,52,22200,80285562
3432,Viet Nam,WPRO,2001,42878,64,,81139919
3433,Viet Nam,WPRO,2002,31754,52,,81956496
3434,Viet Nam,WPRO,2003,47731,72,,82747662
3435,Viet Nam,WPRO,2004,78692,0,,83527678
3436,Viet Nam,WPRO,2005,60982,0,24000,84308843
3437,Viet Nam,WPRO,2006,77780,53,,85094617
3438,Viet Nam,WPRO,2007,104393,88,,85889590
3439,Viet Nam,WPRO,2008,96451,97,,86707801
3440,Viet Nam,WPRO,2009,105370,87,,87565407
3441,Viet Nam,WPRO,2010,128831,55,28500,88472512
3442,Viet Nam,WPRO,2011,69680,61,,89436644
3443,Viet Nam,WPRO,2012,69023,0,,90451881
3444,Viet Nam,WPRO,2013,52913,53,,91497725
3445,Viet Nam,WPRO,2014,31848,17,,92544915
813,Czech Republic,EURO,1990,,,0,10341169
814,Czech Republic,EURO,1991,,,,10346750
815,Czech Republic,EURO,1992,,,,10353318
816,Czech Republic,EURO,1993,,,,10358972
817,Czech Republic,EURO,1994,,,,10361242
818,Czech Republic,EURO,1995,,,,10358456
819,Czech Republic,EURO,1996,,,,10350570
820,Czech Republic,EURO,1997,,,,10338593
821,Czech Republic,EURO,1998,,,,10323488
822,Czech Republic,EURO,1999,,,,10306645
823,Czech Republic,EURO,2000,,,,10289594
824,Czech Republic,EURO,2001,,,,10271204
825,Czech Republic,EURO,2002,,,,10252439
826,Czech Republic,EURO,2003,,,,10239277
827,Czech Republic,EURO,2004,,,,10239536
828,Czech Republic,EURO,2005,,,,10258176
829,Czech Republic,EURO,2006,,,,10298288
830,Czech Republic,EURO,2007,,,,10356586
831,Czech Republic,EURO,2008,0,,,10423794
832,Czech Republic,EURO,2009,0,,,10486845
833,Czech Republic,EURO,2010,0,,,10536286
834,Czech Republic,EURO,2011,0,,,10568715
835,Czech Republic,EURO,2012,0,,,10586755
836,Czech Republic,EURO,2013,0,,,10594481
837,Czech Republic,EURO,2014,0,,,10598526
378,Bhutan,SEARO,1990,0,0,0,537280
379,Bhutan,SEARO,1991,0,0,,537284
380,Bhutan,SEARO,1992,0,0,,531525
381,Bhutan,SEARO,1993,0,0,,523117
382,Bhutan,SEARO,1994,0,0,,516503
383,Bhutan,SEARO,1995,0,0,,514877
384,Bhutan,SEARO,1996,0,0,,519282
385,Bhutan,SEARO,1997,0,0,,528754
386,Bhutan,SEARO,1998,0,0,,542155
387,Bhutan,SEARO,1999,0,0,,557543
388,Bhutan,SEARO,2000,0,0,0,573416
389,Bhutan,SEARO,2001,0,0,,589600
390,Bhutan,SEARO,2002,0,0,,606399
391,Bhutan,SEARO,2003,0,0,,623434
392,Bhutan,SEARO,2004,2651,0,,640282
393,Bhutan,SEARO,2005,11,0,0,656639
394,Bhutan,SEARO,2006,480,1,,672228
395,Bhutan,SEARO,2007,120,5,,686958
396,Bhutan,SEARO,2008,73,5,,700950
397,Bhutan,SEARO,2009,351,8,,714458
398,Bhutan,SEARO,2010,887,4,100,727641
399,Bhutan,SEARO,2011,712,1,,740510
400,Bhutan,SEARO,2012,1101,0,,752967
401,Bhutan,SEARO,2013,111,0,,764961
402,Bhutan,SEARO,2014,0,0,,776448
2754,Saint Vincent and the Grenadines,PAHO,1990,9,0,0,107505
2755,Saint Vincent and the Grenadines,PAHO,1991,1,0,,107814
2756,Saint Vincent and the Grenadines,PAHO,1992,7,0,,108003
2757,Saint Vincent and the Grenadines,PAHO,1993,7,0,,108092
2758,Saint Vincent and the Grenadines,PAHO,1994,2,0,,108129
2759,Saint Vincent and the Grenadines,PAHO,1995,224,0,,108122
2760,Saint Vincent and the Grenadines,PAHO,1996,190,0,,108075
2761,Saint Vincent and the Grenadines,PAHO,1997,3,0,,108004
2762,Saint Vincent and the Grenadines,PAHO,1998,112,0,,107922
2763,Saint Vincent and the Grenadines,PAHO,1999,8,0,,107880
2764,Saint Vincent and the Grenadines,PAHO,2000,5,0,0,107898
2765,Saint Vincent and the Grenadines,PAHO,2001,3,0,,107988
2766,Saint Vincent and the Grenadines,PAHO,2002,121,0,,108146
2767,Saint Vincent and the Grenadines,PAHO,2003,3,0,,108350
2768,Saint Vincent and the Grenadines,PAHO,2004,4,0,,108559
2769,Saint Vincent and the Grenadines,PAHO,2005,8,0,0,108744
2770,Saint Vincent and the Grenadines,PAHO,2006,5,0,,108907
2771,Saint Vincent and the Grenadines,PAHO,2007,2,0,,109047
2772,Saint Vincent and the Grenadines,PAHO,2008,6,0,,109165
2773,Saint Vincent and the Grenadines,PAHO,2009,10,0,,109253
2774,Saint Vincent and the Grenadines,PAHO,2010,216,0,0,109315
2775,Saint Vincent and the Grenadines,PAHO,2011,47,0,,109341
2776,Saint Vincent and the Grenadines,PAHO,2012,193,0,,109328
2777,Saint Vincent and the Grenadines,PAHO,2013,127,0,,109320
2778,Saint Vincent and the Grenadines,PAHO,2014,117,0,,109357
291,Belgium,EURO,1990,,,0,10006544
292,Belgium,EURO,1991,,,,10039445
293,Belgium,EURO,1992,,,,10078101
294,Belgium,EURO,1993,,,,10118674
295,Belgium,EURO,1994,,,,10155919
296,Belgium,EURO,1995,,,,10186305
297,Belgium,EURO,1996,,,,10208275
298,Belgium,EURO,1997,,,,10223789
299,Belgium,EURO,1998,,,,10237299
300,Belgium,EURO,1999,,,,10255160
301,Belgium,EURO,2000,,,,10282033
302,Belgium,EURO,2001,,,,10319019
303,Belgium,EURO,2002,,,,10364885
304,Belgium,EURO,2003,,,,10419032
305,Belgium,EURO,2004,,,,10480117
306,Belgium,EURO,2005,,,,10546886
307,Belgium,EURO,2006,,,,10619567
308,Belgium,EURO,2007,,,,10697835
309,Belgium,EURO,2008,0,,,10779173
310,Belgium,EURO,2009,0,,,10860290
311,Belgium,EURO,2010,0,,,10938739
312,Belgium,EURO,2011,0,,,11013083
313,Belgium,EURO,2012,0,,,11083550
314,Belgium,EURO,2013,139,,,11151512
315,Belgium,EURO,2014,94,,,11219161
233,Bangladesh,SEARO,1990,0,0,0,106188642
234,Bangladesh,SEARO,1991,0,0,,108727432
235,Bangladesh,SEARO,1992,0,0,,111221938
236,Bangladesh,SEARO,1993,0,0,,113695139
237,Bangladesh,SEARO,1994,0,0,,116182267
238,Bangladesh,SEARO,1995,0,0,,118706871
239,Bangladesh,SEARO,1996,0,0,,121269645
240,Bangladesh,SEARO,1997,0,0,,123854640
241,Bangladesh,SEARO,1998,0,0,,126447965
242,Bangladesh,SEARO,1999,273,4,,129029691
243,Bangladesh,SEARO,2000,5555,93,30500,131581243
244,Bangladesh,SEARO,2001,2430,44,,134107160
245,Bangladesh,SEARO,2002,6232,58,,136600667
246,Bangladesh,SEARO,2003,486,10,,139019001
247,Bangladesh,SEARO,2004,3934,13,,141307489
248,Bangladesh,SEARO,2005,1048,4,16100,143431101
249,Bangladesh,SEARO,2006,2200,11,,145368004
250,Bangladesh,SEARO,2007,466,1,,147139191
251,Bangladesh,SEARO,2008,1181,0,,148805814
252,Bangladesh,SEARO,2009,474,0,,150454708
253,Bangladesh,SEARO,2010,409,0,9600,152149102
254,Bangladesh,SEARO,2011,1362,6,,153911916
255,Bangladesh,SEARO,2012,671,1,,155727053
256,Bangladesh,SEARO,2013,1949,2,,157571292
257,Bangladesh,SEARO,2014,375,0,,159405279
3392,Venezuela (Bolivarian Republic of),PAHO,1990,10962,52,0,19861956
3393,Venezuela (Bolivarian Republic of),PAHO,1991,6559,26,,20332079
3394,Venezuela (Bolivarian Republic of),PAHO,1992,3356,12,,20799075
3395,Venezuela (Bolivarian Republic of),PAHO,1993,9059,20,,21263443
3396,Venezuela (Bolivarian Republic of),PAHO,1994,15046,14,,21726352
3397,Venezuela (Bolivarian Republic of),PAHO,1995,32280,43,,22188667
3398,Venezuela (Bolivarian Republic of),PAHO,1996,9180,13,,22650102
3399,Venezuela (Bolivarian Republic of),PAHO,1997,33654,43,,23110178
3400,Venezuela (Bolivarian Republic of),PAHO,1998,37586,34,,23569454
3401,Venezuela (Bolivarian Republic of),PAHO,1999,21340,15,,24028689
3402,Venezuela (Bolivarian Republic of),PAHO,2000,16729,5,3900,24488340
3403,Venezuela (Bolivarian Republic of),PAHO,2001,70098,15,,24948476
3404,Venezuela (Bolivarian Republic of),PAHO,2002,31718,1,,25408700
3405,Venezuela (Bolivarian Republic of),PAHO,2003,22504,7,,25868523
3406,Venezuela (Bolivarian Republic of),PAHO,2004,26721,5,,26327225
3407,Venezuela (Bolivarian Republic of),PAHO,2005,42198,4,4300,26784161
3408,Venezuela (Bolivarian Republic of),PAHO,2006,39860,0,,27239168
3409,Venezuela (Bolivarian Republic of),PAHO,2007,80646,0,,27691965
3410,Venezuela (Bolivarian Republic of),PAHO,2008,48048,0,,28141701
3411,Venezuela (Bolivarian Republic of),PAHO,2009,65869,0,,28587323
3412,Venezuela (Bolivarian Republic of),PAHO,2010,123967,0,8900,29028033
3413,Venezuela (Bolivarian Republic of),PAHO,2011,31551,0,,29463291
3414,Venezuela (Bolivarian Republic of),PAHO,2012,49044,0,,29893080
3415,Venezuela (Bolivarian Republic of),PAHO,2013,63726,0,,30317848
3416,Venezuela (Bolivarian Republic of),PAHO,2014,87308,0,,30738378
3073,Timor-Leste,SEARO,1990,,,0,751933
3074,Timor-Leste,SEARO,1991,,,,777011
3075,Timor-Leste,SEARO,1992,,,,805435
3076,Timor-Leste,SEARO,1993,,,,833611
3077,Timor-Leste,SEARO,1994,,,,856684
3078,Timor-Leste,SEARO,1995,,,,871447
3079,Timor-Leste,SEARO,1996,,,,875916
3080,Timor-Leste,SEARO,1997,,,,871994
3081,Timor-Leste,SEARO,1998,,,,865194
3082,Timor-Leste,SEARO,1999,,,,863269
3083,Timor-Leste,SEARO,2000,,,300,871607
3084,Timor-Leste,SEARO,2001,,,,892531
3085,Timor-Leste,SEARO,2002,,,,923825
3086,Timor-Leste,SEARO,2003,,,,960852
3087,Timor-Leste,SEARO,2004,434,2,,996698
3088,Timor-Leste,SEARO,2005,1128,41,400,1026484
3089,Timor-Leste,SEARO,2006,162,0,,1048621
3090,Timor-Leste,SEARO,2007,227,6,,1064973
3091,Timor-Leste,SEARO,2008,108,1,,1078110
3092,Timor-Leste,SEARO,2009,175,1,,1092021
3093,Timor-Leste,SEARO,2010,745,1,300,1109591
3094,Timor-Leste,SEARO,2011,375,1,,1131523
3095,Timor-Leste,SEARO,2012,928,11,,1156760
3096,Timor-Leste,SEARO,2013,608,0,,1184366
3097,Timor-Leste,SEARO,2014,642,3,,1212814
929,Ecuador,PAHO,1990,2109,0,0,10218091
930,Ecuador,PAHO,1991,302,0,,10460990
931,Ecuador,PAHO,1992,454,0,,10705667
932,Ecuador,PAHO,1993,9015,0,,10951202
933,Ecuador,PAHO,1994,8145,0,,11196479
934,Ecuador,PAHO,1995,6607,0,,11440583
935,Ecuador,PAHO,1996,5189,0,,11683479
936,Ecuador,PAHO,1997,3871,0,,11924993
937,Ecuador,PAHO,1998,4606,0,,12163885
938,Ecuador,PAHO,1999,2901,0,,12398691
939,Ecuador,PAHO,2000,22934,1,1200,12628596
940,Ecuador,PAHO,2001,10809,0,,12852755
941,Ecuador,PAHO,2002,5833,0,,13072060
942,Ecuador,PAHO,2003,9628,5,,13289601
943,Ecuador,PAHO,2004,6165,2,,13509647
944,Ecuador,PAHO,2005,12131,14,3700,13735233
945,Ecuador,PAHO,2006,6044,6,,13967480
946,Ecuador,PAHO,2007,10587,5,,14205453
947,Ecuador,PAHO,2008,1894,0,,14447562
948,Ecuador,PAHO,2009,4489,1,,14691275
949,Ecuador,PAHO,2010,17209,0,2700,14934690
950,Ecuador,PAHO,2011,7659,8,,15177355
951,Ecuador,PAHO,2012,19077,23,,15419666
952,Ecuador,PAHO,2013,13630,11,,15661547
953,Ecuador,PAHO,2014,15446,12,,15903112
987,Estonia,EURO,1990,,,0,1565242
988,Estonia,EURO,1991,,,,1548215
989,Estonia,EURO,1992,,,,1520810
990,Estonia,EURO,1993,,,,1488059
991,Estonia,EURO,1994,,,,1457093
992,Estonia,EURO,1995,,,,1433024
993,Estonia,EURO,1996,,,,1417736
994,Estonia,EURO,1997,,,,1409674
995,Estonia,EURO,1998,,,,1406350
996,Estonia,EURO,1999,,,,1403789
997,Estonia,EURO,2000,,,,1399112
998,Estonia,EURO,2001,,,,1391729
999,Estonia,EURO,2002,,,,1382732
1000,Estonia,EURO,2003,,,,1372909
1001,Estonia,EURO,2004,,,,1363565
1002,Estonia,EURO,2005,,,,1355648
1003,Estonia,EURO,2006,,,,1349297
1004,Estonia,EURO,2007,,,,1344072
1005,Estonia,EURO,2008,0,,,1339712
1006,Estonia,EURO,2009,0,,,1335830
1007,Estonia,EURO,2010,0,,,1332102
1008,Estonia,EURO,2011,0,,,1328449
1009,Estonia,EURO,2012,0,,,1324934
1010,Estonia,EURO,2013,0,,,1321560
1011,Estonia,EURO,2014,9,,,1318359
175,Austria,EURO,1990,,,0,7723949
176,Austria,EURO,1991,,,,7772701
177,Austria,EURO,1992,,,,7830933
178,Austria,EURO,1993,,,,7892086
179,Austria,EURO,1994,,,,7947209
180,Austria,EURO,1995,,,,7990121
181,Austria,EURO,1996,,,,8017863
182,Austria,EURO,1997,,,,8032876
183,Austria,EURO,1998,,,,8041050
184,Austria,EURO,1999,,,,8051113
185,Austria,EURO,2000,,,,8069276
186,Austria,EURO,2001,,,,8097748
187,Austria,EURO,2002,,,,8134412
188,Austria,EURO,2003,,,,8175852
189,Austria,EURO,2004,,,,8216805
190,Austria,EURO,2005,,,,8253650
191,Austria,EURO,2006,,,,8284735
192,Austria,EURO,2007,,,,8311783
193,Austria,EURO,2008,0,,,8338453
194,Austria,EURO,2009,0,,,8370038
195,Austria,EURO,2010,10,,,8409949
196,Austria,EURO,2011,0,,,8459864
197,Austria,EURO,2012,2,,,8517548
198,Austria,EURO,2013,63,,,8577782
199,Austria,EURO,2014,80,,,8633220
1509,Indonesia,SEARO,1990,22807,821,0,181436821
1510,Indonesia,SEARO,1991,21120,578,,184615979
1511,Indonesia,SEARO,1992,17620,509,,187766086
1512,Indonesia,SEARO,1993,17418,418,,190879523
1513,Indonesia,SEARO,1994,18783,471,,193945272
1514,Indonesia,SEARO,1995,35102,885,,196957849
1515,Indonesia,SEARO,1996,44650,1192,,199914831
1516,Indonesia,SEARO,1997,30730,681,,202826465
1517,Indonesia,SEARO,1998,71087,999,,205715544
1518,Indonesia,SEARO,1999,14651,291,,208612556
1519,Indonesia,SEARO,2000,33443,472,342400,211540429
1520,Indonesia,SEARO,2001,45904,497,,214506502
1521,Indonesia,SEARO,2002,40377,533,,217508059
1522,Indonesia,SEARO,2003,51934,794,,220545214
1523,Indonesia,SEARO,2004,79462,957,,223614649
1524,Indonesia,SEARO,2005,95279,1298,523300,226712730
1525,Indonesia,SEARO,2006,106425,1096,,229838202
1526,Indonesia,SEARO,2007,157442,1446,,232989141
1527,Indonesia,SEARO,2008,155607,940,,236159276
1528,Indonesia,SEARO,2009,156052,1396,,239340478
1529,Indonesia,SEARO,2010,156086,1358,574400,242524123
1530,Indonesia,SEARO,2011,65725,597,,245707511
1531,Indonesia,SEARO,2012,90245,816,,248883232
1532,Indonesia,SEARO,2013,112511,871,,252032263
1533,Indonesia,SEARO,2014,100347,907,,255131116
2957,Sri Lanka,SEARO,1990,1350,54,0,17329713
2958,Sri Lanka,SEARO,1991,1048,31,,17539633
2959,Sri Lanka,SEARO,1992,656,15,,17740637
2960,Sri Lanka,SEARO,1993,756,7,,17928576
2961,Sri Lanka,SEARO,1994,582,7,,18098348
2962,Sri Lanka,SEARO,1995,440,11,,18247121
2963,Sri Lanka,SEARO,1996,1298,54,,18372120
2964,Sri Lanka,SEARO,1997,980,17,,18476505
2965,Sri Lanka,SEARO,1998,1275,8,,18570701
2966,Sri Lanka,SEARO,1999,1688,19,,18669103
2967,Sri Lanka,SEARO,2000,5213,37,9000,18781938
2968,Sri Lanka,SEARO,2001,5999,54,,18913054
2969,Sri Lanka,SEARO,2002,8931,64,,19059300
2970,Sri Lanka,SEARO,2003,4805,32,,19215307
2971,Sri Lanka,SEARO,2004,15463,88,,19372538
2972,Sri Lanka,SEARO,2005,5994,27,11500,19524558
2973,Sri Lanka,SEARO,2006,11980,44,,19670151
2974,Sri Lanka,SEARO,2007,7332,25,,19810789
2975,Sri Lanka,SEARO,2008,6607,19,,19945832
2976,Sri Lanka,SEARO,2009,35010,346,,20075086
2977,Sri Lanka,SEARO,2010,34105,246,27400,20198353
2978,Sri Lanka,SEARO,2011,28473,186,,20315017
2979,Sri Lanka,SEARO,2012,44461,220,,20424555
2980,Sri Lanka,SEARO,2013,32063,181,,20527233
2981,Sri Lanka,SEARO,2014,47261,99,,20623564
1741,Lithuania,EURO,1990,,,0,3696034
1742,Lithuania,EURO,1991,,,,3697453
1743,Lithuania,EURO,1992,,,,3688100
1744,Lithuania,EURO,1993,,,,3670647
1745,Lithuania,EURO,1994,,,,3649134
1746,Lithuania,EURO,1995,,,,3626602
1747,Lithuania,EURO,1996,,,,3603745
1748,Lithuania,EURO,1997,,,,3579904
1749,Lithuania,EURO,1998,,,,3555133
1750,Lithuania,EURO,1999,,,,3529178
1751,Lithuania,EURO,2000,,,,3501835
1752,Lithuania,EURO,2001,,,,3473617
1753,Lithuania,EURO,2002,,,,3444754
1754,Lithuania,EURO,2003,,,,3414352
1755,Lithuania,EURO,2004,,,,3381118
1756,Lithuania,EURO,2005,,,,3344252
1757,Lithuania,EURO,2006,,,,3303671
1758,Lithuania,EURO,2007,,,,3260091
1759,Lithuania,EURO,2008,0,,,3214627
1760,Lithuania,EURO,2009,0,,,3168772
1761,Lithuania,EURO,2010,0,,,3123803
1762,Lithuania,EURO,2011,1,,,3079881
1763,Lithuania,EURO,2012,0,,,3037246
1764,Lithuania,EURO,2013,1,,,2997334
1765,Lithuania,EURO,2014,3,,,2961846
2002,Mongolia,WPRO,1990,,,0,2184145
2003,Mongolia,WPRO,1991,0,,,2217918
2004,Mongolia,WPRO,1992,0,,,2243502
2005,Mongolia,WPRO,1993,0,,,2263200
2006,Mongolia,WPRO,1994,0,,,2280496
2007,Mongolia,WPRO,1995,0,,,2298039
2008,Mongolia,WPRO,1996,0,,,2316567
2009,Mongolia,WPRO,1997,0,,,2335695
2010,Mongolia,WPRO,1998,0,,,2355590
2011,Mongolia,WPRO,1999,0,,,2376162
2012,Mongolia,WPRO,2000,0,,,2397436
2013,Mongolia,WPRO,2001,0,,,2419776
2014,Mongolia,WPRO,2002,0,,,2443659
2015,Mongolia,WPRO,2003,0,,,2469286
2016,Mongolia,WPRO,2004,0,0,,2496832
2017,Mongolia,WPRO,2005,0,0,,2526446
2018,Mongolia,WPRO,2006,0,0,,2558012
2019,Mongolia,WPRO,2007,0,0,,2591670
2020,Mongolia,WPRO,2008,0,0,,2628131
2021,Mongolia,WPRO,2009,0,0,,2668289
2022,Mongolia,WPRO,2010,0,0,,2712650
2023,Mongolia,WPRO,2011,0,0,,2761516
2024,Mongolia,WPRO,2012,0,0,,2814226
2025,Mongolia,WPRO,2013,,,,2869107
2026,Mongolia,WPRO,2014,0,,,2923896
1712,Latvia,EURO,1990,,,0,2664432
1713,Latvia,EURO,1991,,,,2649152
1714,Latvia,EURO,1992,,,,2620246
1715,Latvia,EURO,1993,,,,2582650
1716,Latvia,EURO,1994,,,,2543622
1717,Latvia,EURO,1995,,,,2508473
1718,Latvia,EURO,1996,,,,2478825
1719,Latvia,EURO,1997,,,,2453302
1720,Latvia,EURO,1998,,,,2430547
1721,Latvia,EURO,1999,,,,2408090
1722,Latvia,EURO,2000,,,,2384163
1723,Latvia,EURO,2001,,,,2358677
1724,Latvia,EURO,2002,,,,2332492
1725,Latvia,EURO,2003,,,,2305775
1726,Latvia,EURO,2004,,,,2278855
1727,Latvia,EURO,2005,,,,2251983
1728,Latvia,EURO,2006,,,,2225223
1729,Latvia,EURO,2007,,,,2198518
1730,Latvia,EURO,2008,0,,,2171881
1731,Latvia,EURO,2009,0,,,2145309
1732,Latvia,EURO,2010,8,,,2118848
1733,Latvia,EURO,2011,2,,,2092493
1734,Latvia,EURO,2012,7,,,2066374
1735,Latvia,EURO,2013,7,,,2040784
1736,Latvia,EURO,2014,1,,,2016125
2176,Netherlands Antilles,PAHO,1990,4137,,0,
2177,Netherlands Antilles,PAHO,1991,1885,,,
2178,Netherlands Antilles,PAHO,1992,5495,,,
2179,Netherlands Antilles,PAHO,1993,20469,,,
2180,Netherlands Antilles,PAHO,1994,,,,
2181,Netherlands Antilles,PAHO,1995,,,,
2182,Netherlands Antilles,PAHO,1996,,,,
2183,Netherlands Antilles,PAHO,1997,,,,
2184,Netherlands Antilles,PAHO,1998,,,,
2185,Netherlands Antilles,PAHO,1999,,,,
2186,Netherlands Antilles,PAHO,2000,,,,
2187,Netherlands Antilles,PAHO,2001,,,,
2188,Netherlands Antilles,PAHO,2002,,,,
2189,Netherlands Antilles,PAHO,2003,,,,
2190,Netherlands Antilles,PAHO,2004,0,0,,
2191,Netherlands Antilles,PAHO,2005,265,0,,
2192,Netherlands Antilles,PAHO,2006,0,0,,
2193,Netherlands Antilles,PAHO,2007,0,0,,
2194,Netherlands Antilles,PAHO,2008,1030,0,,
2195,Netherlands Antilles,PAHO,2009,1698,1,,
2196,Netherlands Antilles,PAHO,2010,2450,1,,
2197,Netherlands Antilles,PAHO,2011,939,0,,
2198,Netherlands Antilles,PAHO,2012,253,0,,
2199,Netherlands Antilles,PAHO,2013,3095,2,,
2200,Netherlands Antilles,PAHO,2014,404,0,,
3363,Vanuatu,WPRO,1990,52,,0,146634
3364,Vanuatu,WPRO,1991,74,3,,150778
3365,Vanuatu,WPRO,1992,113,,,155243
3366,Vanuatu,WPRO,1993,52,,,159814
3367,Vanuatu,WPRO,1994,138,,,164208
3368,Vanuatu,WPRO,1995,100,,,168235
3369,Vanuatu,WPRO,1996,19,,,171801
3370,Vanuatu,WPRO,1997,0,,,174999
3371,Vanuatu,WPRO,1998,131,0,,178078
3372,Vanuatu,WPRO,1999,110,,,181345
3373,Vanuatu,WPRO,2000,0,,0,185063
3374,Vanuatu,WPRO,2001,0,,,189290
3375,Vanuatu,WPRO,2002,0,,,193956
3376,Vanuatu,WPRO,2003,1,0,,198964
3377,Vanuatu,WPRO,2004,26,0,,204143
3378,Vanuatu,WPRO,2005,2,0,0,209370
3379,Vanuatu,WPRO,2006,168,0,,214634
3380,Vanuatu,WPRO,2007,82,0,,219953
3381,Vanuatu,WPRO,2008,96,0,,225340
3382,Vanuatu,WPRO,2009,45,0,,230785
3383,Vanuatu,WPRO,2010,192,0,0,236295
3384,Vanuatu,WPRO,2011,33,0,,241871
3385,Vanuatu,WPRO,2012,0,0,,247485
3386,Vanuatu,WPRO,2013,,,,253142
3387,Vanuatu,WPRO,2014,,,,258850
1799,Malaysia,WPRO,1990,4880,,0,18038321
1800,Malaysia,WPRO,1991,6628,39,,18529454
1801,Malaysia,WPRO,1992,5473,24,,19012724
1802,Malaysia,WPRO,1993,5615,23,,19494967
1803,Malaysia,WPRO,1994,3133,13,,19986894
1804,Malaysia,WPRO,1995,6543,28,,20495597
1805,Malaysia,WPRO,1996,14255,30,,21023321
1806,Malaysia,WPRO,1997,19544,52,,21565325
1807,Malaysia,WPRO,1998,27381,82,,22113464
1808,Malaysia,WPRO,1999,10146,37,,22656286
1809,Malaysia,WPRO,2000,7118,45,8600,23185608
1810,Malaysia,WPRO,2001,16368,50,,23698907
1811,Malaysia,WPRO,2002,32767,57,,24198811
1812,Malaysia,WPRO,2003,31545,21,,24688703
1813,Malaysia,WPRO,2004,33895,0,,25174109
1814,Malaysia,WPRO,2005,39686,0,14000,25659393
1815,Malaysia,WPRO,2006,38556,89,,26143566
1816,Malaysia,WPRO,2007,48846,98,,26625845
1817,Malaysia,WPRO,2008,49335,112,,27111069
1818,Malaysia,WPRO,2009,41486,88,,27605383
1819,Malaysia,WPRO,2010,46171,134,14300,28112289
1820,Malaysia,WPRO,2011,19884,36,,28635128
1821,Malaysia,WPRO,2012,19029,0,,29170456
1822,Malaysia,WPRO,2013,36021,74,,29706724
1823,Malaysia,WPRO,2014,103610,199,,30228017
610,Chile,PAHO,1990,0,0,0,13242132
611,Chile,PAHO,1991,0,0,,13457244
612,Chile,PAHO,1992,0,0,,13671033
613,Chile,PAHO,1993,0,0,,13882668
614,Chile,PAHO,1994,0,0,,14091389
615,Chile,PAHO,1995,0,0,,14296613
616,Chile,PAHO,1996,0,0,,14497826
617,Chile,PAHO,1997,0,0,,14694835
618,Chile,PAHO,1998,0,0,,14887756
619,Chile,PAHO,1999,0,0,,15076952
620,Chile,PAHO,2000,0,0,0,15262754
621,Chile,PAHO,2001,0,0,,15444969
622,Chile,PAHO,2002,636,0,,15623635
623,Chile,PAHO,2003,0,0,,15799542
624,Chile,PAHO,2004,0,0,,15973778
625,Chile,PAHO,2005,0,0,0,16147064
626,Chile,PAHO,2006,3,0,,16319792
627,Chile,PAHO,2007,28,0,,16491687
628,Chile,PAHO,2008,25,0,,16661942
629,Chile,PAHO,2009,51,0,,16829442
630,Chile,PAHO,2010,23,0,0,16993354
631,Chile,PAHO,2011,1,0,,17153357
632,Chile,PAHO,2012,34,0,,17309746
633,Chile,PAHO,2013,44,0,,17462982
634,Chile,PAHO,2014,30,0,,17613798
320,Belize,PAHO,1990,2,0,0,187552
321,Belize,PAHO,1991,0,0,,191126
322,Belize,PAHO,1992,0,0,,194317
323,Belize,PAHO,1993,0,0,,197616
324,Belize,PAHO,1994,0,0,,201674
325,Belize,PAHO,1995,107,0,,206963
326,Belize,PAHO,1996,0,0,,213676
327,Belize,PAHO,1997,210,0,,221606
328,Belize,PAHO,1998,17,0,,230284
329,Belize,PAHO,1999,3,0,,239026
330,Belize,PAHO,2000,4,1,0,247315
331,Belize,PAHO,2001,3,0,,254984
332,Belize,PAHO,2002,41,0,,262206
333,Belize,PAHO,2003,0,0,,269130
334,Belize,PAHO,2004,2,0,,276089
335,Belize,PAHO,2005,380,0,0,283277
336,Belize,PAHO,2006,9,0,,290747
337,Belize,PAHO,2007,40,0,,298407
338,Belize,PAHO,2008,23,0,,306165
339,Belize,PAHO,2009,1457,0,,313929
340,Belize,PAHO,2010,2178,3,100,321608
341,Belize,PAHO,2011,469,0,,329192
342,Belize,PAHO,2012,1948,0,,336701
343,Belize,PAHO,2013,2690,0,,344181
344,Belize,PAHO,2014,5026,0,,351694
523,Cambodia,WPRO,1990,7247,,0,8973342
524,Cambodia,WPRO,1991,1882,136,,9286976
525,Cambodia,WPRO,1992,4809,172,,9621504
526,Cambodia,WPRO,1993,3913,169,,9968275
527,Cambodia,WPRO,1994,1498,82,,10315376
528,Cambodia,WPRO,1995,10428,424,,10653558
529,Cambodia,WPRO,1996,14333,73,,10980273
530,Cambodia,WPRO,1997,4224,177,,11295880
531,Cambodia,WPRO,1998,16216,475,,11597739
532,Cambodia,WPRO,1999,1530,37,,11883636
533,Cambodia,WPRO,2000,3148,73,6800,12152354
534,Cambodia,WPRO,2001,10266,195,,12402473
535,Cambodia,WPRO,2002,12441,153,,12634729
536,Cambodia,WPRO,2003,12081,188,,12853124
537,Cambodia,WPRO,2004,9983,0,,13063377
538,Cambodia,WPRO,2005,9040,0,9400,13270201
539,Cambodia,WPRO,2006,16669,158,,13474489
540,Cambodia,WPRO,2007,39851,407,,13676693
541,Cambodia,WPRO,2008,9542,65,,13880509
542,Cambodia,WPRO,2009,11699,38,,14090208
543,Cambodia,WPRO,2010,12500,38,10200,14308740
544,Cambodia,WPRO,2011,15980,73,,14537886
545,Cambodia,WPRO,2012,40164,0,,14776866
546,Cambodia,WPRO,2013,16722,53,,15022692
547,Cambodia,WPRO,2014,3724,21,,15270790
1103,French Guiana,PAHO,1990,29,0,0,115784
1104,French Guiana,PAHO,1991,269,3,,120681
1105,French Guiana,PAHO,1992,569,2,,125083
1106,French Guiana,PAHO,1993,178,0,,129163
1107,French Guiana,PAHO,1994,164,0,,133189
1108,French Guiana,PAHO,1995,896,0,,137400
1109,French Guiana,PAHO,1996,364,0,,141767
1110,French Guiana,PAHO,1997,851,0,,146273
1111,French Guiana,PAHO,1998,534,0,,151170
1112,French Guiana,PAHO,1999,88,0,,156735
1113,French Guiana,PAHO,2000,182,0,,163165
1114,French Guiana,PAHO,2001,2830,0,,170596
1115,French Guiana,PAHO,2002,280,20,,178904
1116,French Guiana,PAHO,2003,2178,0,,187619
1117,French Guiana,PAHO,2004,3147,0,,196079
1118,French Guiana,PAHO,2005,4365,0,,203826
1119,French Guiana,PAHO,2006,15930,4,,210673
1120,French Guiana,PAHO,2007,661,0,,216785
1121,French Guiana,PAHO,2008,460,0,,222452
1122,French Guiana,PAHO,2009,11330,2,,228134
1123,French Guiana,PAHO,2010,10462,1,,234181
1124,French Guiana,PAHO,2011,667,0,,240654
1125,French Guiana,PAHO,2012,1372,0,,247463
1126,French Guiana,PAHO,2013,16263,6,,254503
1127,French Guiana,PAHO,2014,1180,0,,261623
